37,1,1130,75,212,-451
37,1,1132,70,191,-462
37,1,1208,122,402,-296
37,1,1210,108,482,-132
37,1,1216,125,0,-500
37,1,1218,120,236,-441
37,1,1220,128,0,-500
37,1,1220,129,0,-500
37,1,1224,128,60,-496
37,1,1225,107,209,0
37,1,1226,107,209,0
37,1,1227,110,0,-447
37,1,1228,111,-23,-447
37,1,1233,98,-19,-76
37,1,1245,107,-77,-257
37,1,1256,107,-459,0
39,2,1170,112,498,-37
39,2,1175,115,490,-97
39,2,1185,114,490,-97
39,2,1198,155,343,-359
39,2,1204,159,332,-333
39,2,1205,159,332,-333
39,2,1206,126,202,-121
39,2,1206,159,332,-333
39,2,1208,159,332,-333
39,2,1209,159,332,-333
39,2,1210,159,332,-333
39,2,1211,151,353,-353
39,2,1211,152,353,-353
39,2,1211,159,332,-333
39,2,1212,151,353,-353
39,2,1212,155,343,-359
39,2,1213,151,353,-353
39,2,1213,159,332,-333
39,2,1214,155,343,-359
39,2,1216,155,343,-359
39,2,1217,158,332,-333
39,2,1217,159,332,-333
39,2,1218,159,332,-333
39,2,1220,155,343,-359
39,2,1220,159,332,-333
39,2,1221,155,343,-359
39,2,1221,159,332,-333
39,2,1223,155,343,-359
39,2,1223,159,332,-333
39,2,1224,155,343,-359
39,2,1225,159,332,-333
39,2,1226,155,343,-359
39,2,1228,155,343,-359
39,2,1230,152,394,-306
39,2,1234,149,386,-316
39,2,1236,109,63,-256
39,2,1237,158,332,-333
39,2,1237,159,332,-333
39,2,1238,159,332,-333
39,2,1240,155,343,-359
39,2,1240,159,332,-333
39,2,1241,155,343,-359
39,2,1243,155,343,-359
39,2,1248,157,353,-353
39,2,1248,159,332,-333
39,2,1251,155,343,-359
39,2,1251,159,325,-340
39,2,1251,160,325,-340
39,2,1251,161,325,-340
39,2,1252,159,332,-333
39,2,1252,160,325,-340
39,2,1252,168,-25,-500
39,2,1255,155,343,-359
39,2,1255,156,343,-359
39,2,1255,169,-18,-366
36,2,1079,100,500,0
36,2,1080,100,500,0
36,2,1085,115,433,-218
36,2,1101,100,473,0
36,2,1114,161,353,-353
36,2,1116,157,361,-345
36,2,1120,154,353,-353
36,2,1120,154,361,-345
36,2,1127,160,307,-321
36,2,1129,163,248,-337
36,2,1136,148,371,-335
36,2,1141,138,0,-418
36,2,1142,138,0,-418
36,2,1142,168,-17,-340
36,2,1143,138,0,-418
36,2,1143,168,-17,-340
36,2,1144,138,0,-418
36,2,1144,168,-17,-340
36,2,1144,169,0,-314
36,2,1145,138,0,-418
36,2,1145,168,-17,-340
36,2,1146,138,0,-418
36,2,1146,168,-17,-340
36,2,1147,138,0,-418
36,2,1147,168,-17,-340
36,2,1148,138,0,-418
36,2,1148,168,-17,-340
36,2,1149,138,0,-418
36,2,1149,168,-17,-340
36,2,1150,138,0,-418
36,2,1150,164,26,-365
36,2,1150,168,-17,-340
36,2,1150,169,0,-314
36,2,1151,138,0,-418
36,2,1151,168,-17,-340
36,2,1152,134,0,-392
36,2,1152,158,0,-414
36,2,1152,165,0,-340
36,2,1152,166,0,-361
36,2,1152,168,-17,-340
36,2,1153,168,-17,-340
36,2,1157,138,0,-418
36,2,1158,138,0,-418
36,2,1158,168,-17,-340
36,2,1159,138,0,-418
36,2,1159,168,-17,-340
36,2,1160,138,0,-418
36,2,1160,168,-17,-340
36,2,1161,138,0,-418
36,2,1161,168,-17,-340
36,2,1162,138,0,-418
36,2,1162,168,-17,-340
36,2,1163,138,0,-418
36,2,1163,168,-17,-340
36,2,1164,138,0,-418
36,2,1164,168,-17,-340
36,2,1165,138,0,-418
36,2,1165,168,-17,-340
36,2,1166,138,0,-418
36,2,1166,168,-17,-340
36,2,1167,138,0,-418
36,2,1167,168,-17,-340
36,2,1168,168,-17,-340
36,2,1169,168,-17,-340
36,2,1171,138,0,-418
36,2,1172,138,0,-418
36,2,1172,168,-17,-340
36,2,1172,169,0,-314
36,2,1173,138,0,-418
36,2,1173,168,-17,-340
36,2,1174,138,0,-418
36,2,1174,168,-17,-340
36,2,1175,138,0,-418
36,2,1175,168,-17,-340
36,2,1176,168,-17,-340
36,2,1177,138,0,-418
36,2,1177,168,-17,-340
36,2,1178,138,0,-418
36,2,1178,168,-17,-340
36,2,1179,138,0,-418
36,2,1179,168,-17,-340
36,2,1180,138,0,-418
36,2,1180,168,-17,-340
36,2,1181,134,0,-392
36,2,1181,168,-17,-340
36,2,1182,168,-17,-340
36,2,1202,168,-17,-340
36,2,1205,169,0,-314
36,2,1212,168,-17,-340
36,2,1216,138,0,-418
36,2,1216,142,0,-444
36,2,1216,166,0,-361
36,2,1217,168,-17,-340
36,2,1218,168,-25,-339
36,2,1218,168,-17,-340
36,2,1220,143,0,-447
42,6,1277,197,484,121
42,6,1278,194,462,191
42,6,1280,191,441,236
42,6,1281,189,492,85
42,6,1284,189,500,0
42,6,1293,203,473,0
42,6,1293,205,473,-11
42,6,1293,216,473,0
42,6,1293,218,473,0
42,6,1293,220,473,0
42,6,1293,221,473,0
42,6,1293,224,473,0
42,6,1293,225,473,0
42,6,1293,227,473,0
42,6,1293,235,473,0
42,6,1293,239,421,0
42,6,1297,210,438,-87
42,6,1297,212,437,-98
42,6,1298,208,442,-66
42,6,1298,266,351,-318
42,6,1299,207,417,-51
42,6,1300,223,417,50
42,6,1315,221,238,0
42,6,1329,211,-17,-182
42,6,1329,219,-174,116
42,6,1360,272,-46,-233
41,5,1235,189,500,0
41,5,1239,190,335,0
41,5,1240,190,314,0
41,5,1240,191,314,0
41,5,1240,191,340,-8
41,5,1240,192,314,0
41,5,1240,193,314,0
41,5,1240,194,314,0
41,5,1240,197,314,0
41,5,1240,198,314,0
41,5,1240,199,314,0
41,5,1240,200,314,0
41,5,1240,203,314,0
41,5,1241,189,340,0
41,5,1241,190,340,0
41,5,1241,191,340,-8
41,5,1241,205,340,-8
41,5,1242,190,340,0
41,5,1242,191,340,-8
41,5,1243,196,340,0
41,5,1244,190,366,0
41,5,1251,194,392,0
41,5,1255,194,418,0
41,5,1255,196,418,0
41,5,1255,198,418,0
41,5,1255,199,418,0
41,5,1255,203,418,0
41,5,1258,171,361,345
41,5,1264,200,471,0
41,5,1264,205,471,0
41,5,1264,232,471,0
41,5,1267,252,371,-335
41,5,1269,204,261,0
41,5,1269,235,497,0
41,5,1270,242,345,-361
41,5,1272,141,309,323
41,5,1288,143,109,488
41,5,1290,229,248,-372
119,45,3766,1394,317,351
119,45,3766,1403,346,283
119,45,3769,1398,309,323
119,45,3772,1398,283,346
119,45,3772,1404,304,291
119,45,3773,1391,253,399
119,45,3782,1388,158,445
119,45,3782,1399,189,376
119,45,3792,1389,46,471
119,45,3792,1390,43,445
119,45,3793,1390,33,445
119,45,3794,1390,22,447
119,45,3794,1392,33,445
119,45,3794,1400,29,393
119,45,3796,1393,0,447
119,45,3802,1400,-86,385
119,45,3803,1400,-77,387
119,45,3806,1393,-54,444
119,45,3818,1398,141,396
119,45,3825,1419,94,246
119,45,3827,1393,22,447
119,45,3828,1393,0,447
119,45,3828,1423,0,0
85,124,2797,3956,-80,-121
85,124,2831,3978,-433,108
85,124,2836,3948,-361,345
85,124,2838,3932,-287,408
85,124,2839,3937,-316,386
85,124,2839,3954,-345,361
85,124,2840,3935,-496,-60
85,124,2840,3942,-351,351
85,124,2840,3946,-345,361
85,124,2841,3942,-361,345
85,124,2841,3945,-353,353
85,124,2841,3988,-500,0
85,124,2842,3936,-326,378
85,124,2842,3962,-345,361
85,124,2842,3963,-345,361
85,124,2842,3988,-500,0
85,124,2843,3941,-369,333
85,124,2843,3968,-500,0
85,124,2844,3931,-333,332
85,124,2844,3936,-500,0
85,124,2844,3936,-325,340
85,124,2844,3937,-325,340
85,124,2844,3938,-340,325
85,124,2844,3952,-345,361
85,124,2844,3964,-345,361
85,124,2845,3938,-340,325
85,124,2846,3938,-350,316
85,124,2846,3938,-340,325
85,124,2847,3937,-350,316
85,124,2847,3938,-340,325
85,124,2849,3968,-500,0
85,124,2850,3980,-470,167
85,122,2793,3883,-242,-154
85,122,2827,3907,-421,0
85,122,2831,3979,-378,-326
85,122,2833,3906,-471,23
85,122,2834,3867,-471,-24
85,122,2834,3891,-471,23
85,122,2834,3892,-471,23
85,122,2834,3893,-471,23
85,122,2834,3894,-471,23
85,122,2834,3895,-471,23
85,122,2834,3896,-471,23
85,122,2834,3897,-471,23
85,122,2834,3898,-471,23
85,122,2834,3899,-471,23
85,122,2834,3900,-471,23
85,122,2834,3901,-471,23
85,122,2834,3903,-471,23
85,122,2834,3904,-471,23
85,122,2834,3905,-471,23
85,122,2837,3866,-444,-10
85,122,2840,3935,-496,-60
85,122,2841,3857,-379,279
85,122,2843,3894,-417,30
85,122,2843,3965,-500,0
85,122,2844,3953,-345,-361
85,122,2846,3908,-495,-37
85,122,2847,3873,-391,28
85,122,2849,3876,-366,0
85,122,2853,3878,-340,0
85,122,2854,3904,-340,17
85,122,2854,3905,-340,7
85,122,2855,3889,-340,17
85,122,2855,3890,-340,17
85,122,2855,3891,-340,17
85,122,2855,3892,-340,17
85,122,2855,3893,-340,17
85,122,2855,3894,-340,17
85,122,2855,3895,-340,17
85,122,2855,3896,-340,17
85,122,2855,3897,-340,17
85,122,2855,3898,-340,17
85,122,2855,3899,-340,17
85,122,2855,3900,-340,17
85,122,2855,3902,-340,17
85,122,2855,3903,-340,17
85,122,2855,3904,-340,17
85,122,2856,3901,-314,0
85,122,2856,3906,-314,0
85,122,2856,3909,-444,-22
85,122,2857,3905,-314,7
85,122,2859,3936,-500,0
85,122,2860,3897,-464,92
85,122,2860,3898,-466,81
85,122,2860,3908,-500,0
85,122,2860,3937,-495,-37
85,122,2861,3907,-500,0
85,122,2861,3907,-497,0
2,28,134,876,-33,-341
2,28,134,876,-14,-21
2,28,137,876,103,-84
2,28,139,875,26,-1
2,28,145,884,-212,234
2,28,158,876,-49,18
2,28,163,874,-432,118
2,28,171,896,-419,-41
2,28,175,897,-446,-33
2,28,189,866,-494,74
2,28,189,867,-494,74
2,28,190,867,-500,0
2,28,190,867,-496,60
2,28,190,867,-494,74
2,28,191,866,-498,48
2,28,192,868,-500,0
2,28,192,868,-488,109
2,28,192,873,-500,25
2,28,193,871,-496,60
2,28,196,872,-496,60
6,20,252,719,0,-447
6,20,256,714,0,-418
6,20,256,718,0,-444
6,20,256,719,0,-444
6,20,256,725,0,-444
6,20,256,741,0,-340
6,20,256,744,0,-500
6,20,257,744,-17,-340
6,20,258,744,-25,-339
6,20,259,736,-58,-388
6,20,259,740,-44,-363
6,20,260,714,0,-418
6,20,260,740,-44,-363
6,20,261,714,0,-418
6,20,261,731,-344,-359
6,20,261,744,-17,-340
6,20,262,714,0,-418
6,20,262,744,-17,-340
6,20,262,745,0,-314
6,20,263,687,-101,214
6,20,263,714,0,-418
6,20,263,744,-17,-340
6,20,264,714,0,-418
6,20,264,735,-325,-340
6,20,264,744,-17,-340
6,20,264,745,0,-314
6,20,265,714,0,-418
6,20,265,731,-344,-359
6,20,265,744,-17,-340
6,20,266,714,0,-418
6,20,266,744,-17,-340
6,20,267,708,0,-392
6,20,267,714,0,-418
6,20,267,718,-22,-444
6,20,267,730,-369,-334
6,20,267,731,-344,-359
6,20,267,744,-17,-340
6,20,267,745,0,-314
6,20,268,735,-325,-340
6,20,268,736,-29,-391
6,20,268,744,-17,-340
6,20,269,727,-211,-421
6,20,269,740,-18,-366
6,20,269,744,-17,-340
6,20,270,731,-344,-359
6,20,270,735,-325,-340
6,20,271,730,-219,-387
6,20,272,731,-344,-359
6,20,273,730,-351,-351
6,20,275,735,-325,-340
6,20,275,743,0,-500
6,20,276,682,0,0
6,20,276,731,-344,-359
6,20,277,702,-173,-323
6,20,277,743,-173,-323
6,20,278,730,-351,-351
6,20,278,741,-180,-319
6,20,279,731,-344,-359
6,20,279,734,-255,-363
6,20,279,735,-325,-340
6,20,280,731,-344,-359
6,20,282,735,-325,-340
6,20,283,735,-325,-340
6,20,285,729,-361,-345
6,20,287,728,-386,-316
6,20,287,731,-369,-334
6,20,287,732,-356,-340
6,20,289,733,-360,-344
6,20,290,736,-353,-353
6,20,291,731,-386,-316
6,20,291,734,-350,-316
6,20,296,734,-350,-316
6,20,310,696,-484,-121
6,20,314,676,-500,0
6,20,315,698,-484,-121
6,20,326,676,-354,0
6,20,330,676,-500,0
2,25,143,799,-161,-242
2,25,148,819,-249,18
2,25,167,786,-300,366
2,25,174,798,-447,10
2,25,175,798,-446,43
2,25,178,789,-473,0
2,25,178,791,-473,0
2,25,178,800,-473,0
2,25,178,800,-473,10
2,25,178,801,-473,10
2,25,178,802,-473,0
2,25,178,803,-473,0
2,25,178,820,-473,0
3,26,160,797,-332,-300
3,26,164,814,-248,-372
3,26,165,800,-46,-472
3,26,168,819,-21,-15
3,26,170,819,-23,-12
3,26,171,813,-277,-416
3,26,176,806,35,-365
3,26,187,833,-314,0
3,26,187,836,-314,0
3,26,187,851,-314,0
3,26,201,824,-418,0
3,26,201,838,-418,0
3,26,201,846,-418,0
3,26,201,857,-418,0
3,26,201,860,-418,0
3,26,201,864,-418,0
3,26,205,848,-444,0
3,26,210,821,-471,23
3,26,210,823,-471,23
3,26,210,826,-471,23
3,26,210,828,-471,23
3,26,210,830,-471,23
3,26,210,832,-471,23
3,26,210,835,-471,23
3,26,210,837,-471,23
3,26,210,838,-471,23
3,26,210,839,-471,23
3,26,210,841,-471,23
3,26,210,844,-471,23
3,26,210,846,-471,23
3,26,210,848,-471,23
3,26,210,850,-471,23
3,26,210,853,-471,23
3,26,210,855,-471,23
3,26,210,857,-471,23
3,26,210,859,-471,23
3,26,210,863,-471,23
3,26,210,865,-471,23
3,26,215,826,-444,22
3,26,215,828,-444,22
3,26,215,844,-444,22
3,26,216,799,-345,361
3,26,220,868,-500,-25
3,26,227,869,-471,-24
3,26,230,863,-340,17
3,26,230,865,-340,7
3,26,230,868,-471,0
3,26,231,817,-340,17
3,26,231,818,-340,17
3,26,231,819,-340,17
3,26,231,820,-340,17
3,26,231,822,-340,17
3,26,231,823,-340,17
3,26,231,825,-340,17
3,26,231,826,-340,17
3,26,231,827,-340,17
3,26,231,829,-340,17
3,26,231,831,-340,17
3,26,231,832,-340,17
3,26,231,834,-340,17
3,26,231,835,-340,17
3,26,231,836,-340,17
3,26,231,837,-340,17
3,26,231,838,-340,17
3,26,231,840,-340,17
3,26,231,841,-340,17
3,26,231,842,-340,17
3,26,231,843,-340,17
3,26,231,845,-340,17
3,26,231,847,-340,17
3,26,231,849,-340,17
3,26,231,850,-340,17
3,26,231,852,-340,17
3,26,231,854,-340,17
3,26,231,856,-340,17
3,26,231,858,-340,17
3,26,231,859,-340,17
3,26,231,860,-340,17
3,26,231,862,-340,17
3,26,231,864,-340,17
3,26,231,869,-443,-33
3,26,232,819,-314,0
3,26,232,862,-314,0
3,26,232,864,-314,0
3,26,232,869,-444,-22
2,117,171,3752,-94,245
2,117,177,3741,-203,457
2,117,178,3772,-473,0
2,117,178,3773,-473,0
2,117,178,3777,-473,0
2,117,182,3772,-500,0
3,116,139,3788,-48,-243
3,116,206,3772,-492,0
3,116,217,3783,-351,-351
3,116,217,3784,-359,-344
3,116,220,3778,-361,-345
3,116,220,3787,-333,-333
3,116,221,3779,-340,-325
3,116,221,3787,-340,-325
3,116,222,3772,-392,0
3,116,222,3774,-392,0
3,116,223,3772,-392,0
3,116,223,3775,-392,-9
3,116,223,3791,-441,-236
3,116,224,3782,-361,-345
3,115,172,3704,-43,-287
3,115,178,3742,-108,-433
3,115,179,3742,-108,-433
3,115,180,3746,-114,-459
3,115,182,3755,-121,-484
3,115,187,3757,-156,-474
3,115,192,3720,-257,-365
3,115,194,3723,-281,-381
3,115,196,3717,-309,-323
3,115,196,3718,-309,-323
3,115,197,3730,-287,-408
3,115,200,3729,-306,-394
3,115,200,3730,-306,-394
3,115,202,3761,-361,-345
3,115,203,3727,-361,-345
3,115,210,3708,-473,0
3,115,213,3737,-345,-361
3,115,214,3744,-361,-345
3,115,217,3741,-334,-369
3,115,217,3742,-359,-344
3,115,220,3745,-316,-350
3,115,220,3750,-333,-333
3,115,220,3751,-333,-333
3,115,221,3708,-500,0
3,115,221,3741,-340,-325
3,115,221,3743,-340,-325
3,115,221,3744,-340,-325
3,115,221,3745,-340,-325
3,115,221,3750,-340,-325
3,115,221,3751,-340,-325
3,115,221,3752,-340,-325
3,115,221,3753,-340,-325
3,115,221,3755,-340,-325
3,115,223,3735,-408,-287
3,115,227,3738,-408,-287
3,115,228,3738,-408,-287
3,115,235,3720,-500,0
3,115,236,3708,-500,11
3,115,237,3706,-500,11
4,114,171,3698,0,0
4,114,182,3728,-148,-450
4,114,186,3692,179,49
4,114,193,3715,-335,-371
4,114,195,3692,-149,-57
4,114,197,3723,-287,-408
4,114,200,3723,-335,-371
4,114,206,3713,-361,-345
4,114,223,3606,-418,223
4,114,232,3604,-500,0
4,114,237,3702,-484,-121
4,114,237,3703,-425,-140
4,114,240,3739,-344,-359
4,114,242,3704,-484,-121
4,114,242,3704,-453,-137
4,114,246,3728,-353,-353
4,114,256,3709,-361,-345
89,125,2877,3929,25,338
89,125,2878,3927,19,387
89,125,2880,3927,0,314
89,125,2880,3930,0,340
89,125,2880,3953,0,444
89,125,2894,3927,0,314
89,125,2894,3966,0,261
89,125,2894,3974,0,78
89,125,2895,3927,0,314
89,125,2895,3928,0,314
89,125,2895,3967,0,261
89,125,2896,3967,0,261
89,125,2909,3927,0,314
89,125,2912,3927,0,314
89,125,2923,3927,0,314
89,125,2931,3930,0,340
89,125,2944,3942,0,418
89,125,2944,3942,0,440
89,125,2944,3942,0,500
89,125,2944,3943,0,418
89,125,2944,3944,0,418
89,125,2951,3943,-160,415
89,125,2958,3965,-500,0
89,125,2961,3984,-208,15
89,125,2962,3956,-361,345
89,125,2966,3988,-500,0
89,125,2968,3988,-500,0
89,125,2975,3988,-500,11
88,126,2816,3981,0,473
88,126,2816,3985,0,447
88,126,2819,3984,33,445
88,126,2825,3960,156,474
88,126,2828,3989,111,406
88,126,2830,3985,0,447
88,126,2830,3987,21,421
88,126,2830,3992,0,395
88,126,2836,3985,0,447
88,126,2839,3963,-60,496
88,126,2848,3988,-500,0
88,126,2849,3988,-500,0
88,126,2851,3969,-316,386
88,126,2855,3982,-474,156
90,126,2905,3984,494,74
90,126,2906,3975,402,296
90,126,2908,3988,470,167
90,126,2913,3988,-45,228
90,126,2918,3985,451,212
90,126,2921,3988,-66,294
90,126,2923,3985,0,447
90,126,2926,3981,-46,471
90,126,2933,3990,-141,396
90,126,2941,3987,-220,389
90,126,2950,3985,66,442
90,126,2954,3975,-47,483
90,126,2955,3972,-277,416
90,126,2955,3985,0,447
90,126,2955,3991,19,395
90,126,2956,3977,-11,473
90,126,2956,3985,-23,447
90,126,2958,4012,-90,191
90,126,2962,3991,-98,394
90,126,2979,3985,144,478
90,126,2980,3986,-478,144
3,22,161,757,16,316
3,22,162,756,-150,337
3,22,164,752,-162,302
3,22,165,749,-263,175
3,22,165,749,-258,181
3,22,169,752,-329,219
3,22,171,750,-387,-77
3,22,172,783,-10,-447
3,22,174,751,-219,-297
3,22,182,784,-148,-450
3,22,182,784,-137,-453
3,22,183,788,-144,-478
3,22,190,743,344,194
3,22,217,765,-497,0
3,22,217,772,-359,-344
3,22,217,773,-359,-344
3,22,217,775,-359,-344
3,22,217,775,-351,-351
3,22,217,776,-359,-344
3,22,218,764,-314,0
3,22,218,765,-497,0
3,22,219,777,-359,-344
3,22,220,779,-333,-333
3,22,221,765,-340,-325
3,22,221,766,-392,0
3,22,221,766,-340,-325
3,22,221,771,-340,-325
3,22,221,772,-340,-325
3,22,221,774,-340,-325
3,22,221,775,-340,-325
3,22,221,776,-340,-325
3,22,221,778,-340,-325
3,22,221,779,-340,-325
3,22,222,764,-392,0
3,22,222,766,-392,-9
3,22,222,766,-392,0
3,22,223,764,-392,0
3,22,223,767,-392,-9
3,22,224,764,-387,0
3,22,225,765,-500,0
3,22,225,771,-494,-74
3,22,227,772,-494,-74
2,24,141,755,110,-269
2,24,148,805,-58,-335
2,24,155,802,-316,0
2,24,159,798,-191,-381
2,24,162,785,-283,-346
2,24,162,789,-281,-381
2,24,169,765,-421,0
2,24,175,798,-446,43
2,24,178,764,-473,0
2,24,178,765,-473,0
2,24,178,767,-473,0
2,24,178,768,-473,0
2,24,178,769,-473,0
2,24,178,771,-473,0
2,24,178,782,-473,0
2,24,178,800,-473,0
2,24,178,801,-473,0
2,24,178,801,-473,10
2,24,178,802,-473,0
2,24,178,803,-473,0
2,24,181,725,-188,374
2,24,186,765,-500,0
46,98,1415,3203,500,0
46,98,1460,3220,361,-345
123,105,3858,3363,500,0
123,105,3859,3363,500,0
123,105,3862,3363,366,0
123,105,3862,3377,482,-132
123,105,3864,3348,314,0
123,105,3864,3351,314,0
123,105,3864,3353,314,0
123,105,3864,3354,314,0
123,105,3864,3355,314,0
123,105,3864,3355,333,66
123,105,3864,3356,314,0
123,105,3864,3357,314,0
123,105,3864,3358,311,37
123,105,3864,3359,312,30
123,105,3864,3359,314,0
123,105,3864,3360,314,0
123,105,3864,3361,312,23
123,105,3864,3361,314,0
123,105,3864,3361,314,15
123,105,3864,3362,314,7
123,105,3864,3363,314,0
123,105,3864,3365,340,-8
123,105,3865,3351,340,-17
123,105,3867,3339,340,0
123,105,3867,3353,329,82
123,105,3867,3357,335,50
123,105,3868,3364,361,0
123,105,3870,3338,326,217
123,105,3870,3420,500,0
123,105,3879,3326,418,0
123,105,3886,3441,361,-345
123,105,3887,3442,361,-345
123,105,3893,3362,108,-72
123,105,3893,3420,394,-211
123,105,3896,3363,395,-9
123,105,3924,3333,-253,-400
123,105,3924,3347,0,-235
123,105,3924,3347,0,-130
123,105,3926,3322,223,-418
123,105,3926,3341,152,-101
123,105,3927,3339,-18,-369
123,105,3930,3323,158,-446
123,105,3930,3342,248,-372
123,105,3930,3342,274,-353
123,105,3931,3328,169,-442
123,105,3932,3468,0,-500
123,105,3934,3343,-167,-237
123,105,3935,3325,339,-292
123,105,3935,3328,136,-453
123,105,3935,3340,282,-312
123,105,3939,3449,353,-353
123,105,3944,3429,162,208
124,104,3903,3355,482,-132
124,104,3903,3359,500,0
124,104,3904,3363,361,-345
124,104,3908,3363,500,0
124,104,3908,3364,488,109
124,104,3917,3324,473,0
124,104,3917,3325,473,0
124,104,3917,3326,473,0
124,104,3917,3327,473,0
124,104,3917,3330,473,0
124,104,3917,3331,473,0
124,104,3917,3333,473,0
124,104,3917,3335,473,0
124,104,3917,3339,464,92
124,104,3917,3343,469,57
124,104,3917,3343,471,46
124,104,3917,3344,471,35
124,104,3917,3345,473,23
124,104,3917,3346,473,10
124,104,3917,3347,473,0
124,104,3917,3348,473,0
124,104,3917,3351,466,-179
124,104,3921,3339,437,97
124,104,3921,3340,437,97
124,104,3921,3341,438,87
124,104,3922,3326,447,0
124,104,3922,3342,442,66
124,104,3924,3314,327,342
124,104,3924,3363,0,-500
124,104,3925,3340,411,92
124,104,3926,3321,339,291
124,104,3926,3348,421,0
124,104,3932,3318,274,353
124,104,3935,3320,257,348
124,104,3952,3315,132,-198
124,104,3998,3403,435,-246
124,104,4007,3403,261,0
120,98,3772,3195,421,-267
120,98,3779,3208,306,394
120,98,3782,3195,500,0
120,98,3785,3172,473,0
120,98,3789,3179,287,0
120,98,3793,3172,340,0
120,98,3794,3188,437,-98
120,98,3795,3172,421,0
120,98,3801,3172,78,0
120,98,3804,3227,386,-316
120,98,3804,3230,349,-316
120,98,3805,3230,349,-316
120,98,3806,3225,386,-316
120,98,3806,3225,394,-306
120,98,3807,3228,355,-340
120,98,3807,3230,349,-316
120,98,3807,3231,360,-344
120,98,3808,3227,368,-334
120,98,3808,3229,353,-353
120,98,3808,3229,355,-340
120,98,3808,3231,332,-333
120,98,3809,3227,368,-334
120,98,3809,3233,298,-330
120,98,3810,3227,353,-353
120,98,3810,3231,332,-333
120,98,3811,3225,361,-345
120,98,3811,3227,343,-359
120,98,3811,3231,332,-333
120,98,3812,3229,316,-350
120,98,3812,3230,349,-316
120,98,3812,3231,332,-333
120,98,3813,3227,343,-359
120,98,3813,3231,332,-333
120,98,3814,3227,343,-359
120,98,3814,3230,332,-333
120,98,3814,3231,332,-333
120,98,3815,3231,332,-333
120,98,3816,3227,343,-359
120,98,3816,3231,332,-333
120,98,3816,3235,217,-326
120,98,3817,3226,351,-351
120,98,3817,3227,343,-359
120,98,3817,3231,332,-333
120,98,3818,3227,343,-359
120,98,3818,3228,358,-344
120,98,3818,3232,281,-344
120,98,3819,3227,343,-359
120,98,3819,3231,332,-333
120,98,3820,3234,240,-342
120,98,3821,3236,209,-331
120,98,3821,3237,202,-337
120,98,3822,3227,343,-359
120,98,3822,3230,255,-363
120,98,3822,3231,332,-333
120,98,3822,3236,202,-337
120,98,3823,3226,351,-351
120,98,3823,3230,246,-370
120,98,3824,3231,332,-333
120,98,3824,3232,-29,-391
120,98,3825,3227,343,-359
120,98,3825,3231,332,-333
120,98,3825,3236,-18,-366
120,98,3826,3229,229,-382
120,98,3828,3227,343,-359
120,98,3828,3241,0,-314
120,98,3829,3210,0,-418
120,98,3829,3231,332,-333
120,98,3829,3240,-17,-340
120,98,3830,3210,0,-418
120,98,3830,3240,-17,-340
120,98,3831,3210,0,-418
120,98,3831,3230,332,-333
120,98,3831,3231,332,-333
120,98,3831,3240,-17,-340
120,98,3832,3210,0,-418
120,98,3832,3240,-17,-340
120,98,3832,3241,0,-314
120,98,3833,3116,291,-339
120,98,3833,3210,0,-418
120,98,3833,3238,74,-332
120,98,3833,3240,-17,-340
120,98,3834,3210,0,-418
120,98,3834,3227,343,-359
120,98,3834,3240,-17,-340
120,98,3835,3210,0,-418
120,98,3835,3230,340,-325
120,98,3835,3233,67,-386
120,98,3835,3236,54,-362
120,98,3835,3236,62,-360
120,98,3835,3238,58,-335
120,98,3835,3240,-17,-340
120,98,3835,3241,0,-314
120,98,3836,3210,0,-418
120,98,3836,3230,332,-333
120,98,3836,3231,332,-333
120,98,3836,3236,54,-362
120,98,3836,3240,-17,-340
120,98,3837,3210,0,-418
120,98,3837,3231,332,-333
120,98,3837,3240,-17,-340
120,98,3837,3241,0,-314
120,98,3838,3210,0,-418
120,98,3838,3240,-17,-340
120,98,3839,3210,0,-418
120,98,3839,3214,0,-444
120,98,3839,3227,343,-359
120,98,3839,3240,-17,-340
120,98,3839,3240,17,-340
120,98,3839,3240,26,-360
120,98,3840,3210,0,-418
120,98,3840,3221,0,-444
120,98,3840,3227,343,-359
120,98,3840,3230,0,-414
120,98,3840,3235,0,-500
120,98,3840,3237,0,-361
120,98,3840,3237,0,-340
120,98,3840,3238,0,-361
120,98,3840,3240,-17,-340
120,98,3840,3240,0,-500
120,98,3841,3210,0,-418
120,98,3841,3240,-17,-340
120,98,3842,3210,0,-418
120,98,3842,3240,-17,-340
120,98,3843,3240,-17,-340
120,98,3852,3095,244,-101
123,102,3859,3260,500,0
123,102,3860,3261,500,0
123,102,3861,3261,500,0
123,102,3861,3265,379,-28
123,102,3863,3262,335,0
123,102,3864,3261,314,0
123,102,3864,3264,314,0
123,102,3864,3266,314,0
123,102,3864,3273,314,0
123,102,3864,3276,314,0
123,102,3864,3277,314,0
123,102,3864,3278,314,0
123,102,3864,3281,314,0
123,102,3864,3282,314,0
123,102,3864,3285,314,0
123,102,3864,3286,314,0
123,102,3864,3288,314,0
123,102,3864,3289,314,0
123,102,3864,3290,314,0
123,102,3864,3292,314,0
123,102,3864,3293,314,0
123,102,3864,3294,314,0
123,102,3864,3295,314,0
123,102,3864,3296,314,0
123,102,3864,3297,314,0
123,102,3864,3298,314,0
123,102,3864,3299,314,0
123,102,3864,3300,314,0
123,102,3864,3302,314,0
123,102,3864,3303,314,0
123,102,3864,3304,314,0
123,102,3864,3305,314,0
123,102,3864,3306,314,0
123,102,3864,3307,314,0
123,102,3865,3261,340,0
123,102,3865,3262,340,-8
123,102,3865,3262,340,0
123,102,3865,3263,340,-17
123,102,3865,3263,340,-8
123,102,3866,3261,340,0
123,102,3867,3262,361,0
123,102,3867,3263,340,-17
123,102,3868,3263,366,-8
123,102,3873,3335,353,-353
123,102,3873,3335,361,-345
123,102,3876,3332,353,-353
123,102,3879,3296,418,0
123,102,3879,3297,418,0
123,102,3879,3298,418,0
123,102,3879,3299,418,0
123,102,3879,3300,418,0
123,102,3879,3302,418,0
123,102,3879,3303,418,0
123,102,3879,3304,418,0
123,102,3879,3305,418,0
123,102,3879,3306,418,0
123,102,3879,3307,418,0
123,102,3880,3328,353,-353
123,102,3888,3307,471,0
123,102,3889,3261,447,0
123,102,3889,3305,392,0
123,102,3906,3303,-47,389
123,102,3916,3333,421,-267
123,102,3919,3221,-305,-203
123,102,3921,3308,230,123
123,102,3923,3321,82,329
123,102,3924,3244,0,-209
123,102,3925,3248,86,-162
123,102,3925,3249,86,-162
123,102,3928,3244,188,-89
123,102,3933,3308,-154,-27
123,102,3944,3308,-144,185
123,102,3949,3244,-41,-205
123,102,4043,3259,0,500
65,124,2073,3933,144,217
65,124,2075,3895,73,491
65,124,2079,3895,7,314
65,124,2080,3898,0,340
65,124,2080,3899,0,340
65,124,2148,3913,0,473
65,124,2148,3928,0,395
63,125,2041,3951,484,121
63,125,2051,3956,74,248
63,125,2057,3956,340,0
63,125,2077,3943,-236,441
62,124,2012,3890,0,500
62,124,2016,3898,0,340
62,124,2019,3932,-69,252
62,124,2025,3897,-74,332
62,124,2044,3910,-351,351
61,125,1988,3949,-466,179
61,125,1988,3949,-457,203
61,125,1988,3952,-492,85
61,125,1994,3944,-435,246
59,124,1987,3946,-433,108
59,124,1992,3945,-459,114
59,124,1996,3943,-421,150
59,124,2007,3937,-462,191
58,123,1943,3887,-159,445
58,123,1943,3887,-148,449
124,66,3903,2083,366,0
124,66,3903,2084,387,0
124,66,3905,2081,498,37
124,66,3906,2082,392,0
124,66,3914,2083,500,0
124,66,3915,2056,353,353
124,66,3947,2089,185,0
124,66,3956,2081,0,238
125,65,3936,2083,500,0
125,65,3937,2084,500,0
125,65,3939,2083,494,74
125,65,3946,2072,224,447
125,65,3984,2100,-162,302
124,64,3891,2083,500,0
124,64,3896,2036,314,0
124,64,3896,2047,314,0
124,64,3896,2083,314,0
124,64,3896,2085,340,-8
124,64,3908,2011,345,361
124,64,3911,2083,418,0
124,64,3917,2083,473,0
124,64,3917,2084,471,-24
124,64,3945,1998,75,250
125,62,3945,2012,473,0
125,62,3948,1976,179,466
125,62,3949,1995,473,0
125,62,3949,2019,473,0
125,62,3953,2015,445,33
125,62,3955,2024,358,-309
125,62,3956,2015,417,50
125,62,3960,2013,395,8
124,61,3891,1955,500,11
124,61,3891,1981,500,0
124,61,3892,1950,498,48
124,61,3896,1995,314,0
124,61,3911,1995,418,0
124,61,3924,1998,234,-17
124,61,3926,2034,345,-361
124,61,3956,2014,220,-390
124,61,3964,2025,291,-339
61,2,1948,143,0,-447
61,2,1948,154,0,-500
61,2,1949,143,33,-446
61,2,1952,158,0,-414
61,2,1952,166,0,-361
61,2,2010,168,25,-339
61,2,2011,142,0,-444
61,2,2012,138,0,-418
61,2,2013,138,0,-418
61,2,2013,168,-17,-340
61,2,2014,138,0,-418
61,2,2014,168,-17,-340
61,2,2015,138,0,-418
61,2,2015,168,-17,-340
61,2,2016,138,0,-418
61,2,2016,168,-17,-340
61,2,2017,138,0,-418
61,2,2017,168,-17,-340
61,2,2018,138,0,-418
61,2,2018,168,-17,-340
61,2,2019,138,0,-418
61,2,2019,168,-17,-340
61,2,2020,138,0,-418
61,2,2020,168,-17,-340
61,2,2021,138,0,-418
61,2,2021,168,-17,-340
61,2,2022,168,-17,-340
61,2,2023,168,-17,-340
61,2,2024,169,0,-314
61,2,2025,138,0,-418
61,2,2026,152,-22,-444
61,2,2026,168,-17,-340
61,2,2027,142,-22,-444
61,2,2027,168,-17,-340
61,2,2027,169,0,-314
61,2,2028,106,74,-138
61,2,2028,107,61,-115
61,2,2029,168,-17,-340
61,2,2034,97,-256,-51
61,2,2037,109,116,-263
62,1,2022,110,421,-267
62,1,2027,107,287,0
62,1,2027,110,0,-447
64,1,2035,101,294,-217
64,1,2052,112,482,-132
64,1,2073,107,-314,-30
64,1,2074,107,-183,-17
64,1,2080,107,-500,0
65,2,2044,158,349,-316
65,2,2045,158,349,-316
65,2,2047,158,332,-333
65,2,2047,159,332,-333
65,2,2048,155,368,-334
65,2,2048,157,355,-340
65,2,2050,162,273,-317
65,2,2051,155,351,-351
65,2,2051,155,358,-344
65,2,2054,161,307,-321
65,2,2055,160,307,-321
65,2,2056,162,273,-317
65,2,2058,160,281,-344
65,2,2075,161,67,-386
65,2,2075,164,62,-360
65,2,2075,167,50,-336
65,2,2077,164,35,-365
65,2,2077,165,33,-339
65,2,2080,149,0,-444
65,2,2080,158,0,-414
65,2,2080,161,0,-387
65,2,2080,163,0,-500
65,2,2080,165,0,-361
65,2,2080,165,0,-340
65,2,2080,166,0,-361
65,2,2080,168,0,-500
65,2,2091,139,0,-421
65,2,2132,139,-342,-327
65,2,2140,171,0,-500
65,2,2157,166,-106,-323
68,3,2148,181,361,-345
68,3,2149,179,179,-466
68,3,2152,176,148,-450
68,3,2155,198,121,-484
68,3,2163,132,-75,141
68,3,2164,179,306,-394
68,3,2174,201,74,-494
68,3,2180,178,0,-421
68,3,2180,192,0,-500
68,3,2180,202,0,-500
68,3,2278,119,285,-190
67,2,2089,122,484,-121
67,2,2094,120,488,-109
67,2,2099,120,484,-121
67,2,2103,118,458,-114
67,2,2109,118,431,-119
67,2,2110,118,431,-119
67,2,2115,115,381,-105
67,2,2116,115,381,-105
67,2,2116,116,442,-66
67,2,2122,113,332,-83
67,2,2162,152,224,-447
67,2,2163,125,21,-421
67,2,2164,146,0,-473
67,2,2164,149,167,-470
67,2,2177,158,-236,-441
67,2,2178,139,-500,0
125,63,3945,2012,473,0
125,63,3949,2019,473,0
125,63,3949,2036,473,0
125,63,3956,2015,417,50
46,100,1433,3275,308,-359
124,8,3913,252,473,0
124,8,3917,253,473,0
124,8,3917,254,473,0
124,8,3917,255,473,0
124,8,3917,256,473,0
124,8,3917,257,473,0
124,8,3917,258,473,0
124,8,3917,259,473,0
124,8,3917,262,473,0
124,8,3917,263,473,0
124,8,3917,265,473,0
124,8,3917,268,473,0
124,8,3917,288,473,0
124,8,3917,289,473,0
124,8,3917,291,473,0
124,8,3924,240,417,50
124,8,3924,241,419,41
124,8,3924,287,417,50
124,8,3926,253,421,0
124,8,3926,256,421,0
124,8,3926,268,421,0
124,8,3937,281,223,-418
124,8,3938,270,241,-344
124,8,3938,281,212,-424
124,8,3946,237,14,-21
124,8,3979,235,24,-8
124,8,4043,365,0,-500
123,42,3871,1315,366,0
123,42,3874,1314,392,0
123,42,3875,1306,332,332
123,42,3875,1315,332,332
123,42,3875,1323,332,332
123,42,3875,1326,332,332
123,42,3877,1296,369,246
123,42,3877,1297,382,229
123,42,3877,1315,497,0
123,42,3878,1294,378,279
123,42,3879,1308,418,0
123,42,3880,1294,378,279
123,42,3882,1322,462,103
123,42,3883,1287,353,353
123,42,3884,1319,456,114
123,42,3887,1278,326,378
123,42,3890,1320,488,109
123,42,3894,1322,403,121
123,42,3898,1340,31,419
123,42,3902,1305,422,138
123,42,3912,1291,136,453
123,42,3912,1321,212,0
123,42,3914,1320,212,0
123,42,3915,1321,185,0
123,42,3917,1318,133,0
123,42,3918,1284,74,494
123,42,3928,1280,296,402
123,42,3941,1301,189,376
123,42,3945,1271,132,482
123,42,3948,1306,155,330
123,42,3949,1306,141,341
123,42,3951,1313,101,214
124,43,3904,1375,402,296
124,43,3906,1377,361,345
124,43,3908,1373,361,345
124,43,3910,1394,492,85
124,43,3910,1395,492,85
124,43,3914,1396,478,144
124,43,3915,1368,306,394
124,43,3919,1393,442,-66
124,43,3922,1377,296,402
124,43,3924,1372,0,500
124,43,3924,1376,0,500
124,43,3924,1379,316,386
124,43,3952,1396,-162,302
123,44,3888,1359,361,345
123,44,3890,1359,345,361
123,44,3890,1360,353,353
123,44,3891,1353,277,416
123,44,3893,1340,306,394
123,44,3894,1341,306,394
123,44,3894,1342,316,386
123,44,3900,1396,342,0
123,44,3901,1396,342,0
123,44,3904,1396,316,0
123,44,3905,1396,290,0
123,44,3910,1334,156,474
123,44,3919,1396,110,110
123,44,3919,1398,-307,204
123,44,3919,1399,-289,128
123,44,3924,1342,0,500
123,44,3924,1361,0,447
123,44,3924,1385,0,78
124,41,3913,1308,473,0
124,41,3917,1300,473,0
124,41,3917,1301,473,0
124,41,3917,1306,473,0
124,41,3917,1315,473,0
124,41,3917,1316,473,0
124,41,3917,1317,473,0
124,41,3932,1270,274,353
124,41,3932,1270,291,339
124,41,3935,1285,442,169
124,41,3947,1273,123,375
124,41,3947,1332,14,21
124,41,3950,1283,317,234
120,44,3783,1376,345,361
120,44,3784,1373,345,361
120,44,3784,1375,345,361
120,44,3785,1374,345,361
120,44,3795,1385,428,129
120,44,3796,1428,410,-158
120,44,3799,1410,19,387
120,44,3801,1349,120,400
120,44,3802,1349,120,400
120,44,3806,1348,30,416
120,44,3808,1347,0,444
120,44,3808,1350,0,418
120,44,3808,1350,0,440
120,44,3827,1342,0,366
120,44,3828,1335,0,314
120,44,3830,1336,17,340
120,44,3831,1335,0,314
120,44,3832,1335,0,314
120,44,3834,1335,0,314
120,44,3837,1335,0,314
120,44,3838,1335,0,314
120,44,3841,1335,0,314
120,44,3842,1336,17,340
120,44,3843,1335,0,314
120,44,3843,1337,7,340
120,44,3843,1337,17,340
120,44,3844,1330,0,500
120,44,3844,1335,0,314
120,44,3844,1368,0,395
120,44,3854,1373,0,130
120,44,3867,1333,0,500
120,44,3872,1335,0,500
120,44,3888,1339,-224,447
120,44,3892,1363,-335,334
120,44,3898,1362,-300,366
3,123,171,3917,0,0
3,123,171,3920,-74,-138
3,123,177,3915,-46,471
3,123,178,3917,-74,494
3,123,183,3887,-109,488
3,123,185,3883,-277,416
3,123,186,3945,-190,403
3,123,190,3944,-233,412
3,123,192,3876,-500,0
3,123,196,3927,-224,447
3,123,207,3918,-353,353
3,123,213,3911,-345,361
3,123,213,3982,-234,22
3,123,214,3906,-316,386
3,123,217,3902,-316,386
3,123,218,3930,-345,361
3,123,218,3931,-345,361
3,123,219,3932,-345,361
3,123,220,3891,-340,325
3,123,220,3896,-340,325
3,123,220,3898,-340,325
3,123,220,3903,-316,349
3,123,220,3904,-325,340
3,123,220,3904,-316,349
3,123,220,3905,-340,325
3,123,220,3906,-340,325
3,123,221,3891,-340,325
3,123,221,3898,-340,325
3,123,221,3904,-340,325
3,123,221,3905,-340,325
3,123,221,3906,-340,325
3,123,222,3906,-340,325
3,123,223,3905,-340,325
3,123,223,3906,-340,325
3,123,225,3890,-378,326
3,123,226,3904,-386,316
124,103,3917,3307,473,0
124,103,3917,3308,473,0
124,103,3917,3325,473,0
124,103,3917,3326,473,0
124,103,3922,3307,447,0
124,103,3926,3307,148,278
124,103,3926,3307,421,0
124,103,3930,3340,299,-366
124,103,3947,3308,-14,-22
124,103,3948,3307,-52,0
124,101,3903,3261,500,0
124,101,3903,3262,498,-37
124,101,3904,3260,478,-144
124,101,3904,3260,500,0
124,101,3904,3261,500,0
124,101,3906,3261,496,-60
124,101,3906,3261,500,0
124,101,3908,3261,492,-85
124,101,3910,3270,287,-408
124,101,3916,3224,179,466
124,101,3918,3270,167,-470
124,101,3936,3244,26,0
124,101,3948,3251,250,-75
124,101,4043,3331,0,-500
123,100,3861,3240,500,0
123,100,3865,3188,341,131
123,100,3870,3264,407,-20
123,100,3871,3260,366,0
123,100,3871,3261,500,0
123,100,3871,3262,387,-9
123,100,3872,3260,366,0
123,100,3872,3262,392,-20
123,100,3872,3262,392,0
123,100,3872,3263,391,-29
123,100,3872,3268,321,-307
123,100,3872,3272,321,-307
123,100,3872,3275,321,-307
123,100,3872,3279,321,-307
123,100,3873,3262,391,-29
123,100,3873,3262,392,0
123,100,3873,3263,392,-9
123,100,3874,3260,392,0
123,100,3875,3260,392,0
123,100,3875,3261,392,0
123,100,3876,3240,500,0
123,100,3876,3269,340,-325
123,100,3876,3273,340,-325
123,100,3876,3274,340,-325
123,100,3876,3276,340,-325
123,100,3877,3262,418,0
123,100,3877,3263,418,-21
123,100,3879,3249,351,-351
123,100,3879,3256,351,-351
123,100,3879,3259,351,-351
123,100,3879,3261,351,-351
123,100,3879,3265,351,-351
123,100,3879,3268,351,-351
123,100,3879,3269,351,-351
123,100,3879,3270,351,-351
123,100,3879,3272,351,-351
123,100,3895,3196,369,131
123,100,3905,3243,-171,96
123,100,3910,3258,417,-224
123,100,3911,3288,144,-478
123,100,3912,3284,156,-474
123,100,3923,3245,367,35
123,100,3923,3249,-56,-282
123,100,3924,3247,-171,198
123,100,3924,3267,0,-78
123,100,3924,3301,0,-500
123,100,3926,3245,75,195
123,100,3929,3245,244,200
123,100,3930,3252,-46,23
123,100,3930,3252,-23,11
123,100,3930,3252,-9,77
123,100,3931,3252,-23,10
123,100,3935,3252,-24,9
123,99,3859,3196,500,0
123,99,3859,3196,500,11
123,99,3859,3203,500,11
123,99,3863,3193,498,48
123,99,3869,3226,408,-287
123,99,3869,3229,408,-287
123,99,3870,3229,386,-316
123,99,3872,3236,321,-307
123,99,3872,3237,321,-307
123,99,3873,3230,349,-316
123,99,3874,3229,340,-325
123,99,3874,3230,349,-316
123,99,3875,3229,340,-325
123,99,3875,3233,325,-340
123,99,3878,3226,358,-344
123,99,3879,3228,351,-351
123,99,3879,3230,351,-351
123,99,3879,3232,351,-351
123,99,3879,3235,351,-351
123,99,3879,3238,351,-351
123,99,3879,3240,351,-351
123,99,3882,3179,500,0
123,99,3882,3216,353,-353
123,99,3882,3233,287,-408
123,99,3883,3228,361,-345
123,99,3883,3234,361,-345
123,99,3890,3222,361,-345
123,99,3896,3212,308,-359
123,99,3900,3160,173,-67
123,99,3900,3179,52,0
123,99,3901,3214,361,-345
123,99,3902,3184,-190,285
123,99,3902,3212,262,-394
123,99,3903,3207,274,-353
123,99,3903,3212,253,-400
123,99,3905,3210,239,-377
123,99,3907,3209,-365,-257
123,99,3908,3228,156,-474
123,99,3908,3245,156,-474
123,99,3909,3212,-466,-81
123,99,3911,3242,144,-478
123,99,3912,3248,121,-484
123,99,3913,3243,121,-484
123,99,3914,3274,121,-484
123,99,3915,3270,132,-482
123,99,3916,3192,250,-75
123,99,3919,3194,-224,-80
123,99,3920,3192,-127,200
123,99,3921,3206,-274,353
123,99,3924,3212,211,394
123,99,3924,3219,0,0
123,99,3924,3221,0,0
123,99,3924,3223,21,14
123,99,3964,3124,500,0
122,98,3823,3179,497,0
122,98,3828,3179,500,0
122,98,3828,3193,488,-109
122,98,3829,3181,488,-109
122,98,3831,3193,470,-167
122,98,3832,3193,470,-167
122,98,3840,3197,148,-450
122,98,3843,3193,361,-345
122,98,3848,3192,482,-132
122,98,3849,3194,484,-121
122,98,3851,3167,302,83
122,98,3854,3192,488,-109
122,98,3854,3193,484,-121
122,98,3858,3189,490,-97
122,98,3858,3196,474,-156
122,98,3859,3191,484,-121
122,98,3859,3192,484,-121
122,98,3859,3194,188,-283
122,98,3863,3156,286,127
122,98,3863,3190,457,-126
122,98,3863,3190,458,-114
122,98,3869,3179,25,-7
122,98,3876,3187,381,-105
122,98,3882,3185,332,-83
122,98,3882,3217,353,-353
122,98,3882,3225,345,-361
122,98,3882,3226,345,-361
122,98,3883,3179,238,0
122,98,3883,3224,353,-353
122,98,3884,3206,361,-345
122,98,3886,3229,287,-408
122,98,3887,3225,296,-402
122,98,3889,3217,345,-361
122,98,3889,3218,345,-361
122,98,3889,3218,353,-353
122,98,3890,3217,353,-353
122,98,3890,3222,306,-394
122,98,3891,3221,287,-408
122,98,3908,3215,0,-447
122,98,3910,3241,156,-474
122,98,3911,3193,265,-293
122,98,3914,3226,156,-474
122,98,3918,3182,298,106
122,98,3920,3202,265,360
122,98,3922,3214,33,-446
122,98,3924,3189,74,138
122,98,3924,3191,0,-276
122,98,3924,3215,0,-447
122,98,3924,3237,0,-500
4,20,171,685,-23,-12
4,20,171,709,0,-52
4,20,171,710,0,-104
4,20,171,711,0,-104
4,20,171,713,0,-104
4,20,171,719,0,-447
4,20,172,712,-218,-146
4,20,173,686,-142,31
4,20,182,747,-121,-484
4,20,193,707,-335,-371
4,20,197,715,-287,-408
4,20,200,715,-335,-371
4,20,204,708,0,-471
4,20,214,727,-345,-361
4,20,215,684,-287,-14
4,20,215,691,-381,-105
4,20,215,706,-346,-283
4,20,217,689,-360,-80
4,20,226,717,-345,-361
4,20,230,695,-457,-126
4,20,232,695,-482,-132
4,20,232,699,-470,-167
4,20,233,698,-470,-167
4,20,235,599,-359,308
4,20,236,695,-482,-132
4,20,237,694,-488,-109
4,20,237,694,-484,-121
4,20,241,697,-484,-121
4,20,242,696,-484,-121
4,20,245,621,-494,74
4,20,246,698,-484,-121
4,20,250,690,-496,-60
4,20,251,699,-482,-132
4,20,252,699,-457,-203
4,20,256,701,-361,-345
4,20,258,604,-447,224
3,21,134,615,-408,287
3,21,175,713,-99,-328
3,21,175,780,-85,-492
3,21,178,692,-157,-212
3,21,179,683,0,0
3,21,179,779,-179,-466
3,21,179,780,-179,-466
3,21,180,707,414,-171
3,21,180,744,-132,-400
3,21,181,683,28,-43
3,21,183,752,-148,-450
3,21,183,752,-121,-484
3,21,184,757,-277,-416
3,21,186,745,-167,-470
3,21,187,761,-441,-236
3,21,191,713,-257,-365
3,21,192,764,-500,0
3,21,193,764,-500,0
3,21,194,686,-25,6
3,21,194,712,-283,-346
3,21,194,714,-266,-360
3,21,194,715,-281,-381
3,21,194,764,-500,0
3,21,196,716,-300,-366
3,21,196,717,-290,-374
3,21,197,764,-500,0
3,21,199,684,-395,-9
3,21,200,721,-306,-394
3,21,201,683,-254,-208
3,21,201,714,-342,-327
3,21,203,719,-361,-345
3,21,206,727,-361,-345
3,21,206,731,-361,-345
3,21,207,684,-447,0
3,21,210,683,-473,0
3,21,210,726,-361,-345
3,21,210,732,-361,-345
3,21,210,733,-361,-345
3,21,211,700,-500,11
3,21,212,684,-473,0
3,21,213,729,-345,-361
3,21,214,726,-361,-345
3,21,214,727,-361,-345
3,21,214,730,-361,-345
3,21,214,734,-361,-345
3,21,214,735,-361,-345
3,21,214,736,-361,-345
3,21,217,730,-359,-344
3,21,217,733,-334,-369
3,21,217,740,-359,-344
3,21,217,742,-359,-344
3,21,218,730,-359,-344
3,21,220,737,-316,-350
3,21,220,741,-333,-333
3,21,220,742,-333,-333
3,21,221,700,-500,0
3,21,221,733,-340,-325
3,21,221,735,-340,-325
3,21,221,736,-340,-325
3,21,221,737,-340,-325
3,21,221,740,-340,-325
3,21,221,741,-340,-325
3,21,221,742,-340,-325
3,21,221,743,-340,-325
3,21,221,744,-340,-325
3,21,221,745,-340,-325
3,21,222,733,-340,-325
3,21,222,734,-340,-325
3,21,223,734,-350,-316
3,21,225,686,-496,-60
3,21,226,684,-500,-11
3,21,227,730,-408,-287
3,21,227,732,-408,-287
3,21,227,733,-408,-287
3,21,228,700,-500,0
3,21,228,730,-408,-287
3,21,236,700,-500,11
3,29,156,912,175,-263
3,29,157,892,-344,-132
3,29,158,892,-413,-82
3,29,158,899,-372,-199
3,29,158,903,-197,-280
3,29,160,885,-408,-102
3,29,160,893,-332,-300
3,29,162,907,-219,-297
3,29,163,895,-293,-265
3,29,163,895,-285,-273
3,29,164,891,-159,-446
3,29,164,906,-41,-419
3,29,165,894,-105,-381
3,29,166,900,167,-470
3,29,166,912,-175,-263
3,29,167,892,-362,-217
3,29,167,894,-151,-393
3,29,167,905,50,-418
3,29,169,899,203,-276
3,29,171,882,0,183
3,29,172,887,-132,482
3,29,172,898,-57,-470
3,29,182,884,-140,424
3,29,183,879,-159,445
3,29,202,878,-361,345
3,29,209,935,-335,371
3,29,211,931,-361,345
3,29,217,888,-351,351
3,29,217,889,-351,351
3,29,217,919,-345,361
3,29,218,923,-345,361
3,29,220,883,-333,332
3,29,220,885,-340,325
3,29,220,886,-340,325
3,29,220,889,-340,325
3,29,220,898,-340,325
3,29,220,907,-408,287
3,29,221,883,-340,325
3,29,221,898,-340,325
3,29,222,898,-350,316
3,29,222,898,-340,325
3,29,222,899,-340,325
3,29,223,884,-371,335
3,29,224,895,-321,307
3,29,225,903,-408,287
3,29,225,904,-408,287
3,29,228,901,-402,296
41,4,1236,132,500,0
41,4,1241,107,500,0
41,4,1252,174,340,-325
41,4,1252,187,416,30
41,4,1252,202,340,-325
41,4,1255,148,353,-353
41,4,1255,156,351,-351
41,4,1255,157,351,-351
41,4,1255,160,351,-351
41,4,1255,161,351,-351
41,4,1255,166,351,-351
41,4,1255,167,351,-351
41,4,1255,170,351,-351
41,4,1255,172,351,-351
41,4,1255,174,351,-351
41,4,1255,177,351,-351
41,4,1255,178,351,-351
41,4,1255,179,351,-351
41,4,1255,182,351,-351
41,4,1255,183,351,-351
41,4,1255,187,351,-351
41,4,1255,188,351,-351
41,4,1255,190,351,-351
41,4,1255,192,351,-351
41,4,1255,196,351,-351
41,4,1263,182,478,144
41,4,1267,190,497,-11
41,4,1272,138,360,-266
41,4,1272,189,500,0
41,4,1278,184,260,-392
41,4,1282,182,212,-451
41,4,1285,153,190,-404
41,4,1288,138,-472,-35
41,4,1288,153,-472,-35
41,4,1290,176,97,-490
41,4,1290,203,114,-459
41,4,1291,121,-332,-83
41,4,1291,182,277,-416
41,4,1291,183,277,-416
41,4,1291,195,277,-416
41,4,1292,172,85,-492
41,4,1295,183,82,-332
41,4,1298,122,-137,-256
41,4,1300,176,384,230
84,121,2773,3870,-235,-35
84,121,2778,3892,-25,8
84,121,2798,3883,-437,97
84,121,2802,3858,-473,10
84,121,2802,3860,-473,0
84,121,2802,3865,-473,0
84,121,2802,3868,-473,0
84,121,2802,3876,-473,0
84,121,2802,3892,-473,0
84,121,2806,3876,-500,0
84,121,2812,3907,-492,85
84,121,2815,3900,-474,-156
84,121,2816,3898,-484,-121
84,121,2817,3903,-451,-212
123,13,3858,421,500,0
123,13,3859,412,500,0
123,13,3859,420,500,0
123,13,3860,412,500,0
123,13,3861,418,496,-60
123,13,3867,390,416,277
123,13,3870,390,402,296
123,13,3873,373,321,307
123,13,3873,386,340,325
123,13,3873,413,261,0
123,13,3874,386,340,325
123,13,3875,373,332,332
123,13,3875,374,332,332
123,13,3875,376,332,332
123,13,3875,376,340,325
123,13,3875,377,332,332
123,13,3875,377,340,325
123,13,3875,378,332,332
123,13,3875,379,332,332
123,13,3875,381,332,332
123,13,3875,382,332,332
123,13,3875,383,325,340
123,13,3875,385,332,332
123,13,3875,386,332,332
123,13,3875,392,353,353
123,13,3875,393,353,353
123,13,3876,384,325,340
123,13,3877,383,326,378
123,13,3877,393,353,353
123,13,3877,422,361,345
123,13,3878,393,353,353
123,13,3878,395,353,353
123,13,3879,484,500,0
123,13,3883,468,461,-92
123,13,3886,415,496,-60
123,13,3889,425,447,0
123,13,3894,489,342,-327
123,13,3894,504,345,-361
123,13,3896,396,94,44
123,13,3896,473,382,-170
123,13,3897,499,345,-361
123,13,3902,402,291,304
123,13,3902,403,291,304
123,13,3902,422,316,-7
123,13,3903,442,-232,348
123,13,3905,419,264,0
123,13,3905,443,210,15
123,13,3911,362,277,416
123,13,3912,367,109,488
123,13,3912,367,148,449
123,13,3912,417,143,476
123,13,3914,341,121,484
123,13,3916,407,-56,282
123,13,3916,409,53,308
123,13,3918,406,37,311
123,13,3918,507,353,-353
123,13,3924,339,0,500
123,13,3924,401,0,-130
123,13,3924,403,89,-128
123,13,4008,484,0,-159
123,10,3859,355,500,0
123,10,3859,356,500,0
123,10,3860,355,500,0
123,10,3860,356,500,0
123,10,3861,355,500,0
123,10,3862,356,340,0
123,10,3862,356,497,0
123,10,3862,369,482,-132
123,10,3863,356,335,0
123,10,3864,308,314,0
123,10,3864,310,314,0
123,10,3864,311,314,0
123,10,3864,314,314,0
123,10,3864,316,314,0
123,10,3864,318,314,0
123,10,3864,319,314,0
123,10,3864,322,314,0
123,10,3864,323,314,0
123,10,3864,324,314,0
123,10,3864,325,314,0
123,10,3864,326,314,0
123,10,3864,327,314,0
123,10,3864,328,314,0
123,10,3864,329,314,0
123,10,3864,330,314,0
123,10,3864,331,314,0
123,10,3864,332,314,0
123,10,3864,334,314,0
123,10,3864,336,314,0
123,10,3864,338,314,0
123,10,3864,339,314,0
123,10,3864,340,314,0
123,10,3864,341,314,0
123,10,3864,342,314,0
123,10,3864,344,314,0
123,10,3864,346,314,0
123,10,3864,348,314,0
123,10,3864,349,314,0
123,10,3864,352,312,23
123,10,3864,352,314,0
123,10,3864,353,312,23
123,10,3864,353,314,0
123,10,3864,353,314,15
123,10,3864,355,314,0
123,10,3864,355,340,0
123,10,3864,356,335,0
123,10,3864,357,340,-8
123,10,3865,313,340,-17
123,10,3866,353,340,7
123,10,3866,356,340,0
123,10,3867,354,340,7
123,10,3872,366,482,-132
123,10,3875,353,392,0
123,10,3876,283,345,361
123,10,3879,352,418,0
123,10,3879,353,418,0
123,10,3879,354,416,30
123,10,3879,354,418,21
123,10,3879,355,418,0
123,10,3879,355,500,0
123,10,3881,355,473,0
123,10,3882,356,444,0
123,10,3883,356,444,0
123,10,3885,355,473,0
123,10,3885,356,471,-24
123,10,3889,355,447,0
123,10,3891,353,444,0
123,10,3893,356,414,0
123,10,3897,356,387,0
123,10,3906,349,261,0
123,10,3908,307,-188,-374
123,10,3917,356,233,124
123,10,3924,307,0,-130
123,10,3956,269,0,287
123,10,4014,331,-40,-97
124,11,3903,354,498,37
124,11,3903,355,500,0
124,11,3904,353,421,267
124,11,3904,355,500,0
124,11,3904,356,500,0
124,11,3905,356,492,85
124,11,3905,356,500,0
124,11,3906,355,496,60
124,11,3907,355,494,74
124,11,3907,355,500,0
124,11,3908,355,500,0
124,11,3913,394,224,-447
124,11,3917,342,167,470
124,11,3917,380,361,-345
124,11,3918,375,247,-148
124,11,3924,386,10,-473
124,11,3924,387,0,-500
124,11,3948,372,-21,14
124,11,3951,363,0,0
124,11,3952,372,-162,302
124,11,4011,434,0,-473
124,11,4017,442,-74,-494
123,12,3859,413,500,0
123,12,3865,360,500,0
123,12,3870,356,405,0
123,12,3870,356,500,0
123,12,3871,355,366,0
123,12,3871,355,500,0
123,12,3871,356,387,0
123,12,3871,356,405,0
123,12,3871,356,407,0
123,12,3871,356,500,0
123,12,3872,355,366,0
123,12,3872,356,387,0
123,12,3873,342,321,307
123,12,3873,353,392,8
123,12,3874,353,392,8
123,12,3874,354,392,0
123,12,3875,338,369,197
123,12,3875,341,332,332
123,12,3875,341,340,325
123,12,3875,342,332,332
123,12,3875,345,332,332
123,12,3875,345,340,325
123,12,3875,346,332,332
123,12,3875,347,332,332
123,12,3875,348,332,332
123,12,3875,352,340,325
123,12,3875,354,392,19
123,12,3875,355,332,332
123,12,3875,356,332,332
123,12,3875,359,332,332
123,12,3875,359,340,325
123,12,3875,360,332,332
123,12,3875,364,332,332
123,12,3879,355,358,343
123,12,3879,358,358,343
123,12,3879,359,358,343
123,12,3893,340,497,0
123,12,3893,341,497,0
123,12,3896,412,395,0
123,12,3900,417,334,-75
123,12,3901,483,353,-353
123,12,3906,437,203,-457
123,12,3906,490,212,-451
123,12,3908,443,500,0
123,12,3912,331,148,449
123,12,3914,360,212,0
123,12,3915,372,-198,-171
123,12,3916,359,185,0
123,12,3922,362,35,182
123,12,3924,362,-280,-217
123,12,3924,363,0,104
123,12,3925,371,-97,45
123,12,3927,370,69,-169
123,12,3929,366,205,-205
123,12,3938,363,18,17
123,12,3938,363,360,-80
124,9,3903,309,500,0
124,9,3908,291,361,-345
124,9,3917,288,473,0
124,9,3917,289,473,23
124,9,3917,290,473,0
124,9,3917,291,473,0
124,9,3917,293,473,0
124,9,3917,308,473,0
124,9,3920,320,156,-474
124,9,3922,308,447,0
124,9,3924,287,417,50
124,9,3924,309,229,-229
124,9,3924,319,0,-459
124,9,3924,320,0,-459
124,9,3924,322,0,-500
124,9,3952,271,-208,-20
123,6,3868,259,494,-74
123,6,3871,254,387,-9
123,6,3871,262,361,-345
123,6,3872,252,366,0
123,6,3872,254,391,-29
123,6,3872,254,392,-20
123,6,3872,255,391,-29
123,6,3872,255,392,-9
123,6,3872,262,321,-307
123,6,3872,263,321,-307
123,6,3872,264,321,-307
123,6,3872,266,321,-307
123,6,3872,267,321,-307
123,6,3872,271,321,-307
123,6,3873,254,391,-29
123,6,3873,254,392,0
123,6,3873,255,391,-29
123,6,3873,255,414,-21
123,6,3874,252,392,0
123,6,3874,253,392,0
123,6,3874,254,392,0
123,6,3874,255,392,-9
123,6,3874,255,412,-30
123,6,3875,252,392,0
123,6,3875,253,392,0
123,6,3875,259,371,-335
123,6,3875,268,340,-325
123,6,3876,261,340,-325
123,6,3876,265,340,-325
123,6,3876,266,340,-325
123,6,3876,267,340,-325
123,6,3876,268,340,-325
123,6,3878,264,358,-344
123,6,3879,244,351,-351
123,6,3879,249,351,-351
123,6,3879,250,351,-351
123,6,3879,255,351,-351
123,6,3879,255,361,-345
123,6,3879,256,351,-351
123,6,3879,257,351,-351
123,6,3879,259,351,-351
123,6,3879,260,351,-351
123,6,3879,261,351,-351
123,6,3879,262,351,-351
123,6,3879,263,351,-351
123,6,3879,264,351,-351
123,6,3889,191,155,18
123,6,3892,253,498,-48
123,6,3924,239,396,-141
123,6,3924,241,355,225
123,6,3924,303,0,-500
123,6,3929,237,258,181
123,6,3930,241,176,294
123,6,3930,243,-8,369
123,6,3931,240,153,306
123,6,3932,243,149,337
123,6,3934,247,212,451
123,6,3940,247,244,54
123,6,3941,239,-219,228
123,6,3948,263,343,-242
123,6,3949,242,31,260
123,6,3958,244,23,-235
123,5,3859,188,500,11
123,5,3862,194,444,10
123,5,3863,192,498,37
123,5,3869,218,408,-287
123,5,3870,221,386,-316
123,5,3872,228,321,-307
123,5,3873,222,349,-316
123,5,3874,221,340,-325
123,5,3874,222,340,-325
123,5,3874,222,349,-316
123,5,3875,221,340,-325
123,5,3875,222,340,-325
123,5,3875,225,325,-340
123,5,3879,171,418,0
123,5,3879,220,351,-351
123,5,3879,221,351,-351
123,5,3879,222,351,-351
123,5,3879,226,351,-351
123,5,3882,208,353,-353
123,5,3882,225,287,-408
123,5,3890,166,-191,462
123,5,3890,211,361,-345
123,5,3897,204,345,-361
123,5,3899,200,291,-339
123,5,3900,205,281,-381
123,5,3903,252,500,0
123,5,3904,220,500,0
123,5,3904,252,451,-212
123,5,3910,217,144,-478
123,5,3910,239,132,-482
123,5,3912,240,148,-450
123,5,3913,235,121,-484
123,5,3922,196,-174,-326
123,5,3924,204,211,394
123,5,3924,205,152,101
123,5,3924,215,21,14
123,5,3924,222,16,-20
123,5,3924,263,0,-500
123,5,3924,268,0,-500
123,5,4036,262,-224,-447
122,4,3840,189,148,-450
122,4,3840,189,306,-394
122,4,3840,189,361,-345
122,4,3844,187,457,-203
122,4,3848,184,482,-132
122,4,3849,187,500,0
122,4,3849,191,457,-203
122,4,3854,186,302,0
122,4,3854,187,354,0
122,4,3855,168,364,-27
122,4,3855,171,209,0
122,4,3856,185,330,-127
122,4,3858,186,339,-102
122,4,3859,184,421,-150
122,4,3859,189,466,-179
122,4,3861,168,364,-35
122,4,3861,184,355,-137
122,4,3862,181,403,-121
122,4,3864,183,367,-101
122,4,3865,178,382,-96
122,4,3867,215,353,-353
122,4,3869,218,0,-500
122,4,3871,158,0,-104
122,4,3880,215,371,-335
122,4,3882,209,353,-353
122,4,3882,217,345,-361
122,4,3882,218,345,-361
122,4,3883,171,0,0
122,4,3884,198,345,-361
122,4,3886,221,287,-408
122,4,3887,217,296,-402
122,4,3888,195,399,-253
122,4,3889,172,120,-57
122,4,3889,210,345,-361
122,4,3890,214,306,-394
122,4,3891,213,287,-408
122,4,3911,233,144,-478
122,4,3912,212,156,-474
122,4,3914,175,-76,-253
122,4,3924,173,37,69
122,4,3924,185,24,-10
2,119,148,3827,-249,18
2,119,175,3806,-446,43
2,119,178,3809,-473,10
2,119,178,3811,-473,0
2,119,178,3827,-473,0
2,119,178,3828,-473,0
3,120,190,3927,-180,-407
3,120,201,3870,-418,0
3,120,201,3872,-418,0
3,120,206,3873,-444,0
3,120,210,3848,-471,23
3,120,210,3850,-471,23
3,120,210,3871,-471,23
3,120,220,3876,-500,-25
3,120,223,3873,-392,8
3,120,230,3871,-340,17
3,120,231,3845,-340,17
3,120,231,3847,-340,17
3,120,231,3849,-340,17
3,120,231,3857,-340,17
3,120,231,3866,-340,17
3,120,231,3867,-340,17
3,120,231,3868,-340,17
3,120,231,3869,-340,17
3,120,231,3870,-340,17
3,120,231,3871,-340,17
3,120,231,3872,-340,17
3,120,231,3873,-340,17
3,120,232,3870,-314,0
3,120,232,3877,-444,-10
3,120,234,3874,-425,0
2,121,148,3883,-24,-9
2,121,188,3875,-381,281
2,121,189,3874,-494,74
2,121,189,3875,-494,74
2,121,190,3875,-496,60
2,121,192,3876,-500,0
2,121,192,3876,-488,109
2,121,192,3876,-451,212
2,121,192,3877,-484,121
2,121,194,3877,-488,109
3,122,158,3885,-319,-275
3,122,159,3883,25,-128
3,122,160,3883,116,-58
3,122,164,3883,-26,-3
3,122,167,3887,-442,-66
3,122,168,3883,26,0
3,122,182,3855,-129,428
3,122,212,3884,-466,81
3,122,217,3865,-351,351
3,122,217,3880,-500,0
3,122,220,3862,-340,325
3,122,220,3864,-340,325
3,122,221,3875,-392,0
3,122,222,3871,-441,53
3,122,222,3873,-392,8
3,122,223,3873,-392,19
3,122,223,3873,-391,28
3,122,224,3869,-494,74
3,122,224,3876,-366,0
3,122,225,3873,-366,8
3,122,225,3875,-500,0
3,122,226,3866,-490,97
3,122,226,3868,-492,85
3,122,228,3935,-498,-37
