2,123,126,3922,70,170
2,123,127,3916,-339,-292
2,123,127,3916,0,0
2,123,131,3916,-203,-203
2,123,132,3915,78,0
2,123,133,3916,-14,-21
2,123,133,3918,-25,-262
2,123,133,3921,170,-163
2,123,134,3915,0,0
2,123,134,3915,23,-12
2,123,134,3915,204,-167
2,123,134,3921,112,-145
2,123,135,3915,-39,-37
2,123,135,3922,-372,-199
2,123,136,3918,-48,-498
2,123,138,3917,210,-16
2,123,138,3923,-45,-25
2,123,140,3904,-4,78
2,123,141,3919,-203,-339
2,123,148,3866,-121,484
2,123,151,3887,-159,445
2,123,151,3887,-148,449
2,123,153,3913,-394,38
2,123,153,3913,-391,58
2,123,153,3914,-395,19
2,123,154,3913,-394,29
2,123,164,3891,-500,0
2,123,164,3905,-339,250
2,123,166,3911,-457,125
2,123,175,3933,-447,-10
2,123,175,3948,-323,309
2,123,178,3906,-353,353
2,123,185,3885,-359,343
2,123,185,3885,-351,351
2,123,185,3886,-351,351
2,123,188,3891,-333,332
2,123,188,3892,-340,325
2,123,188,3893,-340,325
2,123,188,3894,-340,325
2,123,188,3896,-340,325
2,123,188,3897,-340,325
2,123,188,3898,-340,325
2,123,188,3899,-340,325
2,123,188,3904,-500,0
2,123,188,3904,-325,340
2,123,188,3906,-340,325
2,123,188,3939,-500,0
2,123,189,3891,-340,325
2,123,189,3892,-340,325
2,123,189,3893,-340,325
2,123,189,3894,-340,325
2,123,189,3896,-340,325
2,123,189,3898,-340,325
2,123,189,3899,-340,325
2,123,189,3902,-318,351
2,123,189,3906,-340,325
2,123,193,3892,-378,326
2,123,203,3932,-500,0
2,123,203,3939,-500,0
11,42,376,1295,488,109
11,42,378,1296,490,97
11,42,380,1300,451,212
11,42,382,1297,488,109
11,42,382,1297,490,97
11,42,384,1300,500,0
11,42,388,1279,0,500
11,42,388,1282,0,500
11,42,388,1283,0,500
11,42,390,1297,451,212
11,42,395,1297,0,447
11,42,395,1302,7,152
11,42,395,1305,0,78
11,42,395,1315,0,26
11,42,396,1296,-23,447
11,42,399,1317,-98,355
11,42,405,1302,-141,396
11,86,376,2837,236,-441
11,86,378,2828,482,-132
11,86,380,2833,457,-203
11,86,388,2849,0,-500
11,86,390,2830,441,-236
11,86,390,2830,451,-212
11,86,392,2848,60,-496
11,86,392,2850,74,-494
11,86,395,2830,0,-447
11,86,396,2831,-23,-447
11,86,405,2825,-141,-396
11,86,407,2829,-160,-417
11,86,423,2834,402,-296
115,86,3689,2825,141,-396
115,86,3694,2813,141,-369
115,86,3699,2831,33,-446
115,86,3705,2830,-451,-212
115,86,3708,2849,0,-500
115,86,3721,2834,-478,-144
115,42,3662,1312,107,325
115,42,3672,1280,296,402
115,42,3680,1289,0,473
115,42,3683,1293,181,438
115,42,3692,1297,0,447
115,42,3699,1296,33,445
115,42,3700,1297,0,447
115,42,3700,1324,360,-80
115,42,3700,1325,195,-29
115,42,3705,1297,-451,212
115,42,3708,1280,316,386
115,42,3713,1300,-500,0
115,42,3717,1297,-496,60
116,87,3679,2873,25,-500
116,87,3744,2854,0,-392
116,87,3744,2862,0,-444
116,87,3744,2869,0,-444
116,87,3744,2878,0,-414
116,87,3744,2885,0,-340
116,87,3744,2886,0,-361
116,87,3744,2887,0,-361
116,87,3745,2854,-20,-392
116,87,3745,2862,-22,-444
116,87,3746,2862,-33,-443
116,87,3746,2888,-25,-339
116,87,3746,2888,-17,-340
116,87,3747,2887,-25,-339
116,87,3748,2887,-41,-337
116,87,3748,2887,-33,-339
116,87,3751,2886,-58,-335
116,87,3751,2888,-58,-335
116,87,3765,2847,-285,-273
116,87,3781,2858,0,-418
116,87,3782,2858,0,-418
116,87,3782,2888,-17,-340
116,87,3783,2858,0,-418
116,87,3783,2888,-17,-340
116,87,3784,2888,-17,-340
116,87,3785,2888,-17,-340
116,87,3808,2874,-353,-353
116,87,3812,2876,-361,-345
117,86,3772,2845,148,-450
117,86,3783,2849,-361,-345
117,86,3787,2830,0,-447
117,86,3787,2840,0,-500
117,86,3809,2825,-21,-421
117,86,3809,2834,-11,-473
119,86,3811,2834,203,-457
119,86,3812,2832,482,-132
119,86,3844,2845,0,-500
120,87,3787,2866,353,-353
120,87,3794,2836,437,-98
120,87,3819,2879,332,-333
120,87,3822,2875,343,-359
120,87,3824,2879,332,-333
120,87,3827,2875,343,-359
120,87,3829,2858,0,-418
120,87,3830,2858,0,-418
120,87,3830,2888,-17,-340
120,87,3831,2858,0,-418
120,87,3831,2888,-17,-340
120,87,3832,2858,0,-418
120,87,3832,2888,-17,-340
120,87,3833,2858,0,-418
120,87,3833,2888,-17,-340
120,87,3834,2858,0,-418
120,87,3834,2888,-17,-340
120,87,3835,2858,0,-418
120,87,3835,2888,-17,-340
120,87,3836,2858,0,-418
120,87,3836,2888,-17,-340
120,87,3837,2858,0,-418
120,87,3837,2888,-17,-340
120,87,3838,2858,0,-418
120,87,3838,2888,-17,-340
120,87,3839,2858,0,-418
120,87,3839,2888,-17,-340
120,87,3840,2858,0,-418
120,87,3840,2862,0,-444
120,87,3840,2888,-17,-340
120,87,3841,2888,-17,-340
120,87,3842,2858,0,-418
120,87,3842,2888,-17,-340
120,87,3843,2888,-17,-340
121,86,3896,2827,500,0
121,86,3897,2827,500,0
121,86,3906,2847,326,-378
121,86,3908,2846,267,-421
10,87,272,2827,235,0
10,87,283,2877,371,-335
10,87,287,2873,361,-345
10,87,288,2874,353,-353
10,87,290,2824,-307,204
10,87,295,2832,-365,-27
10,87,298,2821,-316,-16
10,87,299,2832,-339,-25
10,87,305,2826,-200,60
10,87,307,2826,-87,-58
10,87,307,2826,-52,0
10,87,308,2889,0,-314
10,87,309,2858,0,-418
10,87,310,2858,0,-418
10,87,310,2888,-17,-340
10,87,311,2858,0,-418
10,87,311,2888,-17,-340
10,87,312,2858,0,-418
10,87,312,2888,-17,-340
10,87,313,2888,-17,-340
10,87,314,2872,-22,-444
10,87,315,2888,-17,-340
10,87,316,2888,-17,-340
10,87,317,2858,0,-418
10,87,318,2858,0,-418
10,87,318,2888,-17,-340
10,87,319,2858,0,-418
10,87,319,2888,-17,-340
10,87,320,2858,0,-418
10,87,320,2862,0,-444
10,87,320,2864,0,-492
10,87,320,2867,-35,-469
10,87,320,2869,0,-466
10,87,320,2874,0,-440
10,87,320,2885,0,-340
10,87,320,2886,0,-361
10,87,320,2886,0,-340
10,87,320,2887,0,-361
10,87,320,2888,-17,-340
10,87,321,2858,0,-418
10,87,321,2872,-22,-444
10,87,321,2888,-17,-340
10,87,322,2858,0,-418
10,87,322,2888,-25,-339
10,87,322,2888,-17,-340
10,87,323,2858,0,-418
10,87,323,2888,-17,-340
10,87,323,2889,0,-314
10,87,324,2858,0,-418
10,87,324,2888,-17,-340
10,87,325,2858,0,-418
10,87,325,2888,-17,-340
10,87,326,2857,325,-340
10,87,326,2858,0,-418
10,87,326,2888,-17,-340
10,87,327,2858,0,-418
10,87,327,2888,-17,-340
10,87,328,2858,0,-418
10,87,328,2888,-17,-340
10,87,329,2858,0,-418
10,87,329,2888,-17,-340
10,87,330,2858,0,-418
10,87,330,2888,-17,-340
10,87,331,2858,0,-418
10,87,331,2887,-17,-340
10,87,331,2888,-17,-340
10,87,332,2858,0,-418
10,87,332,2888,-17,-340
10,87,333,2858,0,-418
10,87,333,2888,-17,-340
10,87,334,2858,0,-418
10,87,334,2888,-17,-340
10,87,335,2858,0,-418
10,87,335,2888,-17,-340
10,87,336,2858,0,-418
10,87,336,2888,-17,-340
10,87,337,2858,0,-418
10,87,337,2888,-17,-340
10,87,338,2888,-17,-340
10,87,340,2888,-17,-340
10,87,342,2858,0,-418
10,87,343,2888,-17,-340
10,87,346,2885,71,-359
10,87,347,2884,54,-362
10,87,347,2886,58,-335
10,87,348,2881,67,-386
10,87,348,2887,50,-336
10,87,349,2884,35,-365
10,87,350,2888,25,-339
10,87,351,2888,-17,-340
10,87,351,2888,17,-340
10,87,352,2851,0,-366
10,87,352,2858,0,-418
10,87,352,2878,0,-414
10,87,352,2886,0,-361
10,87,353,2888,-17,-340
10,87,354,2888,-17,-340
10,87,369,2887,17,-340
10,87,372,2858,0,-418
10,87,373,2858,0,-418
10,87,373,2888,-17,-340
10,87,374,2888,-17,-340
10,87,380,2858,0,-418
10,87,381,2858,0,-418
10,87,381,2871,445,-159
10,87,381,2888,-17,-340
10,87,382,2862,0,-444
10,87,382,2888,-17,-340
10,87,383,2888,-17,-340
10,87,387,2888,-17,-340
10,87,388,2863,0,-447
10,87,388,2870,0,-500
10,87,417,2857,-60,-496
10,87,417,2858,-48,-498
10,87,440,2852,-500,0
10,87,441,2872,-361,-345
9,86,307,2815,287,0
9,86,308,2830,0,-447
9,86,309,2850,0,-500
9,86,315,2840,-85,-492
9,86,316,2846,361,-345
9,86,317,2847,-224,-447
9,86,318,2847,-224,-447
9,86,320,2845,0,-500
9,86,327,2828,-498,-37
9,86,328,2841,-236,-441
9,86,330,2833,-484,-121
9,86,414,2735,-417,40
7,86,252,2845,0,-500
7,86,258,2847,203,-457
7,86,297,2819,-361,-280
7,86,299,2821,-374,-290
7,86,299,2833,-326,-378
7,86,300,2820,-381,-281
7,86,300,2821,-374,-290
6,87,167,2882,0,-500
6,87,201,2875,371,-335
6,87,201,2877,340,-325
6,87,233,2859,-151,41
6,87,252,2857,0,-157
6,87,252,2863,0,-447
6,87,252,2870,0,-500
6,87,252,2874,0,-500
6,87,253,2887,-8,-340
6,87,256,2858,0,-418
6,87,256,2869,0,-444
6,87,256,2878,0,-414
6,87,256,2885,0,-340
6,87,256,2886,0,-361
6,87,257,2858,0,-418
6,87,257,2888,-17,-340
6,87,258,2858,0,-418
6,87,258,2888,-17,-340
6,87,258,2889,0,-314
6,87,259,2850,0,130
6,87,259,2858,0,-418
6,87,259,2888,-17,-340
6,87,260,2858,0,-418
6,87,260,2888,-17,-340
6,87,261,2858,0,-418
6,87,261,2888,-17,-340
6,87,262,2858,0,-418
6,87,262,2875,-344,-359
6,87,262,2888,-17,-340
6,87,263,2858,0,-418
6,87,263,2888,-17,-340
6,87,264,2858,0,-418
6,87,264,2888,-17,-340
6,87,265,2858,0,-418
6,87,265,2879,-325,-340
6,87,265,2888,-17,-340
6,87,266,2858,0,-418
6,87,266,2862,0,-444
6,87,266,2888,-17,-340
6,87,267,2858,0,-418
6,87,267,2862,-22,-444
6,87,267,2888,-17,-340
6,87,267,2889,0,-314
6,87,268,2888,-17,-340
6,87,269,2825,130,-87
6,87,269,2888,-17,-340
6,87,271,2825,182,-17
6,87,272,2875,-344,-359
6,87,273,2826,268,88
6,87,273,2875,-344,-359
6,87,275,2879,-325,-340
6,87,276,2879,-325,-340
6,87,280,2875,-344,-359
6,87,281,2875,-344,-359
6,87,282,2875,-344,-359
6,87,283,2879,-325,-340
6,87,284,2879,-325,-340
6,87,285,2879,-325,-340
6,87,291,2841,179,-108
6,87,298,2825,-417,30
6,87,306,2845,-470,-167
5,86,183,2848,-85,-492
5,86,183,2849,-60,-496
5,86,185,2849,-132,-482
5,86,188,2849,-306,-394
5,86,189,2846,-267,-421
5,86,189,2847,-361,-345
5,86,193,2846,-361,-345
5,86,198,2841,-361,-345
5,86,200,2841,-416,-277
10,41,283,1251,361,345
10,41,284,1250,353,353
10,41,288,1250,345,361
10,41,288,1251,353,353
10,41,304,1306,-372,248
10,41,308,1239,0,314
10,41,310,1239,0,314
10,41,316,1239,0,314
10,41,317,1239,0,314
10,41,324,1239,0,314
10,41,326,1278,216,226
10,41,326,1278,226,216
10,41,329,1242,188,314
10,41,330,1239,0,314
10,41,331,1239,0,314
10,41,331,1283,169,162
10,41,332,1239,0,314
10,41,332,1243,173,323
10,41,333,1239,0,314
10,41,333,1243,155,330
10,41,334,1239,0,314
10,41,336,1239,0,314
10,41,337,1239,0,314
10,41,337,1282,151,144
10,41,339,1239,0,314
10,41,344,1242,66,333
10,41,346,1242,58,334
10,41,349,1239,23,312
10,41,349,1278,226,216
10,41,350,1239,15,314
10,41,351,1239,7,314
10,41,352,1239,0,314
10,41,352,1242,0,340
10,41,352,1242,0,361
10,41,352,1282,189,180
10,41,355,1239,0,314
10,41,358,1239,0,314
10,41,359,1239,0,314
10,41,360,1239,0,314
10,41,361,1254,0,418
10,41,362,1239,0,314
10,41,364,1239,0,314
10,41,365,1239,0,314
10,41,388,1236,0,500
10,41,388,1251,-353,353
10,41,388,1261,0,473
10,41,388,1265,0,447
10,41,388,1272,0,395
10,41,416,1254,0,500
9,42,267,1332,-5,51
9,42,278,1298,317,351
9,42,278,1299,327,342
9,42,286,1307,282,312
9,42,288,1293,0,473
9,42,302,1304,95,382
9,42,307,1297,22,447
9,42,308,1292,0,473
9,42,308,1297,0,447
9,42,316,1283,361,345
9,42,324,1283,-148,449
7,42,252,1300,500,0
7,42,256,1300,451,212
7,42,265,1300,-66,294
7,42,265,1300,249,0
7,42,267,1305,0,78
7,42,270,1304,-58,390
7,42,271,1297,-66,442
7,42,285,1288,-203,457
7,42,295,1298,-300,366
7,42,300,1305,-366,299
6,41,161,1263,123,230
6,41,252,1254,0,500
6,41,253,1235,-11,500
6,41,256,1240,0,500
6,41,256,1242,0,340
6,41,256,1242,0,361
6,41,256,1242,0,364
6,41,256,1243,0,340
6,41,256,1243,0,405
6,41,257,1242,-17,340
6,41,258,1238,-18,369
6,41,258,1242,-33,338
6,41,258,1242,-25,338
6,41,259,1242,-41,337
6,41,259,1242,-33,338
6,41,260,1242,-50,335
6,41,262,1242,-66,333
6,41,263,1298,498,48
6,41,264,1273,-153,304
6,41,267,1239,0,314
6,41,267,1244,-123,344
6,41,270,1281,0,209
6,41,271,1254,-351,351
6,41,272,1253,-351,351
6,41,272,1254,-351,351
6,41,272,1279,0,261
6,41,272,1306,365,257
6,41,272,1306,372,248
6,41,273,1283,0,157
6,41,275,1254,-351,351
6,41,279,1249,-325,340
6,41,280,1254,-351,351
6,41,284,1254,-351,351
6,41,285,1246,-265,323
6,41,291,1250,-350,316
6,41,292,1253,-378,326
6,41,301,1291,-437,97
6,41,303,1290,-433,108
6,41,303,1292,-439,87
6,41,311,1300,-500,0
5,42,167,1287,74,332
5,42,171,1281,-25,500
5,42,171,1300,-74,494
5,42,182,1300,-209,0
5,42,183,1279,-60,496
5,42,185,1297,-466,179
5,42,188,1280,0,500
5,42,189,1281,-287,408
5,42,190,1281,-326,378
5,42,192,1300,-500,0
5,42,192,1300,-478,144
5,42,192,1300,-451,212
5,42,194,1300,-500,0
5,42,203,1291,-408,287
116,41,3667,1293,467,70
116,41,3678,1245,335,371
116,41,3708,1234,0,500
116,41,3708,1236,0,500
116,41,3708,1241,0,500
116,41,3714,1239,0,314
116,41,3723,1239,0,314
116,41,3726,1239,0,314
116,41,3727,1239,0,314
116,41,3727,1276,0,287
116,41,3728,1239,0,314
116,41,3728,1278,0,261
116,41,3729,1239,0,314
116,41,3729,1278,0,261
116,41,3729,1285,0,183
116,41,3730,1239,0,314
116,41,3731,1240,17,340
116,41,3732,1239,0,314
116,41,3733,1239,0,314
116,41,3734,1239,0,314
116,41,3735,1239,0,314
116,41,3736,1239,0,314
116,41,3738,1239,0,314
116,41,3739,1239,0,314
116,41,3744,1242,0,340
116,41,3745,1242,-17,340
116,41,3746,1242,-25,338
116,41,3757,1241,-106,322
116,41,3769,1240,25,338
116,41,3772,1239,0,314
116,41,3777,1239,0,314
116,41,3778,1239,0,314
116,41,3781,1239,0,314
117,42,3684,1394,496,-60
117,42,3766,1287,236,441
117,42,3769,1297,494,74
117,42,3772,1300,500,0
117,42,3779,1278,0,500
117,42,3780,1282,-361,345
117,42,3786,1278,0,500
117,42,3787,1297,0,447
117,42,3793,1304,0,395
117,42,3820,1305,-366,299
119,42,3793,1307,386,271
119,42,3799,1298,308,358
119,42,3807,1306,274,319
119,42,3810,1310,257,299
119,42,3828,1326,0,0
119,42,3830,1278,0,500
119,42,3844,1283,0,500
120,41,3782,1300,500,0
120,41,3784,1280,345,361
120,41,3785,1300,473,0
120,41,3807,1250,332,332
120,41,3809,1246,264,323
120,41,3811,1250,332,332
120,41,3817,1250,332,332
120,41,3818,1249,325,340
120,41,3818,1250,332,332
120,41,3822,1253,358,343
120,41,3825,1314,-132,-198
120,41,3828,1239,0,314
120,41,3828,1250,340,325
120,41,3831,1239,0,314
120,41,3831,1250,332,332
120,41,3831,1253,358,343
120,41,3832,1250,332,332
120,41,3833,1242,66,333
120,41,3833,1250,332,332
120,41,3834,1250,340,325
120,41,3836,1239,37,311
120,41,3837,1239,30,312
120,41,3839,1239,7,314
120,41,3839,1239,15,314
120,41,3839,1242,7,340
120,41,3839,1291,-189,-181
120,41,3840,1239,0,314
120,41,3840,1242,0,361
120,41,3840,1243,0,340
120,41,3842,1250,332,332
120,41,3843,1250,332,332
120,41,3844,1239,0,314
120,41,3844,1272,0,395
120,41,3892,1267,-342,327
120,41,3902,1274,-342,327
120,41,3904,1239,0,500
120,41,3906,1251,-371,335
120,41,3934,1256,0,500
121,42,3895,1296,492,85
121,42,3901,1300,500,0
121,42,3904,1300,451,212
121,42,3905,1278,287,408
121,42,3906,1280,361,345
121,42,3907,1281,361,345
121,42,3908,1283,267,421
121,42,3910,1300,342,327
121,42,3912,1276,74,494
121,42,3912,1300,310,93
121,42,3915,1319,-5,25
121,42,3915,1325,-107,-107
121,42,3934,1286,-306,394
121,42,3938,1298,-470,167
121,42,3940,1288,0,500
123,41,3863,1284,466,179
123,41,3863,1289,484,121
123,41,3864,1289,482,132
123,41,3876,1300,500,0
123,41,3881,1257,361,345
123,41,3882,1255,345,361
123,41,3883,1255,345,361
123,41,3883,1257,353,353
123,41,3886,1249,277,416
123,41,3886,1257,353,353
123,41,3902,1300,290,0
123,41,3915,1310,-11,23
123,41,3917,1298,130,167
123,41,3918,1239,236,441
123,41,3924,1272,0,395
123,41,3927,1298,325,-174
123,41,3940,1261,0,473
123,41,3940,1272,0,395
123,41,3947,1280,400,-121
123,41,4015,1268,-359,308
123,87,3861,2827,500,0
123,87,3878,2869,402,-296
123,87,3881,2827,473,0
123,87,3882,2873,345,-361
123,87,3882,2874,345,-361
123,87,3885,2877,296,-402
123,87,3888,2874,287,-408
123,87,3889,2865,345,-361
123,87,3889,2866,345,-361
123,87,3891,2870,287,-408
123,87,3894,2865,296,-402
123,87,3905,2827,24,-10
123,87,3911,2827,16,-20
123,87,3915,2824,-220,38
123,87,3915,2824,-156,121
123,87,3922,2829,63,-283
123,87,3923,2826,-9,-51
3,87,156,2863,0,-447
3,87,165,2883,-167,-470
3,87,172,2826,-54,-312
3,87,173,2828,-107,-325
3,87,177,2826,142,-157
3,87,179,2828,3,159
3,87,180,2821,12,22
3,87,180,2824,0,0
3,87,180,2826,0,0
3,87,180,2857,-132,-400
3,87,182,2864,-148,-450
3,87,203,2867,-287,-408
3,87,206,2865,-345,-361
3,87,207,2864,-371,-335
3,87,208,2864,-361,-345
3,87,209,2876,-287,-408
3,87,210,2870,-335,-371
3,87,213,2872,-345,-361
3,87,213,2873,-345,-361
3,87,215,2871,-361,-345
3,87,216,2871,-361,-345
3,87,235,2827,-500,0
3,41,127,1238,48,498
3,41,138,1272,-451,-136
3,41,147,1269,-179,-49
3,41,156,1251,-353,353
3,41,156,1261,0,473
3,41,156,1267,0,421
3,41,159,1250,-345,361
3,41,159,1251,-353,353
3,41,159,1251,-345,361
3,41,163,1248,-361,345
3,41,171,1255,0,500
3,41,172,1325,-146,-218
3,41,180,1309,494,-74
3,41,184,1254,-144,478
3,41,208,1252,-277,416
3,41,213,1255,-345,361
3,41,214,1254,-335,371
3,41,214,1279,-345,361
3,41,215,1257,-361,345
3,41,217,1258,-386,316
3,41,228,1291,-488,109
9,65,379,2091,-316,0
9,65,398,2093,-439,87
9,65,402,2092,-464,92
9,65,412,2115,-500,0
9,65,415,2109,-462,-191
9,65,416,2115,-500,0
10,64,384,2100,0,0
10,64,389,2033,170,-163
10,64,392,2027,44,-27
10,64,394,2035,-23,-12
10,64,397,2020,-189,-283
10,64,410,1975,-143,435
10,64,425,2037,-418,0
10,64,429,2052,-444,0
10,64,434,2036,-471,23
10,64,434,2038,-471,23
10,64,434,2040,-471,23
10,64,434,2042,-471,23
10,64,434,2044,-471,23
10,64,434,2045,-471,23
10,64,434,2047,-471,23
10,64,434,2049,-471,23
10,64,434,2051,-471,23
10,64,434,2052,-471,23
10,64,434,2053,-471,23
10,64,434,2054,-471,23
10,64,434,2055,-471,23
10,64,434,2057,-471,23
10,64,434,2058,-471,23
10,64,434,2059,-471,23
10,64,434,2061,-471,23
10,64,434,2063,-471,23
10,64,434,2079,-471,23
10,64,434,2081,-471,23
10,64,434,2083,-471,23
10,64,434,2085,-471,23
10,64,434,2086,-471,23
10,64,434,2087,-471,23
10,64,434,2089,-471,23
10,64,439,2050,-444,22
10,64,439,2059,-444,22
10,64,439,2088,-444,22
10,64,441,2013,-500,0
10,64,441,2115,-483,0
10,64,451,2047,-366,18
10,64,455,2033,-340,17
10,64,455,2035,-340,17
10,64,455,2036,-340,17
10,64,455,2037,-340,17
10,64,455,2039,-340,17
10,64,455,2041,-340,17
10,64,455,2043,-340,17
10,64,455,2044,-340,17
10,64,455,2046,-340,17
10,64,455,2048,-340,17
10,64,455,2049,-340,17
10,64,455,2050,-340,17
10,64,455,2051,-340,17
10,64,455,2052,-340,17
10,64,455,2053,-340,17
10,64,455,2054,-340,17
10,64,455,2055,-340,17
10,64,455,2056,-340,17
10,64,455,2057,-340,17
10,64,455,2058,-340,17
10,64,455,2060,-340,17
10,64,455,2062,-340,17
10,64,455,2076,-340,17
10,64,455,2078,-340,17
10,64,455,2080,-340,17
10,64,455,2081,-340,17
10,64,455,2082,-340,17
10,64,455,2084,-340,17
10,64,455,2085,-340,17
10,64,455,2086,-340,17
10,64,455,2087,-340,17
10,64,455,2088,-340,17
10,64,456,2035,-314,0
10,64,456,2044,-314,7
10,64,456,2054,-314,0
10,64,456,2055,-314,0
10,64,456,2078,-314,0
116,64,3640,2036,314,0
116,64,3640,2037,314,0
116,64,3640,2039,314,0
116,64,3640,2041,314,0
116,64,3640,2045,314,0
116,64,3640,2047,314,0
116,64,3640,2049,314,0
116,64,3640,2051,314,0
116,64,3640,2056,314,0
116,64,3640,2091,314,0
116,64,3655,2091,418,0
116,64,3655,2115,500,0
116,64,3656,2080,353,-353
116,64,3682,2024,285,190
116,64,3704,2032,175,-263
117,63,3684,2051,148,-450
117,63,3693,2034,466,-81
117,63,3698,2033,442,-66
116,62,3640,2024,314,0
116,62,3640,2027,314,0
116,62,3643,2036,340,0
116,62,3655,2024,418,0
116,62,3655,2027,418,0
116,62,3660,1944,416,277
116,62,3669,2059,497,0
116,62,3670,2066,345,-361
116,62,3676,1974,291,304
9,63,389,2027,-157,0
9,63,397,2033,-442,-66
9,63,398,2033,-442,-66
9,63,398,2034,-442,-66
9,63,412,2013,-500,0
9,63,412,2051,-361,-345
10,62,385,2036,414,171
10,62,388,2036,23,10
10,62,425,1956,-209,0
10,62,425,2022,-418,0
10,62,429,2014,-444,0
10,62,430,2016,-443,-33
10,62,430,2070,-361,-345
10,62,432,2072,-345,-361
10,62,433,2012,-471,0
10,62,433,2015,-469,-46
10,62,434,2011,-471,23
10,62,434,2012,-471,23
10,62,434,2014,-471,-24
10,62,434,2014,-471,23
10,62,434,2015,-471,23
10,62,434,2016,-471,23
10,62,434,2017,-471,23
10,62,434,2018,-471,23
10,62,434,2019,-471,23
10,62,434,2020,-471,23
10,62,434,2021,-471,23
10,62,434,2023,-471,23
10,62,434,2025,-471,23
10,62,434,2073,-353,-353
10,62,438,2015,-441,-53
10,62,446,1952,-451,212
10,62,447,2033,-392,19
10,62,451,2033,-366,18
10,62,452,2035,-340,0
10,62,454,2012,-340,0
10,62,454,2015,-340,-8
10,62,454,2016,-339,-25
10,62,454,2017,-339,-33
10,62,455,2010,-340,17
10,62,455,2011,-340,17
10,62,455,2012,-340,17
10,62,455,2013,-340,17
10,62,455,2014,-340,-8
10,62,455,2014,-340,17
10,62,455,2015,-340,-17
10,62,455,2015,-340,-8
10,62,455,2015,-340,17
10,62,455,2016,-340,17
10,62,455,2016,-339,-25
10,62,455,2017,-340,17
10,62,455,2018,-340,17
10,62,455,2019,-340,17
10,62,455,2019,-337,-41
10,62,455,2020,-340,17
10,62,455,2020,-335,-58
10,62,455,2021,-340,17
10,62,455,2022,-340,17
10,62,455,2023,-340,17
10,62,455,2024,-340,17
10,62,456,2012,-335,0
10,62,456,2013,-314,0
10,62,456,2018,-312,-30
10,62,456,2027,-323,-106
10,62,457,2014,-314,0
10,62,459,1992,-500,0
10,62,459,2013,-500,0
10,62,461,2013,-500,0
10,62,461,2016,-500,-25
10,62,461,2022,-466,-81
116,66,3635,2115,500,0
116,66,3637,2115,500,0
116,66,3638,2116,500,0
116,66,3640,2100,314,0
116,66,3640,2103,314,0
116,66,3640,2107,314,0
116,66,3640,2108,314,0
116,66,3640,2115,314,0
116,66,3640,2117,340,-8
116,66,3641,2115,392,0
116,66,3643,2091,340,0
116,66,3655,2076,418,0
116,66,3666,2058,353,353
116,66,3666,2058,361,345
116,66,3700,2086,265,216
117,65,3684,2115,500,0
117,65,3697,2093,438,87
117,65,3700,2076,0,500
10,66,412,2115,0,0
10,66,426,2062,-335,371
10,66,430,2114,-444,10
10,66,434,2114,-469,34
10,66,436,2115,-444,10
10,66,441,2115,-418,9
10,66,444,2115,-500,11
10,66,450,2094,-346,185
10,66,452,2101,-345,123
10,66,452,2116,-471,-11
10,66,453,2105,-329,82
10,66,453,2115,-340,7
10,66,454,2111,-339,33
10,66,455,2112,-340,17
10,66,455,2112,-339,25
10,66,455,2113,-339,25
10,66,455,2115,-340,0
10,66,457,2116,-444,0
10,66,459,2115,-500,0
117,61,3700,1966,419,-31
117,61,3700,1985,0,-500
116,60,3648,1999,321,-307
116,60,3652,1996,340,-325
116,60,3655,1992,351,-351
116,60,3655,2001,351,-351
116,60,3659,1998,361,-345
116,60,3669,1979,400,-201
116,60,3691,2022,132,-482
116,60,3693,2017,132,-482
116,60,3706,1972,-212,301
116,60,3709,1972,23,10
9,61,364,1972,-217,96
9,61,395,1988,0,-500
9,61,395,1990,0,-500
9,61,395,1991,0,-500
9,61,398,1969,-442,-66
9,61,398,1991,-74,-494
9,61,399,1966,-446,-33
9,61,401,1986,-203,-457
9,61,401,1987,-203,-457
10,60,389,1965,-263,175
10,60,391,1967,-301,211
10,60,394,1969,108,-72
10,60,395,1964,0,26
10,60,395,1973,229,153
10,60,395,1977,0,0
10,60,402,2017,-132,-482
10,60,404,2022,-132,-482
10,60,406,1996,-140,-425
10,60,407,2000,-148,-450
10,60,437,1997,-361,-345
10,60,438,1997,-361,-345
10,60,441,1991,-351,-351
10,60,441,1992,-359,-344
10,60,441,2000,-351,-351
10,60,441,2001,-359,-344
10,60,444,1995,-333,-333
10,60,445,1995,-340,-325
10,60,460,1955,-500,11
123,12,3863,431,500,0
123,12,3869,356,500,0
123,12,3873,362,500,-11
123,12,3874,359,500,-11
123,12,3874,360,500,-11
123,12,3881,344,361,345
123,12,3882,336,353,353
123,12,3882,353,392,-20
123,12,3889,406,256,347
123,12,3889,459,361,-345
123,12,3891,384,421,0
123,12,3898,359,453,136
123,12,3899,358,445,158
123,12,3900,362,433,108
123,12,3901,350,372,248
123,12,3914,336,353,353
123,12,3915,329,353,353
123,12,3915,343,345,361
123,12,3916,346,345,361
123,12,3916,347,345,361
123,12,3932,370,152,46
123,12,3934,359,-125,-233
123,12,3941,357,228,-219
124,11,3891,348,500,0
124,11,3891,356,500,0
124,11,3893,354,496,-60
124,11,3902,326,402,296
124,11,3905,304,321,307
124,11,3905,322,340,325
124,11,3905,343,394,306
124,11,3906,322,340,325
124,11,3906,387,392,-305
124,11,3907,307,332,332
124,11,3907,307,340,325
124,11,3907,309,332,332
124,11,3907,309,340,325
124,11,3907,310,332,332
124,11,3907,311,332,332
124,11,3907,313,332,332
124,11,3907,313,340,325
124,11,3907,314,332,332
124,11,3907,315,332,332
124,11,3907,318,332,332
124,11,3907,322,332,332
124,11,3907,322,340,325
124,11,3907,330,345,361
124,11,3908,298,332,332
124,11,3908,381,361,-345
124,11,3911,301,358,343
124,11,3911,302,358,343
124,11,3915,314,361,345
124,11,3924,373,199,-126
124,11,3933,341,291,304
124,11,3934,338,291,304
124,11,3956,326,9,24
124,11,3956,330,232,147
124,11,3959,338,325,-174
124,11,3974,331,0,0
125,10,3936,348,500,0
125,10,3938,358,371,-335
125,10,3945,309,224,447
125,10,3948,312,179,466
125,10,3953,333,442,66
125,10,3956,343,0,-341
125,10,3956,344,0,-328
125,10,3958,340,148,-278
124,9,3890,291,500,0
124,9,3891,291,444,0
124,9,3891,291,500,0
124,9,3892,291,500,0
124,9,3896,276,314,0
124,9,3896,277,314,0
124,9,3896,278,314,0
124,9,3896,279,314,0
124,9,3896,280,314,0
124,9,3896,282,314,0
124,9,3896,283,314,0
124,9,3896,284,314,0
124,9,3896,286,311,37
124,9,3897,279,340,-17
124,9,3899,267,340,0
124,9,3901,348,500,0
124,9,3902,351,497,-25
124,9,3903,348,500,0
124,9,3907,256,316,349
124,9,3907,257,332,332
124,9,3907,258,332,332
124,9,3907,259,332,332
124,9,3922,234,353,353
124,9,3931,365,281,-381
124,9,3932,315,333,211
124,9,3933,348,235,0
124,9,3956,363,248,-372
124,9,3957,272,74,-138
124,9,3962,252,169,-442
124,9,3962,270,274,-353
124,9,3967,253,339,-292
124,9,3968,263,274,-353
125,8,3940,291,500,0
125,8,3940,292,488,109
125,8,3949,249,473,0
125,8,3949,253,473,0
125,8,3949,257,473,0
125,8,3949,260,473,0
125,8,3949,266,462,103
125,8,3949,271,471,46
125,8,3949,272,471,35
125,8,3949,275,473,0
125,8,3949,276,473,0
125,8,3953,267,437,97
125,8,3954,270,442,66
125,8,3956,253,365,257
125,8,3956,281,0,-302
125,8,3957,268,411,92
125,8,3958,249,339,291
125,8,3959,253,360,265
125,8,3962,253,319,274
125,8,3962,254,332,258
125,8,3984,276,0,0
125,7,3929,243,463,-81
125,7,3949,235,473,0
125,7,3949,253,473,0
125,7,3949,254,473,0
125,7,3949,256,473,0
125,7,3956,230,78,237
125,7,3961,267,308,-359
125,7,3962,268,299,-366
124,6,3893,189,500,0
124,6,3895,190,335,0
124,6,3896,190,314,0
124,6,3896,191,340,-8
124,6,3896,192,314,0
124,6,3896,195,314,0
124,6,3896,198,314,0
124,6,3896,212,314,0
124,6,3896,215,314,0
124,6,3896,216,314,0
124,6,3896,217,314,0
124,6,3896,220,314,0
124,6,3896,223,314,0
124,6,3896,226,314,0
124,6,3896,227,314,0
124,6,3896,228,314,0
124,6,3896,229,314,0
124,6,3896,230,314,0
124,6,3896,231,314,0
124,6,3896,232,314,0
124,6,3896,235,314,0
124,6,3897,190,340,0
124,6,3899,193,340,0
124,6,3899,198,340,0
124,6,3901,178,478,144
124,6,3905,263,353,-353
124,6,3907,232,392,0
124,6,3911,228,418,0
124,6,3911,229,418,0
124,6,3911,230,418,0
124,6,3911,231,418,0
124,6,3911,235,418,0
124,6,3912,256,353,-353
124,6,3912,256,361,-345
124,6,3921,189,447,0
124,6,3946,270,118,-432
124,6,3949,270,87,-439
124,6,3955,234,-87,-164
125,5,3921,173,496,60
125,5,3932,168,500,0
125,5,3935,189,500,0
125,5,3935,190,498,-37
125,5,3936,187,470,-167
125,5,3936,188,500,0
125,5,3937,189,498,48
125,5,3938,189,496,-60
125,5,3938,189,500,0
125,5,3940,189,492,-85
125,5,3956,161,61,308
125,5,3956,193,0,-500
125,5,3956,194,0,-500
125,5,3961,180,78,0
125,5,3967,175,416,62
125,5,3986,179,176,-112
124,4,3893,168,500,0
124,4,3901,193,431,-32
124,4,3903,189,500,0
124,4,3903,192,431,-32
124,4,3904,187,392,8
124,4,3904,190,392,0
124,4,3904,191,391,-29
124,4,3904,203,321,-307
124,4,3904,207,321,-307
124,4,3905,190,391,-29
124,4,3905,190,392,0
124,4,3905,191,392,-9
124,4,3906,188,392,0
124,4,3906,189,392,0
124,4,3906,191,392,-9
124,4,3907,188,392,0
124,4,3907,192,457,-34
124,4,3908,168,500,0
124,4,3908,201,340,-325
124,4,3908,204,340,-325
124,4,3909,190,418,0
124,4,3911,196,351,-351
124,4,3911,197,351,-351
124,4,3911,200,351,-351
124,4,3940,224,236,-441
124,4,3944,212,156,-474
124,4,3948,168,290,0
124,4,3949,219,224,-447
124,4,3956,174,387,-77
124,4,3956,207,0,-447
124,4,3961,180,-5,51
124,4,3962,180,-212,301
124,4,3962,180,-15,21
124,4,3962,180,0,0
124,4,3964,180,-344,194
124,4,3980,175,121,-50
2,4,125,94,-158,136
2,4,131,176,-190,317
2,4,132,180,0,369
2,4,132,180,23,10
2,4,132,180,40,272
2,4,132,180,161,302
2,4,132,180,211,301
2,4,133,176,-237,247
2,4,135,172,-117,62
2,4,137,180,250,0
2,4,138,172,-50,60
2,4,139,179,89,159
2,4,139,183,0,302
2,4,139,192,0,-26
2,4,139,229,0,-500
2,4,145,218,-74,-494
2,4,148,199,-154,-307
2,4,150,208,-137,-453
2,4,151,212,-144,-478
2,4,155,189,-500,0
2,4,182,190,-444,-10
2,4,184,194,-492,-85
2,4,185,196,-359,-344
2,4,185,197,-359,-344
2,4,185,199,-359,-344
2,4,185,199,-351,-351
2,4,185,200,-359,-344
2,4,186,190,-418,-21
2,4,186,190,-418,0
2,4,187,195,-492,-85
2,4,188,199,-333,-333
2,4,188,203,-333,-333
2,4,189,194,-340,-325
2,4,189,199,-340,-325
2,4,189,200,-340,-325
2,4,189,202,-340,-325
2,4,189,203,-340,-325
2,4,190,188,-392,0
2,4,190,190,-392,-9
2,4,190,190,-392,0
2,4,190,191,-392,-9
2,4,191,188,-392,0
2,4,191,191,-392,-9
2,4,192,188,-498,-48
2,4,193,189,-500,0
2,4,193,196,-492,-85
2,4,194,188,-500,0
2,4,194,189,-500,0
2,4,194,195,-494,-74
2,4,194,196,-494,-74
2,4,194,196,-492,-85
1,5,55,93,-74,494
1,5,118,180,17,19
1,5,134,176,-366,44
1,5,137,176,-391,58
1,5,139,182,0,-157
1,5,139,198,0,-500
1,5,145,175,-442,66
1,5,145,198,-167,-470
1,5,146,199,-167,-470
1,5,147,203,-179,-466
1,5,156,189,-500,0
1,5,157,188,-500,0
1,5,157,189,-500,0
1,5,157,189,-466,-179
1,5,158,189,-496,-60
1,5,160,188,-500,0
1,5,160,189,-500,0
1,5,161,168,-498,48
2,6,20,190,0,500
2,6,135,236,-372,198
2,6,135,245,-217,226
2,6,138,237,-72,108
2,6,140,239,-25,260
2,6,143,240,-38,311
2,6,169,198,-418,0
2,6,169,214,-418,0
2,6,169,217,-418,0
2,6,173,199,-444,0
2,6,173,201,-444,0
2,6,173,202,-444,0
2,6,173,208,-444,0
2,6,173,213,-444,0
2,6,173,220,-444,0
2,6,177,193,-471,-11
2,6,177,249,-353,-353
2,6,178,187,-471,23
2,6,178,188,-471,23
2,6,178,190,-471,-24
2,6,178,190,-471,23
2,6,178,191,-471,23
2,6,178,192,-471,23
2,6,178,193,-471,23
2,6,178,195,-471,23
2,6,178,197,-471,23
2,6,178,198,-471,23
2,6,178,199,-471,23
2,6,178,200,-471,23
2,6,178,201,-471,23
2,6,178,202,-471,23
2,6,178,203,-471,23
2,6,178,204,-471,23
2,6,178,205,-471,23
2,6,178,206,-471,23
2,6,178,211,-471,23
2,6,178,212,-471,23
2,6,178,213,-471,23
2,6,178,214,-471,23
2,6,178,216,-471,23
2,6,178,218,-471,23
2,6,178,219,-471,23
2,6,178,220,-471,23
2,6,178,222,-471,23
2,6,178,223,-471,23
2,6,178,224,-471,23
2,6,178,225,-471,23
2,6,178,227,-471,23
2,6,178,228,-471,23
2,6,178,229,-471,23
2,6,178,230,-471,23
2,6,178,231,-471,23
2,6,178,232,-471,23
2,6,178,233,-471,23
2,6,182,190,-444,-10
2,6,183,200,-444,22
2,6,183,212,-444,22
2,6,183,219,-444,22
2,6,183,227,-444,22
2,6,183,229,-444,22
2,6,183,233,-444,22
2,6,184,188,-418,0
2,6,184,256,-353,-353
2,6,185,188,-418,0
2,6,185,189,-500,0
2,6,186,189,-500,0
2,6,187,233,-417,30
2,6,187,259,-353,-353
2,6,187,260,-353,-353
2,6,187,260,-345,-361
2,6,188,260,-353,-353
2,6,188,261,-353,-353
2,6,189,230,-392,0
2,6,190,262,-353,-353
2,6,190,263,-353,-353
2,6,191,209,-392,19
2,6,191,263,-353,-353
2,6,195,209,-366,18
2,6,198,188,-340,0
2,6,198,191,-340,-8
2,6,198,194,-340,-8
2,6,199,186,-340,17
2,6,199,187,-340,17
2,6,199,188,-314,0
2,6,199,189,-340,0
2,6,199,189,-340,17
2,6,199,190,-340,17
2,6,199,191,-340,-8
2,6,199,191,-340,17
2,6,199,192,-340,17
2,6,199,194,-340,17
2,6,199,195,-340,17
2,6,199,196,-340,17
2,6,199,197,-340,17
2,6,199,198,-340,17
2,6,199,199,-340,17
2,6,199,200,-340,17
2,6,199,201,-340,17
2,6,199,202,-340,17
2,6,199,203,-340,17
2,6,199,204,-340,17
2,6,199,205,-340,17
2,6,199,207,-340,17
2,6,199,208,-340,17
2,6,199,210,-340,17
2,6,199,211,-340,17
2,6,199,212,-340,17
2,6,199,213,-340,17
2,6,199,215,-340,17
2,6,199,216,-340,17
2,6,199,217,-340,17
2,6,199,218,-340,17
2,6,199,219,-340,17
2,6,199,220,-340,17
2,6,199,221,-340,17
2,6,199,222,-340,17
2,6,199,223,-340,17
2,6,199,224,-340,17
2,6,199,225,-340,17
2,6,199,226,-340,17
2,6,199,227,-340,17
2,6,199,228,-340,17
2,6,199,229,-340,17
2,6,199,230,-340,17
2,6,199,231,-340,17
2,6,199,232,-340,17
2,6,199,235,-340,-8
2,6,200,188,-314,0
2,6,200,189,-366,0
2,6,200,193,-314,0
2,6,200,194,-314,0
2,6,200,198,-314,0
2,6,200,201,-314,0
2,6,200,202,-314,0
2,6,200,218,-314,0
2,6,200,219,-314,0
2,6,200,220,-314,0
2,6,200,222,-314,0
2,6,200,225,-314,0
2,6,200,228,-314,0
2,6,200,229,-314,0
2,6,200,230,-314,0
2,6,200,231,-314,0
2,6,200,232,-314,0
2,6,200,233,-314,0
2,6,200,234,-314,0
2,6,201,175,-478,144
2,6,201,188,-500,0
2,6,203,188,-500,0
2,6,204,189,-500,0
2,6,205,189,-500,0
2,6,206,189,-500,0
1,7,107,270,-285,-57
1,7,108,266,101,82
1,7,108,268,101,82
1,7,108,271,-23,157
1,7,110,266,-82,250
1,7,111,235,-85,-60
1,7,111,235,-58,-117
1,7,120,276,412,82
1,7,128,263,-241,-310
1,7,137,235,-421,0
1,7,139,233,0,289
1,7,139,235,0,366
1,7,144,281,-361,-345
1,7,144,281,-335,-371
1,7,146,235,-473,0
1,7,146,252,-473,0
1,7,146,258,-473,0
1,7,146,260,-473,0
1,7,146,261,-473,0
1,7,146,263,-473,0
1,7,146,264,-473,0
1,7,146,265,-473,0
1,7,146,266,-473,0
1,7,151,288,-441,-236
1,7,152,288,-441,-236
1,7,158,232,-496,60
1,7,161,234,-500,0
1,8,118,273,-259,51
1,8,126,275,-395,8
1,8,129,245,-266,360
1,8,133,243,-232,283
1,8,139,294,0,-500
1,8,146,257,-473,0
1,8,146,260,-473,0
1,8,146,271,-472,46
1,8,146,272,-472,35
1,8,146,273,-473,23
1,8,146,275,-473,0
1,8,146,276,-473,0
1,8,148,286,-345,-361
1,8,152,282,-462,-191
1,8,153,282,-457,-203
1,8,156,291,-500,0
1,8,156,292,-478,144
1,8,159,284,-466,-179
1,8,159,285,-457,-203
1,8,160,285,-462,-191
1,8,160,286,-462,-191
1,8,160,288,-441,-236
1,8,160,288,-435,-246
1,8,161,287,-500,0
1,8,161,288,-441,-236
1,8,162,284,-470,-167
1,8,162,287,-451,-212
1,8,163,283,-484,-121
2,9,107,242,0,183
2,9,114,263,-162,302
2,9,128,253,-332,-300
2,9,128,266,106,-298
2,9,130,246,-283,346
2,9,132,251,-159,-446
2,9,132,270,-266,-360
2,9,145,283,-231,-123
2,9,155,275,-136,-158
2,9,156,346,-336,-180
2,9,170,238,-335,371
2,9,170,288,-415,50
2,9,173,290,-444,10
2,9,174,287,-443,43
2,9,174,290,-444,10
2,9,174,340,-437,-98
2,9,178,231,-353,353
2,9,178,275,-471,23
2,9,178,276,-471,23
2,9,178,277,-471,23
2,9,178,278,-471,23
2,9,178,279,-471,23
2,9,178,280,-471,23
2,9,178,281,-471,23
2,9,178,283,-471,23
2,9,178,285,-471,23
2,9,178,286,-471,23
2,9,178,287,-471,23
2,9,178,288,-471,23
2,9,178,289,-471,23
2,9,180,282,-444,0
2,9,180,290,-444,0
2,9,181,289,-444,22
2,9,183,260,-470,167
2,9,183,281,-444,22
2,9,183,282,-444,22
2,9,184,292,-418,0
2,9,185,291,-500,0
2,9,185,291,-418,9
2,9,187,348,-483,0
2,9,188,292,-500,-25
2,9,190,241,-325,340
2,9,191,289,-391,28
2,9,192,292,-261,0
2,9,194,348,-500,0
2,9,195,289,-366,18
2,9,195,289,-365,26
2,9,195,293,-471,-24
2,9,196,292,-471,0
2,9,196,294,-469,-35
2,9,197,291,-340,7
2,9,197,292,-471,-11
2,9,197,292,-471,0
2,9,197,294,-467,-57
2,9,198,288,-340,17
2,9,198,289,-361,18
2,9,198,289,-340,17
2,9,199,273,-340,17
2,9,199,274,-340,17
2,9,199,275,-340,17
2,9,199,276,-340,17
2,9,199,277,-340,17
2,9,199,278,-340,17
2,9,199,279,-340,17
2,9,199,280,-340,17
2,9,199,280,-329,82
2,9,199,281,-340,17
2,9,199,282,-340,17
2,9,199,282,-333,66
2,9,199,283,-340,17
2,9,199,284,-340,17
2,9,199,285,-340,17
2,9,199,286,-340,17
2,9,199,287,-340,17
2,9,199,288,-340,17
2,9,199,288,-339,25
2,9,199,289,-340,17
2,9,199,289,-339,25
2,9,199,290,-340,7
2,9,199,292,-314,0
2,9,199,293,-443,-33
2,9,200,275,-314,0
2,9,200,276,-314,0
2,9,200,278,-314,0
2,9,200,282,-314,0
2,9,200,284,-314,0
2,9,200,290,-314,0
2,9,200,293,-444,-22
2,9,200,293,-443,-33
2,9,204,290,-500,0
2,9,205,291,-500,0
1,10,139,315,-85,492
1,10,139,316,0,418
1,10,139,342,0,-157
1,10,142,333,-442,66
1,10,145,317,-203,457
1,10,146,333,-466,81
1,10,147,313,-203,457
1,10,148,318,-296,402
1,10,149,308,-212,451
1,10,149,308,-203,457
1,10,150,309,-224,447
1,10,152,314,-306,394
1,10,152,348,-229,-382
1,10,153,313,-306,394
1,10,153,314,-326,378
1,10,153,314,-316,386
1,10,154,311,-236,441
1,10,154,315,-335,371
1,10,154,316,-361,345
1,10,155,316,-371,335
1,10,156,313,-361,345
1,10,164,342,-500,-25
1,10,173,335,-498,-37
2,11,127,332,0,0
2,11,128,331,26,0
2,11,129,339,180,35
2,11,131,331,25,1
2,11,132,332,-131,-197
2,11,133,331,110,-269
2,11,133,332,-14,-21
2,11,133,336,-224,-224
2,11,134,331,23,-12
2,11,134,331,30,-314
2,11,134,335,-156,-276
2,11,135,331,26,0
2,11,136,334,-48,-498
2,11,136,339,-167,78
2,11,137,331,116,-58
2,11,137,335,-205,-307
2,11,139,297,0,473
2,11,139,336,-229,-219
2,11,141,335,-203,-339
2,11,148,312,-141,396
2,11,151,303,-159,445
2,11,151,303,-148,449
2,11,153,329,-394,38
2,11,153,330,-395,19
2,11,154,329,-394,29
2,11,164,321,-339,250
2,11,165,321,-344,241
2,11,166,312,-316,316
2,11,166,327,-457,125
2,11,170,302,-361,345
2,11,174,365,-447,0
2,11,174,372,-392,0
2,11,175,343,-447,10
2,11,175,349,-447,-10
2,11,175,362,-387,271
2,11,176,324,-277,416
2,11,177,367,-31,180
2,11,178,308,-361,345
2,11,178,321,-353,353
2,11,178,322,-353,353
2,11,179,355,-361,345
2,11,180,339,-303,-248
2,11,180,362,-361,345
2,11,185,301,-359,343
2,11,185,301,-351,351
2,11,185,302,-351,351
2,11,186,343,-345,361
2,11,186,345,-345,361
2,11,186,346,-345,361
2,11,187,348,-345,361
2,11,188,307,-333,332
2,11,188,309,-340,325
2,11,188,310,-340,325
2,11,188,311,-340,325
2,11,188,312,-340,325
2,11,188,313,-340,325
2,11,188,314,-340,325
2,11,188,317,-340,325
2,11,188,318,-340,325
2,11,188,320,-325,340
2,11,188,322,-340,325
2,11,188,388,-500,0
2,11,189,307,-340,325
2,11,189,308,-340,325
2,11,189,309,-340,325
2,11,189,310,-340,325
2,11,189,314,-340,325
2,11,189,318,-340,325
2,11,189,318,-318,351
2,11,189,318,-316,349
2,11,189,322,-340,325
2,11,190,322,-340,325
2,11,190,349,-500,-25
2,11,190,386,-306,-394
2,11,191,308,-371,335
2,11,191,322,-340,325
2,11,192,368,-492,85
2,11,193,311,-378,326
2,11,193,376,-492,-85
2,11,195,327,-500,0
2,11,204,348,-500,0
3,12,130,340,75,250
3,12,139,329,0,500
3,12,139,364,-20,-16
3,12,140,327,-132,482
3,12,152,326,-144,478
3,12,153,310,-144,478
3,12,160,465,-361,-345
3,12,172,363,-217,-265
3,12,174,363,-55,201
3,12,175,351,-335,371
3,12,176,324,-277,416
3,12,177,343,-345,361
3,12,179,343,-345,361
3,12,179,353,-158,174
3,12,179,354,-153,178
3,12,180,336,-353,353
3,12,180,352,-176,194
3,12,180,353,-176,194
3,12,180,355,-170,162
3,12,181,327,-345,361
3,12,181,353,-189,180
3,12,181,353,-176,194
3,12,182,326,-335,371
3,12,182,343,-345,361
3,12,182,352,-141,155
3,12,183,352,-199,207
3,12,199,372,-366,18
3,12,201,457,-266,-255
3,12,204,359,-421,150
3,12,204,361,-428,129
3,12,204,400,-235,0
3,12,206,357,-438,181
3,12,206,368,-446,43
3,12,208,372,-148,449
3,12,213,326,-344,358
3,12,214,324,-334,368
3,12,215,325,-333,332
3,12,215,326,-340,325
3,12,216,331,-353,353
3,12,217,452,-500,0
3,12,223,358,-500,-25
3,12,223,365,-492,-85
3,12,226,356,-500,0
3,12,230,382,-500,0
3,12,233,430,-500,0
3,12,234,412,-500,0
3,124,140,3946,-57,230
3,124,142,3949,-425,139
3,124,160,3933,-267,421
3,124,175,3935,-335,371
3,124,176,3908,-277,416
3,124,178,3938,-116,141
3,124,178,3939,-132,126
3,124,179,3924,-345,361
3,124,179,3927,-345,361
3,124,181,3911,-345,361
3,124,181,3937,-176,194
3,124,182,3910,-335,371
3,124,183,3936,-199,207
3,124,201,3946,-403,121
3,124,201,3946,-400,131
3,124,202,3948,-411,92
3,124,204,3943,-421,150
3,124,205,3946,-490,97
3,124,213,3910,-344,358
3,124,215,3910,-333,332
3,124,218,3968,-500,0
123,124,3858,3994,487,-97
123,124,3860,3976,500,0
123,124,3876,4032,500,0
123,124,3877,3923,345,361
123,124,3881,4017,469,-57
123,124,3885,3990,490,-97
123,124,3899,3942,445,158
123,124,3899,3947,437,97
123,124,3899,4030,332,-258
123,124,3900,3946,433,108
123,124,3902,3945,431,118
123,124,3915,3913,353,353
123,124,3916,3930,361,345
123,124,3916,3931,345,361
123,124,3956,3928,0,395
123,124,3956,3950,0,0
74,2,2428,143,0,-447
74,2,2438,155,-344,-359
74,2,2439,154,-351,-351
74,2,2441,159,-325,-340
75,1,2439,107,314,0
75,1,2443,85,0,-369
75,1,2475,113,-326,-378
77,1,2492,126,361,-345
78,2,2511,138,0,-418
78,2,2512,168,-17,-340
78,2,2513,168,-17,-340
78,2,2597,133,-323,-309
79,1,2650,45,-494,74
81,2,2594,158,349,-316
81,2,2596,159,332,-333
81,2,2599,155,343,-359
81,2,2681,159,0,-500
51,125,1576,3988,500,0
51,125,1587,3977,428,129
51,125,1592,3978,433,108
51,125,1609,3933,217,326
51,125,1629,3927,23,312
51,125,1630,3927,15,314
51,125,1631,3927,7,314
51,125,1631,3927,15,314
51,125,1636,3945,0,473
51,125,1636,3960,0,395
51,125,1650,3965,-32,99
50,126,1585,3995,386,271
50,126,1590,3996,353,274
50,126,1599,3994,258,332
48,126,1564,3971,361,345
48,126,1578,3966,0,500
48,126,1579,3985,0,447
48,126,1582,3985,0,447
48,126,1612,3993,-366,299
47,125,1500,3923,0,500
47,125,1500,3950,0,447
47,125,1519,3927,0,314
47,125,1522,3927,0,314
47,125,1529,3927,0,314
47,125,1530,3927,0,314
46,126,1477,3970,156,474
46,126,1477,3971,167,470
46,126,1489,3985,0,447
46,126,1492,3985,0,447
46,126,1508,3985,-492,85
44,125,1471,3942,-351,351
44,125,1475,3938,-333,332
44,125,1476,3926,0,500
44,125,1476,3942,-351,351
44,125,1479,3942,-351,351
44,125,1479,3970,-176,194
44,125,1484,3968,0,264
44,125,1511,3942,-351,351
44,125,1520,3942,-351,351
124,116,3902,3773,500,0
124,116,3902,3776,417,-31
124,116,3903,3774,387,-9
124,116,3904,3774,392,0
124,116,3904,3775,391,-29
124,116,3904,3777,444,-33
124,116,3904,3791,321,-307
124,116,3905,3774,391,-29
124,116,3905,3774,392,0
124,116,3905,3775,391,-29
124,116,3906,3772,392,0
124,116,3906,3773,392,0
124,116,3907,3772,392,0
124,116,3907,3773,392,0
124,116,3908,3788,340,-325
124,116,3909,3774,418,0
124,116,3911,3784,351,-351
124,116,3913,3774,444,-10
124,116,3931,3667,316,386
124,116,3943,3691,238,0
124,116,3944,3796,156,-474
124,116,3962,3757,-107,-75
124,116,3962,3764,-23,11
124,116,3963,3760,153,306
124,116,3963,3764,-51,417
124,116,3963,3764,-26,0
124,116,3964,3764,0,0
124,116,3965,3673,-259,-259
124,116,3966,3764,-24,10
124,116,3997,3663,-23,312
125,117,3935,3774,498,-37
125,117,3936,3772,500,0
125,117,3936,3773,500,0
125,117,3938,3773,496,-60
125,117,3939,3773,494,-74
125,117,3940,3770,466,-179
125,117,3940,3773,492,-85
125,117,3941,3740,345,361
125,117,3944,3770,441,-236
125,117,3950,3782,167,-470
125,117,3953,3757,438,87
125,117,3984,3764,0,0
125,117,4043,3667,0,500
124,118,3893,3773,500,0
124,118,3895,3774,335,0
124,118,3896,3789,314,0
124,118,3896,3795,314,0
124,118,3896,3798,314,0
124,118,3896,3811,314,0
124,118,3896,3812,314,0
124,118,3896,3813,314,0
124,118,3896,3815,314,0
124,118,3896,3816,314,0
124,118,3896,3817,314,0
124,118,3896,3819,314,0
124,118,3897,3775,340,-17
124,118,3899,3773,340,0
124,118,3899,3774,340,-17
124,118,3899,3774,340,-8
124,118,3899,3819,340,0
124,118,3905,3847,353,-353
124,118,3907,3819,392,0
124,118,3908,3844,353,-353
124,118,3911,3811,418,0
124,118,3911,3812,418,0
124,118,3911,3816,418,0
124,118,3911,3819,418,0
124,118,3912,3840,353,-353
124,118,3916,3819,444,0
124,118,3920,3813,471,0
124,118,3922,3818,353,353
124,118,3953,3822,33,338
124,118,3955,3822,159,239
124,118,3958,3825,-12,235
124,118,3958,3828,-13,261
125,119,3949,3819,473,0
125,119,3962,3852,299,-366
125,120,3940,3875,500,0
125,120,3940,3876,488,109
125,120,3944,3870,394,-306
125,120,3949,3841,473,0
125,120,3949,3847,473,0
125,120,3949,3855,471,46
125,120,3949,3856,471,35
125,120,3949,3857,473,23
125,120,3949,3859,473,0
125,120,3949,3860,473,0
125,120,3953,3853,438,87
125,120,3954,3854,442,66
125,120,3956,3863,0,-341
125,120,3956,3863,0,-328
125,120,3958,3857,419,31
125,120,3974,3857,283,63
125,120,3979,3847,-362,-72
125,120,3983,3860,132,198
124,121,3891,3875,500,0
124,121,3893,3875,500,0
124,121,3895,3876,335,0
124,121,3896,3860,314,0
124,121,3896,3861,314,0
124,121,3896,3862,314,0
124,121,3896,3863,314,0
124,121,3896,3864,314,0
124,121,3896,3865,314,0
124,121,3896,3866,314,0
124,121,3896,3867,314,0
124,121,3896,3869,314,0
124,121,3896,3870,311,37
124,121,3896,3873,312,23
124,121,3896,3873,314,15
124,121,3896,3874,314,7
124,121,3896,3875,314,0
124,121,3896,3876,335,0
124,121,3896,3877,340,-8
124,121,3897,3863,340,-17
124,121,3897,3867,333,66
124,121,3905,3933,500,0
124,121,3920,3830,471,0
124,121,3922,3818,353,353
124,121,3923,3958,287,-408
124,121,3950,3842,-342,0
124,121,3956,3854,0,-500
124,121,3962,3846,-60,-496
124,121,3972,3837,385,86
125,122,3936,3932,500,0
125,122,3948,3896,179,466
125,122,3948,3899,224,447
125,122,3953,3917,442,66
125,122,3956,3900,0,500
125,122,3956,3901,224,447
124,123,3891,3940,500,0
124,123,3896,3933,500,0
124,123,3899,3946,332,74
124,123,3902,3910,402,296
124,123,3905,3906,340,325
124,123,3906,3906,340,325
124,123,3907,3891,340,325
124,123,3907,3892,340,325
124,123,3907,3894,332,332
124,123,3907,3895,332,332
124,123,3907,3896,332,332
124,123,3907,3896,340,325
124,123,3907,3902,332,332
124,123,3907,3902,340,325
124,123,3911,3885,358,343
124,123,3911,3886,358,343
124,123,3927,3953,385,-171
124,123,3934,3922,291,304
124,123,3944,3887,148,449
124,123,3947,3925,-462,-191
124,123,3956,3923,0,-130
124,123,3959,3915,-25,-5
124,123,3959,3923,325,-174
124,123,3962,3915,233,-125
124,123,3962,3918,248,-372
124,123,3981,3916,-105,-149
124,123,3988,3915,-21,-14
2,116,110,3666,-182,408
2,116,130,3764,8,51
2,116,132,3756,128,68
2,116,132,3764,-51,7
2,116,135,3757,80,120
2,116,135,3759,-57,161
2,116,136,3760,128,182
2,116,138,3756,-37,125
2,116,139,3767,-7,-25
2,116,149,3755,0,0
2,116,150,3792,-137,-453
2,116,151,3796,-144,-478
2,116,156,3746,195,-75
2,116,184,3778,-492,-85
2,116,185,3774,-418,0
2,116,185,3778,-494,-74
2,116,186,3774,-418,-21
2,116,186,3774,-418,0
2,116,189,3774,-392,0
2,116,189,3775,-340,-325
2,116,190,3772,-392,0
2,116,190,3774,-392,-9
2,116,190,3774,-392,0
2,116,190,3775,-392,-9
2,116,190,3779,-494,-74
2,116,191,3772,-392,0
2,116,191,3775,-392,-9
2,116,191,3779,-494,-74
2,116,192,3772,-387,0
2,116,193,3697,-447,224
2,116,193,3772,-387,0
2,116,193,3773,-500,0
2,116,193,3774,-366,0
2,116,194,3779,-494,-74
2,116,194,3780,-494,-74
2,116,195,3690,-340,0
2,116,195,3691,-500,0
2,116,195,3697,-447,224
2,116,195,3780,-492,-85
1,117,139,3761,-419,31
1,117,142,3780,-97,-490
1,117,144,3785,-121,-484
1,117,145,3782,-167,-470
1,117,146,3772,-473,0
1,117,146,3783,-167,-470
1,117,147,3787,-179,-466
1,117,151,3770,-447,-224
1,117,157,3772,-500,0
1,117,157,3773,-500,0
1,117,157,3773,-466,-179
1,117,158,3773,-500,0
1,117,158,3773,-496,-60
1,117,160,3772,-500,0
1,117,160,3773,-500,0
2,118,92,3752,-49,-149
2,118,124,3842,-248,-303
2,118,136,3822,207,-25
2,118,139,3727,0,459
2,118,139,3821,0,235
2,118,139,3834,-154,242
2,118,143,3820,-159,239
2,118,145,3850,-92,-411
2,118,146,3854,-87,-439
2,118,146,3855,-98,-437
2,118,146,3855,-87,-439
2,118,154,3807,-209,0
2,118,158,3803,-340,0
2,118,160,3767,-26,0
2,118,169,3774,-418,0
2,118,169,3779,-418,0
2,118,169,3791,-418,0
2,118,169,3792,-418,0
2,118,169,3808,-418,0
2,118,170,3758,-415,72
2,118,173,3775,-444,0
2,118,173,3780,-444,0
2,118,177,3772,-471,10
2,118,178,3774,-471,-24
2,118,178,3774,-471,23
2,118,178,3776,-471,23
2,118,178,3780,-471,23
2,118,178,3781,-471,23
2,118,178,3782,-471,23
2,118,178,3783,-471,23
2,118,178,3784,-471,23
2,118,178,3785,-471,23
2,118,178,3786,-471,23
2,118,178,3788,-471,23
2,118,178,3790,-471,23
2,118,178,3792,-471,23
2,118,178,3793,-471,23
2,118,178,3794,-471,23
2,118,178,3795,-471,23
2,118,178,3796,-471,23
2,118,178,3797,-471,23
2,118,178,3798,-471,23
2,118,178,3800,-471,23
2,118,178,3801,-471,23
2,118,178,3802,-471,23
2,118,178,3804,-471,23
2,118,178,3806,-471,23
2,118,178,3807,-471,23
2,118,178,3808,-471,23
2,118,178,3809,-471,23
2,118,178,3810,-471,23
2,118,178,3811,-471,23
2,118,178,3812,-471,23
2,118,178,3813,-471,23
2,118,178,3814,-471,23
2,118,178,3815,-471,23
2,118,178,3816,-471,23
2,118,178,3817,-471,23
2,118,180,3816,-444,0
2,118,180,3818,-444,0
2,118,183,3799,-444,22
2,118,183,3810,-444,22
2,118,183,3814,-444,22
2,118,185,3772,-418,0
2,118,185,3809,-418,0
2,118,190,3846,-361,-345
2,118,197,3774,-340,-8
2,118,198,3772,-340,0
2,118,199,3770,-340,17
2,118,199,3773,-340,17
2,118,199,3774,-340,17
2,118,199,3775,-340,-8
2,118,199,3775,-340,17
2,118,199,3777,-340,17
2,118,199,3778,-340,17
2,118,199,3779,-340,17
2,118,199,3780,-340,17
2,118,199,3781,-340,17
2,118,199,3782,-340,17
2,118,199,3783,-340,17
2,118,199,3784,-340,17
2,118,199,3785,-340,17
2,118,199,3787,-340,17
2,118,199,3789,-340,17
2,118,199,3790,-340,17
2,118,199,3791,-340,17
2,118,199,3792,-340,17
2,118,199,3793,-340,17
2,118,199,3794,-340,17
2,118,199,3795,-340,17
2,118,199,3796,-340,17
2,118,199,3797,-340,17
2,118,199,3798,-340,17
2,118,199,3799,-340,17
2,118,199,3800,-340,17
2,118,199,3801,-340,-8
2,118,199,3801,-340,17
2,118,199,3802,-340,17
2,118,199,3803,-340,17
2,118,199,3804,-340,17
2,118,199,3805,-340,17
2,118,199,3806,-340,17
2,118,199,3807,-340,17
2,118,199,3808,-340,17
2,118,199,3809,-340,17
2,118,199,3810,-340,17
2,118,199,3811,-340,17
2,118,199,3812,-340,17
2,118,199,3813,-340,17
2,118,199,3814,-340,17
2,118,199,3815,-340,-8
2,118,199,3815,-340,17
2,118,199,3816,-340,17
2,118,200,3772,-314,0
2,118,200,3773,-340,0
2,118,200,3806,-314,0
2,118,200,3808,-314,0
2,118,200,3809,-314,0
2,118,200,3812,-314,0
2,118,200,3813,-314,0
2,118,200,3814,-314,0
2,118,200,3816,-314,0
2,118,200,3818,-314,0
2,118,204,3773,-500,0
1,119,108,3851,39,96
1,119,109,3855,-187,100
1,119,114,3857,335,66
1,119,121,3859,403,-121
1,119,141,3819,-447,0
1,119,142,3803,-97,490
1,119,143,3841,-446,-33
1,119,144,3865,-335,-371
1,119,144,3866,-361,-345
1,119,146,3819,-473,0
1,119,146,3836,-473,0
1,119,146,3837,-473,0
1,119,146,3843,-473,0
1,119,146,3844,-473,0
1,119,146,3847,-473,0
1,119,146,3848,-473,0
1,119,146,3850,-473,0
1,119,146,3851,-473,0
1,119,151,3872,-441,-236
1,119,152,3873,-441,-236
1,119,161,3818,-500,0
1,120,137,3852,-411,92
1,120,137,3860,-421,0
1,120,146,3847,-473,0
1,120,146,3854,-468,70
1,120,146,3855,-470,57
1,120,146,3859,-473,0
1,120,146,3860,-473,0
1,120,156,3876,-478,144
1,120,160,3868,-466,-179
1,120,160,3875,-500,0
1,120,161,3868,-470,-167
1,120,161,3870,-451,-212
1,120,161,3871,-451,-212
2,121,126,3843,-372,-199
2,121,126,3850,-54,-312
2,121,127,3846,-266,-360
2,121,128,3837,-332,-300
2,121,132,3835,-159,-446
2,121,132,3854,-266,-360
2,121,134,3840,60,-496
2,121,137,3845,306,76
2,121,137,3859,-87,-130
2,121,138,3858,-7,-78
2,121,138,3859,-23,-12
2,121,143,3854,-41,-337
2,121,146,3861,209,0
2,121,169,3874,-418,21
2,121,174,3874,-444,10
2,121,174,3874,-80,193
2,121,178,3859,-471,23
2,121,178,3860,-471,23
2,121,178,3861,-471,23
2,121,178,3862,-471,23
2,121,178,3863,-471,23
2,121,178,3865,-471,23
2,121,178,3866,-471,23
2,121,178,3867,-471,23
2,121,178,3869,-471,23
2,121,178,3871,-471,23
2,121,178,3873,-471,23
2,121,178,3874,-467,57
2,121,178,3910,-473,10
2,121,181,3844,-444,-10
2,121,182,3908,-500,0
2,121,185,3876,-498,-37
2,121,187,3858,-417,30
2,121,187,3908,-500,0
2,121,190,3876,-495,-37
2,121,191,3873,-391,28
2,121,193,3932,-500,0
2,121,194,3845,-366,0
2,121,195,3853,-366,-8
2,121,195,3873,-366,18
2,121,195,3877,-471,-24
2,121,196,3878,-469,-35
2,121,198,3871,-339,33
2,121,199,3857,-340,17
2,121,199,3858,-340,17
2,121,199,3859,-340,17
2,121,199,3860,-340,17
2,121,199,3861,-340,17
2,121,199,3862,-340,17
2,121,199,3863,-340,17
2,121,199,3864,-340,17
2,121,199,3865,-340,17
2,121,199,3866,-340,17
2,121,199,3867,-333,66
2,121,199,3868,-340,17
2,121,199,3870,-340,17
2,121,199,3870,-337,41
2,121,199,3872,-340,17
2,121,199,3872,-339,25
2,121,199,3872,-339,33
2,121,199,3873,-340,17
2,121,199,3873,-339,25
2,121,200,3859,-314,0
2,121,200,3862,-314,0
2,121,200,3874,-314,0
2,121,200,3877,-444,-10
2,121,201,3875,-366,0
2,121,201,3877,-444,-10
1,122,140,3862,-359,308
1,122,140,3863,-359,308
1,122,142,3917,-442,66
1,122,146,3878,-450,148
1,122,146,3878,-446,158
1,122,146,3916,-473,0
1,122,146,3917,-466,81
1,122,147,3894,-191,462
1,122,149,3892,-212,451
1,122,149,3892,-203,457
1,122,149,3894,-236,441
1,122,150,3893,-224,447
1,122,151,3906,-402,296
1,122,154,3895,-316,386
1,122,154,3896,-316,386
1,122,155,3896,-326,378
1,122,155,3899,-371,335
1,122,155,3899,-361,345
1,122,155,3900,-371,335
1,122,156,3900,-386,316
1,122,159,3936,-441,-236
1,122,159,3937,-441,-236
