122,29,3827,925,500,0
122,29,3827,932,500,-11
122,29,3827,932,500,0
122,29,3828,924,500,0
122,29,3832,937,484,121
122,29,3835,902,416,277
122,29,3838,902,402,296
122,29,3841,897,340,325
122,29,3841,898,340,325
122,29,3841,959,441,-236
122,29,3842,898,340,325
122,29,3843,883,332,332
122,29,3843,884,332,332
122,29,3843,885,332,332
122,29,3843,886,332,332
122,29,3843,887,332,332
122,29,3843,889,332,332
122,29,3843,889,340,325
122,29,3843,890,332,332
122,29,3843,891,332,332
122,29,3843,893,332,332
122,29,3843,894,332,332
122,29,3843,895,316,349
122,29,3843,895,332,332
122,29,3843,897,332,332
122,29,3843,898,340,325
122,29,3844,898,332,332
122,29,3849,946,473,10
122,29,3857,937,447,0
122,29,3858,901,353,353
122,29,3868,868,500,0
122,29,3868,916,291,304
122,29,3870,914,291,304
122,29,3870,916,291,304
122,29,3872,868,500,0
122,29,3873,944,281,70
122,29,3876,870,441,236
122,29,3878,910,-274,334
122,29,3879,874,277,416
122,29,3880,879,109,488
122,29,3883,873,277,416
122,29,3886,910,104,381
122,29,3886,912,-218,89
122,29,3890,913,-152,-101
122,29,3892,848,60,496
122,29,3892,911,264,-195
122,29,3892,913,167,-251
122,29,3892,914,167,-251
122,29,3892,915,167,-251
122,29,3892,915,395,0
124,119,3908,3805,361,345
124,119,3915,3803,246,435
124,119,3917,3819,473,0
124,119,3917,3820,473,0
124,119,3917,3843,473,0
124,119,3924,3805,0,500
123,118,3864,3764,314,0
123,118,3864,3765,314,0
123,118,3864,3766,314,0
123,118,3864,3767,314,0
123,118,3864,3769,314,0
123,118,3864,3770,314,0
123,118,3864,3772,314,0
123,118,3864,3773,314,0
123,118,3864,3774,314,0
123,118,3864,3776,314,0
123,118,3864,3777,314,0
123,118,3864,3779,314,0
123,118,3864,3781,314,0
123,118,3864,3783,314,0
123,118,3864,3785,314,0
123,118,3864,3786,314,0
123,118,3864,3787,314,0
123,118,3864,3789,314,0
123,118,3864,3790,314,0
123,118,3864,3791,314,0
123,118,3864,3792,314,0
123,118,3864,3794,314,0
123,118,3864,3796,314,0
123,118,3864,3798,314,0
123,118,3864,3815,314,0
123,118,3864,3819,314,0
123,118,3867,3771,340,0
123,118,3878,3843,500,0
123,118,3879,3741,500,0
123,118,3879,3819,418,0
123,118,3879,3843,500,0
123,118,3884,3819,444,0
123,118,3886,3786,0,500
123,118,3888,3815,471,0
123,118,3891,3844,372,248
124,117,3902,3746,466,179
124,117,3903,3754,500,0
124,117,3907,3742,402,296
124,117,3908,3741,500,0
124,117,3908,3779,148,-450
124,117,3913,3740,473,0
124,117,3922,3761,442,-66
124,117,4043,3696,-23,447
123,116,3859,3741,500,0
123,116,3860,3736,442,32
123,116,3862,3740,500,0
123,116,3863,3742,335,-8
123,116,3863,3742,335,0
123,116,3864,3741,314,0
123,116,3864,3750,314,0
123,116,3864,3755,314,0
123,116,3864,3755,322,-106
123,116,3865,3742,340,0
123,116,3865,3743,340,-17
123,116,3865,3743,340,-8
123,116,3866,3742,340,0
123,116,3866,3756,319,-114
123,116,3867,3741,340,0
123,116,3867,3742,340,-17
123,116,3867,3742,340,-8
123,116,3867,3743,340,-17
123,116,3867,3744,338,-25
123,116,3867,3745,338,-33
123,116,3867,3748,333,-66
123,116,3867,3749,332,-74
123,116,3867,3749,333,-66
123,116,3867,3753,347,-114
123,116,3867,3764,340,0
123,116,3868,3691,500,0
123,116,3878,3711,335,371
123,116,3879,3750,418,0
123,116,3879,3755,418,0
123,116,3885,3742,442,169
123,116,3889,3741,447,0
123,116,3894,3794,345,-361
123,116,3902,3765,158,-175
123,116,3916,3817,121,-484
124,115,3903,3704,494,-74
124,115,3911,3721,378,-326
124,115,3913,3722,224,-447
124,115,3914,3722,224,-447
124,115,3914,3723,212,-451
124,115,3919,3720,144,-478
124,115,3920,3710,203,-457
124,115,3924,3694,419,-31
124,115,3924,3713,0,-500
124,115,3924,3714,0,-500
124,115,3924,3715,0,-500
124,115,3926,3733,403,-121
124,115,3948,3700,-23,12
124,115,3999,3636,500,0
123,114,3860,3674,500,0
123,114,3860,3676,500,0
123,114,3861,3652,500,0
123,114,3863,3672,498,48
123,114,3863,3673,498,48
123,114,3872,3717,321,-307
123,114,3872,3727,321,-307
123,114,3874,3709,340,-325
123,114,3874,3710,349,-316
123,114,3875,3655,500,11
123,114,3875,3709,340,-325
123,114,3875,3712,325,-340
123,114,3876,3714,340,-325
123,114,3876,3724,340,-325
123,114,3878,3706,358,-344
123,114,3879,3710,351,-351
123,114,3879,3717,351,-351
123,114,3879,3720,351,-351
123,114,3879,3729,351,-351
123,114,3882,3713,287,-408
123,114,3883,3706,361,-345
123,114,3883,3726,361,-345
123,114,3886,3713,353,-353
123,114,3897,3747,241,-344
123,114,3903,3638,261,-13
123,114,3904,3659,287,0
123,114,3909,3659,235,0
123,114,3912,3728,148,-450
123,114,3913,3726,139,-425
123,114,3915,3750,132,-482
123,114,3920,3695,341,25
123,114,3922,3690,-155,-103
123,114,3924,3716,0,-316
123,114,3924,3756,0,-500
123,114,3930,3700,-212,301
123,114,3930,3700,39,33
1,10,102,307,120,56
1,10,103,299,25,1
1,10,103,307,-232,-52
1,10,103,307,-170,-75
1,10,105,307,73,34
1,10,107,304,-212,-157
1,10,107,307,153,42
1,10,112,301,-258,57
1,10,112,306,-91,275
1,10,116,295,-212,0
1,10,118,296,-238,0
1,10,118,339,-284,42
1,10,130,278,-274,353
1,10,131,298,-432,118
1,10,134,339,-472,-35
1,10,139,340,0,-209
1,10,139,343,0,-341
1,10,140,278,-359,308
1,10,141,279,-366,299
1,10,141,341,-325,-98
1,10,146,347,-345,-361
1,10,147,281,-416,277
1,10,151,293,-500,0
1,10,157,291,-494,74
1,10,158,291,-496,60
1,10,158,291,-494,74
1,10,159,290,-498,48
1,10,159,292,-478,144
1,10,160,292,-500,0
1,10,160,292,-488,109
1,10,160,292,-478,144
1,10,161,290,-498,48
1,10,161,350,-462,-191
1,10,163,294,-500,0
1,10,164,294,-500,0
1,10,167,295,-500,0
1,10,167,296,-500,0
2,3,110,63,0,159
2,3,130,148,-20,16
2,3,131,148,11,77
2,3,132,148,0,369
2,3,132,148,3,25
2,3,132,148,161,302
2,3,133,141,-263,175
2,3,133,141,-258,181
2,3,133,148,46,62
2,3,135,148,24,326
2,3,139,140,115,-62
2,3,139,162,0,-26
2,3,139,178,0,-473
2,3,146,193,-132,-482
2,3,147,193,-132,-482
2,3,148,169,-132,-400
2,3,148,198,-132,-482
2,3,148,198,-121,-484
2,3,150,172,-140,-425
2,3,151,176,-148,-450
2,3,164,63,-199,-372
2,3,165,100,-369,0
2,3,167,94,0,0
2,3,171,100,-421,0
2,3,173,84,153,-178
2,3,174,122,-447,10
2,3,175,77,-94,-244
2,3,181,173,-361,-345
2,3,182,173,-361,-345
2,3,185,156,-344,-359
2,3,185,166,-359,-344
2,3,185,167,-359,-344
2,3,185,167,-351,-351
2,3,185,168,-359,-344
2,3,185,176,-351,-351
2,3,185,177,-359,-344
2,3,186,180,-359,-344
2,3,188,160,-316,-350
2,3,188,171,-333,-333
2,3,188,180,-333,-333
2,3,189,124,-500,0
2,3,189,157,-340,-325
2,3,189,162,-340,-325
2,3,189,168,-340,-325
2,3,189,169,-340,-325
2,3,189,170,-340,-325
2,3,189,171,-340,-325
2,3,189,180,-340,-325
2,3,190,158,-350,-316
2,3,203,136,-500,0
2,3,204,124,-500,11
2,3,204,132,-500,0
1,4,123,191,-372,-248
1,4,125,142,-372,132
1,4,129,189,-427,-201
1,4,132,186,-474,-156
1,4,134,139,-78,0
1,4,139,142,-419,-31
1,4,139,150,0,-152
1,4,139,164,0,-500
1,4,139,165,0,-500
1,4,139,166,0,-500
1,4,142,145,-442,-66
1,4,142,154,-446,33
1,4,142,162,-345,-361
1,4,142,167,-446,33
1,4,142,183,-482,-132
1,4,142,184,-482,-132
1,4,143,142,-446,-33
1,4,143,143,-446,43
1,4,143,183,-482,-132
1,4,143,184,-482,-132
1,4,143,203,-378,-326
1,4,144,168,-144,-478
1,4,144,183,-482,-132
1,4,145,162,-203,-457
1,4,145,163,-203,-457
1,4,145,183,-482,-132
1,4,145,184,-482,-132
1,4,146,183,-482,-132
1,4,147,182,-459,-114
1,4,147,183,-482,-132
1,4,148,183,-482,-132
1,4,150,185,-484,-121
1,4,152,172,-345,-361
1,4,155,176,-353,-353
1,4,156,189,-500,0
1,4,160,132,-478,144
1,4,160,188,-500,0
2,5,19,160,74,494
2,5,129,212,16,19
2,5,137,208,-31,315
2,5,137,212,17,342
2,5,139,204,-23,234
2,5,139,223,0,-26
2,5,139,246,0,-500
2,5,141,142,-91,220
2,5,143,199,-159,239
2,5,145,217,372,248
2,5,154,144,0,130
2,5,159,132,-57,53
2,5,160,123,-266,325
2,5,162,230,-292,-339
2,5,165,121,-323,309
2,5,169,188,-418,0
2,5,169,189,-418,-21
2,5,169,194,-418,0
2,5,170,242,-345,-361
2,5,173,187,-444,0
2,5,173,189,-444,0
2,5,173,233,-495,36
2,5,173,245,-353,-353
2,5,173,246,-353,-353
2,5,174,173,-444,53
2,5,174,190,-444,-10
2,5,174,247,-353,-353
2,5,177,190,-471,-11
2,5,177,191,-469,-46
2,5,177,248,-361,-345
2,5,177,248,-353,-353
2,5,177,249,-353,-353
2,5,177,249,-345,-361
2,5,178,118,-408,287
2,5,178,187,-471,23
2,5,178,189,-471,-24
2,5,178,189,-471,-11
2,5,178,190,-471,-24
2,5,178,190,-471,23
2,5,178,190,-469,-46
2,5,178,191,-471,23
2,5,178,192,-471,23
2,5,178,193,-471,23
2,5,178,194,-471,23
2,5,178,195,-471,23
2,5,178,196,-471,23
2,5,178,197,-471,23
2,5,178,198,-471,23
2,5,178,199,-471,23
2,5,178,200,-471,23
2,5,178,201,-471,23
2,5,180,211,-444,0
2,5,183,190,-500,-25
2,5,183,196,-444,22
2,5,183,199,-444,22
2,5,184,124,-500,0
2,5,184,188,-440,0
2,5,185,189,-500,0
2,5,185,189,-418,0
2,5,188,190,-500,-11
2,5,191,178,-478,144
2,5,191,187,-392,19
2,5,191,188,-392,0
2,5,191,209,-392,19
2,5,194,132,-500,0
2,5,194,210,-366,8
2,5,195,187,-366,18
2,5,195,188,-366,0
2,5,195,209,-366,18
2,5,196,211,-340,0
2,5,198,188,-340,0
2,5,198,191,-340,-8
2,5,198,192,-339,-25
2,5,198,193,-339,-33
2,5,199,186,-340,17
2,5,199,187,-340,17
2,5,199,188,-340,17
2,5,199,189,-340,0
2,5,199,189,-340,17
2,5,199,190,-340,-17
2,5,199,190,-340,-8
2,5,199,190,-340,17
2,5,199,191,-340,-17
2,5,199,191,-340,-8
2,5,199,191,-340,17
2,5,199,192,-340,17
2,5,199,192,-339,-25
2,5,199,193,-340,17
2,5,199,193,-337,-41
2,5,199,194,-340,17
2,5,199,195,-340,17
2,5,199,196,-340,17
2,5,199,196,-335,-58
2,5,199,197,-340,17
2,5,199,198,-340,17
2,5,199,199,-340,17
2,5,199,200,-340,-8
2,5,199,200,-340,17
2,5,199,205,-340,-8
2,5,200,188,-335,0
2,5,200,189,-366,0
2,5,200,189,-314,0
2,5,200,190,-314,-16
2,5,200,192,-312,-30
2,5,200,193,-314,0
2,5,200,194,-314,0
2,5,200,197,-314,0
2,5,200,202,-314,0
2,5,200,203,-323,-106
2,5,201,175,-478,144
2,5,201,176,-478,144
2,5,201,188,-335,0
2,5,203,178,-482,132
2,5,203,188,-500,0
2,5,203,190,-444,-22
2,5,204,189,-500,0
2,5,205,189,-500,0
2,5,205,198,-466,-81
1,6,139,184,0,500
1,6,139,193,-182,-149
1,6,140,228,-25,-500
1,6,141,209,-442,-66
1,6,142,210,-442,-66
1,6,146,203,-473,0
1,6,146,210,-466,-81
1,6,154,208,-500,0
1,6,156,188,-500,0
1,6,156,188,-478,-144
1,6,156,189,-500,0
1,6,156,227,-361,-345
1,6,156,227,-306,-394
1,6,156,227,-287,-408
1,6,156,227,-148,-450
1,6,158,196,-470,167
2,7,125,206,-131,196
2,7,131,273,-235,245
2,7,133,204,-14,-21
2,7,133,205,21,-182
2,7,134,203,23,-12
2,7,135,203,26,0
2,7,137,208,-75,-195
2,7,137,211,-138,-74
2,7,138,203,-22,-14
2,7,138,205,168,168
2,7,138,206,5,-235
2,7,138,210,-7,-78
2,7,138,211,-23,-12
2,7,139,192,0,264
2,7,140,154,-20,392
2,7,140,210,130,-3
2,7,141,211,-200,60
2,7,152,148,-132,482
2,7,153,150,-156,474
2,7,157,242,-219,-229
2,7,169,212,-418,0
2,7,171,262,-444,0
2,7,173,240,-444,0
2,7,178,211,-471,23
2,7,178,212,-471,23
2,7,178,214,-471,23
2,7,178,215,-471,23
2,7,178,216,-471,23
2,7,178,217,-471,23
2,7,178,218,-471,23
2,7,178,219,-471,23
2,7,178,220,-471,23
2,7,178,221,-471,23
2,7,178,222,-471,23
2,7,178,223,-471,23
2,7,178,224,-471,23
2,7,178,225,-471,23
2,7,178,226,-471,23
2,7,178,227,-471,23
2,7,178,228,-471,23
2,7,178,229,-471,23
2,7,178,230,-471,23
2,7,178,231,-471,23
2,7,178,232,-471,23
2,7,178,233,-471,23
2,7,178,234,-471,23
2,7,178,235,-471,23
2,7,178,236,-471,23
2,7,178,237,-471,23
2,7,178,238,-471,23
2,7,178,239,-471,23
2,7,178,241,-471,23
2,7,178,243,-471,23
2,7,178,251,-471,23
2,7,178,252,-471,23
2,7,178,254,-471,23
2,7,178,255,-471,23
2,7,178,256,-471,23
2,7,178,257,-471,23
2,7,178,258,-471,23
2,7,178,259,-471,23
2,7,178,260,-471,23
2,7,178,261,-471,23
2,7,178,263,-471,23
2,7,178,265,-471,23
2,7,183,217,-444,22
2,7,183,254,-444,22
2,7,183,255,-444,22
2,7,183,260,-444,22
2,7,183,262,-444,22
2,7,183,291,-500,0
2,7,184,291,-500,0
2,7,185,189,-500,0
2,7,185,291,-500,0
2,7,186,291,-500,0
2,7,187,259,-353,-353
2,7,187,260,-345,-361
2,7,188,291,-500,0
2,7,190,263,-353,-353
2,7,191,212,-392,19
2,7,191,216,-392,19
2,7,191,263,-353,-353
2,7,192,262,-361,-345
2,7,195,212,-366,18
2,7,199,209,-340,17
2,7,199,210,-340,17
2,7,199,211,-340,17
2,7,199,212,-340,17
2,7,199,213,-340,0
2,7,199,213,-340,17
2,7,199,214,-340,17
2,7,199,215,-340,17
2,7,199,216,-340,17
2,7,199,217,-340,17
2,7,199,218,-340,17
2,7,199,219,-340,17
2,7,199,220,-340,17
2,7,199,221,-340,17
2,7,199,222,-340,17
2,7,199,223,-340,17
2,7,199,224,-340,17
2,7,199,225,-340,17
2,7,199,226,-340,17
2,7,199,227,-340,17
2,7,199,228,-340,17
2,7,199,229,-340,17
2,7,199,230,-340,17
2,7,199,231,-340,17
2,7,199,232,-340,17
2,7,199,233,-340,17
2,7,199,234,-340,17
2,7,199,235,-340,17
2,7,199,236,-340,17
2,7,199,237,-340,17
2,7,199,238,-340,17
2,7,199,239,-340,17
2,7,199,240,-340,17
2,7,199,242,-340,17
2,7,199,247,-340,17
2,7,199,248,-340,17
2,7,199,249,-340,17
2,7,199,250,-340,17
2,7,199,251,-340,17
2,7,199,252,-340,17
2,7,199,253,-340,17
2,7,199,254,-340,17
2,7,199,255,-340,17
2,7,199,256,-340,17
2,7,199,257,-340,17
2,7,199,258,-340,17
2,7,199,259,-340,17
2,7,199,260,-340,17
2,7,199,261,-340,17
2,7,199,262,-340,17
2,7,199,263,-340,17
2,7,199,264,-340,17
2,7,200,211,-314,0
2,7,200,212,-314,0
2,7,200,221,-314,0
2,7,200,231,-314,0
2,7,200,232,-314,0
2,7,200,237,-314,0
2,7,200,258,-314,0
2,7,200,262,-314,0
1,8,111,267,7,-104
1,8,112,276,131,317
1,8,130,295,-235,35
1,8,131,333,-281,-381
1,8,132,291,-316,0
1,8,132,332,-290,-374
1,8,136,337,-326,-378
1,8,140,266,-231,230
1,8,141,291,-395,0
1,8,142,291,-447,0
1,8,146,267,-473,0
1,8,146,286,-335,-371
1,8,146,291,-473,0
1,8,149,293,-500,0
1,8,150,291,-500,0
1,8,150,292,-500,0
1,8,153,253,-361,345
1,8,154,291,-500,0
1,8,156,253,-148,449
1,8,161,266,-500,0
2,11,98,308,74,248
2,11,100,443,-361,-345
2,11,112,321,-107,212
2,11,117,322,-395,19
2,11,126,330,-54,-312
2,11,128,317,-332,-300
2,11,132,334,-266,-360
2,11,132,334,-248,-372
2,11,134,330,-36,-367
2,11,148,311,-132,400
2,11,149,277,-121,484
2,11,151,303,-159,445
2,11,151,303,-148,449
2,11,156,295,-353,353
2,11,156,344,248,0
2,11,157,296,-296,402
2,11,157,296,-203,457
2,11,159,337,94,-90
2,11,160,338,-217,226
2,11,166,312,-323,309
2,11,170,365,-413,82
2,11,172,365,-154,26
2,11,173,309,-351,317
2,11,175,358,-447,10
2,11,175,359,-446,-33
2,11,176,352,-361,345
2,11,179,320,-287,408
2,11,179,355,-361,345
2,11,182,349,-345,361
2,11,182,350,-345,361
2,11,184,390,-474,-156
2,11,185,311,-351,351
2,11,185,313,-359,343
2,11,185,313,-351,351
2,11,185,375,-462,-92
2,11,186,340,-345,361
2,11,186,345,-345,361
2,11,186,346,-345,361
2,11,186,347,-345,361
2,11,186,348,-500,0
2,11,188,307,-333,332
2,11,188,309,-333,332
2,11,188,310,-340,325
2,11,188,310,-333,332
2,11,188,313,-340,325
2,11,188,314,-340,325
2,11,188,314,-333,332
2,11,188,319,-340,325
2,11,188,322,-340,325
2,11,188,341,-345,361
2,11,189,307,-340,325
2,11,189,310,-340,325
2,11,189,314,-340,325
2,11,189,318,-316,349
2,11,189,322,-340,325
2,11,190,322,-340,325
2,11,191,323,-500,0
2,11,191,387,-381,-281
2,11,192,307,-378,326
2,11,192,377,-408,-91
2,11,193,309,-378,326
2,11,194,326,-402,296
2,11,195,377,-490,-97
2,11,204,348,-500,0
2,11,204,349,-500,0
3,12,37,380,371,335
3,12,132,466,0,-473
3,12,139,345,0,78
3,12,139,358,-24,9
3,12,142,365,-425,139
3,12,146,355,-157,332
3,12,152,310,-144,478
3,12,172,364,-188,-255
3,12,173,367,-242,-161
3,12,174,351,-335,371
3,12,175,351,-335,371
3,12,176,324,-277,416
3,12,177,353,-151,144
3,12,178,354,-116,141
3,12,178,355,-132,126
3,12,179,336,-353,353
3,12,180,352,-176,194
3,12,180,353,-176,194
3,12,180,355,-170,162
3,12,181,343,-361,345
3,12,181,344,-345,361
3,12,181,353,-189,180
3,12,182,326,-335,371
3,12,182,327,-345,361
3,12,182,343,-361,345
3,12,182,343,-345,361
3,12,182,343,-335,371
3,12,182,351,-199,207
3,12,183,352,-199,207
3,12,185,322,-334,368
3,12,187,348,-246,235
3,12,187,348,-228,252
3,12,188,348,-235,245
3,12,189,423,445,158
3,12,193,415,-316,7
3,12,194,417,-261,-13
3,12,195,414,121,140
3,12,195,444,-433,-192
3,12,198,365,-355,88
3,12,199,393,-342,0
3,12,200,361,-393,151
3,12,200,362,-464,92
3,12,202,364,-411,92
3,12,202,469,-353,-353
3,12,204,359,-421,150
3,12,204,369,-417,40
3,12,205,361,-428,129
3,12,205,362,-490,97
3,12,205,362,-432,118
3,12,205,431,-353,-353
3,12,207,402,-447,0
3,12,207,425,-447,0
3,12,210,354,-457,203
3,12,211,355,-462,191
3,12,212,405,-472,-35
3,12,213,466,-353,-353
3,12,214,324,-334,368
3,12,214,336,-345,361
3,12,216,452,-500,0
3,12,221,442,-500,0
3,12,222,356,-500,0
3,12,222,358,-484,121
3,12,222,444,-500,0
3,12,226,356,-500,0
3,12,227,444,-500,0
3,12,228,359,-500,0
3,12,231,364,-500,0
3,12,231,397,-500,0
122,123,3841,3913,500,-11
122,123,3842,3912,500,-11
122,123,3859,3940,421,0
122,123,3868,3914,433,108
122,123,3883,3881,353,353
122,123,3883,3907,82,163
122,123,3884,3899,345,361
122,123,3924,3889,0,447
122,123,3924,3900,0,369
122,123,3924,3916,0,0
122,123,3924,3919,189,-163
123,122,3859,3908,500,0
123,122,3873,3874,340,325
123,122,3874,3874,340,325
123,122,3875,3862,332,332
123,122,3875,3863,332,332
123,122,3875,3866,332,332
123,122,3875,3867,332,332
123,122,3875,3870,332,332
123,122,3875,3871,316,349
123,122,3875,3874,332,332
123,122,3876,3874,332,332
123,122,3876,3874,345,361
123,122,3901,3892,291,304
123,122,3902,3890,291,304
123,122,3909,3890,198,371
123,122,3909,3921,232,51
123,122,3912,3855,109,488
123,122,3912,3855,148,449
123,122,3919,3900,-85,98
123,122,3924,3875,0,316
123,122,3925,3846,-11,500
123,121,3865,3848,500,0
123,121,3871,3843,366,0
123,121,3871,3843,500,0
123,121,3871,3844,387,0
123,121,3871,3844,407,0
123,121,3871,3844,500,0
123,121,3872,3844,387,0
123,121,3874,3842,392,0
123,121,3874,3849,340,325
123,121,3874,3850,340,325
123,121,3875,3835,332,332
123,121,3875,3838,332,332
123,121,3875,3839,332,332
123,121,3875,3841,332,332
123,121,3875,3842,332,332
123,121,3875,3844,332,332
123,121,3875,3845,332,332
123,121,3875,3850,332,332
123,121,3879,3853,358,343
123,121,3891,3844,302,0
123,121,3893,3844,500,0
123,121,3895,3816,345,361
123,121,3909,3877,-78,0
123,121,3916,3847,185,0
123,121,3924,3819,402,296
123,121,3929,3843,-63,-363
123,121,3930,3859,385,-86
123,121,3935,3852,160,-417
123,121,3938,3859,138,-74
123,121,3956,3844,0,183
43,3,1334,150,400,-132
43,3,1342,162,297,-298
43,3,1346,138,185,17
43,3,1357,174,97,-437
43,3,1382,168,189,-377
43,3,1382,171,0,-421
43,3,1385,169,141,-396
43,3,1396,174,0,-447
43,3,1401,174,-451,-212
43,3,1418,180,-470,-167
44,4,1349,166,498,48
44,4,1354,165,345,-361
44,4,1360,195,399,-253
44,4,1361,171,447,0
44,4,1362,181,431,-119
44,4,1371,218,132,-482
44,4,1375,218,48,-498
44,4,1376,217,0,-440
44,4,1376,218,0,-440
44,4,1376,218,0,-418
44,4,1397,202,0,-418
44,4,1398,202,0,-418
44,4,1398,232,-17,-340
44,4,1399,202,0,-418
44,4,1399,232,-17,-340
44,4,1400,202,0,-418
44,4,1400,232,-17,-340
44,4,1401,232,-17,-340
44,4,1402,202,0,-418
44,4,1402,224,353,-353
44,4,1403,221,371,-335
44,4,1403,232,-17,-340
44,4,1407,217,361,-345
44,4,1409,232,-17,-340
44,4,1416,220,0,-447
44,4,1416,233,0,-369
44,4,1420,232,-17,-340
44,4,1421,202,0,-418
44,4,1421,209,0,-471
44,4,1421,233,0,-314
44,4,1422,198,0,-392
44,4,1422,232,-17,-340
44,4,1423,232,-17,-340
44,4,1424,202,0,-418
44,4,1425,202,0,-418
44,4,1425,232,-17,-340
44,4,1426,202,0,-418
44,4,1426,232,-25,-339
44,4,1426,232,-17,-340
44,4,1427,202,0,-418
44,4,1427,232,-17,-340
44,4,1428,202,0,-418
44,4,1428,232,-17,-340
44,4,1429,202,0,-418
44,4,1429,232,-17,-340
44,4,1430,202,0,-418
44,4,1430,232,-17,-340
44,4,1431,202,0,-418
44,4,1431,232,-17,-340
44,4,1432,202,0,-418
44,4,1432,232,-17,-340
44,4,1433,232,-17,-340
44,4,1437,202,0,-418
44,4,1438,198,0,-392
44,4,1438,202,0,-418
44,4,1438,232,-17,-340
44,4,1439,232,-17,-340
44,4,1440,206,0,-444
44,4,1440,229,0,-340
44,4,1440,230,0,-340
44,4,1440,231,0,-340
44,4,1440,232,-17,-340
44,4,1440,232,0,-361
44,4,1441,198,0,-392
44,4,1441,233,0,-314
44,4,1442,202,0,-418
44,4,1442,232,-25,-339
44,4,1442,232,-17,-340
44,4,1443,185,0,-287
44,4,1443,232,-17,-340
44,4,1444,232,-17,-340
44,4,1446,202,0,-418
44,4,1446,233,0,-314
44,4,1447,202,0,-418
44,4,1447,232,-17,-340
44,4,1448,232,-17,-340
44,4,1449,232,-17,-340
44,4,1452,232,-17,-340
44,4,1453,232,-17,-340
44,4,1457,202,0,-418
44,4,1458,202,0,-418
44,4,1458,232,-17,-340
44,4,1458,233,0,-314
44,4,1459,232,-17,-340
44,4,1460,232,-17,-340
44,4,1461,206,0,-444
44,4,1462,232,-17,-340
44,4,1465,202,0,-418
44,4,1466,232,-17,-340
44,4,1475,202,0,-418
44,4,1476,202,0,-418
44,4,1476,220,-361,-345
44,4,1476,232,-17,-340
44,4,1477,202,0,-418
44,4,1477,232,-17,-340
44,4,1477,233,0,-314
44,4,1478,202,0,-418
44,4,1478,232,-17,-340
44,4,1479,202,0,-418
44,4,1479,232,-17,-340
44,4,1480,202,0,-418
44,4,1480,232,-17,-340
44,4,1481,202,0,-418
44,4,1481,232,-17,-340
44,4,1482,202,0,-418
44,4,1482,216,-22,-444
44,4,1482,232,-17,-340
44,4,1483,202,0,-418
44,4,1483,206,-22,-444
44,4,1483,216,-22,-444
44,4,1483,232,-17,-340
44,4,1483,233,0,-314
44,4,1484,170,3,-183
44,4,1484,170,61,-115
44,4,1484,170,74,-138
44,4,1484,171,152,-101
44,4,1484,232,-17,-340
44,4,1485,169,130,-87
44,4,1485,232,-17,-340
44,4,1487,167,198,-126
44,4,1487,169,182,-17
44,4,1488,169,208,-20
44,4,1494,169,261,5
44,4,1497,169,287,6
45,3,1393,83,447,0
45,3,1436,78,467,70
45,3,1463,178,478,-144
45,3,1464,186,402,-296
45,3,1465,171,500,0
45,3,1483,174,0,-447
49,4,1505,171,500,0
49,4,1513,220,368,-334
49,4,1515,139,148,-450
49,4,1520,186,386,-272
49,4,1523,184,421,-150
49,4,1542,221,343,-359
49,4,1543,214,386,-316
49,4,1545,215,371,-335
49,4,1546,216,345,-361
49,4,1546,217,345,-361
49,4,1546,218,345,-361
49,4,1547,215,353,-353
49,4,1547,216,353,-353
49,4,1548,222,296,-402
49,4,1550,221,287,-408
49,4,1553,209,345,-361
49,4,1553,210,345,-361
49,4,1553,210,353,-353
49,4,1555,213,287,-408
49,4,1557,210,296,-402
49,4,1577,209,136,-453
49,4,1582,225,121,-484
49,4,1586,206,33,-446
49,4,1588,207,0,-447
50,6,1535,252,500,0
50,6,1536,255,391,-29
50,6,1536,264,321,-307
50,6,1536,265,321,-307
50,6,1536,266,321,-307
50,6,1536,267,321,-307
50,6,1536,271,321,-307
50,6,1537,254,391,-29
50,6,1538,252,392,0
50,6,1538,253,392,0
50,6,1539,245,325,-340
50,6,1539,252,392,0
50,6,1539,253,392,0
50,6,1540,261,340,-325
50,6,1540,266,340,-325
50,6,1540,268,340,-325
50,6,1543,237,351,-351
50,6,1543,239,351,-351
50,6,1543,242,351,-351
50,6,1543,246,351,-351
50,6,1543,250,351,-351
50,6,1543,257,351,-351
50,6,1543,258,351,-351
50,6,1543,259,351,-351
50,6,1543,260,351,-351
50,6,1543,262,351,-351
50,6,1543,264,351,-351
50,6,1550,265,471,-24
50,6,1555,246,428,-129
50,6,1555,281,361,-345
50,6,1559,247,389,-161
50,6,1561,275,361,-345
50,6,1562,269,500,0
50,6,1627,279,361,-345
50,5,1531,217,416,-277
50,5,1533,217,416,-277
50,5,1533,218,408,-287
50,5,1534,221,386,-316
50,5,1535,217,402,-296
50,5,1537,222,349,-316
50,5,1538,213,416,-277
50,5,1538,221,340,-325
50,5,1538,222,349,-316
50,5,1539,221,340,-325
50,5,1539,225,325,-340
50,5,1540,219,351,-351
50,5,1542,218,358,-344
50,5,1542,218,368,-334
50,5,1543,214,353,-353
50,5,1543,220,351,-351
50,5,1543,229,351,-351
50,5,1546,185,471,46
50,5,1546,225,287,-408
50,5,1566,207,283,-346
50,5,1567,216,253,-400
50,5,1577,235,121,-484
50,5,1578,240,114,-459
50,5,1579,171,-18,-19
50,5,1580,191,-270,-210
50,5,1582,224,98,-356
50,5,1585,198,-274,353
117,84,3688,2734,500,0
117,84,3741,2767,33,-446
117,84,3741,2783,85,-492
117,84,3741,2789,0,-340
117,84,3744,2773,0,-444
117,84,3744,2782,0,-414
117,84,3744,2789,0,-340
117,84,3744,2790,0,-361
117,84,3794,2792,25,-339
117,84,3797,2762,0,-418
117,84,3798,2762,0,-418
117,84,3798,2792,-17,-340
117,84,3799,2762,0,-418
117,84,3799,2792,-17,-340
117,84,3800,2792,-17,-340
117,84,3801,2792,-17,-340
117,84,3802,2762,0,-418
117,84,3802,2792,25,-339
117,84,3803,2762,0,-418
117,84,3803,2792,-17,-340
117,84,3803,2792,25,-339
117,84,3804,2792,-17,-340
117,84,3805,2762,0,-418
117,84,3806,2762,0,-418
117,84,3806,2792,-17,-340
117,84,3807,2762,0,-418
117,84,3807,2792,-17,-340
117,84,3808,2762,0,-418
117,84,3808,2766,0,-444
117,84,3808,2789,0,-340
117,84,3808,2792,-17,-340
117,84,3809,2762,0,-418
117,84,3809,2792,-17,-340
117,84,3810,2762,0,-418
117,84,3810,2792,-25,-339
117,84,3810,2792,-17,-340
117,84,3811,2762,0,-418
117,84,3811,2792,-17,-340
117,84,3812,2762,0,-418
117,84,3812,2792,-17,-340
117,84,3812,2793,0,-314
117,84,3812,2794,-43,-443
117,84,3813,2776,-22,-444
117,84,3813,2792,-17,-340
117,84,3814,2792,-17,-340
117,84,3819,2766,-22,-444
117,84,3821,2792,-17,-340
117,84,3822,2729,152,-101
120,84,3804,2731,52,0
120,84,3808,2731,264,0
120,84,3829,2762,0,-418
120,84,3830,2762,0,-418
120,84,3830,2792,-17,-340
120,84,3831,2762,0,-418
120,84,3831,2792,-17,-340
120,84,3832,2762,0,-418
120,84,3832,2792,-17,-340
120,84,3833,2762,0,-418
120,84,3833,2792,-17,-340
120,84,3834,2762,0,-418
120,84,3834,2792,-17,-340
120,84,3835,2762,0,-418
120,84,3835,2792,-17,-340
120,84,3836,2762,0,-418
120,84,3836,2792,-17,-340
120,84,3837,2792,-17,-340
120,84,3838,2762,0,-418
120,84,3838,2792,-17,-340
120,84,3839,2762,0,-418
120,84,3839,2780,355,-340
120,84,3839,2783,360,-344
120,84,3839,2792,-17,-340
120,84,3840,2781,355,-340
120,84,3840,2792,-17,-340
120,84,3842,2779,353,-353
120,84,3843,2777,361,-345
120,84,3843,2777,371,-335
120,84,3846,2776,361,-345
120,84,3851,2783,332,-333
120,84,3854,2779,343,-359
120,84,3856,2790,122,-317
120,84,3858,2762,0,-418
120,84,3859,2792,-17,-340
120,84,3867,2788,54,-362
120,84,3867,2791,50,-336
120,84,3868,2785,67,-386
120,84,3869,2788,35,-365
120,84,3870,2775,66,-439
120,84,3870,2788,26,-365
120,84,3870,2792,-17,-340
120,84,3871,2766,32,-443
120,84,3871,2792,17,-340
120,84,3872,2782,0,-414
120,84,3872,2785,0,-387
120,84,3872,2789,0,-361
120,84,3872,2790,0,-361
120,84,3872,2792,0,-500
120,84,3872,2792,0,-340
120,84,3937,2758,-90,-128
119,83,3748,2668,496,60
119,83,3798,2744,236,-441
119,83,3800,2731,500,0
119,83,3810,2744,236,-441
119,83,3819,2734,0,-447
119,83,3819,2739,0,-473
119,83,3850,2737,-484,-121
124,86,3902,2813,500,0
124,86,3904,2815,391,-29
124,86,3904,2826,321,-307
124,86,3904,2827,321,-307
124,86,3904,2831,321,-307
124,86,3905,2814,391,-29
124,86,3906,2812,392,0
124,86,3906,2813,392,0
124,86,3907,2812,392,0
124,86,3907,2813,392,0
124,86,3908,2825,340,-325
124,86,3908,2826,340,-325
124,86,3908,2828,340,-325
124,86,3911,2797,351,-351
124,86,3911,2803,351,-351
124,86,3911,2805,351,-351
124,86,3911,2819,351,-351
124,86,3911,2820,351,-351
124,86,3911,2821,351,-351
124,86,3911,2822,351,-351
124,86,3911,2824,351,-351
124,86,3932,2768,342,0
124,86,3944,2836,156,-474
124,86,3945,2798,114,-378
124,86,3945,2832,125,-457
124,86,3946,2833,136,-453
123,84,3879,2731,500,0
123,84,3894,2741,400,-132
123,84,3894,2741,403,-121
123,84,3897,2739,381,-105
123,84,3899,2775,353,-353
123,84,3913,2765,345,-361
123,84,3914,2776,345,-361
123,84,3914,2777,345,-361
123,84,3914,2778,345,-361
123,84,3916,2782,296,-402
123,84,3921,2770,345,-361
123,84,3956,2767,0,-447
124,85,3891,2748,500,11
124,85,3895,2745,498,48
124,85,3896,2746,500,25
124,85,3897,2756,500,0
124,85,3898,2768,500,0
124,85,3905,2782,349,-316
124,85,3906,2781,340,-325
124,85,3906,2782,340,-325
124,85,3909,2778,358,-344
124,85,3910,2778,358,-344
124,85,3910,2778,368,-334
124,85,3914,2785,287,-408
124,85,3936,2812,500,0
124,85,3940,2744,-353,-177
124,85,3940,2762,98,-185
124,85,3945,2795,121,-484
124,85,3946,2826,121,-484
124,85,3950,2812,121,-484
7,38,247,1168,416,277
7,38,266,1150,0,500
7,38,267,1164,0,473
7,38,267,1169,0,447
7,38,267,1199,0,0
7,38,275,1169,22,447
7,38,276,1169,0,447
7,38,276,1200,237,23
7,38,288,1155,0,500
7,38,288,1158,-345,361
7,38,292,1170,-478,144
7,38,295,1172,-500,0
7,38,346,1234,-496,-60
9,37,285,1111,0,342
9,37,288,1111,0,314
9,37,288,1112,0,366
9,37,289,1111,0,314
9,37,290,1111,0,314
9,37,291,1111,0,314
9,37,292,1111,0,314
9,37,296,1111,0,314
9,37,296,1112,25,338
9,37,297,1111,0,314
9,37,298,1111,0,314
9,37,299,1111,0,314
9,37,306,1111,0,314
9,37,352,1112,0,340
9,37,352,1114,0,340
9,37,352,1114,0,361
9,37,352,1115,0,340
9,37,352,1116,0,340
9,37,354,1115,-33,338
9,37,355,1124,-48,498
9,37,356,1106,0,500
9,37,356,1129,0,473
9,37,356,1144,0,395
9,37,385,1203,-290,14
9,37,392,1203,-342,7
9,37,395,1198,-387,76
9,37,402,1141,-462,191
6,37,220,1144,0,395
6,37,224,1114,0,340
6,37,225,1114,-17,340
6,37,227,1114,-33,338
6,37,228,1114,-41,337
6,37,247,1114,-189,314
6,37,249,1117,-217,326
6,37,251,1112,25,338
6,37,257,1111,0,314
6,37,257,1113,17,340
6,37,258,1111,0,314
6,37,259,1111,0,314
6,37,261,1111,0,314
6,37,263,1111,0,314
6,37,265,1111,0,314
6,37,266,1111,0,314
6,37,267,1111,0,314
6,37,268,1172,61,115
6,37,276,1114,0,340
6,37,277,1172,-369,0
6,37,305,1172,-473,0
6,37,306,1140,-361,345
6,37,318,1152,-394,306
6,37,331,1159,-478,144
3,37,139,1126,0,500
3,37,139,1127,0,500
3,37,139,1137,0,447
3,37,140,1137,-33,445
3,37,143,1137,-54,444
3,37,175,1151,-335,371
3,37,176,1124,-277,416
3,37,178,1136,-353,353
3,37,181,1127,-345,361
3,37,182,1126,-335,371
3,37,195,1163,-433,108
3,37,204,1159,-421,150
3,37,208,1125,-344,358
3,37,210,1154,-457,203
3,37,234,1172,-500,0
2,35,122,1069,23,473
2,35,124,1066,-224,447
2,35,138,1075,21,421
2,35,139,1063,0,500
2,35,150,1047,-132,482
2,35,152,1062,-144,478
2,35,167,1077,-500,-25
2,35,172,1081,-497,-11
2,35,184,1098,-500,-25
2,35,185,1081,-351,351
2,35,185,1082,-359,343
2,35,185,1082,-351,351
2,35,185,1083,-359,343
2,35,185,1085,-351,351
2,35,185,1087,-359,343
2,35,188,1078,-340,325
2,35,188,1079,-340,325
2,35,188,1079,-325,340
2,35,188,1080,-340,325
2,35,188,1081,-340,325
2,35,188,1082,-340,325
2,35,188,1083,-340,325
2,35,188,1084,-340,325
2,35,188,1086,-340,325
2,35,188,1087,-340,325
2,35,188,1088,-340,325
2,35,188,1097,-340,325
2,35,188,1098,-340,325
2,35,188,1098,-333,332
2,35,188,1099,-340,325
2,35,188,1101,-340,325
2,35,188,1102,-340,325
2,35,189,1079,-340,325
2,35,189,1080,-340,325
2,35,189,1082,-340,325
2,35,189,1086,-340,325
2,35,189,1087,-340,325
2,35,189,1088,-340,325
2,35,189,1091,-392,0
2,35,189,1092,-392,0
2,35,189,1097,-340,325
2,35,189,1101,-340,325
2,35,190,1087,-441,53
2,35,190,1098,-371,335
2,35,191,1089,-391,28
2,35,192,1086,-386,67
2,35,192,1092,-366,0
2,35,192,1095,-321,307
2,35,193,1086,-378,326
2,35,193,1089,-366,8
2,35,193,1091,-500,0
2,35,194,1082,-490,97
43,118,1300,3773,500,0
43,118,1304,3778,314,0
43,118,1304,3787,314,0
43,118,1304,3808,314,0
43,118,1304,3819,314,0
43,118,1308,3755,441,236
43,118,1311,3836,366,0
43,118,1312,3838,391,-29
43,118,1313,3838,391,-29
43,118,1313,3847,353,-353
43,118,1315,3836,392,0
43,118,1316,3844,353,-353
43,118,1318,3854,421,-267
43,118,1319,3808,418,0
43,118,1319,3819,418,0
43,118,1320,3840,353,-353
43,118,1331,3722,345,361
43,118,1364,3834,16,-20
44,119,1344,3836,500,0
44,119,1356,3800,179,466
44,119,1361,3821,438,87
44,119,1361,3839,97,-490
44,119,1364,3805,0,500
43,120,1301,3875,500,0
43,120,1303,3827,314,0
43,120,1303,3876,335,0
43,120,1304,3828,314,0
43,120,1304,3829,314,0
43,120,1304,3831,314,0
43,120,1304,3834,314,0
43,120,1304,3837,314,0
43,120,1304,3840,314,0
43,120,1304,3843,314,0
43,120,1304,3849,314,0
43,120,1304,3864,314,0
43,120,1304,3875,314,0
43,120,1305,3838,340,-8
43,120,1306,3876,340,0
43,120,1307,3819,340,0
43,120,1307,3836,340,0
43,120,1307,3849,340,0
43,120,1308,3836,340,0
43,120,1316,3875,500,0
43,120,1319,3875,418,0
43,120,1333,3876,414,0
43,120,1337,3836,235,0
43,120,1354,3765,109,488
43,120,1369,3822,208,-20
85,4,2801,220,-121,-484
85,4,2802,174,242,-100
85,4,2802,190,-108,-433
85,4,2805,198,-121,-484
85,4,2805,234,-121,-484
85,4,2806,203,-121,-484
85,4,2806,204,-121,-484
85,4,2815,169,-257,-365
85,4,2815,169,-248,-372
85,4,2817,171,-272,-387
85,4,2817,172,-272,-387
85,4,2818,170,-266,-360
85,4,2820,172,-290,-374
85,4,2820,173,-345,-361
85,4,2821,166,-316,-316
85,4,2827,119,0,500
85,4,2827,132,-439,87
85,4,2827,136,-20,209
85,4,2830,180,-361,-345
85,4,2830,182,-361,-345
85,4,2830,183,-361,-345
85,4,2830,184,-353,-353
85,4,2830,186,-361,-345
85,4,2830,187,-361,-345
85,4,2834,189,-361,-345
85,4,2834,191,-361,-345
85,4,2837,185,-345,-361
85,4,2838,190,-361,-345
85,4,2838,191,-361,-345
85,4,2838,192,-361,-345
85,4,2841,186,-359,-344
85,4,2841,189,-334,-369
85,4,2841,196,-359,-344
85,4,2841,197,-359,-344
85,4,2841,198,-359,-344
85,4,2841,200,-359,-344
85,4,2842,186,-359,-344
85,4,2844,180,-408,-287
85,4,2844,183,-353,-353
85,4,2844,193,-316,-350
85,4,2844,198,-333,-333
85,4,2844,199,-333,-333
85,4,2844,200,-333,-333
85,4,2845,156,-500,0
85,4,2845,189,-340,-325
85,4,2845,191,-340,-325
85,4,2845,194,-340,-325
85,4,2845,196,-340,-325
85,4,2845,197,-340,-325
85,4,2845,198,-340,-325
85,4,2845,199,-340,-325
85,4,2845,200,-340,-325
85,4,2845,201,-340,-325
85,4,2845,203,-340,-325
85,4,2846,189,-340,-325
85,4,2846,190,-350,-316
85,4,2846,190,-340,-325
85,4,2850,154,-498,48
85,4,2850,156,-500,0
85,4,2850,184,-408,-287
85,4,2851,186,-408,-287
85,4,2851,188,-408,-287
85,4,2852,186,-416,-277
85,4,2852,186,-408,-287
85,4,2853,154,-498,48
85,4,2855,153,-498,37
85,4,2860,155,-500,0
85,4,2860,155,-500,11
85,4,2860,156,-500,11
85,7,2795,306,0,-473
85,7,2802,319,48,-498
85,7,2834,219,-471,23
85,7,2834,220,-471,23
85,7,2834,221,-473,0
85,7,2834,221,-471,23
85,7,2834,222,-471,-24
85,7,2834,222,-471,23
85,7,2834,223,-471,23
85,7,2834,224,-471,23
85,7,2834,226,-471,23
85,7,2834,227,-471,23
85,7,2834,229,-471,23
85,7,2834,231,-471,23
85,7,2834,233,-471,23
85,7,2834,235,-471,23
85,7,2834,237,-471,23
85,7,2834,239,-471,23
85,7,2834,241,-471,23
85,7,2834,242,-471,23
85,7,2834,243,-471,23
85,7,2834,244,-471,23
85,7,2834,245,-471,23
85,7,2834,246,-471,23
85,7,2834,248,-471,23
85,7,2834,250,-471,23
85,7,2834,252,-471,23
85,7,2834,254,-471,23
85,7,2834,255,-471,23
85,7,2834,256,-471,23
85,7,2834,257,-471,23
85,7,2834,258,-471,23
85,7,2834,259,-471,23
85,7,2834,261,-471,23
85,7,2834,263,-471,23
85,7,2834,265,-471,23
85,7,2837,222,-444,-10
85,7,2840,288,-353,-353
85,7,2843,292,-345,-361
85,7,2845,287,-392,0
85,7,2846,295,-353,-353
85,7,2847,239,-392,19
85,7,2847,273,-392,19
85,7,2851,221,-500,0
85,7,2851,224,-366,18
85,7,2851,239,-366,18
85,7,2851,273,-366,18
85,7,2852,275,-340,0
85,7,2853,222,-340,-8
85,7,2854,223,-340,-8
85,7,2855,218,-340,17
85,7,2855,219,-340,17
85,7,2855,220,-340,17
85,7,2855,221,-340,17
85,7,2855,222,-340,17
85,7,2855,223,-340,-8
85,7,2855,223,-340,17
85,7,2855,224,-340,17
85,7,2855,225,-340,17
85,7,2855,226,-340,17
85,7,2855,228,-340,17
85,7,2855,230,-340,17
85,7,2855,232,-340,17
85,7,2855,234,-340,17
85,7,2855,236,-340,17
85,7,2855,238,-340,17
85,7,2855,240,-340,17
85,7,2855,241,-340,17
85,7,2855,242,-340,17
85,7,2855,243,-340,17
85,7,2855,244,-340,17
85,7,2855,245,-340,17
85,7,2855,247,-340,17
85,7,2855,249,-340,17
85,7,2855,251,-340,17
85,7,2855,252,-340,17
85,7,2855,253,-340,17
85,7,2855,254,-340,17
85,7,2855,255,-340,17
85,7,2855,256,-340,17
85,7,2855,257,-340,17
85,7,2855,258,-340,17
85,7,2855,260,-340,17
85,7,2855,262,-340,17
85,7,2855,263,-340,17
85,7,2855,264,-340,17
85,7,2856,240,-314,0
85,7,2856,247,-314,0
85,7,2856,254,-314,0
85,7,2856,257,-314,0
85,7,2856,266,-314,0
85,7,2856,267,-314,0
85,9,2772,372,-335,-371
85,9,2778,379,-335,-371
85,9,2834,276,-471,23
85,9,2834,288,-471,23
85,9,2834,290,-471,23
85,9,2834,292,-471,23
85,9,2834,294,-471,23
85,9,2834,296,-471,23
85,9,2834,302,-471,23
85,9,2834,304,-471,23
85,9,2834,306,-471,23
85,9,2834,308,-471,23
85,9,2834,310,-471,23
85,9,2834,318,-471,23
85,9,2834,319,-471,23
85,9,2834,320,-471,23
85,9,2834,321,-471,23
85,9,2838,323,-500,0
85,9,2839,316,-444,22
85,9,2841,321,-500,25
85,9,2852,325,-471,-24
85,9,2852,326,-469,-35
85,9,2855,273,-340,17
85,9,2855,275,-340,17
85,9,2855,287,-340,17
85,9,2855,289,-340,17
85,9,2855,291,-340,17
85,9,2855,293,-340,17
85,9,2855,295,-340,17
85,9,2855,301,-340,17
85,9,2855,303,-340,17
85,9,2855,305,-340,17
85,9,2855,307,-340,17
85,9,2855,309,-340,17
85,9,2855,315,-340,17
85,9,2855,316,-340,17
85,9,2855,317,-340,17
85,9,2855,318,-340,17
85,9,2855,319,-340,17
85,9,2855,320,-340,17
85,9,2856,275,-314,0
85,9,2856,318,-314,0
85,9,2856,320,-314,0
85,9,2856,323,-459,0
85,9,2856,323,-366,0
85,9,2859,323,-500,0
85,9,2861,321,-500,25
84,8,2768,267,-128,-90
84,8,2796,262,-287,86
84,8,2797,273,-442,-66
84,8,2798,274,-442,-66
84,8,2798,292,-97,-490
84,8,2799,292,-121,-484
84,8,2801,246,-156,474
84,8,2817,261,-498,-37
85,5,2788,212,0,369
85,5,2788,212,161,302
85,5,2792,211,0,500
85,5,2795,239,0,-447
85,5,2806,240,-137,-453
85,5,2837,222,-444,-10
85,5,2840,226,-492,-85
85,5,2840,227,-359,-344
85,5,2841,228,-359,-344
85,5,2841,231,-359,-344
85,5,2841,232,-359,-344
85,5,2842,222,-418,0
85,5,2844,235,-333,-333
85,5,2845,227,-340,-325
85,5,2845,230,-340,-325
85,5,2845,231,-340,-325
85,5,2845,234,-340,-325
85,5,2845,235,-340,-325
85,5,2846,220,-392,0
85,5,2846,222,-392,-9
85,5,2846,222,-392,0
85,5,2847,220,-500,0
85,5,2847,220,-392,0
85,5,2848,221,-392,0
85,5,2849,220,-500,0
85,5,2849,221,-500,0
85,5,2850,228,-492,-85
42,124,1286,3954,492,85
42,124,1299,3956,421,0
42,124,1303,3945,458,114
42,124,1307,3942,449,148
42,124,1308,3946,433,108
42,124,1323,3913,353,353
42,124,1364,3890,0,500
42,124,1364,3928,0,395
43,122,1310,3875,392,0
43,122,1311,3875,366,0
43,122,1311,3875,500,0
43,122,1311,3876,387,0
43,122,1312,3876,387,0
43,122,1314,3874,392,0
43,122,1314,3875,444,10
43,122,1315,3862,332,332
43,122,1315,3865,332,332
43,122,1315,3865,340,325
43,122,1315,3875,332,332
43,122,1315,3878,332,332
43,122,1364,3826,0,500
43,122,1364,3875,0,342
43,122,1373,3883,-37,-213
43,123,1299,3933,500,-11
43,123,1299,3940,500,0
43,123,1300,3940,500,0
43,123,1305,3934,500,0
43,123,1310,3909,402,296
43,123,1313,3894,321,307
43,123,1314,3906,340,325
43,123,1315,3897,332,332
43,123,1315,3897,340,325
43,123,1315,3898,332,332
43,123,1315,3901,332,332
43,123,1315,3903,316,349
43,123,1315,3905,332,332
43,123,1352,3887,109,488
43,123,1354,3861,121,484
43,123,1357,3956,0,0
43,123,1364,3866,0,500
86,3,2795,148,-197,153
86,3,2795,175,0,-447
86,3,2795,177,0,-287
86,3,2795,178,0,-473
86,3,2816,163,-287,-408
86,3,2821,171,-287,-408
86,3,2838,169,-335,-371
86,3,2844,193,-316,-350
86,3,2853,151,-310,-93
86,3,2854,153,-450,-148
86,3,2863,139,-447,0
86,3,2868,176,-345,-361
86,3,2874,132,-500,0
86,3,2874,139,-500,0
86,3,2880,157,-361,-345
86,3,2889,148,-470,-167
2,36,126,1108,124,232
2,36,133,1108,279,115
2,36,138,1071,-85,492
2,36,138,1083,14,287
2,36,142,1143,155,-210
2,36,145,1144,394,306
2,36,147,1123,-85,492
2,36,147,1127,-85,492
2,36,148,1123,-85,492
2,36,149,1077,-121,484
2,36,150,1109,-121,484
2,36,151,1103,-109,488
2,36,153,1105,-144,478
2,36,155,1094,-441,236
2,36,158,1146,-258,332
2,36,160,1092,-500,0
2,36,162,1139,-281,381
2,36,165,1092,-500,0
2,36,166,1145,-323,309
2,36,169,1140,-327,342
2,36,171,1136,-345,361
2,36,175,1125,-500,0
2,36,175,1136,-353,353
2,36,178,1122,-353,353
2,36,181,1120,-353,353
2,36,182,1116,-287,408
2,36,182,1129,-361,345
2,36,184,1115,-296,402
2,36,185,1110,-351,351
2,36,185,1120,-351,351
2,36,187,1139,-335,371
2,36,188,1107,-340,325
2,36,188,1108,-340,325
2,36,188,1110,-340,325
2,36,188,1112,-340,325
2,36,188,1113,-340,325
2,36,188,1115,-340,325
2,36,188,1117,-340,325
2,36,188,1118,-340,325
2,36,188,1122,-340,325
2,36,188,1126,-345,361
2,36,189,1107,-340,325
2,36,189,1113,-340,325
2,36,189,1118,-316,349
2,36,189,1122,-340,325
2,36,190,1122,-340,325
2,36,192,1119,-321,307
2,36,192,1121,-394,306
2,36,193,1106,-378,326
2,36,204,1148,-500,0
123,26,3876,829,361,345
123,26,3881,868,473,0
123,26,3885,843,473,0
123,26,3885,844,473,0
123,26,3885,867,473,0
123,26,3890,843,447,0
123,26,3914,843,0,0
123,26,3919,843,44,-94
122,25,3832,788,314,0
122,25,3832,791,314,0
122,25,3832,792,314,0
122,25,3832,794,314,0
122,25,3832,795,314,0
122,25,3832,796,314,0
122,25,3832,797,314,0
122,25,3832,801,314,0
122,25,3832,802,314,0
122,25,3832,803,314,0
122,25,3832,804,314,0
122,25,3832,805,314,0
122,25,3832,806,314,0
122,25,3832,807,314,0
122,25,3832,809,314,0
122,25,3832,810,314,0
122,25,3832,811,314,0
122,25,3832,812,314,0
122,25,3832,813,314,0
122,25,3832,814,314,0
122,25,3832,815,314,0
122,25,3832,816,314,0
122,25,3832,817,314,0
122,25,3832,818,314,0
122,25,3832,819,314,0
122,25,3832,821,314,0
122,25,3832,822,314,0
122,25,3832,823,314,0
122,25,3832,824,314,0
122,25,3832,828,314,0
122,25,3832,830,314,0
122,25,3832,831,314,0
122,25,3832,832,314,0
122,25,3832,833,314,0
122,25,3832,834,314,0
122,25,3832,835,314,0
122,25,3832,836,314,0
122,25,3832,837,314,0
122,25,3832,838,314,0
122,25,3832,839,314,0
122,25,3832,840,314,0
122,25,3832,841,314,0
122,25,3832,842,314,0
122,25,3832,843,314,0
122,25,3833,791,340,-17
122,25,3834,841,340,7
122,25,3843,834,392,0
122,25,3846,867,500,0
122,25,3847,765,500,0
122,25,3847,832,418,0
122,25,3847,833,418,0
122,25,3847,834,418,0
122,25,3847,836,418,0
122,25,3847,837,418,0
122,25,3847,838,418,0
122,25,3847,839,418,0
122,25,3847,840,418,0
122,25,3847,841,418,0
122,25,3847,842,418,0
122,25,3847,843,418,0
122,25,3847,867,500,0
122,25,3848,867,500,0
122,25,3856,832,471,0
122,25,3856,836,471,0
122,25,3870,879,253,-400
123,24,3872,767,435,246
123,24,3875,767,421,267
123,24,3876,765,500,0
123,24,3876,803,148,-450
123,24,3885,779,473,0
123,24,3885,787,473,0
123,24,3890,785,442,-66
123,24,3892,764,0,500
123,24,3892,767,0,500
123,24,3892,803,121,-484
123,24,3894,785,416,-62
123,24,3904,781,419,-41
123,24,3909,788,159,0
123,24,3917,779,21,-48
123,24,3918,779,20,-16
123,24,3920,788,83,62
122,23,3826,765,500,0
122,23,3827,765,500,0
122,23,3828,770,392,-38
122,23,3829,744,500,0
122,23,3829,765,500,0
122,23,3829,769,379,-28
122,23,3831,765,366,0
122,23,3831,766,335,-8
122,23,3831,766,335,0
122,23,3832,764,314,0
122,23,3832,765,314,0
122,23,3832,766,314,0
122,23,3832,767,340,-17
122,23,3832,770,314,0
122,23,3832,771,314,0
122,23,3832,772,314,0
122,23,3832,773,314,0
122,23,3832,775,314,0
122,23,3832,776,314,0
122,23,3832,777,314,0
122,23,3832,778,314,0
122,23,3832,779,314,0
122,23,3833,765,340,0
122,23,3833,766,340,0
122,23,3833,767,340,-17
122,23,3834,765,340,0
122,23,3834,766,340,0
122,23,3834,767,340,-8
122,23,3835,764,340,0
122,23,3835,765,340,0
122,23,3835,766,340,-17
122,23,3835,766,340,-8
122,23,3835,767,340,-17
122,23,3835,769,338,-33
122,23,3835,769,340,0
122,23,3835,770,335,-50
122,23,3835,770,337,-41
122,23,3835,771,334,-58
122,23,3835,773,332,-74
122,23,3835,788,340,0
122,23,3836,790,366,-8
122,23,3837,791,366,-18
122,23,3838,708,500,0
122,23,3840,790,392,-9
122,23,3845,814,321,-307
122,23,3847,771,418,0
122,23,3847,772,418,0
122,23,3847,775,418,0
122,23,3847,776,418,0
122,23,3847,778,418,0
122,23,3847,779,418,0
122,23,3852,788,444,0
122,23,3856,776,471,0
122,23,3856,808,471,0
122,23,3861,769,444,0
122,23,3861,811,497,0
122,23,3864,696,323,309
122,23,3882,738,0,-235
122,23,3883,753,0,0
122,23,3884,841,121,-484
122,23,3888,692,50,417
122,23,3889,786,26,364
122,23,3892,708,2,25
122,23,3892,811,0,-421
122,23,3894,784,-10,209
123,22,3871,727,494,-74
123,22,3874,765,496,-60
123,22,3876,738,386,-316
123,22,3882,747,212,-451
123,22,3884,696,203,457
123,22,3884,740,224,-447
123,22,3887,696,156,474
123,22,3888,734,203,-457
123,22,3888,772,399,-253
123,22,3889,736,156,-474
123,22,3889,760,424,-140
123,22,3890,704,267,421
123,22,3891,705,326,378
123,22,3892,700,0,500
123,22,3892,710,342,327
123,22,3892,718,419,-31
123,22,3892,724,208,-112
123,22,3892,738,0,-500
122,21,3827,699,500,25
122,21,3828,708,500,0
122,21,3829,676,500,0
122,21,3831,696,498,48
122,21,3831,697,498,48
122,21,3833,708,500,0
122,21,3840,740,321,-307
122,21,3840,742,321,-307
122,21,3840,743,321,-307
122,21,3840,747,321,-307
122,21,3840,751,321,-307
122,21,3842,733,340,-325
122,21,3842,734,340,-325
122,21,3843,733,340,-325
122,21,3843,736,325,-340
122,21,3844,745,340,-325
122,21,3844,748,340,-325
122,21,3844,757,340,-325
122,21,3846,724,345,-361
122,21,3847,733,351,-351
122,21,3847,735,351,-351
122,21,3847,736,351,-351
122,21,3847,737,351,-351
122,21,3847,740,351,-351
122,21,3847,741,351,-351
122,21,3847,744,351,-351
122,21,3847,753,351,-351
122,21,3849,698,386,-272
122,21,3850,720,353,-353
122,21,3851,750,361,-345
122,21,3854,744,500,0
122,21,3865,657,284,42
122,21,3865,671,-182,-287
122,21,3870,664,81,-410
122,21,3872,674,53,-57
122,21,3872,683,264,0
122,21,3880,752,148,-450
122,21,3883,713,-472,-46
122,21,3883,774,132,-482
122,21,3888,719,393,29
122,21,3888,750,66,-442
122,21,3890,641,0,-130
122,21,3890,722,68,-228
122,21,3892,727,5,-25
122,21,3892,727,24,-10
122,21,3892,769,0,-500
122,21,3892,783,0,-500
122,21,3894,719,0,130
122,21,3897,724,-46,23
122,21,3898,724,-212,301
122,21,3898,724,-48,392
122,21,3898,724,-26,1
122,21,3898,724,-23,11
122,21,3898,724,-5,51
122,21,3966,631,0,395
3,110,175,3531,-128,-90
3,110,209,3555,-473,0
3,110,210,3531,-473,0
3,110,214,3555,-500,0
3,110,222,3520,-496,60
3,110,225,3555,-500,0
3,110,237,3554,-500,0
4,109,233,3525,-418,0
4,109,237,3529,-444,0
4,109,242,3476,-471,23
4,109,242,3477,-471,23
4,109,242,3478,-471,23
4,109,242,3480,-471,23
4,109,242,3484,-471,23
4,109,242,3486,-471,23
4,109,242,3488,-471,23
4,109,242,3490,-471,23
4,109,242,3492,-471,23
4,109,242,3494,-471,23
4,109,242,3496,-471,23
4,109,242,3498,-471,23
4,109,242,3500,-471,23
4,109,242,3502,-471,23
4,109,242,3504,-471,23
4,109,242,3506,-471,23
4,109,242,3508,-471,23
4,109,242,3510,-471,23
4,109,242,3512,-471,23
4,109,242,3514,-471,23
4,109,242,3516,-471,23
4,109,242,3518,-471,23
4,109,242,3519,-471,23
4,109,242,3520,-471,23
4,109,242,3521,-471,23
4,109,242,3522,-471,23
4,109,242,3523,-471,23
4,109,242,3524,-471,23
4,109,242,3525,-471,23
4,109,242,3526,-471,23
4,109,242,3527,-471,23
4,109,242,3528,-471,23
4,109,242,3529,-471,23
4,109,247,3555,-500,0
4,109,249,3555,-500,0
4,109,251,3477,-417,30
4,109,255,3481,-392,19
4,109,263,3473,-340,17
4,109,263,3474,-340,17
4,109,263,3475,-340,17
4,109,263,3476,-340,17
4,109,263,3477,-340,17
4,109,263,3479,-340,17
4,109,263,3481,-340,17
4,109,263,3483,-340,17
4,109,263,3484,-340,17
4,109,263,3485,-340,17
4,109,263,3487,-340,17
4,109,263,3489,-340,17
4,109,263,3491,-340,17
4,109,263,3493,-340,17
4,109,263,3495,-340,17
4,109,263,3497,-340,17
4,109,263,3498,-340,17
4,109,263,3499,-340,17
4,109,263,3501,-340,17
4,109,263,3503,-340,17
4,109,263,3504,-340,17
4,109,263,3505,-340,17
4,109,263,3507,-340,17
4,109,263,3508,-340,17
4,109,263,3509,-340,17
4,109,263,3511,-340,17
4,109,263,3513,-340,17
4,109,263,3514,-340,17
4,109,263,3515,-340,17
4,109,263,3516,-340,17
4,109,263,3517,-340,17
4,109,263,3518,-340,17
4,109,263,3519,-340,17
4,109,263,3520,-340,17
4,109,263,3521,-340,17
4,109,263,3522,-340,17
4,109,263,3523,-340,17
4,109,263,3524,-340,17
4,109,263,3525,-340,17
4,109,263,3526,-340,17
4,109,263,3527,-340,17
4,109,263,3528,-340,17
4,109,264,3479,-314,0
4,109,264,3515,-314,0
4,109,264,3518,-314,0
4,109,264,3522,-314,0
4,109,264,3528,-314,0
3,108,205,3473,-442,-66
3,108,206,3474,-442,-66
3,108,220,3491,-361,-345
3,108,220,3491,-306,-394
3,108,221,3451,-378,326
4,107,209,3364,-74,494
4,107,217,3375,-170,442
4,107,229,3456,-392,0
4,107,236,3454,-444,0
4,107,237,3509,-353,-353
4,107,240,3512,-353,-353
4,107,241,3513,-345,-361
4,107,242,3451,-471,23
4,107,242,3452,-471,23
4,107,242,3454,-471,-24
4,107,242,3454,-471,23
4,107,242,3455,-471,23
4,107,242,3456,-471,23
4,107,242,3457,-471,23
4,107,242,3458,-471,23
4,107,242,3459,-471,23
4,107,242,3460,-471,23
4,107,242,3461,-471,23
4,107,242,3463,-471,23
4,107,242,3465,-471,23
4,107,244,3460,-444,0
4,107,258,3474,-366,8
4,107,259,3473,-366,18
4,107,262,3455,-340,-8
4,107,263,3450,-340,17
4,107,263,3451,-340,17
4,107,263,3452,-340,17
4,107,263,3453,-340,17
4,107,263,3454,-340,17
4,107,263,3455,-340,-8
4,107,263,3455,-340,17
4,107,263,3456,-340,17
4,107,263,3457,-340,17
4,107,263,3458,-340,17
4,107,263,3459,-340,17
4,107,263,3460,-340,17
4,107,263,3462,-340,17
4,107,263,3464,-340,17
4,107,264,3453,-314,0
4,107,264,3454,-314,0
4,107,264,3458,-314,0
4,107,264,3460,-314,0
4,107,264,3461,-314,0
4,107,265,3439,-478,144
4,107,265,3440,-478,144
4,107,267,3441,-482,132
3,106,203,3408,-418,50
3,106,203,3428,0,-500
3,106,203,3430,0,-500
3,106,206,3409,-442,-66
3,106,207,3406,-446,-33
3,106,207,3407,-446,43
3,106,210,3409,-468,-70
3,106,210,3410,-473,10
3,106,213,3433,-236,-441
3,106,220,3427,-306,-394
3,106,228,3400,-500,0
4,105,147,3324,0,369
4,105,196,3412,0,369
4,105,196,3412,161,302
4,105,197,3405,-263,175
4,105,197,3405,-258,181
4,105,199,3412,0,447
4,105,199,3412,169,267
4,105,238,3445,-361,-345
4,105,241,3448,-361,-345
4,105,245,3437,-361,-345
4,105,246,3437,-361,-345
4,105,249,3420,-344,-359
4,105,249,3431,-359,-344
4,105,249,3431,-351,-351
4,105,249,3432,-359,-344
4,105,249,3440,-351,-351
4,105,249,3441,-359,-344
4,105,252,3394,-361,-345
4,105,252,3425,-316,-350
4,105,252,3435,-333,-333
4,105,252,3444,-333,-333
4,105,253,3421,-340,-325
4,105,253,3427,-340,-325
4,105,253,3430,-340,-325
4,105,253,3433,-340,-325
4,105,253,3434,-340,-325
4,105,253,3435,-340,-325
4,105,253,3444,-340,-325
4,105,256,3398,-361,-345
4,105,258,3403,-386,-316
4,105,259,3418,-408,-287
122,28,3831,924,500,0
122,28,3833,872,500,0
122,28,3837,868,500,0
122,28,3838,868,405,0
122,28,3838,868,500,0
122,28,3839,867,366,0
122,28,3839,867,500,0
122,28,3839,868,387,0
122,28,3839,868,392,0
122,28,3839,868,500,0
122,28,3840,868,387,0
122,28,3841,853,321,307
122,28,3841,854,366,141
122,28,3842,862,384,76
122,28,3842,866,392,0
122,28,3842,874,340,325
122,28,3843,852,332,332
122,28,3843,852,340,325
122,28,3843,854,332,332
122,28,3843,855,332,332
122,28,3843,856,332,332
122,28,3843,856,340,325
122,28,3843,856,394,140
122,28,3843,858,332,332
122,28,3843,859,332,332
122,28,3843,860,332,332
122,28,3843,862,332,332
122,28,3843,863,332,332
122,28,3843,864,332,332
122,28,3843,865,332,332
122,28,3843,866,332,332
122,28,3843,867,332,332
122,28,3843,868,332,332
122,28,3843,869,332,332
122,28,3843,870,332,332
122,28,3843,872,332,332
122,28,3843,874,332,332
122,28,3843,874,340,325
122,28,3843,877,332,332
122,28,3847,870,358,343
122,28,3847,877,358,343
122,28,3848,868,440,0
122,28,3866,851,500,0
122,28,3880,843,136,453
122,28,3882,873,212,0
122,28,3883,873,185,0
122,28,3884,871,185,0
122,28,3892,870,-253,-400
122,28,3896,881,48,-176
122,28,3899,865,169,-442
122,28,3901,865,106,-353
122,28,3901,869,-265,-217
122,28,3901,873,-72,-415
122,28,3901,880,-56,-204
122,28,3901,881,299,-258
122,28,3902,872,-51,-418
122,28,3902,873,-54,-444
122,28,3906,863,385,-86
122,28,3918,860,89,357
4,112,200,3567,-273,-97
4,112,223,3614,-224,-447
4,112,249,3545,-351,351
4,112,249,3546,-351,351
4,112,249,3560,-500,0
4,112,249,3566,-351,351
4,112,252,3542,-340,325
4,112,252,3543,-340,325
4,112,252,3544,-340,325
4,112,252,3546,-340,325
4,112,252,3547,-340,325
4,112,252,3550,-340,325
4,112,252,3554,-340,325
4,112,252,3562,-340,325
4,112,253,3543,-340,325
4,112,253,3544,-340,325
4,112,253,3555,-392,0
4,112,253,3556,-340,0
4,112,253,3562,-340,325
4,112,254,3551,-441,53
4,112,254,3552,-419,41
4,112,254,3553,-412,30
4,112,255,3553,-391,28
4,112,256,3556,-366,0
4,112,257,3553,-366,8
4,112,258,3546,-490,97
4,113,203,3536,0,500
4,113,211,3586,-114,458
4,113,211,3587,-85,492
4,113,215,3567,-109,488
4,113,216,3562,-277,416
4,113,219,3558,-441,236
4,113,220,3559,-441,236
4,113,223,3611,-258,332
4,113,224,3556,-500,0
4,113,227,3612,-304,291
4,113,228,3606,-309,358
4,113,229,3609,-316,316
4,113,231,3602,-318,351
4,113,234,3575,-257,429
4,113,235,3601,-361,345
4,113,238,3619,-447,0
4,113,239,3597,-326,378
4,113,239,3600,-353,353
4,113,242,3593,-335,371
4,113,244,3643,-371,-335
4,113,245,3591,-353,353
4,113,246,3580,-287,408
4,113,248,3579,-296,402
4,113,249,3613,-378,326
4,113,252,3571,-340,325
4,113,252,3579,-340,325
4,113,252,3580,-340,325
4,113,252,3581,-340,325
4,113,252,3583,-340,325
4,113,252,3584,-340,325
4,113,252,3586,-340,325
4,113,253,3571,-340,325
4,113,253,3581,-340,325
4,113,253,3582,-316,349
4,113,253,3583,-340,325
4,113,253,3584,-340,325
4,113,253,3586,-340,325
4,113,253,3620,-500,0
4,113,254,3586,-350,316
4,113,254,3586,-340,325
4,113,255,3586,-340,325
4,113,256,3580,-321,307
4,113,256,3647,-451,-212
4,113,257,3570,-378,326
4,113,258,3586,-386,316
4,113,268,3620,-500,0
5,114,204,3601,-33,445
5,114,212,3722,-151,215
5,114,224,3576,0,500
5,114,237,3631,-53,175
5,114,239,3615,-335,371
5,114,240,3588,-277,416
5,114,241,3607,-345,361
5,114,243,3617,-158,174
5,114,245,3607,-345,361
5,114,245,3608,-345,361
5,114,246,3590,-335,371
5,114,247,3652,104,0
5,114,248,3616,-199,207
5,114,259,3626,-433,108
5,114,259,3654,-292,339
5,114,265,3621,-470,167
5,114,271,3590,-351,351
5,114,278,3600,-353,353
5,114,279,3654,-500,0
5,114,298,3642,-392,8
123,51,3871,1593,470,167
123,51,3872,1660,500,0
123,51,3872,1663,402,-296
123,51,3885,1620,473,0
123,51,3885,1621,473,0
123,51,3885,1622,473,0
123,51,3885,1635,473,0
123,51,3885,1652,473,0
123,51,3892,1587,466,179
123,51,3892,1631,417,50
123,51,3900,1610,433,108
123,51,3919,1652,106,75
123,51,3932,1584,-23,447
123,51,3947,1584,-23,447
123,51,4011,1559,0,316
87,124,2807,3919,488,109
87,124,2808,3919,482,132
87,124,2815,3922,498,48
87,124,2822,3921,451,212
87,124,2827,3929,0,78
87,124,2837,3926,-141,396
87,124,2844,3928,-217,362
87,124,2860,3915,-148,449
2,78,110,2584,-361,-345
2,78,161,2507,-447,0
2,78,175,2552,-446,-159
2,78,178,2539,-473,0
2,78,192,2500,-500,0
2,78,192,2556,-500,0
2,78,192,2556,-492,-85
85,124,2724,3895,179,466
85,124,2726,3927,189,376
85,124,2737,3931,54,364
85,124,2739,3921,22,447
85,124,2740,3921,0,447
85,124,2747,3902,0,500
85,124,2760,3920,-416,277
85,124,2810,4014,-473,-24
85,124,2842,4018,-496,-60
85,124,2847,4018,-498,48
82,124,2666,3920,22,447
82,124,2667,3921,0,447
82,124,2667,3926,13,262
82,124,2668,3920,-23,447
82,124,2668,3945,-19,254
82,124,2669,3921,-33,445
82,124,2670,3925,-41,419
82,124,2670,3928,-58,390
82,124,2672,3924,-62,416
82,124,2672,3925,-72,414
82,124,2702,3956,104,0
82,124,2703,3925,-51,417
82,124,2716,3907,-148,449
82,124,2728,3932,-346,283
82,124,2732,3929,-366,299
81,123,2671,3903,-335,371
81,123,2672,3876,-277,416
81,123,2674,3888,-353,353
81,123,2676,3905,-176,194
81,123,2677,3880,-353,353
81,123,2678,3878,-335,371
81,123,2692,3924,-316,0
81,123,2695,3892,-500,0
81,123,2701,3914,-490,97
81,123,2709,3907,-335,371
81,123,2710,3888,-353,353
81,123,2723,3923,-462,191
81,123,2733,3924,-500,0
86,123,2747,3875,361,345
86,123,2777,3901,134,224
86,123,2778,3865,97,490
86,123,2784,3863,0,314
86,123,2784,3866,0,340
86,123,2848,3878,0,440
86,123,2848,3879,0,418
86,123,2860,3898,-381,281
86,123,2869,3895,-488,109
80,122,2664,3884,-309,323
80,122,2673,3850,-353,353
80,122,2673,3915,-148,449
80,122,2676,3847,-361,345
80,122,2678,3868,-287,408
80,122,2680,3904,-361,345
80,122,2680,3907,-345,361
80,122,2680,3924,-500,0
80,122,2681,3884,-345,361
80,122,2684,3874,-340,325
80,122,2684,3892,-345,361
80,122,2685,3870,-316,349
80,122,2685,3874,-340,325
80,122,2685,3881,-353,353
3,77,139,2516,0,0
3,77,171,2546,0,-473
3,77,171,2554,0,-500
3,77,183,2544,-148,-450
3,77,187,2545,-192,-433
3,77,210,2495,-471,23
3,77,210,2497,-471,23
3,77,210,2498,-469,34
3,77,210,2499,-471,23
3,77,210,2501,-471,23
3,77,210,2503,-471,23
3,77,210,2505,-471,23
3,77,229,2499,-340,0
3,77,231,2492,-340,17
3,77,231,2494,-340,17
3,77,231,2496,-365,26
3,77,231,2496,-340,17
3,77,231,2497,-340,17
3,77,231,2498,-340,17
3,77,231,2500,-340,17
3,77,231,2502,-340,17
3,77,231,2504,-340,17
3,77,235,2461,-500,0
3,77,236,2461,-500,0
2,76,51,2514,10,-473
2,76,171,2447,0,-500
2,76,178,2433,-473,23
2,76,178,2434,-473,10
2,76,184,2471,-306,-394
2,76,189,2461,-500,0
2,76,189,2461,-466,-179
2,76,190,2461,-496,-60
3,74,157,2440,-408,101
3,74,162,2420,-20,395
3,74,164,2416,-162,302
3,74,164,2416,-154,306
3,74,164,2420,0,369
3,74,165,2413,-263,175
3,74,166,2419,163,271
3,74,171,2457,0,-500
3,74,215,2402,-361,-345
3,74,217,2438,-359,-344
3,74,217,2439,-359,-344
3,74,217,2439,-351,-351
3,74,217,2440,-359,-344
3,74,221,2429,-340,-325
3,74,221,2441,-340,-325
3,74,221,2442,-340,-325
3,74,221,2443,-340,-325
3,74,222,2429,-340,-325
3,74,222,2430,-340,-325
3,74,227,2426,-408,-287
4,73,171,2402,0,-290
4,73,171,2403,0,-290
4,73,171,2418,0,-473
4,73,197,2411,-287,-408
4,73,200,2411,-335,-371
4,73,215,2391,-482,-132
6,73,192,2426,0,-500
6,73,205,2402,0,-290
6,73,210,2400,325,-266
6,73,252,2438,0,-340
6,73,254,2440,25,-339
6,73,255,2393,0,-287
6,73,255,2441,0,-314
6,73,256,2410,0,-418
6,73,256,2427,-344,-359
6,73,257,2410,0,-418
6,73,257,2440,-17,-340
6,73,258,2410,0,-418
6,73,258,2440,-17,-340
6,73,259,2410,0,-418
6,73,259,2431,-325,-340
6,73,259,2440,-17,-340
6,73,260,2410,0,-418
6,73,260,2440,-17,-340
6,73,261,2440,-17,-340
6,73,262,2440,-17,-340
6,73,262,2441,0,-314
6,73,263,2410,0,-418
6,73,263,2441,0,-314
6,73,264,2410,0,-418
6,73,264,2440,-17,-340
6,73,264,2441,0,-314
6,73,265,2410,0,-418
6,73,265,2440,-17,-340
6,73,265,2441,0,-314
6,73,266,2410,0,-418
6,73,266,2440,-17,-340
6,73,267,2410,0,-418
6,73,267,2414,-22,-444
6,73,267,2440,-17,-340
6,73,267,2440,25,-339
6,73,268,2440,-17,-340
6,73,269,2427,-344,-359
6,73,269,2440,-17,-340
6,73,270,2427,-344,-359
6,73,271,2426,-351,-351
6,73,272,2427,-344,-359
6,73,272,2431,-325,-340
6,73,273,2431,-325,-340
6,73,275,2427,-344,-359
6,73,275,2431,-325,-340
6,73,277,2427,-344,-359
6,73,278,2431,-325,-340
6,73,279,2427,-344,-359
6,73,280,2427,-344,-359
6,73,280,2431,-325,-340
6,73,281,2427,-344,-359
6,73,282,2431,-325,-340
6,73,283,2431,-325,-340
6,73,284,2431,-325,-340
6,73,308,2373,-234,-23
6,73,313,2405,-441,-236
119,56,3751,1760,345,361
119,56,3752,1758,345,361
119,56,3753,1758,345,361
119,56,3753,1758,361,345
119,56,3753,1772,466,81
119,56,3755,1764,335,371
119,56,3767,1804,-95,246
119,56,3768,1770,433,108
119,56,3771,1775,469,57
119,56,3773,1730,349,316
119,56,3774,1740,222,415
119,56,3775,1730,332,332
119,56,3776,1725,273,317
119,56,3776,1730,332,332
119,56,3779,1730,332,332
119,56,3782,1730,332,332
119,56,3782,1750,179,380
119,56,3783,1729,325,340
119,56,3783,1745,-257,429
119,56,3785,1730,332,332
119,56,3786,1730,332,332
119,56,3787,1723,7,340
119,56,3790,1722,0,340
119,56,3791,1730,332,332
119,56,3796,1756,48,498
119,56,3798,1719,0,314
119,56,3799,1719,0,314
119,56,3801,1719,0,314
119,56,3802,1722,50,335
119,56,3803,1719,0,314
119,56,3803,1730,332,332
119,56,3804,1719,0,314
119,56,3805,1730,332,332
119,56,3806,1719,0,314
119,56,3806,1730,332,332
119,56,3807,1719,0,314
119,56,3807,1719,7,314
119,56,3808,1722,0,340
119,56,3810,1730,332,332
119,56,3812,1719,0,314
119,56,3812,1752,0,395
119,56,3815,1729,325,340
119,56,3815,1730,332,332
119,56,3816,1729,325,340
119,56,3816,1730,332,332
119,56,3818,1729,325,340
119,56,3818,1730,332,332
119,56,3824,1727,314,314
119,56,3827,1730,332,332
119,56,3862,1758,277,-416
119,56,3872,1715,0,500
119,56,3872,1724,0,500
119,56,3872,1747,0,421
119,56,3876,1717,-48,498
119,56,3877,1721,-85,492
121,56,3798,1776,494,74
121,56,3799,1775,492,85
121,56,3800,1774,488,109
121,56,3805,1758,408,287
121,56,3806,1779,492,85
121,56,3809,1780,500,0
121,56,3835,1766,449,148
121,56,3836,1770,433,108
121,56,3841,1737,353,353
121,56,3843,1770,433,108
121,56,3849,1751,361,345
121,56,3850,1734,345,361
121,56,3850,1735,345,361
121,56,3850,1736,345,361
121,56,3851,1737,353,353
121,56,3856,1764,438,181
121,56,3858,1744,353,353
121,56,3879,1720,156,474
121,56,3892,1741,0,473
121,56,3892,1745,0,447
121,56,3892,1747,0,421
121,56,3892,1778,78,-61
122,55,3827,1764,500,0
122,55,3838,1732,402,296
122,55,3838,1734,402,296
122,55,3841,1712,321,307
122,55,3841,1718,321,307
122,55,3841,1729,340,325
122,55,3842,1730,340,325
122,55,3843,1715,332,332
122,55,3843,1715,340,325
122,55,3843,1717,332,332
122,55,3843,1717,340,325
122,55,3843,1718,332,332
122,55,3843,1720,332,332
122,55,3843,1720,340,325
122,55,3843,1721,332,332
122,55,3843,1721,340,325
122,55,3843,1722,332,332
122,55,3843,1723,332,332
122,55,3843,1724,332,332
122,55,3843,1725,332,332
122,55,3843,1727,316,349
122,55,3843,1727,332,332
122,55,3843,1728,332,332
122,55,3844,1716,325,340
122,55,3845,1740,353,353
122,55,3846,1733,358,343
122,55,3851,1704,353,353
122,55,3872,1780,316,0
122,55,3880,1711,148,449
122,55,3892,1682,0,500
122,55,3892,1683,0,500
122,55,3892,1702,0,500
122,55,3892,1713,0,447
122,55,3898,1730,106,-353
123,53,3871,1699,500,0
123,53,3872,1699,500,0
123,53,3872,1700,500,0
123,53,3873,1700,500,0
123,53,3874,1699,496,60
123,53,3874,1699,500,0
123,53,3875,1699,494,74
123,53,3875,1699,500,0
123,53,3878,1688,287,408
123,53,3885,1725,473,0
123,53,3885,1726,473,-11
123,53,3892,1713,0,500
123,53,3892,1718,0,500
123,53,4011,1648,-23,447
123,53,4011,1649,0,447
123,53,4017,1636,-74,494
122,52,3826,1699,497,0
122,52,3827,1699,500,0
122,52,3829,1699,500,0
122,52,3831,1700,335,0
122,52,3832,1652,314,0
122,52,3832,1654,314,0
122,52,3832,1655,314,0
122,52,3832,1656,314,0
122,52,3832,1657,314,0
122,52,3832,1658,314,0
122,52,3832,1659,314,0
122,52,3832,1660,314,0
122,52,3832,1661,314,0
122,52,3832,1662,314,0
122,52,3832,1663,314,0
122,52,3832,1667,314,0
122,52,3832,1689,314,0
122,52,3832,1699,366,0
122,52,3833,1659,340,-17
122,52,3833,1662,340,-8
122,52,3833,1663,340,-17
122,52,3835,1660,340,0
122,52,3835,1699,500,0
122,52,3836,1660,340,0
122,52,3844,1627,345,361
122,52,3844,1699,500,0
122,52,3847,1699,500,0
122,52,3853,1699,473,0
122,52,3855,1680,208,20
122,52,3856,1698,314,7
122,52,3857,1699,447,0
122,52,3858,1696,341,25
122,52,3861,1700,414,0
122,52,3868,1616,0,500
122,52,3875,1612,181,438
122,52,3877,1633,218,228
122,52,3880,1615,148,449
122,52,3883,1601,0,500
122,52,3908,1633,240,279
122,52,3914,1592,121,484
122,52,3929,1620,-72,412
122,52,4011,1656,0,500
121,30,3804,938,500,-25
121,30,3809,937,500,-11
121,30,3809,938,500,-11
121,30,3810,936,500,-11
121,30,3813,938,500,-25
121,30,3815,990,498,37
121,30,3817,938,464,92
121,30,3818,934,498,-37
121,30,3818,1023,498,48
121,30,3821,964,473,0
121,30,3821,982,490,-97
121,30,3827,964,421,0
121,30,3834,918,300,332
121,30,3834,935,453,136
121,30,3835,934,445,158
121,30,3836,938,433,108
121,30,3837,937,431,118
121,30,3843,897,325,340
121,30,3843,898,332,332
121,30,3849,943,292,121
121,30,3851,905,353,353
121,30,3852,923,345,361
121,30,3858,912,353,353
121,30,3859,926,136,453
121,30,3868,940,110,-269
121,30,3868,942,-136,-227
121,30,3871,939,63,-283
121,30,3875,921,-266,325
121,30,3879,886,144,478
121,30,3881,884,121,484
121,30,3882,919,-419,-41
121,30,3892,940,0,0
121,30,3892,946,78,-61
121,30,3892,947,51,-9
