3,123,155,3917,-70,-140
3,123,158,3916,-185,99
3,123,162,3915,-185,-99
3,123,162,3915,46,-313
3,123,163,3915,26,1
3,123,166,3915,23,-12
3,123,166,3915,204,-167
3,123,168,3918,-48,-498
3,123,171,3910,31,-260
3,123,180,3919,244,-200
3,123,183,3887,-159,445
3,123,183,3887,-148,449
3,123,192,3931,-248,273
3,123,193,3935,-195,215
3,123,198,3896,-316,316
3,123,202,3886,-361,345
3,123,215,3916,-345,361
3,123,217,3885,-359,343
3,123,217,3885,-351,351
3,123,217,3886,-351,351
3,123,217,3896,-351,351
3,123,217,3897,-351,351
3,123,217,3911,-345,361
3,123,217,3927,-345,361
3,123,217,3930,-345,361
3,123,218,3930,-345,361
3,123,220,3891,-333,332
3,123,220,3893,-340,325
3,123,220,3894,-340,325
3,123,220,3904,-325,340
3,123,220,3906,-340,325
3,123,220,3933,-345,361
3,123,221,3891,-340,325
3,123,221,3892,-340,325
3,123,221,3902,-318,351
3,123,221,3906,-340,325
3,123,221,3926,-353,353
3,123,222,3906,-340,325
3,123,224,3903,-321,307
3,123,225,3910,-402,296
3,123,225,3912,-408,287
3,123,226,3906,-386,316
3,123,227,3909,-402,296
3,123,228,3909,-402,296
3,123,236,3933,-500,0
2,122,169,3920,-198,-369
2,122,174,3917,-442,66
2,122,177,3906,-287,408
2,122,179,3897,-203,457
2,122,181,3892,-212,451
2,122,181,3892,-203,457
2,122,181,3894,-236,441
2,122,185,3897,-306,394
2,122,186,3897,-326,378
2,122,186,3898,-326,378
2,122,188,3901,-148,449
3,121,171,3853,-148,-277
3,121,171,3854,-43,-29
3,121,171,3858,-145,-217
3,121,171,3859,-74,-138
3,121,172,3844,-14,21
3,121,172,3854,-14,-287
3,121,178,3853,-81,466
3,121,180,3835,-277,416
3,121,188,3832,-500,0
3,121,191,3874,-337,41
3,121,198,3852,-500,-25
3,121,198,3878,-340,0
3,121,201,3874,-418,21
3,121,206,3874,-444,10
3,121,208,3830,-471,-11
3,121,208,3852,-471,-11
3,121,209,3873,-471,23
3,121,209,3874,-471,23
3,121,210,3860,-471,23
3,121,210,3861,-471,23
3,121,210,3862,-471,23
3,121,210,3863,-471,23
3,121,210,3864,-471,23
3,121,210,3865,-471,23
3,121,210,3866,-471,23
3,121,210,3867,-471,23
3,121,210,3868,-471,23
3,121,210,3869,-471,23
3,121,210,3870,-471,23
3,121,210,3871,-471,23
3,121,210,3872,-471,23
3,121,210,3873,-471,23
3,121,210,3874,-469,34
3,121,212,3867,-444,0
3,121,212,3870,-490,97
3,121,212,3875,-444,10
3,121,213,3852,-444,-10
3,121,213,3873,-444,22
3,121,214,3875,-500,0
3,121,215,3859,-444,22
3,121,222,3868,-490,97
3,121,223,3858,-392,19
3,121,225,3875,-441,0
3,121,227,3877,-471,-24
3,121,229,3875,-340,7
3,121,230,3872,-340,17
3,121,230,3873,-340,7
3,121,231,3857,-340,17
3,121,231,3858,-340,17
3,121,231,3859,-340,17
3,121,231,3860,-340,17
3,121,231,3861,-340,17
3,121,231,3862,-340,17
3,121,231,3863,-340,17
3,121,231,3864,-340,17
3,121,231,3865,-340,17
3,121,231,3866,-340,17
3,121,231,3867,-340,17
3,121,231,3868,-340,17
3,121,231,3868,-335,58
3,121,231,3869,-340,17
3,121,231,3870,-340,17
3,121,231,3871,-340,17
3,121,231,3872,-340,17
3,121,231,3872,-339,25
3,121,231,3873,-340,17
3,121,231,3873,-339,25
3,121,231,3876,-314,0
3,121,231,3877,-444,-22
3,121,232,3859,-314,0
3,121,232,3866,-490,97
3,121,232,3867,-314,0
3,121,232,3869,-314,0
3,121,232,3873,-314,7
3,121,232,3877,-444,-22
3,121,232,3877,-444,-10
3,121,233,3873,-314,7
3,120,160,3805,-332,-300
3,120,161,3818,-281,-381
3,120,161,3826,117,-176
3,120,164,3822,-266,-360
3,120,166,3808,60,-496
3,120,169,3826,-87,-130
3,120,170,3826,-7,-78
3,120,172,3821,-25,210
3,120,172,3860,0,-209
3,120,201,3846,-418,0
3,120,201,3852,-418,0
3,120,201,3854,-418,0
3,120,201,3868,-418,0
3,120,201,3870,-418,0
3,120,205,3857,-444,0
3,120,210,3827,-471,23
3,120,210,3828,-471,23
3,120,210,3829,-471,23
3,120,210,3830,-471,23
3,120,210,3831,-471,23
3,120,210,3833,-471,23
3,120,210,3835,-471,23
3,120,210,3848,-471,23
3,120,210,3850,-471,23
3,120,210,3852,-471,23
3,120,210,3854,-471,23
3,120,210,3856,-471,23
3,120,210,3858,-471,23
3,120,210,3859,-471,23
3,120,210,3860,-471,23
3,120,210,3861,-471,23
3,120,210,3862,-471,23
3,120,210,3863,-471,23
3,120,210,3864,-471,23
3,120,210,3865,-471,23
3,120,210,3866,-471,23
3,120,210,3868,-471,23
3,120,210,3870,-471,23
3,120,210,3871,-471,23
3,120,210,3872,-471,23
3,120,210,3873,-471,23
3,120,210,3875,-473,0
3,120,212,3849,-308,61
3,120,214,3875,-500,0
3,120,215,3841,-444,22
3,120,215,3864,-444,22
3,120,215,3866,-444,22
3,120,216,3807,-345,361
3,120,219,3829,-417,30
3,120,223,3800,-345,361
3,120,223,3831,-392,19
3,120,226,3875,-497,-11
3,120,228,3878,-469,-35
3,120,229,3878,-467,-57
3,120,231,3825,-340,17
3,120,231,3826,-340,17
3,120,231,3827,-340,17
3,120,231,3828,-340,17
3,120,231,3829,-340,17
3,120,231,3830,-340,17
3,120,231,3831,-340,17
3,120,231,3832,-340,17
3,120,231,3834,-340,17
3,120,231,3840,-340,17
3,120,231,3845,-340,17
3,120,231,3847,-340,17
3,120,231,3849,-340,17
3,120,231,3851,-340,17
3,120,231,3853,-340,17
3,120,231,3855,-340,17
3,120,231,3856,-340,17
3,120,231,3857,-340,17
3,120,231,3858,-340,17
3,120,231,3859,-340,17
3,120,231,3860,-340,17
3,120,231,3861,-340,17
3,120,231,3862,-340,17
3,120,231,3863,-340,17
3,120,231,3864,-340,17
3,120,231,3865,-340,17
3,120,231,3867,-340,17
3,120,231,3868,-340,17
3,120,231,3869,-340,17
3,120,231,3870,-340,17
3,120,231,3871,-340,17
3,120,231,3872,-340,17
3,120,231,3877,-444,-22
3,120,232,3827,-314,0
3,120,232,3830,-314,0
3,120,232,3836,-314,0
3,120,232,3849,-314,0
3,120,232,3862,-314,0
3,120,232,3870,-314,0
3,120,232,3877,-444,-22
3,120,232,3877,-443,-33
3,120,232,3878,-443,-33
2,119,139,3784,-24,9
2,119,139,3787,-26,-2
2,119,139,3792,-31,-209
2,119,149,3782,305,-250
2,119,162,3766,-274,353
2,119,170,3809,-421,21
2,119,171,3833,-80,-264
2,119,174,3807,-446,33
2,119,175,3806,-446,43
2,119,178,3796,-473,0
2,119,178,3799,-473,0
2,119,178,3800,-473,0
2,119,178,3801,-473,0
2,119,178,3803,-473,0
2,119,178,3804,-473,0
2,119,178,3804,-457,-126
2,119,178,3806,-473,0
2,119,178,3807,-473,0
2,119,178,3808,-473,0
2,119,178,3808,-473,10
2,119,178,3809,-473,0
2,119,178,3809,-473,10
2,119,178,3810,-473,0
2,119,178,3811,-473,0
2,119,178,3827,-473,0
2,119,178,3828,-473,0
2,119,178,3837,-488,-109
2,119,193,3839,-451,-212
2,119,205,3805,-500,-11
2,117,131,3791,-176,294
2,117,136,3796,166,237
2,117,137,3790,-18,185
2,117,139,3793,0,290
2,117,169,3787,-421,0
2,117,173,3793,-442,-66
2,117,174,3793,-442,-66
2,117,177,3741,-203,457
2,117,178,3772,-473,0
2,117,178,3773,-473,0
2,117,178,3774,-473,0
2,117,178,3775,-473,0
2,117,178,3784,-473,0
2,117,178,3785,-473,0
2,117,178,3786,-473,0
2,117,178,3787,-473,0
2,117,182,3772,-500,0
2,117,188,3811,-361,-345
2,117,188,3811,-306,-394
2,117,188,3811,-287,-408
2,117,188,3811,-148,-450
3,116,157,3764,-118,55
3,116,157,3775,-182,408
3,116,159,3772,-179,466
3,116,163,3760,-197,279
3,116,164,3764,0,369
3,116,165,3757,-263,175
3,116,165,3757,-258,181
3,116,165,3772,-211,394
3,116,167,3776,-323,-309
3,116,172,3762,-344,241
3,116,174,3759,-241,-280
3,116,182,3792,-137,-453
3,116,183,3796,-144,-478
3,116,191,3706,-203,457
3,116,193,3721,-262,394
3,116,198,3696,210,232
3,116,206,3770,-361,-345
3,116,213,3777,-494,-74
3,116,213,3799,-361,-345
3,116,217,3773,-497,0
3,116,217,3780,-359,-344
3,116,217,3782,-359,-344
3,116,217,3783,-359,-344
3,116,217,3783,-351,-351
3,116,217,3784,-359,-344
3,116,218,3773,-497,0
3,116,219,3773,-497,0
3,116,220,3781,-333,-333
3,116,220,3787,-333,-333
3,116,221,3773,-500,0
3,116,221,3775,-340,-325
3,116,221,3781,-340,-325
3,116,221,3783,-340,-325
3,116,221,3784,-340,-325
3,116,221,3785,-340,-325
3,116,221,3786,-340,-325
3,116,221,3787,-340,-325
3,116,222,3772,-414,0
3,116,222,3772,-392,0
3,116,222,3774,-392,0
3,116,223,3772,-500,0
3,116,223,3772,-392,0
3,116,225,3772,-387,0
3,116,226,3778,-444,-54
3,116,227,3780,-494,-74
3,116,234,3716,-419,0
3,116,236,3716,-500,0
3,115,167,3661,0,-157
3,115,169,3758,33,-446
3,115,169,3762,35,-472
3,115,169,3781,25,-500
3,115,170,3726,316,386
3,115,170,3776,25,-500
3,115,171,3726,0,104
3,115,171,3731,-33,-341
3,115,171,3782,0,-500
3,115,172,3741,-429,257
3,115,174,3725,156,15
3,115,178,3736,-85,-492
3,115,179,3742,-108,-433
3,115,181,3751,-132,-482
3,115,182,3756,-121,-484
3,115,184,3765,-277,-416
3,115,190,3732,299,-366
3,115,191,3720,-257,-365
3,115,192,3772,-500,0
3,115,193,3723,-272,-387
3,115,196,3725,-281,-381
3,115,200,3727,-316,-386
3,115,201,3722,-342,-327
3,115,201,3722,-335,-335
3,115,203,3673,0,497
3,115,203,3688,-20,209
3,115,203,3727,-361,-345
3,115,203,3728,-361,-345
3,115,203,3737,-361,-345
3,115,206,3729,-361,-345
3,115,206,3735,-361,-345
3,115,206,3739,-361,-345
3,115,208,3728,-361,-345
3,115,210,3729,-408,-287
3,115,210,3734,-361,-345
3,115,210,3737,-361,-345
3,115,210,3741,-361,-345
3,115,210,3744,-361,-345
3,115,210,3745,-361,-345
3,115,212,3744,-287,-408
3,115,213,3703,-63,-360
3,115,213,3737,-345,-361
3,115,214,3734,-361,-345
3,115,214,3735,-361,-345
3,115,214,3742,-361,-345
3,115,214,3743,-361,-345
3,115,214,3744,-361,-345
3,115,214,3747,-361,-345
3,115,216,3730,-408,-287
3,115,217,3738,-359,-344
3,115,217,3741,-334,-369
3,115,217,3743,-359,-344
3,115,217,3748,-359,-344
3,115,217,3749,-359,-344
3,115,218,3738,-369,-334
3,115,218,3752,-296,-402
3,115,220,3732,-408,-287
3,115,220,3735,-353,-353
3,115,220,3745,-316,-350
3,115,220,3749,-333,-333
3,115,220,3751,-333,-333
3,115,220,3753,-333,-333
3,115,220,3754,-333,-333
3,115,221,3708,-500,11
3,115,221,3741,-340,-325
3,115,221,3743,-340,-325
3,115,221,3744,-340,-325
3,115,221,3745,-340,-325
3,115,221,3746,-340,-325
3,115,221,3747,-340,-325
3,115,221,3748,-340,-325
3,115,221,3749,-340,-325
3,115,221,3750,-340,-325
3,115,221,3751,-340,-325
3,115,221,3752,-340,-325
3,115,221,3753,-340,-325
3,115,221,3754,-340,-325
3,115,221,3755,-340,-325
3,115,222,3741,-340,-325
3,115,222,3742,-340,-325
3,115,223,3742,-350,-316
3,115,226,3708,-500,0
3,115,226,3736,-421,-267
3,115,227,3738,-408,-287
3,115,227,3740,-408,-287
3,115,227,3741,-408,-287
3,115,228,3738,-408,-287
3,115,231,3708,-500,0
3,115,235,3716,-500,0
3,115,236,3707,-500,11
3,115,236,3708,-500,11
3,115,237,3706,-500,11
3,115,238,3707,-500,11
4,114,171,3692,0,0
4,114,171,3694,-23,-12
4,114,171,3695,-280,-77
4,114,171,3695,-152,-42
4,114,171,3695,-25,-7
4,114,171,3698,0,0
4,114,171,3700,-20,16
4,114,171,3706,-242,153
4,114,171,3708,-121,-484
4,114,171,3727,0,-447
4,114,180,3702,-198,76
4,114,182,3729,-137,-453
4,114,185,3753,-156,-474
4,114,192,3715,-287,-408
4,114,193,3715,-335,-371
4,114,197,3723,-287,-408
4,114,199,3721,-361,-345
4,114,200,3723,-335,-371
4,114,206,3735,-345,-361
4,114,213,3725,-345,-361
4,114,214,3721,-335,-371
4,114,214,3728,-345,-361
4,114,221,3606,-351,317
4,114,230,3620,-367,207
4,114,232,3724,-327,-342
4,114,236,3704,-421,-150
4,114,237,3701,-490,-97
4,114,237,3702,-484,-121
4,114,237,3706,-364,-110
4,114,238,3706,-407,-244
4,114,242,3684,-473,0
4,114,242,3691,-473,0
4,114,242,3703,-453,-137
4,114,242,3704,-484,-121
4,114,246,3684,-500,0
4,114,250,3683,-500,0
4,114,250,3684,-500,0
4,114,250,3691,-500,0
4,114,252,3707,-457,-203
4,114,256,3709,-361,-345
4,114,259,3694,-470,-167
122,97,3826,3124,500,0
122,97,3827,3108,500,0
122,97,3827,3110,500,-25
122,97,3829,3113,496,-60
122,97,3831,3110,500,-25
122,97,3831,3111,498,-37
122,97,3841,3056,321,307
122,97,3843,3059,340,325
122,97,3846,3091,353,353
122,97,3847,3053,358,343
122,97,3847,3054,358,343
122,97,3848,3158,462,-103
122,97,3849,3124,473,0
122,97,3850,3067,500,0
122,97,3854,3048,353,353
122,97,3855,3157,456,-114
122,97,3856,3153,35,364
122,97,3857,3108,447,0
122,97,3859,3112,421,0
122,97,3859,3113,421,0
122,97,3864,3101,395,0
122,97,3868,3124,369,0
122,97,3869,3124,316,0
122,97,3872,3124,264,0
122,97,3874,3124,159,0
122,97,3880,3055,148,449
122,97,3883,3093,-462,-191
122,97,3892,3082,23,10
122,97,3893,3090,-1,-78
122,97,3895,3090,325,-174
122,97,3896,3083,-133,-210
122,97,3896,3085,208,-20
122,97,3899,3087,181,-258
122,97,3922,3083,0,0
123,32,3868,1032,500,0
123,32,3872,1028,500,0
123,32,3898,1068,299,-366
4,97,212,3069,-121,484
4,97,214,3120,498,48
4,97,216,3050,-277,416
4,97,216,3056,-121,484
4,97,217,3051,-277,416
4,97,220,3047,-441,236
4,97,220,3115,-211,394
4,97,221,3104,-212,423
4,97,221,3106,-212,423
4,97,222,3084,-230,384
4,97,223,3104,-224,447
4,97,224,3044,-500,0
4,97,224,3081,-233,412
4,97,230,3120,-316,316
4,97,230,3135,182,286
4,97,239,3110,-446,-33
4,97,241,3116,-472,-35
4,97,241,3123,-241,107
4,97,242,3075,-353,353
4,97,242,3076,-361,345
4,97,245,3074,-353,353
4,97,245,3079,-345,361
4,97,246,3078,-345,361
4,97,246,3081,-353,353
4,97,246,3150,-496,60
4,97,247,3081,-361,345
4,97,247,3109,-361,345
4,97,248,3068,-296,402
4,97,248,3102,-500,-25
4,97,249,3066,-351,351
4,97,249,3068,-351,351
4,97,249,3069,-359,343
4,97,249,3070,-316,386
4,97,250,3077,-359,343
4,97,250,3096,-345,361
4,97,250,3098,-345,361
4,97,250,3099,-345,361
4,97,251,3077,-359,343
4,97,251,3178,-381,-281
4,97,252,3059,-340,325
4,97,252,3060,-340,325
4,97,252,3062,-340,325
4,97,252,3063,-340,325
4,97,252,3064,-340,325
4,97,252,3065,-340,325
4,97,252,3066,-340,325
4,97,252,3067,-340,325
4,97,252,3071,-325,340
4,97,252,3071,-316,349
4,97,252,3072,-325,340
4,97,252,3074,-340,325
4,97,253,3059,-340,325
4,97,253,3066,-340,325
4,97,253,3067,-340,325
4,97,253,3074,-340,325
4,97,253,3101,-500,0
4,97,253,3104,-496,-60
4,97,253,3108,-500,0
4,97,254,3074,-350,316
4,97,254,3074,-340,325
4,97,255,3074,-340,325
4,97,256,3078,-402,296
4,97,256,3165,-148,449
4,97,257,3058,-378,326
4,97,257,3066,-378,326
4,97,258,3074,-386,316
4,97,259,3108,-490,-97
4,97,268,3101,-500,-11
4,97,268,3103,-498,-37
4,97,268,3106,-496,-60
4,97,268,3108,-500,-11
4,97,268,3108,-500,0
2,11,151,303,-159,445
2,11,151,303,-148,449
2,11,156,295,-394,306
2,11,184,398,-419,-31
1,10,117,340,-369,0
1,10,145,317,-203,457
1,10,149,308,-212,451
1,10,149,308,-203,457
2,9,148,359,-154,-307
2,9,149,276,-114,458
2,9,151,372,-144,-478
2,9,174,290,-444,10
2,9,178,290,-469,34
2,9,181,320,-306,-394
2,9,189,367,-421,-267
2,9,199,288,-339,25
2,9,199,289,-339,25
2,9,201,292,-314,0
2,9,206,291,-471,0
2,8,177,287,-471,23
2,8,178,287,-471,23
2,8,178,289,-471,23
2,8,188,291,-500,0
2,8,197,288,-339,25
2,8,198,286,-340,17
2,8,199,284,-340,17
2,8,199,286,-340,17
2,8,199,288,-340,17
2,8,203,291,-500,0
2,8,204,292,-500,0
1,7,142,225,-447,10
1,7,146,224,-473,0
1,7,146,227,-473,0
1,7,146,244,-473,0
1,5,122,207,-383,-96
1,5,141,209,-442,-66
1,5,146,189,-473,0
1,5,146,203,-473,0
1,5,156,227,-148,-450
2,4,133,173,-263,175
2,4,150,208,-137,-453
2,4,151,212,-144,-478
2,4,185,189,-497,0
2,4,185,200,-359,-344
2,4,188,203,-333,-333
2,4,189,203,-340,-325
2,3,139,163,-4,-25
2,3,149,202,-121,-484
2,3,164,133,-309,-323
2,3,164,134,-309,-323
2,3,181,153,-345,-361
2,3,185,157,-334,-369
2,3,188,161,-316,-350
2,3,189,157,-340,-325
2,3,189,161,-340,-325
2,3,189,167,-340,-325
2,3,189,168,-340,-325
2,3,193,158,-394,-306
3,2,139,116,-20,16
3,2,139,145,0,-287
3,2,168,139,-335,-371
123,123,3859,3940,500,0
123,123,3861,3976,500,0
123,123,3865,3990,500,-25
123,123,3867,3910,416,277
123,123,3869,3911,408,287
123,123,3870,3910,402,296
123,123,3872,3962,314,15
123,123,3873,3894,321,307
123,123,3873,3905,340,325
123,123,3873,3906,340,325
123,123,3874,3906,340,325
123,123,3875,3891,332,332
123,123,3875,3892,332,332
123,123,3875,3893,332,332
123,123,3875,3894,332,332
123,123,3875,3895,332,332
123,123,3875,3896,332,332
123,123,3875,3896,340,325
123,123,3875,3897,332,332
123,123,3875,3897,340,325
123,123,3875,3898,332,332
123,123,3875,3899,332,332
123,123,3875,3900,332,332
123,123,3875,3901,327,342
123,123,3875,3901,332,332
123,123,3875,3902,332,332
123,123,3875,3902,340,325
123,123,3875,3903,325,340
123,123,3875,3903,332,332
123,123,3875,3904,325,340
123,123,3875,3906,340,325
123,123,3875,3909,358,343
123,123,3875,3912,353,353
123,123,3876,3904,325,340
123,123,3876,3906,345,361
123,123,3877,3903,326,378
123,123,3878,3903,326,378
123,123,3878,3992,324,376
123,123,3879,3908,358,343
123,123,3889,3941,447,0
123,123,3889,3945,447,0
123,123,3893,3872,325,340
123,123,3901,3924,291,304
123,123,3902,3922,291,304
123,123,3902,3923,291,304
123,123,3903,3942,316,-7
123,123,3911,3898,148,449
123,123,3911,3944,160,417
123,123,3912,3887,109,488
123,123,3912,3936,144,478
123,123,3912,3937,144,478
123,123,3914,3939,114,458
123,123,3914,3940,114,458
123,123,3916,3928,46,310
123,123,3916,3929,53,308
123,123,3924,3916,0,0
123,123,3924,3920,167,-251
123,123,3924,3921,167,-251
123,123,3924,3922,0,-104
123,123,3924,3923,167,-251
123,123,3924,3923,167,251
123,123,3949,4010,266,110
123,122,3865,3880,500,0
123,122,3870,3875,418,0
123,122,3870,3876,405,0
123,122,3871,3875,366,0
123,122,3871,3876,387,0
123,122,3871,3876,392,0
123,122,3871,3876,405,0
123,122,3872,3875,366,0
123,122,3873,3858,321,307
123,122,3873,3873,392,8
123,122,3874,3873,392,8
123,122,3874,3873,498,37
123,122,3874,3874,392,0
123,122,3875,3860,332,332
123,122,3875,3860,340,325
123,122,3875,3861,332,332
123,122,3875,3861,340,325
123,122,3875,3862,332,332
123,122,3875,3863,332,332
123,122,3875,3865,332,332
123,122,3875,3865,340,325
123,122,3875,3866,332,332
123,122,3875,3867,332,332
123,122,3875,3868,332,332
123,122,3875,3870,332,332
123,122,3875,3871,332,332
123,122,3875,3874,332,332
123,122,3875,3875,332,332
123,122,3875,3876,332,332
123,122,3875,3879,332,332
123,122,3875,3879,340,325
123,122,3875,3880,332,332
123,122,3879,3878,358,343
123,122,3892,3874,495,36
123,122,3908,3861,500,0
123,122,3912,3881,212,0
123,122,3916,3858,63,253
123,122,3916,3879,185,0
123,122,3916,3881,185,0
123,122,3917,3878,133,0
123,122,3918,3868,98,355
123,122,3918,3878,159,0
123,122,3924,3870,0,238
123,122,3926,3884,-22,-13
123,122,3927,3890,69,-169
123,122,3928,3891,182,-36
123,122,3934,3883,-117,-58
123,122,3937,3883,-9,-78
123,122,3938,3883,18,17
124,121,3903,3874,498,37
124,121,3903,3875,500,0
124,121,3904,3875,500,0
124,121,3904,3876,500,0
124,121,3905,3876,500,0
124,121,3906,3866,364,298
124,121,3906,3875,496,60
124,121,3907,3875,494,74
124,121,3907,3875,500,0
124,121,3908,3902,441,-236
124,121,3912,3877,451,212
124,121,3924,3868,0,500
124,121,3924,3894,0,-287
124,121,3924,3900,0,-418
124,121,3938,3892,26,0
124,121,3949,3883,-14,-22
124,121,3951,3888,-207,-31
124,121,3951,3892,-7,103
124,121,3952,3892,-162,302
124,121,4043,3803,0,500
123,120,3858,3876,500,0
123,120,3859,3875,500,0
123,120,3861,3875,500,0
123,120,3862,3889,482,-132
123,120,3864,3828,314,0
123,120,3864,3831,314,0
123,120,3864,3834,314,0
123,120,3864,3837,314,0
123,120,3864,3839,314,0
123,120,3864,3842,314,0
123,120,3864,3843,314,0
123,120,3864,3844,314,0
123,120,3864,3845,314,0
123,120,3864,3848,314,0
123,120,3864,3849,314,0
123,120,3864,3850,314,0
123,120,3864,3851,314,0
123,120,3864,3853,314,0
123,120,3864,3854,314,0
123,120,3864,3855,314,0
123,120,3864,3856,314,0
123,120,3864,3857,314,0
123,120,3864,3858,314,0
123,120,3864,3859,314,0
123,120,3864,3861,314,0
123,120,3864,3862,314,0
123,120,3864,3863,314,0
123,120,3864,3864,314,0
123,120,3864,3865,314,0
123,120,3864,3866,314,0
123,120,3864,3867,314,0
123,120,3864,3869,314,0
123,120,3864,3870,314,0
123,120,3864,3871,314,0
123,120,3864,3872,314,0
123,120,3864,3873,314,0
123,120,3864,3874,314,0
123,120,3864,3875,314,0
123,120,3864,3877,340,-8
123,120,3864,3878,366,-18
123,120,3866,3873,340,7
123,120,3867,3876,361,0
123,120,3868,3877,366,-8
123,120,3872,3877,392,-9
123,120,3872,3886,482,-132
123,120,3876,3875,500,0
123,120,3879,3872,418,0
123,120,3879,3873,418,0
123,120,3879,3874,418,0
123,120,3879,3875,418,0
123,120,3879,3875,500,0
123,120,3881,3875,473,0
123,120,3882,3873,444,22
123,120,3882,3874,444,22
123,120,3883,3824,296,-402
123,120,3883,3863,340,0
123,120,3885,3875,473,0
123,120,3888,3874,471,0
123,120,3901,3853,261,0
123,120,3917,3793,87,438
123,120,3928,3793,264,323
123,120,3928,3824,258,-58
123,120,3954,3795,15,208
124,119,3903,3829,500,0
124,119,3903,3832,500,0
124,119,3907,3843,317,-273
124,119,3917,3797,473,0
124,119,3917,3798,473,0
124,119,3917,3800,473,0
124,119,3917,3801,473,0
124,119,3917,3802,473,0
124,119,3917,3804,473,0
124,119,3917,3805,473,0
124,119,3917,3806,473,0
124,119,3917,3808,473,0
124,119,3917,3809,473,0
124,119,3917,3810,473,0
124,119,3917,3811,473,0
124,119,3917,3828,473,0
124,119,3924,3807,417,50
124,119,3924,3841,0,-500
124,119,3926,3806,421,0
124,119,3929,3795,299,366
124,119,3931,3793,281,381
124,119,3932,3798,274,353
124,119,3945,3796,-353,106
124,119,4058,3828,-261,-261
124,118,3902,3775,447,224
124,118,3902,3781,484,121
124,118,3903,3777,457,203
124,118,3903,3786,500,0
124,118,3906,3769,371,335
124,118,3906,3773,500,0
124,118,3908,3772,500,0
124,118,3908,3773,500,0
124,118,3915,3768,224,447
124,118,3917,3787,473,0
124,118,3917,3788,473,0
124,118,3917,3789,473,-11
124,118,3917,3790,473,-24
124,118,3917,3791,471,-35
124,118,3917,3792,469,-57
124,118,3917,3795,464,-92
124,118,3917,3800,473,0
124,118,3917,3802,473,0
124,118,3917,3803,473,0
124,118,3917,3804,473,0
124,118,3917,3805,473,0
124,118,3917,3806,473,0
124,118,3917,3807,473,0
124,118,3917,3808,473,0
124,118,3917,3809,473,0
124,118,3917,3810,473,0
124,118,3917,3811,473,0
124,118,3920,3819,378,-326
124,118,3921,3794,438,-87
124,118,3921,3795,437,-98
124,118,3921,3796,437,-98
124,118,3922,3787,447,0
124,118,3923,3816,358,-309
124,118,3924,3781,228,129
124,118,3924,3807,417,50
124,118,3926,3787,421,0
124,118,3927,3823,229,-428
124,118,3931,3821,241,-327
124,118,3942,3809,-215,-263
124,118,3949,3787,-14,-22
124,118,3956,3828,12,23
123,117,3859,3773,500,0
123,117,3862,3773,497,0
123,117,3863,3772,314,0
123,117,3863,3774,335,-8
123,117,3863,3774,335,0
123,117,3864,3773,314,0
123,117,3864,3776,314,0
123,117,3864,3777,314,0
123,117,3864,3778,314,0
123,117,3864,3780,314,0
123,117,3864,3781,314,0
123,117,3864,3782,314,0
123,117,3864,3783,314,0
123,117,3864,3784,314,0
123,117,3864,3785,314,0
123,117,3864,3786,314,0
123,117,3864,3787,314,0
123,117,3865,3775,340,-17
123,117,3866,3773,340,0
123,117,3866,3779,334,-58
123,117,3867,3773,340,0
123,117,3867,3774,340,-17
123,117,3867,3774,340,-8
123,117,3867,3775,340,-17
123,117,3867,3777,338,-33
123,117,3867,3781,332,-74
123,117,3867,3781,333,-66
123,117,3867,3796,340,0
123,117,3867,3797,340,0
123,117,3868,3773,421,0
123,117,3875,3783,392,0
123,117,3879,3776,418,0
123,117,3879,3778,418,0
123,117,3879,3780,418,0
123,117,3879,3781,418,0
123,117,3879,3782,418,0
123,117,3879,3783,418,0
123,117,3879,3784,418,0
123,117,3879,3786,418,0
123,117,3879,3787,418,0
123,117,3883,3725,500,0
123,117,3884,3748,445,-159
123,117,3894,3826,345,-361
123,117,3895,3817,437,-98
123,117,3917,3822,87,-439
123,117,3921,3763,60,-496
123,117,3925,3793,-90,217
123,117,4043,3782,0,-500
123,115,3859,3708,500,11
123,115,3869,3740,500,0
123,115,3872,3751,321,-307
123,115,3872,3755,321,-307
123,115,3872,3759,321,-307
123,115,3874,3741,340,-325
123,115,3874,3742,340,-325
123,115,3875,3741,340,-325
123,115,3875,3742,340,-325
123,115,3875,3745,325,-340
123,115,3876,3756,340,-325
123,115,3876,3765,340,-325
123,115,3877,3738,358,-344
123,115,3878,3738,358,-344
123,115,3879,3744,351,-351
123,115,3879,3748,351,-351
123,115,3879,3752,351,-351
123,115,3879,3761,351,-351
123,115,3882,3728,353,-353
123,115,3882,3745,287,-408
123,115,3883,3758,361,-345
123,115,3886,3740,353,-353
123,115,3892,3680,0,500
123,115,3892,3684,412,82
123,115,3892,3691,0,183
123,115,3897,3713,128,164
123,115,3897,3762,345,-361
123,115,3907,3762,203,-457
123,115,3911,3759,169,-442
123,115,3912,3760,148,-450
123,115,3914,3786,121,-484
123,115,3915,3782,132,-482
123,115,3917,3777,132,-482
123,115,3920,3727,393,29
123,115,3923,3731,108,203
123,115,3924,3747,0,-290
123,115,3929,3732,-23,11
123,115,3930,3732,-212,301
123,115,3930,3732,-51,417
123,115,3968,3636,361,345
122,114,3828,3691,494,-74
122,114,3845,3703,488,-109
122,114,3849,3679,498,48
122,114,3850,3679,316,0
122,114,3854,3707,500,0
122,114,3855,3695,208,-15
122,114,3856,3705,330,-127
122,114,3859,3702,424,-140
122,114,3859,3703,421,-150
122,114,3859,3704,421,-150
122,114,3859,3739,343,-359
122,114,3862,3617,423,212
122,114,3862,3701,400,-132
122,114,3862,3701,403,-121
122,114,3865,3698,382,-96
122,114,3865,3699,381,-105
122,114,3867,3735,353,-353
122,114,3872,3699,291,-226
122,114,3875,3694,-300,-91
122,114,3879,3726,371,-335
122,114,3882,3721,345,-361
122,114,3882,3729,353,-353
122,114,3882,3737,345,-361
122,114,3882,3738,345,-361
122,114,3884,3718,361,-345
122,114,3884,3742,296,-402
122,114,3885,3701,-75,72
122,114,3885,3741,296,-402
122,114,3886,3741,287,-408
122,114,3887,3737,296,-402
122,114,3889,3695,-128,-228
122,114,3889,3730,345,-361
122,114,3889,3737,287,-408
122,114,3890,3734,306,-394
122,114,3910,3753,156,-474
122,114,3913,3705,226,-291
122,114,3924,3693,0,104
122,114,3924,3699,12,23
122,114,3924,3702,25,2
122,114,3924,3727,0,-447
122,114,3924,3738,0,-500
123,12,3859,380,500,0
123,12,3859,381,500,0
123,12,3859,383,500,-25
123,12,3859,388,500,0
123,12,3859,389,500,0
123,12,3867,358,416,277
123,12,3870,358,402,296
123,12,3873,336,321,307
123,12,3873,353,340,325
123,12,3873,354,340,325
123,12,3874,354,340,325
123,12,3875,339,340,325
123,12,3875,342,332,332
123,12,3875,344,332,332
123,12,3875,344,340,325
123,12,3875,346,332,332
123,12,3875,347,332,332
123,12,3875,351,325,340
123,12,3875,352,325,340
123,12,3875,353,332,332
123,12,3875,353,340,325
123,12,3875,360,353,353
123,12,3876,352,325,340
123,12,3878,363,353,353
123,12,3879,333,358,343
123,12,3879,334,358,343
123,12,3888,450,500,0
123,12,3889,354,423,212
123,12,3889,393,447,0
123,12,3889,459,345,-361
123,12,3890,388,447,0
123,12,3890,453,381,-281
123,12,3891,445,394,-211
123,12,3892,408,419,41
123,12,3892,439,401,189
123,12,3897,409,-141,366
123,12,3899,367,309,323
123,12,3900,370,338,50
123,12,3900,372,291,304
123,12,3900,391,342,-8
123,12,3901,391,342,0
123,12,3902,370,291,304
123,12,3902,390,316,-7
123,12,3904,326,289,155
123,12,3908,384,89,128
123,12,3912,335,148,449
123,12,3914,339,139,424
123,12,3915,314,121,484
123,12,3919,342,121,484
123,12,3920,346,364,-35
123,12,3924,371,0,-289
123,12,3924,371,0,-130
123,12,3925,367,74,-138
123,12,3926,365,152,-101
123,12,3926,369,103,-155
123,12,3926,371,5,-25
123,12,3927,370,325,-174
123,12,3928,363,-26,-263
123,12,3929,363,264,0
123,12,3929,371,153,33
123,12,3933,363,19,-16
123,12,3949,363,-41,-205
124,11,3902,383,462,-191
124,11,3916,344,179,466
124,11,3918,346,179,466
124,11,3921,365,442,66
124,11,3924,348,0,500
124,11,3924,349,0,500
124,11,3924,349,224,447
124,11,3927,370,342,17
124,11,3929,368,326,217
124,11,3944,363,-104,0
123,10,3859,323,500,0
123,10,3860,323,500,0
123,10,3860,324,500,0
123,10,3862,323,366,0
123,10,3862,324,340,0
123,10,3864,310,314,0
123,10,3864,313,314,0
123,10,3864,314,314,0
123,10,3864,317,314,0
123,10,3864,319,314,0
123,10,3864,319,340,7
123,10,3864,320,314,0
123,10,3864,321,312,23
123,10,3864,321,314,0
123,10,3864,323,314,0
123,10,3864,324,335,0
123,10,3864,325,340,-8
123,10,3867,313,329,82
123,10,3872,382,498,-48
123,10,3875,314,332,332
123,10,3875,319,332,332
123,10,3875,330,332,332
123,10,3881,323,314,0
123,10,3890,266,353,353
123,10,3892,390,498,37
123,10,3894,302,369,246
123,10,3894,321,94,-90
123,10,3900,403,0,-500
123,10,3907,283,361,345
123,10,3907,347,-246,235
123,10,3921,299,25,-260
123,10,3924,306,167,-251
123,9,3859,322,500,0
123,9,3859,323,500,0
123,9,3860,323,500,0
123,9,3861,323,392,0
123,9,3862,337,482,-132
123,9,3864,276,314,0
123,9,3864,277,314,0
123,9,3864,278,314,0
123,9,3864,279,314,0
123,9,3864,280,314,0
123,9,3864,282,314,0
123,9,3864,283,314,0
123,9,3864,285,314,0
123,9,3864,286,314,0
123,9,3864,290,314,0
123,9,3864,294,314,0
123,9,3864,298,314,0
123,9,3864,301,314,0
123,9,3864,310,314,0
123,9,3864,312,314,0
123,9,3864,314,314,0
123,9,3864,315,314,0
123,9,3864,316,314,0
123,9,3864,318,314,0
123,9,3864,321,312,23
123,9,3864,321,314,0
123,9,3864,323,314,0
123,9,3864,325,340,-8
123,9,3865,300,340,-8
123,9,3867,323,500,0
123,9,3867,324,361,0
123,9,3871,324,387,0
123,9,3872,334,482,-132
123,9,3879,274,474,156
123,9,3879,321,418,0
123,9,3879,323,418,0
123,9,3881,323,473,0
123,9,3885,324,471,-24
123,9,3889,323,447,0
123,9,3889,324,447,0
123,9,3910,231,236,441
123,9,3910,339,106,-323
123,9,3919,363,34,-285
123,9,3924,265,0,-354
123,9,3924,338,43,28
123,9,3925,271,74,-138
124,8,3912,223,441,236
124,8,3917,244,473,0
124,8,3917,245,473,0
124,8,3917,250,473,0
124,8,3917,254,473,0
124,8,3917,257,473,10
124,8,3917,259,473,0
124,8,3917,276,473,0
124,8,3924,255,417,50
124,8,3946,249,264,0
124,8,3952,276,128,89
124,6,3908,259,148,-450
124,6,3913,220,473,0
124,6,3914,203,361,345
124,6,3917,221,473,0
124,6,3917,222,473,0
124,6,3917,223,473,0
124,6,3917,224,473,0
124,6,3917,225,473,0
124,6,3917,229,473,0
124,6,3917,230,473,0
124,6,3917,231,473,0
124,6,3917,233,473,0
124,6,3917,234,473,0
124,6,3917,235,473,0
124,6,3921,209,442,-66
124,6,3921,218,447,22
124,6,3922,223,447,0
124,6,3922,241,442,-66
124,6,3924,199,160,-285
124,6,3926,203,148,278
124,6,3926,235,421,0
124,6,3928,206,241,241
124,6,3928,220,395,-9
124,6,3954,238,-111,268
124,6,3957,240,23,237
123,5,3859,188,500,0
123,5,3870,223,393,-20
123,5,3871,230,361,-345
123,5,3872,220,366,0
123,5,3872,222,392,-20
123,5,3872,223,391,-29
123,5,3872,231,321,-307
123,5,3872,232,321,-307
123,5,3872,235,321,-307
123,5,3872,239,321,-307
123,5,3873,222,391,-29
123,5,3873,222,392,0
123,5,3873,223,391,-29
123,5,3874,220,392,0
123,5,3874,222,392,0
123,5,3875,220,392,0
123,5,3875,221,392,0
123,5,3875,227,371,-335
123,5,3876,225,340,-325
123,5,3876,229,340,-325
123,5,3876,234,340,-325
123,5,3876,236,340,-325
123,5,3879,205,351,-351
123,5,3879,206,351,-351
123,5,3879,210,351,-351
123,5,3879,211,351,-351
123,5,3879,215,351,-351
123,5,3879,216,351,-351
123,5,3879,218,351,-351
123,5,3879,219,351,-351
123,5,3879,221,351,-351
123,5,3879,223,361,-345
123,5,3879,224,351,-351
123,5,3879,225,351,-351
123,5,3879,228,351,-351
123,5,3879,230,351,-351
123,5,3879,232,351,-351
123,5,3883,214,361,-345
123,5,3889,221,492,-11
123,5,3907,219,0,104
123,5,3910,195,-344,194
123,5,3912,196,-395,0
123,5,3912,244,156,-474
123,5,3919,206,237,-167
123,5,3922,237,169,-70
123,5,3924,242,0,-473
123,5,3929,209,242,242
123,5,3931,208,153,306
123,5,3934,215,160,361
123,5,3935,219,171,385
123,5,3937,208,-135,240
123,5,3938,205,-210,133
123,5,3938,240,223,-418
123,5,3946,232,153,-307
123,5,3954,221,115,-350
123,5,3956,244,0,-473
123,4,3859,156,500,11
123,4,3863,153,498,48
123,4,3865,149,484,-121
123,4,3869,186,408,-287
123,4,3870,189,386,-316
123,4,3870,190,386,-316
123,4,3872,196,321,-307
123,4,3873,190,349,-316
123,4,3874,189,340,-325
123,4,3874,190,340,-325
123,4,3875,189,340,-325
123,4,3875,193,325,-340
123,4,3878,186,358,-344
123,4,3879,190,351,-351
123,4,3879,192,351,-351
123,4,3879,195,351,-351
123,4,3879,198,287,-408
123,4,3882,193,287,-408
123,4,3890,213,371,-335
123,4,3897,144,326,217
123,4,3897,172,345,-361
123,4,3897,177,345,-361
123,4,3899,168,291,-339
123,4,3903,167,274,-353
123,4,3907,169,80,-135
123,4,3908,139,26,0
123,4,3910,185,144,-478
123,4,3911,213,277,-416
123,4,3913,203,121,-484
123,4,3919,139,147,-53
123,4,3924,172,211,394
122,3,3845,151,488,-109
122,3,3862,149,400,-132
122,3,3862,149,403,-121
122,3,3863,172,327,-342
122,3,3865,147,381,-105
122,3,3882,177,353,-353
122,3,3882,185,345,-361
122,3,3882,186,345,-361
122,3,3886,172,345,-361
122,3,3886,189,287,-408
122,3,3887,185,296,-402
122,3,3889,178,345,-361
122,3,3890,182,306,-394
122,3,3891,181,287,-408
122,3,3910,153,76,13
122,3,3911,147,339,-203
122,3,3911,201,144,-478
122,3,3912,180,156,-474
122,3,3915,187,144,-478
122,3,3924,150,25,2
122,3,3924,157,16,-20
122,3,3981,116,0,0
122,3,4018,130,-224,-447
122,90,3837,2940,500,0
122,90,3838,2940,500,0
122,90,3839,2941,500,0
122,90,3839,2942,387,-9
122,90,3840,2942,392,-20
122,90,3840,2943,391,-29
122,90,3840,2959,321,-307
122,90,3841,2942,391,-29
122,90,3841,2942,392,0
122,90,3841,2943,391,-29
122,90,3841,2943,412,-30
122,90,3842,2940,392,0
122,90,3842,2941,392,0
122,90,3843,2940,392,0
122,90,3843,2941,392,0
122,90,3844,2949,340,-325
122,90,3844,2956,340,-325
122,90,3845,2937,500,0
122,90,3846,2959,369,-246
122,90,3847,2952,351,-351
122,90,3848,2959,371,-289
122,90,3859,2941,500,-25
122,90,3880,2916,-395,0
122,90,3880,2964,156,-474
122,90,3896,2938,-212,301
122,90,3899,2928,153,306
122,90,3908,2948,403,121
122,90,3908,2949,403,121
122,90,3926,2834,393,-151
122,90,3926,2834,403,-121
123,91,3876,2979,148,-450
123,91,3876,2979,361,-345
123,91,3881,2940,473,0
123,91,3885,2938,473,10
123,91,3885,2941,473,0
123,91,3885,2942,473,0
123,91,3885,2943,473,0
123,91,3885,2946,473,0
123,91,3885,2950,473,0
123,91,3885,2953,473,0
123,91,3885,2955,473,0
123,91,3890,2961,442,-66
123,91,3891,2941,421,0
123,91,3930,2964,-23,12
123,93,3876,2940,500,0
123,93,3880,2943,441,236
123,93,3885,2965,473,0
123,93,3885,2966,473,0
123,93,3885,2967,473,0
123,93,3885,2968,473,0
123,93,3885,2972,473,0
123,93,3885,2974,473,0
123,93,3885,2979,473,0
123,93,3885,2996,473,0
123,93,3892,2975,417,50
123,93,3901,2996,342,0
123,93,3911,2966,290,0
123,93,3919,2983,-234,-23
123,93,3920,2996,83,62
122,94,3827,3043,500,0
122,94,3828,3043,500,0
122,94,3829,3043,500,0
122,94,3830,3057,482,-132
122,94,3831,3044,335,0
122,94,3832,2996,314,0
122,94,3832,2998,314,0
122,94,3832,2999,314,0
122,94,3832,3000,314,0
122,94,3832,3001,314,0
122,94,3832,3002,314,0
122,94,3832,3003,314,0
122,94,3832,3004,314,0
122,94,3832,3005,314,0
122,94,3832,3007,314,0
122,94,3832,3030,314,0
122,94,3832,3040,314,0
122,94,3832,3041,314,0
122,94,3832,3043,314,0
122,94,3832,3045,340,-8
122,94,3833,3003,340,-17
122,94,3834,3041,340,7
122,94,3840,3043,497,0
122,94,3840,3054,482,-132
122,94,3843,3043,500,0
122,94,3844,2971,345,361
122,94,3844,3043,500,0
122,94,3847,3040,418,0
122,94,3847,3041,418,0
122,94,3847,3043,418,0
122,94,3849,3043,473,0
122,94,3853,3003,-136,-451
122,94,3853,3043,473,0
122,94,3853,3044,471,-24
122,94,3861,3044,414,0
122,94,3892,3052,74,138
122,95,3827,3043,500,0
122,95,3830,3043,392,0
122,95,3830,3057,482,-132
122,95,3831,3043,500,0
122,95,3831,3044,335,0
122,95,3832,3034,314,0
122,95,3832,3038,314,0
122,95,3832,3039,314,0
122,95,3832,3041,312,23
122,95,3832,3043,314,0
122,95,3832,3044,335,0
122,95,3832,3045,340,-8
122,95,3838,3018,326,217
122,95,3840,3046,314,314
122,95,3843,3028,332,332
122,95,3843,3034,332,332
122,95,3843,3039,332,332
122,95,3843,3050,332,332
122,95,3858,3063,353,353
122,95,3858,3089,442,-66
122,95,3865,3101,355,-225
122,95,3874,3097,194,-214
122,95,3883,3033,108,433
122,95,3884,3015,85,492
122,95,3892,3123,417,-224
123,96,3872,3068,402,296
123,96,3873,3105,416,-277
123,96,3879,3064,277,416
123,96,3879,3103,394,-306
123,96,3880,3066,296,402
123,96,3884,3064,179,466
123,96,3889,3085,442,66
123,96,3892,3068,0,500
123,96,3892,3069,224,447
123,96,3960,3147,500,0
3,93,174,2996,80,66
3,93,206,2977,-447,10
3,93,207,2974,-446,43
3,93,210,2975,-473,0
3,93,210,2977,-473,0
3,93,210,2977,-473,10
3,93,210,2978,-473,0
3,93,210,2979,-473,0
3,93,210,2996,-473,0
3,93,217,3013,-326,-378
3,93,222,3004,-466,-179
4,94,219,3091,-191,-462
4,94,229,3042,-369,8
4,94,233,3000,-418,0
4,94,233,3018,-418,0
4,94,233,3030,-418,0
4,94,233,3032,-418,0
4,94,237,3026,-444,0
4,94,237,3033,-444,0
4,94,238,3041,-444,0
4,94,238,3043,-500,0
4,94,242,3008,-471,23
4,94,242,3010,-471,23
4,94,242,3017,-471,23
4,94,242,3019,-471,23
4,94,242,3020,-471,23
4,94,242,3025,-471,23
4,94,242,3028,-471,23
4,94,242,3032,-471,23
4,94,242,3034,-471,23
4,94,242,3035,-471,23
4,94,242,3036,-471,23
4,94,242,3038,-471,23
4,94,242,3039,-471,23
4,94,242,3040,-471,23
4,94,242,3041,-471,23
4,94,246,3041,-444,22
4,94,247,2974,-494,74
4,94,248,2975,-345,361
4,94,249,3042,-500,25
4,94,252,3043,-500,0
4,94,257,3044,-500,-11
4,94,259,3045,-471,-24
4,94,259,3045,-469,-35
4,94,261,3043,-340,7
4,94,262,3038,-340,7
4,94,262,3038,-340,17
4,94,262,3039,-340,17
4,94,262,3040,-340,17
4,94,262,3041,-340,17
4,94,263,2999,-340,17
4,94,263,3005,-340,17
4,94,263,3007,-340,17
4,94,263,3009,-340,17
4,94,263,3013,-340,17
4,94,263,3014,-340,17
4,94,263,3016,-340,17
4,94,263,3017,-340,17
4,94,263,3018,-340,17
4,94,263,3019,-340,17
4,94,263,3022,-340,17
4,94,263,3024,-340,17
4,94,263,3025,-340,17
4,94,263,3027,-340,17
4,94,263,3029,-340,17
4,94,263,3031,-340,17
4,94,263,3032,-340,17
4,94,263,3033,-340,17
4,94,263,3034,-340,17
4,94,263,3035,-340,17
4,94,263,3036,-340,17
4,94,263,3037,-340,17
4,94,263,3038,-340,17
4,94,263,3039,-340,17
4,94,263,3040,-340,17
4,94,263,3041,-340,17
4,94,264,3024,-314,0
4,94,264,3041,-314,0
4,94,264,3042,-314,0
4,94,264,3045,-444,-22
4,94,264,3045,-443,-33
4,94,266,3035,-365,35
4,94,267,3036,-494,74
4,94,267,3043,-500,0
4,94,268,3043,-500,0
4,94,268,3044,-500,0
4,94,269,3041,-500,11
3,95,203,3080,0,-500
3,95,220,3043,-500,0
3,95,221,3042,-494,74
3,95,221,3043,-494,74
3,95,222,3043,-496,60
3,95,223,3039,-267,421
3,95,224,3043,-500,0
3,95,224,3044,-500,0
3,95,224,3044,-488,109
3,95,224,3045,-484,121
3,95,225,3045,-484,121
3,95,225,3046,-484,121
3,95,227,3046,-490,97
4,96,188,3051,-8,24
4,96,192,3051,116,-58
4,96,216,3044,-500,0
4,96,220,3091,233,28
4,96,228,3044,-498,48
4,96,237,3096,-353,-353
4,96,238,3058,-447,10
4,96,245,3046,-500,0
4,96,246,3037,-444,-22
4,96,246,3041,-444,22
4,96,246,3101,-500,0
4,96,249,3033,-351,351
4,96,249,3037,-418,0
4,96,249,3046,-500,0
4,96,249,3047,-500,0
4,96,249,3084,-345,361
4,96,250,3049,-500,0
4,96,251,3047,-496,-60
4,96,252,3030,-340,325
4,96,252,3034,-340,325
4,96,253,3034,-340,325
4,96,253,3043,-392,0
4,96,254,3041,-392,8
4,96,254,3043,-500,0
4,96,254,3101,-500,0
4,96,255,3039,-419,31
4,96,255,3041,-392,19
4,96,255,3041,-391,28
4,96,255,3045,-392,-9
4,96,256,3042,-391,28
4,96,256,3044,-366,0
4,96,257,3041,-366,8
4,96,258,3034,-490,97
4,96,258,3043,-500,0
3,91,168,2964,0,0
3,91,205,2961,-442,-66
3,91,210,2941,-473,0
3,91,210,2943,-473,0
3,91,210,2945,-473,0
3,91,210,2953,-473,0
3,91,210,2954,-473,0
3,91,210,2955,-473,0
3,91,220,2979,-361,-345
3,91,220,2979,-306,-394
3,91,220,2979,-148,-450
3,91,227,2915,-478,144
4,90,171,2929,0,0
4,90,179,2955,-102,-408
4,90,189,2952,-408,101
4,90,195,2928,-197,279
4,90,195,2928,-154,306
4,90,196,2932,0,369
4,90,197,2925,-263,175
4,90,197,2925,-258,181
4,90,214,2960,-137,-453
4,90,215,2964,-144,-478
4,90,232,2954,-500,25
4,90,237,2952,-495,36
4,90,245,2887,-498,37
4,90,249,2941,-497,0
4,90,249,2949,-359,-344
4,90,249,2951,-351,-351
4,90,249,2952,-359,-344
4,90,250,2941,-497,0
4,90,252,2930,-340,-325
4,90,252,2955,-333,-333
4,90,253,2928,-340,-325
4,90,253,2929,-340,-325
4,90,253,2942,-392,0
4,90,253,2943,-340,-325
4,90,253,2944,-340,-325
4,90,253,2945,-340,-325
4,90,253,2952,-340,-325
4,90,253,2955,-340,-325
4,90,254,2942,-392,0
4,90,255,2888,-447,-224
4,90,256,2947,-494,-74
4,90,256,2958,-321,-307
4,90,257,2941,-500,0
4,90,259,2948,-494,-74
122,38,3839,1187,366,0
122,38,3842,1185,392,8
122,38,3842,1186,392,0
122,38,3843,1167,332,332
122,38,3849,1236,473,0
122,38,3861,1172,497,0
122,38,3880,1163,136,453
123,37,3871,1153,500,0
123,37,3876,1149,361,345
123,37,3885,1172,473,0
123,37,3885,1173,473,0
123,37,3885,1174,473,0
123,37,3885,1175,473,0
123,37,3885,1182,473,0
123,37,3885,1187,473,0
123,37,3885,1212,361,-345
123,37,3889,1165,438,87
123,37,3919,1168,-259,-51
123,37,3923,1165,-101,-244
123,35,3885,1131,473,0
123,35,3885,1149,473,0
123,35,3885,1150,473,0
123,35,3885,1153,473,0
123,35,3885,1158,473,0
123,35,3885,1163,473,0
123,35,3896,1178,387,-77
123,35,3903,1177,337,-58
123,35,3918,1150,233,-125
122,34,3828,1085,500,0
122,34,3829,1085,500,0
122,34,3831,1085,366,0
122,34,3831,1085,500,0
122,34,3831,1086,335,0
122,34,3832,1119,314,0
122,34,3832,1123,314,0
122,34,3832,1131,314,0
122,34,3833,1085,340,0
122,34,3833,1086,340,0
122,34,3833,1087,340,-17
122,34,3834,1086,340,0
122,34,3835,1086,340,-17
122,34,3847,1131,418,0
122,34,3848,1152,353,-353
122,34,3857,1085,447,0
122,34,3875,1067,185,0
122,34,3875,1161,230,-384
122,34,3880,1039,148,449
122,34,3897,1042,298,364
123,33,3871,1086,498,-37
123,33,3872,1084,500,0
123,33,3872,1085,500,0
123,33,3874,1085,496,-60
123,33,3874,1085,500,0
123,33,3887,1033,462,191
123,33,3892,1090,0,-500
123,33,3899,1041,281,381
123,33,3900,1046,274,353
122,31,3827,1020,500,11
122,31,3830,1023,498,48
122,31,3830,1032,500,0
122,31,3837,1052,408,-287
122,31,3840,1062,321,-307
122,31,3841,1054,349,-316
122,31,3842,1053,340,-325
122,31,3843,1053,340,-325
122,31,3844,976,353,353
122,31,3844,1056,325,-340
122,31,3844,1066,340,-325
122,31,3846,1050,358,-344
122,31,3847,1052,351,-351
122,31,3847,1055,351,-351
122,31,3847,1061,351,-351
122,31,3847,1062,351,-351
122,31,3847,1064,351,-351
122,31,3861,981,-136,-158
122,31,3864,1022,395,0
122,31,3880,1072,148,-450
122,31,3891,1064,109,-488
122,31,3894,1057,223,417
4,34,269,1086,-500,0
56,109,1875,3572,-306,-394
56,109,1906,3531,-473,0
70,108,2196,3487,417,50
69,107,2145,3486,391,-29
69,107,2147,3484,392,0
69,107,2166,3506,345,-361
69,107,2169,3507,361,-345
69,107,2228,3498,-135,-184
57,107,1938,3451,-471,23
57,107,1938,3454,-471,-24
57,107,1944,3425,-345,361
57,107,1945,3453,-500,0
57,107,1958,3455,-340,-8
57,107,1959,3450,-340,17
57,107,1959,3451,-340,17
57,107,1960,3454,-314,0
57,107,1965,3453,-500,0
69,105,2151,3424,496,60
69,105,2155,3426,500,25
69,105,2187,3462,132,-482
69,105,2196,3444,0,-473
57,105,1904,3446,-74,-494
57,105,1949,3421,-340,-325
57,105,1951,3422,-350,-316
57,105,1955,3418,-408,-287
67,104,2093,3414,304,-392
67,104,2119,3417,132,-482
67,104,2128,3412,386,-316
67,104,2136,3405,386,-316
67,104,2176,3418,0,-500
58,104,1942,3401,-335,-371
58,104,1974,3371,-500,0
121,70,3837,2248,342,-8
121,70,3837,2249,342,-8
121,70,3845,2192,192,432
121,70,3846,2199,189,376
5,70,234,2192,33,445
5,70,245,2198,-141,396
5,70,248,2188,-159,445
5,70,253,2243,-220,389
5,70,254,2212,-212,423
5,70,256,2179,-361,345
5,70,258,2210,-236,441
5,70,265,2214,-316,316
5,70,278,2200,-361,345
122,69,3834,2187,500,0
122,69,3842,2184,500,-11
122,69,3859,2185,428,129
122,69,3863,2185,458,114
122,69,3868,2186,433,108
122,69,3869,2185,431,118
4,69,158,2189,-19,-17
4,69,208,2148,-277,416
4,69,210,2164,-335,371
4,69,214,2150,-335,371
4,69,214,2153,-361,345
4,69,215,2153,-361,345
4,69,215,2176,-199,207
4,69,236,2183,-421,150
4,69,239,2150,-345,361
123,67,3861,2178,496,-60
123,67,3871,2115,500,0
123,67,3871,2116,387,0
123,67,3874,2116,414,0
123,67,3875,2112,389,47
123,67,3875,2114,392,19
123,67,3912,2091,136,453
123,67,3938,2123,18,17
3,67,184,2086,-144,478
3,67,216,2103,-351,351
3,67,223,2112,-392,19
3,67,223,2113,-391,28
3,67,225,2113,-366,8
3,67,225,2115,-500,0
124,62,3903,1988,478,144
124,62,3903,2037,500,0
124,62,3908,2051,148,-450
124,62,3922,2033,442,-66
124,62,3928,1997,283,189
124,62,3952,2022,-116,-105
124,62,4070,1994,-317,-190
2,62,144,2036,-18,18
2,62,155,2013,-316,0
2,62,173,2033,-442,-66
2,62,178,2012,-473,0
2,62,188,2051,-361,-345
2,62,188,2051,-148,-450
123,61,3860,1948,500,0
123,61,3865,1987,500,0
123,61,3870,1929,498,48
123,61,3872,2010,392,19
123,61,3873,2014,392,0
123,61,3876,2028,340,-325
123,61,3879,2024,351,-351
123,61,3891,2008,421,-150
123,61,3949,2009,149,-250
3,61,161,2012,25,500
3,61,174,2032,-20,-208
3,61,183,2036,-144,-478
3,61,205,1985,-353,-353
3,61,206,2011,-433,-192
3,61,215,2004,-500,0
3,61,215,2019,-444,22
3,61,217,2002,-344,-359
3,61,217,2024,-359,-344
3,61,221,2004,-340,-325
3,61,221,2027,-340,-325
3,61,223,2012,-392,0
122,59,3829,1931,500,0
122,59,3850,1928,473,0
122,59,3856,1978,353,-353
122,59,3860,1983,332,-333
122,59,3867,1975,353,-353
122,59,3880,1975,361,-345
122,59,3882,1969,353,-353
122,59,3882,1977,345,-361
122,59,3882,1978,345,-361
122,59,3883,1964,345,-361
122,59,3883,1969,353,-353
122,59,3889,1970,345,-361
122,59,3889,1970,353,-353
122,59,3923,1939,334,75
4,59,171,1967,0,-447
4,59,212,1965,-345,-361
4,59,219,1972,-353,-353
4,59,231,1979,-344,-359
4,59,234,1983,-325,-340
4,59,242,1982,-345,-361
4,59,243,1957,-361,-345
4,59,248,1950,-361,-345
4,59,256,1949,-361,-345
59,24,1914,697,97,490
59,24,1974,733,-302,0
59,24,1977,733,-276,0
59,24,1980,733,-237,78
59,24,1983,733,-300,332
59,24,1992,711,-150,390
59,24,1996,721,-371,335
59,24,1999,718,-371,335
59,24,2000,718,-371,335
59,24,2000,718,-361,345
59,24,2002,719,-402,296
59,24,2003,717,-378,326
59,24,2004,714,-371,335
59,24,2005,717,-353,353
59,24,2006,716,-353,353
59,24,2008,716,-361,345
59,24,2008,718,-386,316
59,24,2009,715,-361,345
59,24,2009,716,-361,345
68,24,2127,747,437,97
68,24,2154,713,361,345
68,24,2155,713,353,353
68,24,2162,720,353,353
68,24,2196,689,0,500
68,24,2196,748,0,0
68,24,2196,750,0,0
68,24,2196,754,78,-61
69,23,2146,706,340,325
69,23,2147,691,332,332
69,23,2147,691,340,325
69,23,2147,693,332,332
69,23,2147,693,340,325
69,23,2147,694,332,332
69,23,2147,696,332,332
69,23,2147,696,340,325
69,23,2147,697,332,332
69,23,2147,697,340,325
69,23,2147,700,332,332
69,23,2147,700,340,325
69,23,2147,702,332,332
69,23,2147,703,316,349
69,23,2151,685,358,343
69,23,2177,752,281,70
69,23,2181,735,182,191
69,23,2188,720,-165,202
69,23,2196,689,0,447
69,23,2196,710,19,16
69,23,2199,715,0,0
69,23,2202,715,26,0
57,22,1931,675,-498,48
57,22,1937,650,-353,353
57,22,1949,675,-392,0
57,22,1950,671,-441,53
57,22,1951,673,-391,28
56,21,1899,675,-419,-41
56,21,1903,676,-446,-33
56,21,1906,676,-473,0
56,21,1910,676,-500,0
69,21,2131,675,500,0
69,21,2136,660,314,0
69,21,2136,673,314,0
69,21,2136,677,340,-8
69,21,2161,630,373,290
69,21,2162,618,353,353
57,19,1915,562,-190,403
57,19,1933,624,-444,0
57,19,1938,626,-471,23
57,19,1938,628,-471,23
57,19,1938,629,-471,23
57,19,1938,630,-471,23
57,19,1938,636,-471,23
57,19,1938,638,-471,23
57,19,1938,639,-471,23
57,19,1938,640,-471,23
57,19,1938,641,-471,23
57,19,1938,642,-471,23
57,19,1938,643,-471,23
57,19,1938,645,-471,23
57,19,1938,647,-471,23
57,19,1938,649,-471,23
57,19,1945,674,-500,0
57,19,1954,608,-387,0
57,19,1959,623,-340,17
57,19,1959,625,-340,17
57,19,1959,626,-340,17
57,19,1959,627,-340,17
57,19,1959,628,-340,17
57,19,1959,629,-340,17
57,19,1959,635,-340,17
57,19,1959,636,-340,17
57,19,1959,637,-340,17
57,19,1959,638,-340,17
57,19,1959,639,-340,17
57,19,1959,640,-340,17
57,19,1959,641,-340,17
57,19,1959,642,-340,17
57,19,1959,643,-340,17
57,19,1959,644,-340,17
57,19,1959,646,-340,17
57,19,1959,648,-340,17
57,19,1960,642,-314,0
57,19,1960,643,-314,0
70,19,2189,597,473,0
70,19,2189,616,473,0
70,19,2189,619,473,0
70,19,2204,555,361,345
