69,53,2208,1634,345,361
69,53,2208,1635,353,353
69,53,2292,1633,0,500
69,53,2315,1661,-361,-345
65,53,2026,1638,358,343
65,53,2048,1692,264,0
65,53,2076,1632,335,371
65,53,2079,1634,332,332
65,53,2086,1628,225,320
65,53,2091,1633,223,353
65,53,2106,1626,58,334
65,53,2108,1623,30,312
65,53,2112,1624,0,500
65,53,2112,1626,0,340
65,53,2112,1630,0,366
65,53,2176,1636,0,500
65,53,2201,1684,-500,0
56,43,1872,1412,107,241
56,43,1875,1387,0,0
56,43,1875,1387,42,-30
56,43,1878,1387,106,-75
56,43,1882,1439,-377,-239
56,43,1883,1451,-342,-327
56,43,1886,1387,25,-260
56,43,1890,1387,30,-308
56,43,1893,1387,-340,0
56,43,1894,1462,-361,-345
56,43,1896,1387,-366,0
56,43,1897,1387,-300,-245
56,43,1898,1462,-353,-353
56,43,1898,1465,-353,-353
56,43,1900,1459,-353,-353
56,43,1902,1387,-340,0
56,43,1902,1416,-402,-296
56,43,1907,1418,-402,-296
56,43,1911,1421,-394,-306
68,54,2162,1689,373,290
68,54,2166,1692,353,274
68,54,2188,1687,0,395
68,54,2211,1684,-500,0
58,42,1904,1409,-353,-274
58,42,1913,1406,-424,-212
58,42,1928,1427,-402,-296
58,42,1930,1423,33,-446
58,42,1932,1430,-394,-306
58,42,1935,1434,-402,-296
58,42,1940,1419,-167,-470
60,42,1887,1388,-163,-272
60,42,1921,1419,-500,0
60,42,1932,1419,-500,0
60,42,1939,1422,22,-447
60,42,1939,1423,33,-446
60,42,1940,1396,0,0
60,42,1940,1411,194,110
60,42,1950,1433,-316,-386
60,42,1952,1419,-500,0
60,42,1953,1419,-500,0
66,54,2135,1675,466,179
66,54,2135,1676,466,179
66,54,2138,1678,478,144
66,54,2147,1681,482,132
66,54,2165,1686,-141,396
66,54,2184,1692,-346,283
64,54,2001,1686,373,290
64,54,2047,1677,10,473
64,54,2048,1677,0,473
64,54,2066,1680,33,445
64,54,2067,1681,22,447
64,54,2068,1681,0,447
64,54,2068,1710,219,146
64,54,2083,1680,-488,109
62,42,2024,1438,-316,-386
62,42,2027,1422,0,-447
62,42,2045,1424,-224,-418
62,42,2055,1423,-361,-345
62,42,2059,1407,0,-342
62,42,2059,1422,0,-447
62,42,2062,1422,-43,-446
62,42,2103,1416,-441,-236
61,43,1926,1455,181,-438
61,43,1980,1486,0,-500
61,43,1981,1479,-8,-340
61,43,1988,1433,0,-287
61,43,1989,1450,0,-418
61,43,1989,1480,-17,-340
61,43,1990,1480,-17,-340
61,43,1991,1480,-17,-340
61,43,1992,1450,0,-418
61,43,1993,1450,0,-418
61,43,1993,1480,-17,-340
61,43,1994,1450,0,-418
61,43,1994,1480,-17,-340
61,43,1995,1450,0,-418
61,43,1995,1480,-17,-340
61,43,1996,1450,0,-418
61,43,1996,1480,-17,-340
61,43,1997,1480,-17,-340
61,43,1998,1480,-17,-340
61,43,2001,1467,-344,-359
61,43,2001,1468,-21,-418
61,43,2002,1467,-344,-359
61,43,2002,1480,25,-339
61,43,2003,1450,0,-418
61,43,2003,1457,0,-471
61,43,2003,1480,-17,-340
61,43,2003,1481,0,-314
61,43,2004,1466,-351,-351
61,43,2004,1480,-17,-340
61,43,2005,1467,-344,-359
61,43,2005,1480,-17,-340
61,43,2006,1467,-351,-351
61,43,2006,1467,-344,-359
61,43,2006,1480,-17,-340
61,43,2008,1467,-344,-359
61,43,2008,1471,-325,-340
61,43,2009,1471,-325,-340
61,43,2010,1467,-344,-359
61,43,2011,1436,0,-314
61,43,2011,1471,-325,-340
61,43,2011,1480,-17,-340
61,43,2011,1480,25,-339
61,43,2012,1480,-17,-340
61,43,2014,1480,25,-339
61,43,2016,1480,-17,-340
61,43,2025,1450,0,-418
61,43,2025,1480,-17,-340
61,43,2026,1480,-17,-340
61,43,2026,1480,25,-339
61,43,2027,1450,0,-418
61,43,2027,1454,-22,-444
61,43,2027,1480,-17,-340
61,43,2027,1481,0,-314
61,43,2029,1480,-17,-340
61,43,2031,1476,18,-366
61,43,2033,1476,18,-366
61,43,2034,1476,18,-366
61,43,2038,1456,-137,-453
61,43,2069,1455,-353,-353
103,20,3240,685,451,-212
103,20,3241,683,473,0
103,20,3251,683,421,0
103,20,3251,696,421,-150
103,20,3252,696,421,-150
103,20,3252,734,332,-333
103,20,3252,735,332,-333
103,20,3253,728,361,-345
103,20,3253,735,332,-333
103,20,3254,693,400,-132
103,20,3254,693,403,-121
103,20,3255,695,389,-161
103,20,3256,725,361,-345
103,20,3256,730,351,-351
103,20,3256,731,343,-359
103,20,3256,735,332,-333
103,20,3259,727,353,-353
103,20,3259,731,343,-359
103,20,3259,735,332,-333
103,20,3260,727,353,-353
103,20,3260,730,351,-351
103,20,3260,735,332,-333
103,20,3261,735,332,-333
103,20,3262,735,332,-333
103,20,3263,731,343,-359
103,20,3263,735,332,-333
103,20,3264,735,332,-333
103,20,3265,681,-317,190
103,20,3265,682,-317,190
103,20,3265,731,343,-359
103,20,3266,731,343,-359
103,20,3266,735,332,-333
103,20,3267,680,-289,183
103,20,3267,735,325,-340
103,20,3267,735,332,-333
103,20,3267,736,325,-340
103,20,3268,735,332,-333
103,20,3268,736,325,-340
103,20,3269,674,-250,-194
103,20,3269,731,343,-359
103,20,3271,692,247,192
103,20,3271,731,343,-359
103,20,3271,732,343,-359
103,20,3271,732,351,-351
103,20,3271,738,316,-386
103,20,3271,739,316,-386
103,20,3274,680,-369,18
103,20,3274,738,296,-402
103,20,3275,651,214,-101
103,20,3276,671,-269,-111
103,20,3278,734,353,-353
103,20,3280,687,121,99
103,20,3281,731,371,-335
103,20,3282,730,371,-335
103,20,3283,670,-100,187
103,20,3283,680,-132,-162
103,20,3283,682,-12,-23
103,20,3291,714,296,-402
103,20,3297,744,-11,-500
103,20,3300,719,0,-447
103,20,3300,722,0,-473
103,20,3300,741,0,-500
103,20,3300,746,-48,-498
103,20,3342,732,0,-395
103,20,3347,730,437,-98
103,20,3351,728,-21,-418
103,20,3360,737,85,-492
103,20,3364,730,0,-500
103,20,3393,683,-290,0
103,20,3400,686,-353,-353
103,20,3403,692,-335,-335
103,20,3407,676,-447,0
103,20,3417,677,-500,0
103,20,3423,679,-361,345
103,20,3436,651,-500,0
103,20,3437,677,-500,0
99,20,3131,733,361,-345
99,20,3131,733,371,-335
99,20,3135,729,361,-345
99,20,3136,732,361,-345
99,20,3137,688,178,-113
99,20,3142,680,-280,196
99,20,3151,677,-372,-248
99,20,3155,682,-108,-72
99,20,3155,683,-12,-23
99,20,3156,745,0,-314
99,20,3157,714,0,-418
99,20,3157,718,0,-444
99,20,3157,728,-22,-444
99,20,3158,714,0,-418
99,20,3158,744,-17,-340
99,20,3159,714,0,-418
99,20,3159,744,-17,-340
99,20,3159,745,0,-314
99,20,3160,714,0,-418
99,20,3160,744,-17,-340
99,20,3161,714,0,-418
99,20,3161,744,-17,-340
99,20,3162,714,0,-418
99,20,3162,744,-17,-340
99,20,3163,714,0,-418
99,20,3163,744,-17,-340
99,20,3164,714,0,-418
99,20,3164,744,-17,-340
99,20,3165,714,0,-418
99,20,3165,744,-17,-340
99,20,3166,714,0,-418
99,20,3166,744,-17,-340
99,20,3167,714,0,-418
99,20,3167,725,22,-444
99,20,3167,730,21,-418
99,20,3167,744,-17,-340
99,20,3167,745,7,-314
99,20,3168,714,0,-418
99,20,3168,726,0,-444
99,20,3168,743,0,-340
99,20,3168,744,-17,-340
99,20,3169,714,0,-418
99,20,3169,744,-17,-340
99,20,3170,714,0,-418
99,20,3170,744,-17,-340
99,20,3171,714,0,-418
99,20,3171,744,-17,-340
99,20,3172,714,0,-418
99,20,3172,744,-17,-340
99,20,3172,745,0,-314
99,20,3173,714,0,-418
99,20,3173,743,-17,-340
99,20,3173,744,-17,-340
99,20,3174,714,0,-418
99,20,3174,744,-17,-340
99,20,3174,745,0,-314
99,20,3175,714,0,-418
99,20,3175,744,-17,-340
99,20,3176,714,0,-418
99,20,3176,721,0,-471
99,20,3176,725,0,-444
99,20,3176,744,-17,-340
99,20,3176,745,0,-314
99,20,3177,714,0,-418
99,20,3177,744,-17,-340
99,20,3178,714,0,-418
99,20,3178,744,-17,-340
99,20,3179,710,0,-392
99,20,3179,714,0,-418
99,20,3179,744,-17,-340
99,20,3180,714,0,-418
99,20,3180,744,-17,-340
99,20,3181,714,0,-418
99,20,3181,743,-17,-340
99,20,3181,744,-17,-340
99,20,3182,714,0,-418
99,20,3182,744,-17,-340
99,20,3182,745,0,-314
99,20,3183,714,0,-418
99,20,3183,744,-17,-340
99,20,3183,745,0,-314
99,20,3184,714,0,-418
99,20,3184,744,-17,-340
99,20,3184,747,0,-342
99,20,3185,714,0,-418
99,20,3185,744,-17,-340
99,20,3185,745,0,-314
99,20,3186,714,0,-418
99,20,3186,744,-17,-340
99,20,3186,745,0,-314
99,20,3187,714,0,-418
99,20,3187,744,-17,-340
99,20,3188,714,0,-418
99,20,3188,744,-17,-340
99,20,3189,714,0,-418
99,20,3189,744,-17,-340
99,20,3190,714,0,-418
99,20,3190,744,-17,-340
99,20,3190,745,0,-314
99,20,3191,714,0,-418
99,20,3191,744,-17,-340
99,20,3192,714,0,-418
99,20,3192,744,-17,-340
99,20,3193,714,0,-418
99,20,3193,744,-17,-340
99,20,3194,714,0,-418
99,20,3194,744,-17,-340
99,20,3195,714,0,-418
99,20,3195,744,-17,-340
99,20,3196,714,0,-418
99,20,3196,744,-17,-340
99,20,3197,714,0,-418
99,20,3197,744,-17,-340
99,20,3198,714,0,-418
99,20,3198,744,-17,-340
99,20,3199,714,0,-418
99,20,3199,744,-17,-340
99,20,3200,714,0,-418
99,20,3200,744,-17,-340
99,20,3201,714,0,-418
99,20,3201,744,-17,-340
99,20,3202,714,0,-418
99,20,3202,718,0,-444
99,20,3202,743,17,-340
99,20,3202,744,-17,-340
99,20,3203,714,0,-418
99,20,3203,744,-17,-340
99,20,3203,745,0,-314
99,20,3204,714,0,-418
99,20,3204,744,-17,-340
99,20,3204,745,0,-314
99,20,3205,714,0,-418
99,20,3205,744,-17,-340
99,20,3205,745,0,-314
99,20,3206,710,0,-392
99,20,3206,714,0,-418
99,20,3206,744,-17,-340
99,20,3207,714,0,-418
99,20,3207,744,-17,-340
99,20,3208,714,0,-418
99,20,3208,744,-17,-340
99,20,3208,745,0,-314
99,20,3209,714,0,-418
99,20,3209,744,-17,-340
99,20,3210,714,0,-418
99,20,3210,744,-17,-340
99,20,3211,714,0,-418
99,20,3211,718,0,-444
99,20,3211,744,-17,-340
99,20,3212,714,0,-418
99,20,3212,744,-17,-340
99,20,3213,714,0,-418
99,20,3213,744,-17,-340
99,20,3213,745,0,-314
99,20,3214,714,0,-418
99,20,3214,744,-17,-340
99,20,3215,744,-17,-340
99,20,3217,714,0,-418
99,20,3218,714,0,-418
99,20,3218,744,-17,-340
99,20,3219,744,-17,-340
99,20,3221,718,0,-444
99,20,3222,744,-17,-340
99,20,3225,708,0,-392
99,20,3225,745,0,-314
99,20,3227,714,0,-418
99,20,3227,744,-17,-340
99,20,3228,744,-17,-340
99,20,3229,744,-17,-340
99,20,3230,714,0,-418
99,20,3231,737,-19,-387
99,20,3231,744,-17,-340
99,20,3232,742,0,-361
99,20,3234,742,17,-340
99,20,3234,744,-17,-340
99,20,3236,719,0,-447
99,20,3236,738,0,-500
99,20,3236,741,0,-500
99,20,3236,745,0,-392
99,20,3240,729,-277,-416
99,20,3262,707,-50,-94
99,20,3282,683,-473,0
99,20,3284,683,-473,0
99,20,3284,683,-191,-462
99,20,3296,702,-457,-203
95,20,3000,683,342,-8
95,20,3009,683,-54,-309
95,20,3012,679,0,0
95,20,3015,676,-356,-98
95,20,3016,724,0,-500
95,20,3017,724,0,-500
95,20,3099,731,-344,-359
95,20,3100,719,0,-447
95,20,3100,722,0,-471
95,20,3100,741,0,-500
95,20,3101,743,-8,-340
95,20,3102,735,-325,-340
95,20,3102,743,0,-340
95,20,3104,708,0,-473
95,20,3104,714,0,-418
95,20,3104,718,0,-444
95,20,3104,721,0,-471
95,20,3104,723,-24,-471
95,20,3104,725,0,-444
95,20,3104,734,0,-414
95,20,3104,737,0,-387
95,20,3104,741,0,-361
95,20,3104,741,0,-340
95,20,3104,742,0,-361
95,20,3104,744,0,-500
95,20,3104,744,0,-340
95,20,3105,714,0,-418
95,20,3105,725,0,-444
95,20,3105,732,-21,-418
95,20,3105,744,-17,-340
95,20,3105,745,0,-314
95,20,3106,736,-38,-391
95,20,3106,736,-29,-391
95,20,3106,740,-27,-365
95,20,3106,744,-33,-339
95,20,3106,744,-25,-339
95,20,3106,744,-17,-340
95,20,3106,745,-16,-314
95,20,3107,728,-22,-444
95,20,3107,736,-58,-388
95,20,3107,736,-38,-391
95,20,3107,740,-44,-363
95,20,3107,740,-35,-365
95,20,3107,740,-18,-366
95,20,3107,743,-41,-337
95,20,3108,714,0,-418
95,20,3108,728,-22,-444
95,20,3108,740,-44,-363
95,20,3108,744,-17,-340
95,20,3109,744,-17,-340
95,20,3110,731,-344,-359
95,20,3110,742,-58,-335
95,20,3110,744,-17,-340
95,20,3111,744,-17,-340
95,20,3112,714,0,-418
95,20,3112,744,-17,-340
95,20,3113,714,0,-418
95,20,3113,735,-325,-340
95,20,3113,744,-17,-340
95,20,3114,714,0,-418
95,20,3114,744,-17,-340
95,20,3115,714,0,-418
95,20,3115,718,-22,-444
95,20,3115,725,0,-444
95,20,3115,744,-17,-340
95,20,3115,745,0,-314
95,20,3116,682,61,-115
95,20,3116,688,239,-159
95,20,3116,744,-17,-340
95,20,3117,688,312,-30
95,20,3117,744,-17,-340
95,20,3119,681,182,-17
95,20,3119,686,189,180
95,20,3119,730,-351,-351
95,20,3120,730,-351,-351
95,20,3120,731,-344,-359
95,20,3121,681,209,4
95,20,3121,731,-344,-359
95,20,3123,734,-333,-333
95,20,3123,735,-325,-340
95,20,3124,679,275,-91
95,20,3124,681,235,5
95,20,3124,681,235,11
95,20,3124,735,-325,-340
95,20,3126,681,261,5
95,20,3126,681,261,13
95,20,3127,730,-351,-351
95,20,3127,731,-344,-359
95,20,3127,732,-289,-371
95,20,3128,731,-344,-359
95,20,3130,682,395,8
95,20,3130,731,-344,-359
95,20,3130,735,-325,-340
95,20,3130,735,-273,-351
95,20,3131,735,-325,-340
95,20,3133,684,286,-182
95,20,3133,735,-325,-340
95,20,3133,739,-257,-330
95,20,3135,731,-369,-334
95,20,3139,734,-350,-316
95,20,3140,691,-411,-92
95,20,3144,693,-433,-108
95,20,3145,695,-453,-137
95,20,3148,711,-366,-300
95,20,3154,683,-473,0
95,20,3154,683,-407,0
95,20,3158,683,-500,0
95,20,3158,697,-488,-109
95,20,3160,683,-500,0
95,20,3162,683,-500,0
95,20,3168,700,-306,-394
95,20,3168,700,-224,-447
102,19,3243,683,35,-472
102,19,3243,683,121,-484
102,19,3243,683,224,-447
102,19,3243,683,500,0
102,19,3243,684,267,-421
102,19,3245,678,267,-421
102,19,3249,676,394,-262
102,19,3250,677,381,-281
102,19,3251,663,147,-53
102,19,3251,677,381,-281
102,19,3254,674,360,-266
102,19,3254,675,353,-274
102,19,3273,680,150,-391
102,19,3275,687,462,-191
102,19,3284,652,162,208
102,19,3284,677,0,-282
102,19,3284,684,60,-269
102,19,3285,683,60,-269
102,19,3288,683,-407,0
102,19,3289,683,-314,-30
102,19,3290,706,-144,-478
102,19,3293,683,-500,0
102,19,3293,703,-224,-447
102,19,3296,683,-500,0
102,19,3297,683,-500,0
23,76,676,2447,441,-236
23,76,687,2451,447,10
23,76,689,2446,442,66
23,76,691,2451,421,0
23,76,693,2446,414,72
23,76,693,2446,416,62
23,76,696,2442,-203,157
23,76,703,2439,-292,175
23,76,732,2377,0,473
23,76,732,2381,0,473
23,76,732,2385,0,447
23,76,735,2376,-267,421
23,76,736,2377,-366,299
23,76,737,2390,161,389
23,76,738,2374,-180,406
23,76,765,2381,19,260
23,76,793,2409,-35,-232
23,76,795,2384,22,447
23,76,795,2387,21,421
23,76,796,2381,0,473
23,76,796,2385,0,447
23,76,796,2412,-170,-162
23,76,804,2356,0,500
23,76,814,2428,116,173
23,76,815,2424,76,252
23,76,820,2404,-132,126
23,76,820,2413,-40,178
23,76,820,2425,419,41
23,76,821,2374,-361,345
23,76,822,2402,-170,162
23,76,822,2421,367,35
23,76,823,2400,-208,198
23,76,823,2400,-199,207
23,76,823,2401,-189,180
23,76,823,2402,-176,194
23,76,824,2364,-296,402
23,76,824,2400,-199,207
23,76,824,2401,-176,194
23,76,825,2364,-296,402
23,76,825,2399,-208,198
23,76,826,2368,-335,371
23,76,826,2370,-359,343
23,76,826,2371,-359,343
23,76,826,2374,-351,351
23,76,827,2370,-359,343
23,76,827,2374,-351,351
23,76,828,2367,-316,349
23,76,828,2368,-325,340
23,76,828,2368,-316,349
23,76,828,2369,-325,340
23,76,828,2423,355,-225
23,76,829,2369,-325,340
23,76,829,2374,-351,351
23,76,830,2370,-340,325
23,76,830,2371,-340,325
23,76,830,2374,-351,351
23,76,830,2425,273,-202
23,76,831,2369,-333,332
23,76,831,2374,-351,351
23,76,831,2420,294,-176
23,76,832,2369,-351,317
23,76,832,2370,-351,317
23,76,832,2374,-351,351
23,76,832,2419,145,-309
23,76,832,2419,412,-233
23,76,833,2374,-351,351
23,76,834,2374,-351,351
23,76,835,2419,207,-367
23,76,837,2374,-351,351
23,76,837,2411,-437,97
23,76,838,2369,-325,340
23,76,838,2413,-468,70
23,76,839,2374,-351,351
23,76,841,2410,-400,131
23,76,843,2406,-414,171
23,76,844,2407,-421,150
23,76,844,2409,-428,129
23,76,846,2410,-432,118
23,76,847,2405,-438,181
23,76,849,2373,-351,351
23,76,849,2410,-457,125
23,76,850,2384,-353,353
23,76,852,2391,-335,371
23,76,860,2401,-371,335
27,76,806,2420,500,0
27,76,813,2420,473,0
27,76,817,2420,447,0
27,76,826,2407,453,136
27,76,833,2368,325,377
27,76,860,2354,0,500
27,76,860,2356,0,500
27,76,860,2381,0,473
27,76,860,2383,0,447
27,76,860,2386,0,447
27,76,860,2392,0,395
27,76,895,2370,332,332
27,76,899,2369,325,340
27,76,901,2359,0,314
27,76,901,2387,0,418
27,76,911,2359,0,314
27,76,912,2359,0,314
27,76,913,2359,0,314
27,76,913,2360,25,338
27,76,914,2359,0,314
27,76,914,2373,358,343
27,76,915,2359,0,314
27,76,915,2375,351,351
27,76,916,2359,0,314
27,76,917,2359,0,314
27,76,918,2359,0,314
27,76,919,2359,0,314
27,76,920,2359,0,314
27,76,921,2359,0,314
27,76,921,2360,25,338
27,76,922,2359,0,314
27,76,923,2359,0,314
27,76,924,2359,0,314
27,76,925,2359,0,314
27,76,927,2359,0,314
27,76,928,2359,0,314
27,76,929,2359,0,314
27,76,930,2359,0,314
27,76,931,2359,0,314
27,76,931,2380,353,353
27,76,932,2359,0,314
27,76,933,2359,0,314
27,76,934,2359,0,314
27,76,934,2400,198,207
27,76,935,2359,0,314
27,76,935,2400,198,207
27,76,935,2401,189,180
27,76,936,2359,0,314
27,76,937,2359,0,314
27,76,937,2360,25,338
27,76,937,2398,198,207
27,76,937,2399,198,207
27,76,938,2359,0,314
27,76,938,2402,175,194
27,76,939,2359,0,314
27,76,940,2423,198,371
27,76,952,2425,389,-67
27,76,958,2409,-250,194
27,76,960,2371,-353,353
27,76,960,2374,-351,351
27,76,960,2411,-245,155
27,76,961,2374,-361,345
27,76,965,2369,-361,345
31,76,935,2420,500,0
31,76,936,2397,345,361
31,76,936,2399,345,361
31,76,936,2400,345,361
31,76,937,2399,345,361
31,76,937,2403,335,371
31,76,937,2420,500,0
31,76,939,2404,335,371
31,76,940,2405,361,345
31,76,940,2407,326,378
31,76,945,2420,447,0
31,76,947,2420,421,0
31,76,948,2367,314,314
31,76,951,2368,342,327
31,76,952,2410,433,108
31,76,956,2369,349,316
31,76,956,2410,433,108
31,76,957,2370,349,316
31,76,958,2412,234,-318
31,76,958,2419,-211,-395
31,76,961,2370,332,332
31,76,963,2370,332,332
31,76,963,2423,-291,-226
31,76,964,2369,325,340
31,76,964,2369,332,332
31,76,964,2370,332,332
31,76,965,2369,325,340
31,76,965,2369,332,332
31,76,965,2370,332,332
31,76,965,2370,340,325
31,76,965,2373,358,343
31,76,965,2399,279,279
31,76,966,2369,325,340
31,76,966,2370,332,332
31,76,966,2373,358,343
31,76,967,2370,332,332
31,76,968,2369,325,340
31,76,968,2370,332,332
31,76,969,2370,332,332
31,76,970,2369,325,340
31,76,970,2369,332,332
31,76,970,2370,332,332
31,76,971,2376,353,353
31,76,974,2373,358,343
31,76,975,2360,25,338
31,76,976,2427,-101,214
31,76,978,2370,332,332
31,76,979,2370,332,332
31,76,980,2359,0,314
31,76,981,2359,0,314
31,76,981,2419,164,-87
31,76,983,2359,0,314
31,76,984,2362,66,333
31,76,986,2359,0,314
31,76,986,2362,58,334
31,76,988,2359,0,314
31,76,988,2359,30,312
31,76,989,2359,0,314
31,76,989,2359,30,312
31,76,989,2385,-33,442
31,76,990,2359,0,314
31,76,990,2359,15,314
31,76,991,2359,0,314
31,76,991,2359,7,314
31,76,991,2359,15,314
31,76,991,2361,26,364
31,76,992,2359,0,314
31,76,992,2363,0,340
31,76,993,2370,332,332
31,76,996,2369,325,340
31,76,996,2381,0,473
31,76,996,2392,0,395
31,76,1013,2377,-361,345
31,76,1024,2387,0,421
31,76,1027,2379,-316,386
31,76,1034,2377,-361,345
31,76,1042,2391,0,395
31,76,1063,2378,-361,345
31,76,1070,2400,36,36
31,76,1074,2405,0,0
31,76,1083,2382,-151,365
24,77,789,2408,447,224
24,77,795,2401,335,371
24,77,796,2420,500,0
24,77,798,2420,500,0
24,77,800,2420,-45,228
24,77,800,2420,500,0
24,77,802,2400,212,451
24,77,804,2400,0,500
24,77,805,2400,156,474
24,77,808,2420,300,90
24,77,809,2395,37,498
24,77,810,2420,-281,381
24,77,811,2420,-451,212
24,77,813,2413,-148,449
24,77,814,2413,-148,449
24,77,814,2424,-58,390
24,77,815,2413,-148,449
24,77,820,2421,-121,403
24,77,826,2423,-199,371
24,77,827,2429,-234,317
24,77,840,2428,-353,274
24,77,844,2425,-366,299
24,77,844,2426,-381,281
24,77,845,2425,-381,281
24,77,847,2422,-402,296
24,77,852,2419,-267,421
24,77,858,2411,-287,408
24,77,859,2404,-212,451
100,19,3224,695,236,-441
100,19,3225,697,386,-316
100,19,3226,684,482,-132
100,19,3230,683,482,-132
100,19,3234,696,267,-421
100,19,3234,703,203,-457
100,19,3236,705,0,-500
100,19,3243,655,-121,-33
100,19,3243,659,0,78
100,19,3243,686,0,-447
100,19,3244,687,-23,-447
100,19,3245,686,0,-447
100,19,3275,677,-374,-290
100,19,3276,677,-381,-281
100,19,3276,677,-374,-290
100,19,3279,680,-402,-296
100,19,3286,691,-121,-484
28,77,924,2420,500,0
28,77,926,2420,500,0
28,77,927,2420,500,0
28,77,935,2398,0,500
28,77,937,2420,340,0
28,77,938,2398,0,500
28,77,939,2417,0,447
28,77,939,2442,0,264
28,77,941,2417,-33,445
28,77,942,2413,-11,473
28,77,942,2417,-43,445
28,77,943,2413,-11,473
28,77,943,2413,148,449
28,77,943,2424,-58,390
28,77,944,2421,-72,414
28,77,945,2414,-76,440
28,77,945,2417,-76,440
28,77,947,2425,-123,375
28,77,950,2443,-212,156
28,77,971,2425,-283,231
30,77,939,2417,74,494
30,77,941,2424,236,441
30,77,945,2427,386,271
30,77,950,2419,327,342
30,77,950,2428,353,274
30,77,951,2418,308,358
30,77,951,2419,317,351
30,77,959,2420,248,372
30,77,959,2426,258,332
30,77,959,2426,274,319
30,77,960,2409,361,345
30,77,962,2430,257,299
30,77,964,2401,326,378
30,77,966,2420,190,403
30,77,970,2420,131,400
30,77,971,2421,121,403
30,77,973,2424,95,382
30,77,977,2421,-277,148
30,77,980,2439,21,14
30,77,980,2445,0,0
30,77,980,2446,67,79
30,77,980,2448,194,136
30,77,992,2400,0,500
30,77,992,2403,0,500
30,77,995,2402,-335,371
30,77,996,2403,0,500
98,19,3115,683,306,-394
98,19,3126,674,360,-266
98,19,3152,682,62,-416
98,19,3155,654,153,30
98,19,3156,682,0,-421
98,19,3156,683,-387,0
98,19,3156,686,0,-447
98,19,3156,691,0,-473
98,19,3158,683,-380,0
98,19,3158,705,0,-500
98,19,3162,706,0,-500
98,19,3164,702,361,-345
98,19,3164,703,-74,-494
98,19,3165,683,-500,0
98,19,3165,696,-296,-402
98,19,3167,683,-500,0
98,19,3167,683,-485,0
98,19,3168,683,-500,0
98,19,3169,683,-500,0
98,19,3171,704,-326,-378
96,19,3100,701,0,-500
96,19,3103,683,500,0
96,19,3104,701,-167,-470
96,19,3111,706,76,-387
96,19,3112,702,0,-500
96,19,3113,683,209,0
96,19,3138,678,-300,-332
96,19,3138,678,-292,-339
96,19,3141,681,-309,-359
96,19,3142,671,-344,-242
96,19,3144,676,-395,0
96,19,3147,689,-326,-378
96,19,3152,680,-382,-205
96,19,3153,696,-236,-441
96,19,3156,683,-500,0
96,19,3156,683,-433,0
96,19,3156,683,-361,-345
96,19,3157,683,-500,0
96,19,3158,683,-500,0
96,19,3159,686,-326,-378
96,19,3162,683,-354,0
26,77,822,2428,353,274
26,77,836,2420,200,400
26,77,836,2434,-35,69
26,77,841,2442,204,167
26,77,842,2450,-116,-174
26,77,844,2424,114,378
26,77,848,2421,62,416
26,77,849,2443,79,224
26,77,852,2417,0,447
26,77,852,2440,25,2
26,77,852,2448,0,-52
26,77,856,2415,-361,345
26,77,856,2420,-137,167
26,77,857,2420,-276,0
26,77,858,2404,-335,371
26,77,860,2400,0,500
26,77,860,2400,316,386
26,77,860,2401,144,478
26,77,861,2400,-224,447
26,77,861,2407,-296,402
26,77,864,2399,-267,421
26,77,865,2403,-316,386
26,77,865,2411,-148,449
26,77,865,2420,-500,0
26,77,868,2403,-361,345
26,77,868,2417,-492,85
26,77,869,2414,-478,144
26,77,869,2415,-484,121
26,77,871,2416,-416,277
26,77,872,2416,-416,277
125,90,3928,2868,314,0
125,90,3928,2869,314,0
125,90,3928,2871,314,0
125,90,3928,2883,314,0
125,90,3931,2859,340,0
125,90,3939,2849,392,0
125,90,3943,2842,418,0
125,90,3948,2841,444,0
125,90,3948,2842,444,0
125,90,3954,2826,353,353
125,90,3954,2826,361,345
125,90,3956,2840,497,-11
125,90,3960,2934,361,345
125,90,3963,2938,345,361
125,90,3964,2941,402,296
125,90,3965,2931,345,361
125,90,3968,2836,248,372
125,90,3973,2935,345,361
125,90,3977,2938,345,361
125,90,3979,2809,132,482
125,90,3980,2826,179,466
125,90,3988,2825,0,473
125,90,3988,2830,0,447
125,90,3988,2863,0,-157
125,90,3990,2861,152,-101
125,90,3991,2867,421,9
125,90,3993,2860,160,241
125,90,3994,2862,248,-372
1,4,105,173,-205,307
1,4,107,176,0,444
1,4,107,179,0,130
1,4,107,196,0,-316
1,4,107,217,0,-500
1,4,107,237,0,-500
1,4,111,159,192,135
1,4,113,238,-97,-490
1,4,113,239,-97,-490
1,4,120,118,-144,478
1,4,129,128,-107,0
1,4,130,165,-366,0
1,4,130,198,-292,-339
1,4,137,157,-418,-21
1,4,138,160,-417,-41
1,4,142,158,-444,-10
1,4,142,160,-443,-33
1,4,143,156,-447,0
1,4,143,163,-438,-76
1,4,143,215,-361,-345
1,4,145,159,-469,-46
1,4,145,216,-361,-345
1,4,145,216,-353,-353
1,4,146,155,-471,23
1,4,146,156,-471,23
1,4,146,157,-471,-24
1,4,146,157,-471,-11
1,4,146,158,-471,-24
1,4,146,158,-471,23
1,4,146,158,-469,-46
1,4,146,159,-471,23
1,4,146,160,-471,23
1,4,146,162,-471,23
1,4,146,164,-471,23
1,4,146,166,-471,23
1,4,146,168,-471,23
1,4,146,169,-471,23
1,4,146,218,-353,-353
1,4,151,156,-444,0
1,4,151,156,-444,22
1,4,151,169,-444,22
1,4,152,156,-440,0
1,4,153,157,-500,0
1,4,153,157,-418,0
1,4,156,158,-500,-11
1,4,159,177,-392,19
1,4,159,184,-392,19
1,4,160,187,-366,0
1,4,163,156,-500,-11
1,4,163,156,-366,0
1,4,163,177,-366,18
1,4,164,179,-340,0
1,4,165,165,-333,-66
1,4,166,156,-340,0
1,4,166,159,-340,-8
1,4,166,160,-339,-25
1,4,166,161,-339,-33
1,4,166,171,-323,-106
1,4,167,154,-340,17
1,4,167,155,-340,17
1,4,167,156,-340,17
1,4,167,157,-340,0
1,4,167,157,-340,17
1,4,167,158,-340,-17
1,4,167,158,-340,-8
1,4,167,158,-340,17
1,4,167,159,-340,-17
1,4,167,159,-340,-8
1,4,167,159,-340,17
1,4,167,160,-339,-25
1,4,167,161,-340,17
1,4,167,162,-337,-41
1,4,167,163,-340,17
1,4,167,163,-337,-41
1,4,167,163,-336,-50
1,4,167,164,-340,17
1,4,167,164,-335,-58
1,4,167,165,-340,17
1,4,167,166,-340,17
1,4,167,167,-340,17
1,4,167,168,-340,17
1,4,167,172,-340,-8
1,4,168,156,-335,0
1,4,168,157,-314,0
1,4,168,158,-314,-16
1,4,168,159,-314,-16
1,4,168,171,-323,-106
1,4,171,158,-444,-22
1,4,171,166,-492,-85
1,4,173,157,-500,0
2,83,113,2745,-361,-345
2,83,130,2625,106,298
2,83,138,2700,-125,-138
2,83,139,2700,-33,70
2,83,139,2707,0,0
2,83,139,2723,-4,-25
2,83,139,2743,0,-209
2,83,139,2749,0,-500
2,83,145,2703,-48,-498
2,83,145,2710,-96,-383
2,83,145,2748,-132,-482
2,83,146,2694,-50,-336
2,83,146,2712,-74,-494
2,83,146,2748,-132,-482
2,83,147,2695,-46,-310
2,83,147,2696,-46,-310
2,83,147,2712,-85,-492
2,83,147,2764,-179,-466
2,83,148,2758,-132,-482
2,83,149,2686,-117,-470
2,83,149,2724,-114,-459
2,83,149,2732,-140,-425
2,83,149,2762,-121,-484
2,83,149,2763,-132,-482
2,83,150,2689,-111,-445
2,83,150,2732,-140,-425
2,83,150,2733,-140,-425
2,83,150,2763,-132,-482
2,83,150,2767,-121,-484
2,83,151,2697,-105,-419
2,83,151,2736,-148,-450
2,83,154,2685,-179,-466
2,83,154,2740,-179,-466
2,83,155,2745,-441,-236
2,83,156,2676,-211,-395
2,83,156,2738,-191,-462
2,83,157,2680,-212,-424
2,83,157,2683,-212,-451
2,83,158,2678,-233,-412
2,83,158,2679,-233,-412
2,83,158,2686,-212,-451
2,83,159,2679,-244,-407
2,83,159,2680,-233,-412
2,83,159,2686,-224,-447
2,83,160,2665,-261,13
2,83,160,2680,-244,-407
2,83,160,2748,-500,0
2,83,161,2683,-246,-435
2,83,161,2684,-246,-435
2,83,161,2684,-236,-441
2,83,161,2685,-246,-435
2,83,161,2691,-212,-451
2,83,161,2748,-500,0
2,83,162,2665,-26,0
2,83,162,2748,-500,0
2,83,164,2667,-316,0
2,83,164,2689,-246,-435
2,83,164,2690,-246,-435
2,83,164,2698,-290,-374
2,83,164,2698,-224,-447
2,83,164,2748,-500,0
2,83,165,2748,-500,0
2,83,168,2684,-395,8
2,83,168,2696,-257,-429
2,83,170,2643,122,-260
2,83,173,2646,93,-187
2,83,174,2642,40,-205
2,83,174,2681,-446,33
2,83,175,2690,-314,7
2,83,178,2660,-500,0
2,83,180,2680,-472,46
2,83,182,2673,-500,0
2,83,182,2720,-361,-345
2,83,182,2722,-361,-345
2,83,182,2723,-361,-345
2,83,185,2621,-345,361
2,83,185,2721,-326,-378
2,83,186,2683,-500,11
2,83,186,2714,-359,-344
2,83,186,2720,-335,-371
2,83,188,2660,-500,0
2,83,188,2696,-500,0
2,83,188,2711,-353,-353
2,83,188,2720,-325,-340
2,83,188,2720,-316,-350
2,83,188,2721,-316,-350
2,83,188,2729,-333,-333
2,83,189,2717,-340,-325
2,83,189,2719,-340,-325
2,83,189,2720,-340,-325
2,83,189,2722,-340,-325
2,83,189,2723,-340,-325
2,83,189,2724,-340,-325
2,83,189,2725,-340,-325
2,83,189,2727,-340,-325
2,83,189,2728,-340,-325
2,83,189,2729,-340,-325
2,83,189,2730,-340,-325
2,83,189,2731,-340,-325
2,83,190,2662,-493,-60
2,83,190,2709,-416,-277
2,83,190,2717,-340,-325
2,83,190,2718,-350,-316
2,83,190,2720,-353,-353
2,83,191,2718,-350,-316
2,83,194,2684,-500,0
2,83,194,2711,-416,-277
2,83,195,2714,-408,-287
2,83,195,2717,-408,-287
2,83,196,2714,-408,-287
2,83,199,2684,-500,0
2,83,202,2692,-419,0
2,83,203,2660,-500,0
2,83,203,2696,-500,0
2,83,204,2681,-498,37
2,83,204,2684,-500,11
2,83,204,2691,-500,0
2,83,204,2691,-500,11
2,83,204,2692,-500,0
2,83,206,2683,-500,11
2,84,130,2740,95,42
2,84,131,2740,257,365
2,84,132,2739,8,369
2,84,132,2740,0,0
2,84,132,2740,0,369
2,84,132,2740,8,369
2,84,132,2740,161,302
2,84,133,2733,-263,175
2,84,133,2733,-258,181
2,84,134,2734,-83,166
2,84,135,2735,-301,211
2,84,135,2740,26,0
2,84,136,2732,-146,-114
2,84,139,2732,-168,-33
2,84,139,2738,0,-183
2,84,139,2744,0,130
2,84,139,2765,0,-183
2,84,140,2731,-230,-63
2,84,142,2663,-462,191
2,84,145,2658,-204,45
2,84,148,2688,-85,383
2,84,150,2768,-137,-453
2,84,151,2675,-160,417
2,84,151,2694,-114,347
2,84,151,2772,-144,-478
2,84,152,2700,48,-149
2,84,158,2667,-500,0
2,84,162,2682,-238,0
2,84,168,2660,-246,271
2,84,170,2749,-302,-15
2,84,175,2671,-316,386
2,84,177,2747,-442,-170
2,84,178,2692,-289,28
2,84,184,2754,-492,-85
2,84,185,2756,-359,-344
2,84,185,2757,-359,-344
2,84,185,2758,-359,-344
2,84,185,2759,-359,-344
2,84,185,2759,-351,-351
2,84,185,2760,-359,-344
2,84,186,2750,-418,-21
2,84,186,2750,-418,0
2,84,187,2765,-397,-252
2,84,188,2734,-333,-333
2,84,188,2759,-340,-325
2,84,188,2760,-333,-333
2,84,188,2763,-333,-333
2,84,189,2734,-340,-325
2,84,189,2745,-340,-325
2,84,189,2746,-340,-325
2,84,189,2749,-392,0
2,84,189,2749,-340,-325
2,84,189,2752,-340,-325
2,84,189,2754,-340,-325
2,84,189,2759,-340,-325
2,84,189,2760,-340,-325
2,84,189,2761,-340,-325
2,84,189,2762,-340,-325
2,84,189,2763,-340,-325
2,84,190,2748,-414,0
2,84,190,2748,-392,0
2,84,190,2750,-392,-9
2,84,190,2750,-392,0
2,84,190,2751,-392,-9
2,84,191,2748,-392,0
2,84,191,2751,-392,-9
2,84,191,2755,-494,-74
2,84,192,2748,-387,0
2,84,193,2748,-500,0
2,84,193,2748,-387,0
2,84,193,2749,-500,0
2,84,194,2749,-500,0
2,84,194,2755,-494,-74
2,84,194,2756,-494,-74
2,84,194,2756,-492,-85
2,84,195,2749,-500,0
2,84,200,2682,-500,0
1,85,108,2693,-161,241
1,85,117,2732,0,0
1,85,130,2738,-314,38
1,85,137,2736,-391,58
1,85,139,2713,0,500
1,85,139,2714,0,500
1,85,139,2742,0,-157
1,85,140,2730,-229,229
1,85,143,2736,-446,43
1,85,145,2758,-167,-470
1,85,145,2759,-167,-470
1,85,146,2748,-473,0
1,85,146,2759,-167,-470
1,85,147,2763,-179,-466
1,85,149,2762,-190,-404
1,85,151,2711,-267,421
1,85,156,2718,-408,287
1,85,156,2749,-500,0
1,85,157,2714,-371,335
1,85,157,2748,-500,0
1,85,157,2749,-500,0
1,85,157,2749,-466,-179
1,85,158,2749,-496,-60
1,85,159,2751,-492,-85
1,85,160,2748,-500,0
1,85,160,2749,-500,0
1,85,161,2732,-408,287
1,85,161,2748,-500,0
1,85,162,2744,-494,-74
2,86,20,2775,92,-306
2,86,91,2718,0,-183
2,86,107,2802,-139,119
2,86,136,2711,-62,-115
2,86,139,2727,-16,19
2,86,140,2731,0,0
2,86,140,2732,-22,-14
2,86,141,2710,-38,391
2,86,147,2706,-107,430
2,86,151,2710,-160,387
2,86,153,2705,-171,414
2,86,154,2699,394,262
2,86,156,2699,-170,382
2,86,160,2733,-316,-7
2,86,167,2707,-309,358
2,86,168,2826,-498,48
2,86,169,2747,-418,0
2,86,169,2759,-418,0
2,86,169,2766,-418,0
2,86,169,2768,-418,0
2,86,169,2776,-418,0
2,86,169,2786,-418,0
2,86,169,2787,-418,0
2,86,169,2791,-418,0
2,86,172,2750,-444,0
2,86,173,2767,-444,0
2,86,174,2780,-444,0
2,86,175,2748,-473,0
2,86,175,2748,-471,0
2,86,176,2769,-471,0
2,86,177,2748,-471,10
2,86,177,2750,-471,-11
2,86,177,2752,-471,-11
2,86,177,2753,-471,-11
2,86,178,2747,-471,23
2,86,178,2748,-471,23
2,86,178,2749,-471,23
2,86,178,2750,-471,-24
2,86,178,2750,-471,23
2,86,178,2751,-471,-24
2,86,178,2751,-471,23
2,86,178,2752,-471,23
2,86,178,2753,-471,23
2,86,178,2754,-471,23
2,86,178,2755,-471,23
2,86,178,2756,-471,23
2,86,178,2757,-471,23
2,86,178,2758,-471,23
2,86,178,2759,-471,23
2,86,178,2760,-471,23
2,86,178,2761,-471,23
2,86,178,2762,-471,23
2,86,178,2763,-471,23
2,86,178,2764,-471,23
2,86,178,2765,-471,23
2,86,178,2766,-471,23
2,86,178,2767,-471,23
2,86,178,2768,-471,23
2,86,178,2769,-471,23
2,86,178,2770,-471,23
2,86,178,2771,-471,23
2,86,178,2772,-471,23
2,86,178,2773,-471,23
2,86,178,2774,-471,23
2,86,178,2776,-471,23
2,86,178,2777,-471,23
2,86,178,2778,-471,23
2,86,178,2779,-471,23
2,86,178,2780,-471,23
2,86,178,2782,-471,23
2,86,178,2783,-471,23
2,86,178,2784,-471,23
2,86,178,2785,-471,23
2,86,178,2786,-471,23
2,86,178,2787,-471,23
2,86,178,2788,-471,23
2,86,178,2789,-471,23
2,86,178,2790,-471,23
2,86,178,2791,-471,23
2,86,178,2792,-471,23
2,86,178,2793,-471,23
2,86,180,2757,-444,0
2,86,180,2783,-444,0
2,86,181,2750,-444,-10
2,86,181,2751,-223,-182
2,86,182,2750,-444,-10
2,86,182,2751,-444,-22
2,86,183,2747,-444,22
2,86,183,2762,-444,22
2,86,183,2765,-444,22
2,86,183,2773,-444,22
2,86,183,2779,-444,22
2,86,183,2793,-444,22
2,86,184,2748,-418,0
2,86,184,2816,-353,-353
2,86,185,2748,-418,0
2,86,185,2749,-500,0
2,86,185,2749,-418,0
2,86,187,2792,-417,30
2,86,187,2818,-353,-353
2,86,187,2819,-353,-353
2,86,187,2820,-345,-361
2,86,188,2748,-500,0
2,86,188,2820,-361,-345
2,86,188,2820,-353,-353
2,86,188,2821,-353,-353
2,86,189,2742,-478,144
2,86,190,2822,-361,-345
2,86,190,2822,-353,-353
2,86,190,2823,-353,-353
2,86,191,2751,-392,-9
2,86,191,2778,-392,19
2,86,191,2786,-392,19
2,86,191,2788,-392,19
2,86,191,2823,-353,-353
2,86,193,2724,-378,326
2,86,196,2748,-340,0
2,86,197,2749,-500,0
2,86,197,2750,-340,-8
2,86,198,2748,-340,0
2,86,198,2751,-340,-8
2,86,198,2752,-340,-8
2,86,198,2753,-340,-8
2,86,198,2754,-340,-8
2,86,199,2746,-340,17
2,86,199,2747,-340,17
2,86,199,2748,-340,17
2,86,199,2749,-340,17
2,86,199,2750,-340,-8
2,86,199,2750,-340,17
2,86,199,2751,-340,-8
2,86,199,2751,-340,17
2,86,199,2752,-340,17
2,86,199,2753,-340,17
2,86,199,2754,-340,17
2,86,199,2755,-340,17
2,86,199,2756,-340,17
2,86,199,2757,-340,17
2,86,199,2758,-340,17
2,86,199,2759,-340,17
2,86,199,2760,-340,17
2,86,199,2761,-340,17
2,86,199,2762,-340,17
2,86,199,2763,-340,17
2,86,199,2764,-340,17
2,86,199,2765,-340,17
2,86,199,2766,-340,17
2,86,199,2767,-340,17
2,86,199,2768,-340,17
2,86,199,2769,-340,17
2,86,199,2770,-340,17
2,86,199,2771,-340,17
2,86,199,2772,-340,17
2,86,199,2773,-340,-8
2,86,199,2773,-340,17
2,86,199,2774,-340,17
2,86,199,2775,-340,17
2,86,199,2776,-340,17
2,86,199,2777,-340,17
2,86,199,2778,-340,17
2,86,199,2779,-340,17
2,86,199,2780,-340,17
2,86,199,2781,-340,17
2,86,199,2782,-340,17
2,86,199,2783,-340,17
2,86,199,2784,-340,17
2,86,199,2785,-340,17
2,86,199,2786,-340,17
2,86,199,2787,-340,17
2,86,199,2788,-340,17
2,86,199,2789,-340,17
2,86,199,2790,-340,17
2,86,199,2791,-340,0
2,86,199,2791,-340,17
2,86,199,2792,-340,17
2,86,199,2796,-340,-8
2,86,200,2749,-314,0
2,86,200,2757,-314,0
2,86,200,2761,-314,0
2,86,200,2769,-314,0
2,86,200,2777,-314,0
2,86,200,2782,-314,0
2,86,200,2783,-314,0
2,86,200,2785,-314,0
2,86,200,2788,-314,0
2,86,200,2790,-314,0
2,86,200,2792,-314,0
2,86,201,2735,-478,144
2,86,201,2748,-335,0
2,86,201,2757,-492,-85
2,86,202,2749,-485,11
2,86,203,2737,-482,132
2,86,203,2748,-500,0
2,86,203,2749,-500,0
2,86,205,2749,-500,0
2,86,205,2752,-500,-25
1,87,98,2836,-52,2
1,87,99,2836,-2,52
1,87,105,2829,-87,164
1,87,107,2838,0,316
1,87,107,2838,9,197
1,87,110,2835,121,292
1,87,111,2796,-210,112
1,87,132,2860,-290,-374
1,87,136,2798,-205,382
1,87,137,2827,-421,0
1,87,139,2795,0,287
1,87,139,2816,-419,-41
1,87,141,2825,-447,0
1,87,146,2795,-473,0
1,87,146,2815,-473,0
1,87,146,2817,-473,0
1,87,146,2818,-473,0
1,87,146,2819,-473,0
1,87,146,2820,-473,0
1,87,146,2822,-473,0
1,87,146,2823,-473,0
1,87,146,2825,-473,0
1,87,146,2826,-473,0
1,87,146,2827,-473,0
1,87,146,2832,-472,-46
1,87,149,2851,-500,0
1,87,155,2851,-500,0
1,87,156,2849,-441,-236
1,87,156,2851,-500,0
1,87,156,2852,-500,0
1,87,160,2789,-500,0
1,87,161,2794,-500,0
1,89,105,2831,91,-220
1,89,105,2832,-18,-185
1,89,109,2827,110,-269
1,89,109,2830,110,-269
1,89,109,2868,-45,150
1,89,110,2826,121,-293
1,89,111,2840,-31,-315
1,89,114,2823,247,-274
1,89,118,2865,-230,63
1,89,119,2816,-369,0
1,89,134,2851,-369,0
1,89,137,2798,-185,346
1,89,137,2850,-421,0
1,89,138,2859,-407,111
1,89,139,2851,-421,0
1,89,139,2868,0,-500
1,89,141,2839,-447,0
1,89,141,2850,-447,0
1,89,141,2851,-395,0
1,89,142,2829,-439,87
1,89,142,2858,-432,118
1,89,143,2851,-447,0
1,89,145,2851,-435,246
1,89,145,2851,-421,0
1,89,146,2836,-473,0
1,89,146,2837,-473,0
1,89,146,2839,-473,0
1,89,146,2840,-473,0
1,89,146,2842,-473,0
1,89,146,2843,-473,0
1,89,146,2844,-473,0
1,89,146,2845,-473,0
1,89,146,2846,-473,0
1,89,146,2847,-473,0
1,89,146,2848,-473,0
1,89,146,2849,-473,0
1,89,146,2850,-473,0
1,89,146,2851,-473,0
1,89,146,2852,-473,0
1,89,146,2853,-473,0
1,89,150,2852,-500,0
1,89,151,2845,-500,0
1,89,156,2812,-500,0
1,89,156,2813,-148,449
2,90,109,2839,179,242
2,90,112,2849,-107,212
2,90,114,2844,-123,262
2,90,115,2865,48,-176
2,90,119,2835,-194,387
2,90,120,2852,-367,-207
2,90,122,2854,-312,-283
2,90,122,2858,-131,-317
2,90,123,2843,-403,-121
2,90,123,2858,-91,-331
2,90,123,2862,30,-315
2,90,124,2867,89,-128
2,90,125,2848,-191,-462
2,90,125,2856,-106,-298
2,90,125,2857,-230,-384
2,90,126,2861,-160,-417
2,90,127,2856,57,-470
2,90,127,2861,-224,-418
2,90,128,2860,-19,-263
2,90,129,2855,57,-470
2,90,130,2857,22,-447
2,90,130,2858,-150,-337
2,90,130,2862,-179,-380
2,90,131,2859,5,-235
2,90,133,2854,58,-391
2,90,133,2866,-272,-163
2,90,133,2867,-421,-10
2,90,135,2848,400,-201
2,90,137,2861,-162,-303
2,90,138,2867,-353,177
2,90,140,2864,-390,161
2,90,150,2907,-137,-453
2,90,150,2910,-132,-482
2,90,152,2822,-144,478
2,90,155,2911,-167,-470
2,90,157,2905,-212,-424
2,90,159,2910,-224,-447
2,90,162,2900,-281,-381
2,90,164,2901,-290,-374
2,90,168,2906,-316,-386
2,90,169,2859,-407,111
2,90,171,2851,-498,48
2,90,171,2921,-421,0
2,90,174,2908,-447,0
2,90,174,2923,-447,0
2,90,175,2923,-447,-10
2,90,178,2922,-473,0
2,90,178,2935,-478,-144
2,90,179,2909,-498,-37
2,90,180,2936,-474,-156
2,90,182,2847,-444,-22
2,90,182,2847,-378,326
2,90,182,2908,-361,345
2,90,183,2917,-361,345
2,90,185,2839,-351,351
2,90,185,2840,-351,351
2,90,185,2841,-351,351
2,90,185,2842,-359,343
2,90,185,2842,-351,351
2,90,185,2843,-359,343
2,90,186,2845,-492,85
2,90,186,2903,-345,361
2,90,186,2906,-345,361
2,90,187,2846,-494,74
2,90,188,2836,-340,325
2,90,188,2837,-340,325
2,90,188,2838,-340,325
2,90,188,2839,-340,325
2,90,188,2840,-340,325
2,90,188,2841,-340,325
2,90,188,2842,-340,325
2,90,188,2843,-340,325
2,90,188,2844,-340,325
2,90,188,2851,-340,325
2,90,188,2852,-340,325
2,90,188,2855,-340,325
2,90,188,2900,-345,361
2,90,188,2901,-345,361
2,90,189,2839,-340,325
2,90,189,2840,-340,325
2,90,189,2841,-340,325
2,90,189,2851,-392,0
2,90,189,2852,-392,0
2,90,190,2847,-441,53
2,90,190,2848,-419,41
2,90,190,2849,-392,8
2,90,190,2851,-500,0
2,90,191,2844,-492,85
2,90,191,2848,-392,19
2,90,191,2849,-392,8
2,90,191,2849,-391,28
2,90,191,2850,-392,8
2,90,191,2853,-392,-9
2,90,192,2843,-492,85
2,90,192,2846,-444,53
2,90,192,2850,-391,28
2,90,192,2852,-366,0
2,90,192,2852,-321,307
2,90,193,2837,-378,326
2,90,193,2845,-468,70
2,90,193,2848,-395,19
2,90,193,2849,-395,19
2,90,193,2849,-366,8
2,90,193,2850,-366,0
2,90,193,2851,-500,0
2,90,194,2842,-490,97
2,90,194,2849,-366,8
2,90,195,2845,-442,66
2,90,195,2846,-446,43
2,90,202,2914,-496,-60
2,90,203,2916,-500,0
2,91,121,2853,402,296
2,91,138,2898,-164,133
2,91,145,2851,-132,482
2,91,147,2882,-114,458
2,91,147,2882,-85,492
2,91,147,2883,-85,492
2,91,148,2883,-85,492
2,91,149,2837,-121,484
2,91,151,2863,-159,445
2,91,151,2863,-148,449
2,91,153,2859,-277,416
2,91,155,2854,-441,236
2,91,155,2860,-144,478
2,91,156,2855,-441,236
2,91,158,2888,-203,457
2,91,159,2902,-257,365
2,91,159,2907,-258,332
2,91,160,2852,-500,0
2,91,161,2900,-272,386
2,91,161,2904,-283,346
2,91,162,2897,-272,386
2,91,164,2897,-361,345
2,91,164,2903,-309,358
2,91,165,2852,-500,0
2,91,166,2901,-224,447
2,91,167,2894,-361,345
2,91,167,2898,-318,351
2,91,167,2899,-318,351
2,91,168,2899,-318,351
2,91,169,2902,-342,327
2,91,171,2886,-345,361
2,91,171,2888,-345,361
2,91,171,2890,-316,386
2,91,171,2895,-345,361
2,91,171,2897,-345,361
2,91,171,2898,-345,361
2,91,171,2928,-419,41
2,91,171,2932,0,-342
2,91,172,2926,-441,76
2,91,174,2885,-353,353
2,91,174,2886,-353,353
2,91,174,2887,-353,353
2,91,174,2890,-353,353
2,91,175,2884,-353,353
2,91,175,2893,-326,378
2,91,175,2919,-457,125
2,91,177,2925,-457,125
2,91,178,2880,-353,353
2,91,178,2881,-353,353
2,91,178,2882,-371,335
2,91,178,2889,-335,371
2,91,179,2880,-287,408
2,91,179,2915,-361,345
2,91,180,2921,-316,386
2,91,180,2922,-361,345
2,91,180,2927,-470,57
2,91,181,2877,-353,353
2,91,181,2878,-353,353
2,91,181,2879,-353,353
2,91,181,2880,-353,353
2,91,181,2881,-353,353
2,91,181,2923,-361,345
2,91,182,2876,-287,408
2,91,182,2877,-353,353
2,91,182,2880,-353,353
2,91,182,2889,-361,345
2,91,183,2915,-361,345
2,91,183,2917,-361,345
2,91,184,2875,-296,402
2,91,185,2872,-277,416
2,91,185,2873,-359,343
2,91,185,2873,-351,351
2,91,185,2879,-359,343
2,91,185,2879,-351,351
2,91,185,2884,-351,351
2,91,185,2885,-359,343
2,91,186,2876,-378,326
2,91,186,2885,-359,343
2,91,186,2903,-345,361
2,91,186,2904,-345,361
2,91,186,2906,-345,361
2,91,186,2907,-345,361
2,91,186,2908,-345,361
2,91,187,2908,-345,361
2,91,188,2867,-340,325
2,91,188,2867,-333,332
2,91,188,2868,-340,325
2,91,188,2869,-340,325
2,91,188,2870,-340,325
2,91,188,2871,-340,325
2,91,188,2872,-340,325
2,91,188,2873,-340,325
2,91,188,2874,-340,325
2,91,188,2875,-340,325
2,91,188,2876,-340,325
2,91,188,2877,-340,325
2,91,188,2878,-340,325
2,91,188,2878,-316,349
2,91,188,2880,-340,325
2,91,188,2881,-340,325
2,91,188,2882,-340,325
2,91,188,2900,-345,361
2,91,189,2867,-340,325
2,91,189,2868,-340,325
2,91,189,2870,-340,325
2,91,189,2871,-340,325
2,91,189,2873,-340,325
2,91,189,2874,-340,325
2,91,189,2875,-340,325
2,91,189,2876,-340,325
2,91,189,2877,-340,325
2,91,189,2878,-340,325
2,91,189,2878,-316,349
2,91,189,2880,-340,325
2,91,189,2882,-340,325
2,91,189,2909,-500,-25
2,91,190,2882,-350,316
2,91,190,2882,-340,325
2,91,191,2881,-350,316
2,91,191,2881,-340,325
2,91,191,2882,-340,325
2,91,191,2943,-435,-246
2,91,192,2873,-321,307
2,91,192,2878,-321,307
2,91,192,2879,-321,307
2,91,193,2866,-378,326
2,91,193,2869,-378,326
2,91,193,2870,-378,326
2,91,193,2871,-378,326
2,91,193,2873,-378,326
2,91,193,2875,-378,326
2,91,193,2886,-402,296
2,91,194,2882,-386,316
2,91,194,2886,-402,296
2,91,194,2918,-498,-37
2,91,194,2940,-474,-156
2,91,196,2886,-408,287
2,91,199,2918,-500,-25
2,91,203,2915,-500,0
2,91,203,2916,-500,0
2,91,205,2911,-498,-37
3,92,139,2900,0,421
3,92,139,2922,-5,25
3,92,140,2885,-22,433
3,92,140,2897,-33,445
3,92,140,2900,-21,421
3,92,140,2922,-25,-4
3,92,141,2893,-24,473
3,92,142,2925,-425,139
3,92,150,2868,-121,484
3,92,150,2869,-121,484
3,92,169,2930,-439,87
3,92,175,2911,-335,371
3,92,176,2884,-277,416
3,92,178,2916,-96,123
3,92,179,2914,-170,162
3,92,180,2912,-176,194
3,92,180,2913,-176,194
3,92,180,2915,-170,162
3,92,180,2915,-153,178
3,92,181,2887,-345,361
3,92,181,2915,-170,162
3,92,182,2886,-335,371
3,92,182,2903,-345,361
3,92,187,2907,-235,245
3,92,187,2908,-246,235
3,92,187,2908,-228,252
3,92,188,2908,-235,245
3,92,201,2922,-403,121
3,92,201,2922,-400,131
3,92,204,2919,-421,150
3,92,205,2921,-428,129
3,92,206,2917,-438,181
3,92,207,2917,-438,181
3,92,210,2880,-325,340
3,92,216,2887,-333,332
3,92,218,2889,-369,333
3,92,218,2944,-500,0
3,92,218,2965,-304,317
3,92,227,2928,-500,0
124,4,3891,156,500,0
124,4,3896,168,496,-60
124,4,3902,192,417,-31
124,4,3903,189,500,0
124,4,3903,190,387,-9
124,4,3904,188,366,0
124,4,3904,190,392,-20
124,4,3904,190,392,0
124,4,3904,191,391,-29
124,4,3904,196,321,-307
124,4,3904,200,321,-307
124,4,3904,207,321,-307
124,4,3905,190,391,-29
124,4,3905,190,392,0
124,4,3905,191,391,-29
124,4,3905,191,392,-9
124,4,3905,191,412,-30
124,4,3905,192,429,-42
124,4,3906,188,392,0
124,4,3906,189,392,0
124,4,3906,191,392,-9
124,4,3907,188,392,0
124,4,3907,189,392,0
124,4,3908,197,340,-325
124,4,3908,203,340,-325
124,4,3908,204,340,-325
124,4,3909,190,418,0
124,4,3909,191,418,-21
124,4,3911,186,351,-351
124,4,3911,189,351,-351
124,4,3911,193,351,-351
124,4,3911,198,351,-351
124,4,3911,199,351,-351
124,4,3911,200,351,-351
124,4,3917,158,473,0
124,4,3927,148,395,-9
124,4,3932,125,302,83
124,4,3934,92,149,337
124,4,3935,106,132,161
124,4,3937,161,-16,-20
124,4,3939,95,150,363
124,4,3944,212,144,-478
124,4,3944,212,156,-474
124,4,3951,210,70,-468
124,4,3955,170,-75,-141
124,4,3955,171,-63,-117
124,4,3955,210,24,-478
124,4,3956,207,0,-447
124,4,3960,175,403,121
124,4,3960,180,-135,192
124,4,3961,180,-134,163
124,4,3962,180,-212,301
124,4,3962,180,20,15
124,4,3964,180,-23,11
124,4,3967,180,-257,365
124,4,3968,180,-18,-249
59,93,1837,2958,469,57
59,93,1843,2914,332,332
59,93,1844,2913,332,332
59,93,1845,2914,332,332
59,93,1850,2914,332,332
59,93,1851,2914,332,332
59,93,1852,2914,332,332
59,93,1853,2953,431,118
59,93,1854,2914,332,332
59,93,1857,2914,332,332
59,93,1857,2914,340,325
59,93,1857,2914,349,316
59,93,1858,2914,332,332
59,93,1858,2914,340,325
59,93,1859,2913,325,340
59,93,1859,2964,9,24
59,93,1860,2917,358,343
59,93,1861,2964,-2,25
59,93,1862,2908,296,402
59,93,1862,2917,358,343
59,93,1866,2938,361,345
59,93,1869,2964,0,0
59,93,1870,2964,0,0
59,93,1874,2964,-87,130
59,93,1878,2948,474,156
59,93,1884,2921,0,473
59,93,1884,2951,453,136
59,93,1893,2916,156,474
59,93,1893,2955,406,111
59,93,1897,2954,433,108
59,93,1939,2929,0,447
59,93,1940,2925,0,473
59,93,1989,2983,212,156
57,93,1778,2996,183,0
57,93,1781,2996,216,10
57,93,1782,2991,33,341
57,93,1788,2984,-142,302
57,93,1789,2913,342,327
57,93,1789,2914,349,316
57,93,1791,2980,-291,214
57,93,1795,2914,332,332
57,93,1796,2917,358,343
57,93,1796,2977,-312,230
57,93,1801,2913,325,340
57,93,1802,2913,332,332
57,93,1802,2914,332,332
57,93,1803,2913,332,332
57,93,1803,2914,340,325
57,93,1803,2977,-205,115
57,93,1805,2916,351,351
57,93,1806,2917,358,343
57,93,1809,2914,332,332
57,93,1810,2914,332,332
57,93,1813,2917,358,343
57,93,1814,2917,358,343
57,93,1818,2903,0,314
57,93,1819,2903,0,314
57,93,1820,2903,0,314
57,93,1820,2914,332,332
57,93,1821,2913,332,332
57,93,1822,2904,-17,340
57,93,1823,2903,7,314
57,93,1824,2917,358,343
57,93,1828,2921,0,473
57,93,1831,2913,325,340
57,93,1881,2948,-183,223
57,93,1884,2921,0,473
57,93,1884,2925,0,473
56,94,1771,2964,0,500
56,94,1773,2968,236,441
56,94,1777,2971,386,271
56,94,1783,2962,308,358
56,94,1803,2961,-418,-41
56,94,1809,2943,335,371
56,94,1812,2990,0,0
56,94,1812,2991,271,-104
56,94,1817,2964,-342,327
56,94,1828,2947,0,500
54,94,1756,2944,361,345
54,94,1764,2946,-361,345
54,94,1770,2942,0,500
54,94,1771,2961,0,447
54,94,1785,2961,0,447
54,94,1804,2970,-381,281
54,94,1805,2971,-387,271
53,93,1696,2906,0,340
53,93,1697,2906,-17,340
53,93,1759,2903,0,314
53,93,1760,2903,0,314
53,93,1763,2903,0,314
53,93,1764,2903,0,314
53,93,1764,2904,17,340
53,93,1765,2906,0,340
53,93,1766,2903,0,314
53,93,1767,2903,0,314
53,93,1769,2903,0,314
53,93,1769,2904,25,338
53,93,1770,2903,0,314
53,93,1771,2903,0,314
53,93,1772,2965,26,0
53,93,1772,2966,83,62
53,93,1775,2964,447,0
53,93,1775,2968,147,108
53,93,1780,2970,419,41
53,93,1782,2964,316,0
53,93,1787,2967,291,-226
53,93,1793,2918,-361,345
53,93,1795,2914,-371,335
53,93,1795,2964,273,-154
53,93,1798,2938,-332,300
53,93,1799,2938,-339,291
53,93,1817,2964,-500,0
52,94,1693,2944,-224,447
52,94,1695,2964,-500,0
52,94,1697,2964,-500,0
52,94,1702,2960,-494,74
50,93,1585,2936,-316,7
50,93,1645,2925,0,473
50,93,1680,2965,180,-27
50,93,1681,2965,183,0
50,93,1682,2965,153,-34
50,93,1682,2966,209,-5
50,93,1682,2990,57,228
50,93,1684,2964,0,0
50,93,1684,2966,235,-5
50,93,1684,2968,-78,0
50,93,1690,2964,235,0
50,93,1693,2963,196,-105
50,93,1700,2964,-316,0
50,93,1701,2957,31,-325
50,93,1701,2963,230,-123
50,93,1702,2920,-149,418
50,93,1706,2953,-150,-363
50,93,1706,2958,-415,72
50,93,1711,2923,-335,371
50,93,1711,2923,-326,378
50,93,1713,2922,-353,353
50,93,1714,2932,-345,361
50,93,1720,2924,-361,345
50,93,1720,2926,-386,316
50,93,1734,2954,-482,132
50,93,1736,2956,-490,97
50,93,1736,2964,-500,0
67,1,2205,137,48,-498
67,1,2208,136,0,-500
67,1,2221,81,-394,-29
67,1,2248,86,-459,-114
67,1,2252,87,-482,-132
69,1,2241,111,0,-447
69,1,2268,111,0,-447
69,1,2272,110,0,-444
69,1,2272,131,0,-500
69,1,2272,136,0,-500
69,1,2274,136,-25,-339
73,1,2299,125,361,-345
73,1,2340,137,0,-314
73,1,2341,106,0,-418
73,1,2342,136,-17,-340
73,1,2356,106,0,-418
73,1,2356,137,-7,-314
73,1,2356,137,0,-314
73,1,2357,106,0,-418
73,1,2357,136,-17,-340
73,1,2357,137,0,-314
73,1,2358,136,-17,-340
73,1,2359,136,-17,-340
73,1,2404,111,0,-447
74,0,2404,97,0,-500
76,1,2403,127,332,-333
76,1,2406,123,343,-359
76,1,2421,126,332,-333
76,1,2421,127,332,-333
76,1,2435,122,0,-500
76,1,2436,127,332,-333
76,1,2439,123,343,-359
76,1,2444,96,332,-258
125,45,3923,1437,500,0
125,45,3923,1444,500,-11
125,45,3923,1444,500,0
125,45,3926,1471,498,37
125,45,3937,1410,340,325
125,45,3938,1395,340,325
125,45,3939,1395,332,332
125,45,3939,1395,340,325
125,45,3943,1488,345,-361
125,45,3945,1476,473,0
125,45,3945,1480,473,0
125,45,3948,1413,445,158
125,45,3948,1484,361,-345
125,45,3956,1496,392,210
125,45,3966,1426,291,304
125,45,3968,1447,316,0
125,45,3971,1383,353,353
125,45,3971,1383,394,306
125,45,3976,1391,148,449
125,45,3987,1399,132,482
125,45,3994,1403,372,-248
125,45,3994,1422,248,-372
126,44,3967,1379,500,0
126,44,3968,1380,500,0
126,44,3971,1379,494,74
126,44,3971,1441,402,-296
126,44,3972,1437,435,-246
126,44,3976,1379,500,0
126,44,3988,1432,37,-247
126,44,3990,1369,339,291
126,44,3999,1415,210,15
126,44,3999,1425,326,32
126,44,4008,1376,-421,0
126,44,4017,1391,-177,-44
126,44,4022,1395,233,-46
126,44,4023,1392,265,-217
126,44,4024,1389,-38,-394
126,42,3967,1343,500,0
126,42,3972,1341,361,345
126,42,3972,1341,500,0
126,42,3977,1380,473,0
126,42,3981,1355,473,0
126,42,3981,1360,471,-46
126,42,3981,1372,473,0
126,42,3981,1379,473,0
126,42,3985,1364,437,-98
126,42,3987,1414,498,48
126,42,3990,1355,421,0
126,42,4001,1379,159,0
126,42,4002,1379,159,0
125,41,3928,1300,314,0
125,41,3928,1303,314,0
125,41,3928,1304,314,0
125,41,3928,1306,314,0
125,41,3928,1307,314,0
125,41,3928,1308,314,0
125,41,3928,1310,314,0
125,41,3928,1313,314,0
125,41,3928,1314,314,0
125,41,3928,1316,314,0
125,41,3928,1317,314,0
125,41,3928,1318,314,0
125,41,3928,1319,314,0
125,41,3928,1325,314,0
125,41,3928,1326,314,0
125,41,3928,1329,314,0
125,41,3928,1330,314,0
125,41,3928,1334,314,0
125,41,3928,1337,314,0
125,41,3928,1338,314,0
125,41,3928,1341,314,0
125,41,3928,1342,314,0
125,41,3928,1343,314,0
125,41,3928,1344,314,0
125,41,3928,1345,314,0
125,41,3928,1346,314,0
125,41,3928,1350,314,0
125,41,3928,1351,314,0
125,41,3928,1352,314,0
125,41,3928,1355,314,0
125,41,3929,1303,340,-17
125,41,3942,1378,500,0
125,41,3943,1277,500,0
125,41,3943,1344,418,0
125,41,3943,1345,418,0
125,41,3943,1346,418,0
125,41,3943,1355,418,0
125,41,3943,1378,500,11
125,41,3943,1379,500,0
125,41,3944,1344,361,-345
125,41,3969,1381,250,-339
125,41,3983,1267,132,482
125,41,3988,1259,199,397
125,41,3994,1290,41,-419
126,40,3972,1314,500,0
126,40,3972,1315,148,-450
126,40,3977,1276,473,0
126,40,3980,1241,224,447
126,40,3981,1277,473,0
126,40,3981,1300,473,0
126,40,3986,1300,447,0
126,40,3988,1315,121,-484
1,51,88,1695,-439,87
1,51,98,1689,0,261
1,51,104,1677,-58,116
1,51,104,1682,-18,247
1,51,115,1668,325,-174
1,51,118,1712,-137,-453
1,51,119,1668,395,0
1,51,119,1716,-144,-478
1,51,122,1639,0,0
1,51,129,1631,-237,-17
1,51,136,1596,-346,283
1,51,137,1602,-384,230
1,51,141,1634,-133,-88
1,51,143,1636,-468,70
1,51,146,1602,-457,203
1,51,148,1636,-473,0
1,51,151,1594,-371,335
1,51,152,1636,-361,345
1,51,153,1694,-418,0
1,51,153,1698,-494,-74
1,51,154,1636,-500,0
1,51,155,1591,-371,335
1,51,158,1692,-414,0
1,51,158,1692,-392,0
1,51,158,1693,-500,0
1,51,158,1694,-392,0
1,51,158,1695,-392,-9
1,51,159,1692,-392,0
1,51,160,1692,-500,0
1,51,160,1692,-387,0
1,51,161,1692,-500,0
1,51,161,1692,-387,0
1,51,161,1693,-500,0
1,51,161,1694,-366,0
1,51,162,1692,-500,0
1,51,162,1698,-444,-54
1,51,163,1700,-492,-85
0,52,72,1716,0,0
0,52,77,1698,-28,289
0,52,92,1725,19,392
0,52,92,1733,-176,351
0,52,102,1692,-395,0
0,52,109,1713,-442,-66
0,52,113,1661,-203,457
0,52,114,1691,-473,0
0,52,114,1692,-473,0
0,52,114,1693,-473,0
0,52,114,1705,-473,0
0,52,114,1707,-473,0
0,52,116,1655,-191,462
0,52,118,1692,-500,0
0,52,122,1692,-451,-212
0,52,124,1731,-361,-345
0,52,124,1731,-306,-394
0,52,124,1731,-224,-447
0,52,124,1731,-148,-450
0,52,126,1663,-435,246
0,54,75,1681,0,157
0,54,76,1748,70,170
0,54,78,1748,-132,198
0,54,81,1748,70,170
0,54,83,1748,-18,183
0,54,93,1748,-24,-10
0,54,95,1748,335,0
0,54,101,1725,-395,0
0,54,107,1749,-71,-321
0,54,107,1753,-80,-264
0,54,108,1753,-44,-298
0,54,109,1729,-447,10
0,54,110,1729,-447,10
0,54,110,1741,-439,87
0,54,110,1743,-446,43
0,54,114,1716,-473,0
0,54,114,1717,-473,0
0,54,114,1719,-473,0
0,54,114,1728,-473,0
0,54,114,1729,-473,0
0,54,114,1731,-473,0
0,54,114,1747,-473,0
0,54,114,1748,-473,0
0,54,119,1766,-441,-236
0,54,124,1693,-500,0
1,55,100,1742,-266,-360
1,55,103,1742,149,-250
1,55,103,1746,-349,-187
1,55,104,1744,-219,-329
1,55,114,1713,-87,438
1,55,119,1834,-103,-269
1,55,124,1842,-191,-462
1,55,137,1748,-418,0
1,55,137,1755,-418,0
1,55,141,1763,-444,0
1,55,146,1747,-471,23
1,55,146,1748,-471,23
1,55,146,1751,-471,23
1,55,146,1753,-471,23
1,55,146,1755,-471,23
1,55,146,1759,-471,23
1,55,146,1762,-471,23
1,55,146,1769,-471,23
1,55,146,1791,-471,23
1,55,148,1750,-444,0
1,55,151,1757,-444,22
1,55,151,1767,-444,22
1,55,152,1727,-345,361
1,55,152,1728,-353,353
1,55,153,1750,-418,0
1,55,155,1723,-345,361
1,55,156,1724,-353,353
1,55,156,1795,-500,0
1,55,159,1720,-345,361
1,55,159,1721,-353,353
1,55,159,1748,-392,19
1,55,159,1754,-392,19
1,55,159,1793,-392,8
1,55,160,1721,-353,353
1,55,163,1748,-366,18
1,55,165,1795,-340,0
1,55,165,1795,-340,7
1,55,167,1745,-340,17
1,55,167,1746,-340,17
1,55,167,1747,-340,17
1,55,167,1748,-340,17
1,55,167,1749,-340,17
1,55,167,1750,-340,17
1,55,167,1751,-340,17
1,55,167,1752,-340,17
1,55,167,1754,-340,17
1,55,167,1756,-340,17
1,55,167,1758,-340,17
1,55,167,1760,-340,17
1,55,167,1761,-340,17
1,55,167,1762,-340,17
1,55,167,1763,-340,17
1,55,167,1765,-340,17
1,55,167,1766,-340,17
1,55,167,1767,-340,17
1,55,167,1768,-340,17
1,55,167,1788,-340,17
1,55,167,1790,-340,17
1,55,167,1792,-340,17
1,55,167,1793,-340,17
1,55,168,1743,-314,0
1,55,168,1747,-314,0
1,55,168,1750,-314,0
1,55,168,1760,-314,0
1,55,168,1762,-314,0
1,55,168,1794,-340,0
1,55,171,1795,-500,0
1,55,172,1795,-500,0
1,55,173,1795,-500,0
0,56,108,1783,-48,498
0,56,111,1823,-446,-33
0,56,113,1785,-167,470
0,56,125,1794,-494,74
0,56,125,1795,-494,74
0,56,126,1795,-496,60
0,56,127,1795,-500,0
0,56,128,1795,-500,0
0,56,128,1796,-500,0
0,56,128,1796,-488,109
0,56,128,1797,-484,121
0,56,129,1795,-498,-48
1,58,75,1835,0,236
1,58,92,1817,-357,-168
1,58,96,1821,-332,-300
1,58,99,1823,-285,-273
1,58,100,1819,-170,-442
1,58,100,1819,-159,-446
1,58,100,1834,-41,-419
1,58,101,1842,-272,-163
1,58,102,1836,-33,-341
1,58,102,1837,-33,-341
1,58,106,1843,-25,-45
1,58,106,1843,-23,-12
1,58,107,1801,0,473
1,58,107,1802,0,500
1,58,116,1786,-121,484
1,58,117,1806,-126,457
1,58,119,1807,-159,445
1,58,119,1807,-148,449
1,58,138,1837,-459,114
1,58,141,1836,-371,335
1,58,142,1842,-378,326
1,58,145,1862,-472,-35
1,58,153,1815,-351,351
1,58,153,1817,-351,351
1,58,153,1818,-351,351
1,58,153,1836,-345,361
1,58,155,1829,-359,343
1,58,156,1811,-333,332
1,58,156,1812,-340,325
1,58,156,1814,-340,325
1,58,156,1815,-340,325
1,58,156,1816,-340,325
1,58,156,1817,-340,325
1,58,156,1825,-340,325
1,58,156,1826,-340,325
1,58,156,1833,-345,361
1,58,156,1836,-361,345
1,58,157,1807,-340,325
1,58,157,1811,-340,325
1,58,157,1812,-340,325
1,58,157,1815,-340,325
1,58,157,1816,-340,325
1,58,157,1817,-340,325
1,58,157,1818,-340,325
1,58,157,1826,-340,325
1,58,158,1826,-350,316
1,58,158,1826,-340,325
1,58,158,1827,-340,325
1,58,160,1822,-337,290
1,58,161,1817,-378,326
1,58,161,1819,-378,326
1,58,161,1832,-408,287
1,58,164,1828,-429,257
1,58,170,1856,-500,25
1,58,171,1876,-471,0
1,58,172,1853,-500,-11
1,58,172,1854,-500,-25
125,38,3922,1219,500,0
125,38,3925,1256,500,0
125,38,3926,1195,500,0
125,38,3934,1277,497,-11
125,38,3934,1277,500,0
125,38,3935,1277,500,0
125,38,3936,1278,391,-29
125,38,3936,1278,392,-20
125,38,3936,1279,391,-29
125,38,3936,1291,321,-307
125,38,3936,1295,321,-307
125,38,3937,1278,391,-29
125,38,3937,1278,392,0
125,38,3937,1279,391,-29
125,38,3940,1289,340,-325
125,38,3940,1290,340,-325
125,38,3940,1292,340,-325
125,38,3943,1263,351,-351
125,38,3943,1265,351,-351
125,38,3943,1266,351,-351
125,38,3943,1283,418,0
125,38,3943,1284,351,-351
125,38,3943,1285,351,-351
125,38,3943,1286,351,-351
125,38,3943,1287,343,-359
125,38,3943,1288,351,-351
125,38,3947,1195,500,0
125,38,3949,1275,442,-170
125,38,3959,1172,310,-62
125,38,3962,1294,500,0
125,38,3976,1300,144,-478
125,38,3976,1300,156,-474
125,38,3987,1258,-75,-141
125,38,3987,1258,-63,-117
125,38,3988,1294,0,-447
125,38,3988,1295,0,-447
125,38,3988,1304,0,-500
125,38,3993,1276,-63,363
125,38,3994,1267,-8,369
125,38,3995,1264,153,306
125,38,3996,1278,141,396
125,38,3997,1278,106,353
123,12,3862,364,500,-11
123,12,3864,429,500,0
123,12,3864,437,500,0
123,12,3865,439,500,0
123,12,3868,442,500,0
123,12,3868,444,500,0
123,12,3869,444,500,0
123,12,3874,359,500,-11
123,12,3874,360,500,-11
123,12,3874,361,500,-11
123,12,3874,437,500,0
123,12,3874,444,500,0
123,12,3875,361,500,-11
123,12,3877,362,500,-25
123,12,3877,406,433,108
123,12,3878,358,500,0
123,12,3878,359,500,-25
123,12,3879,452,500,0
123,12,3881,362,464,92
123,12,3882,358,500,0
123,12,3884,428,500,0
123,12,3884,439,500,0
123,12,3885,406,490,-97
123,12,3887,396,-140,424
123,12,3889,459,345,-361
123,12,3891,380,421,0
123,12,3893,358,457,125
123,12,3893,444,394,-211
123,12,3894,362,403,121
123,12,3895,361,458,114
123,12,3896,362,433,108
123,12,3898,359,453,136
123,12,3899,358,445,158
123,12,3899,358,449,148
123,12,3899,359,449,148
123,12,3900,362,433,108
123,12,3901,361,431,118
123,12,3904,367,290,0
123,12,3905,367,264,0
123,12,3914,326,345,361
123,12,3914,329,353,353
123,12,3915,329,353,353
123,12,3916,346,345,361
123,12,3916,346,361,345
123,12,3916,347,345,361
123,12,3920,350,500,0
123,12,3937,452,339,-292
123,12,3941,370,-121,-173
123,12,3941,370,-88,-133
123,12,3942,310,156,474
123,12,3943,310,144,478
123,12,3953,339,50,417
123,12,3956,333,0,473
123,12,3956,344,0,395
123,12,3956,346,0,78
123,12,3956,364,0,0
123,12,3956,366,0,0
123,12,3956,370,78,-61
123,12,3964,466,0,-473
124,11,3891,349,500,0
124,11,3891,351,500,-25
124,11,3891,356,500,0
124,11,3892,353,498,-48
124,11,3895,374,500,-11
124,11,3896,361,484,121
124,11,3899,326,416,277
124,11,3899,377,361,-345
124,11,3900,373,500,-11
124,11,3902,326,402,296
124,11,3902,375,496,-60
124,11,3903,371,500,11
124,11,3903,374,490,-97
124,11,3904,379,372,-123
124,11,3904,385,429,-257
124,11,3905,321,340,325
124,11,3905,322,340,325
124,11,3906,322,340,325
124,11,3906,322,349,316
124,11,3906,390,353,-353
124,11,3907,310,332,332
124,11,3907,313,332,332
124,11,3907,313,340,325
124,11,3907,314,332,332
124,11,3907,315,332,332
124,11,3907,317,332,332
124,11,3907,318,332,332
124,11,3907,319,316,349
124,11,3907,321,332,332
124,11,3907,322,332,332
124,11,3907,330,345,361
124,11,3908,322,332,332
124,11,3911,317,358,343
124,11,3917,374,317,-122
124,11,3923,348,421,0
124,11,3924,329,345,361
124,11,3926,349,157,0
124,11,3932,292,500,0
124,11,3932,340,291,304
124,11,3933,340,291,304
124,11,3934,338,291,304
124,11,3934,339,291,304
124,11,3936,292,500,0
124,11,3937,335,-97,490
124,11,3937,368,281,70
124,11,3938,331,-300,366
124,11,3940,294,441,236
124,11,3940,369,255,63
124,11,3943,298,277,416
124,11,3943,371,274,13
124,11,3944,303,109,488
124,11,3945,308,121,484
124,11,3946,312,114,458
124,11,3948,334,-366,-35
124,11,3955,337,-74,-138
124,11,3956,286,85,492
124,11,3956,301,0,473
124,11,3956,322,14,21
124,11,3956,338,0,-78
124,10,3891,349,500,0
124,10,3901,291,498,37
124,10,3902,290,366,0
124,10,3902,291,500,0
124,10,3902,292,387,0
124,10,3902,292,405,0
124,10,3902,292,500,0
124,10,3903,290,366,0
124,10,3903,291,366,0
124,10,3903,292,387,0
124,10,3903,292,407,0
124,10,3903,357,470,-167
124,10,3904,291,500,0
124,10,3904,292,387,0
124,10,3905,291,392,0
124,10,3905,291,471,10
124,10,3906,289,392,8
124,10,3906,290,392,0
124,10,3906,292,414,0
124,10,3906,292,418,0
124,10,3906,350,495,-37
124,10,3907,287,332,332
124,10,3907,288,332,332
124,10,3907,289,332,332
124,10,3907,290,332,332
124,10,3907,291,332,332
124,10,3907,291,392,0
124,10,3907,293,332,332
124,10,3907,294,332,332
124,10,3907,295,332,332
124,10,3907,296,332,332
124,10,3907,296,340,325
124,10,3907,298,332,332
124,10,3907,301,332,332
124,10,3909,291,497,0
124,10,3911,291,358,343
124,10,3911,293,358,343
124,10,3911,294,358,343
124,10,3911,295,358,343
124,10,3916,292,500,0
124,10,3917,348,473,0
124,10,3917,373,494,-74
124,10,3921,348,447,0
124,10,3923,301,412,82
124,10,3924,292,500,0
124,10,3924,382,0,-500
124,10,3937,345,223,-418
124,10,3942,315,-333,-211
124,10,3943,315,-311,-197
124,10,3944,297,212,0
124,10,3944,315,-395,0
124,10,3946,275,121,403
124,10,3948,295,185,0
124,10,3949,294,133,0
124,10,3960,300,188,-89
124,10,3966,297,-54,-444
124,10,3966,301,179,-380
124,10,3966,305,389,-220
124,10,3972,298,98,-328
124,10,3988,289,0,26
124,10,4018,420,361,-345
125,9,3940,250,500,0
125,9,3945,292,473,0
125,9,3945,330,224,-447
125,9,3949,288,473,0
125,9,3949,290,473,0
125,9,3949,291,473,0
125,9,3949,292,473,0
125,9,3958,249,339,291
125,9,3964,246,291,339
125,9,3972,285,-462,-191
125,9,3973,296,-213,-150
125,9,3982,308,2,25
125,9,3983,284,-200,172
125,9,3992,267,-23,-12
125,9,3994,268,-15,-21
125,9,4012,270,467,70
125,7,3936,291,500,0
125,7,3944,267,353,-353
125,7,3944,288,441,-236
125,7,3949,235,473,0
125,7,3949,236,473,0
125,7,3949,253,473,0
125,7,3949,254,473,0
125,7,3956,223,0,500
125,7,3958,235,421,0
125,7,3960,281,382,-170
125,7,3960,306,474,-156
125,7,3961,299,308,-359
125,7,3962,300,299,-366
125,7,3974,236,21,-15
125,7,3981,235,-84,-132
124,6,3895,190,335,0
124,6,3896,191,340,-8
124,6,3896,194,314,0
124,6,3896,200,314,0
124,6,3896,204,314,0
124,6,3896,208,314,0
124,6,3896,212,314,0
124,6,3896,216,314,0
124,6,3896,217,314,0
124,6,3896,219,314,0
124,6,3896,220,314,0
124,6,3896,221,314,0
124,6,3896,222,314,0
124,6,3896,223,314,0
124,6,3896,224,314,0
124,6,3896,225,314,0
124,6,3896,226,314,0
124,6,3896,227,314,0
124,6,3896,228,314,0
124,6,3896,229,314,0
124,6,3896,230,314,0
124,6,3896,231,314,0
124,6,3896,232,314,0
124,6,3896,233,314,0
124,6,3896,234,314,0
124,6,3896,235,314,0
124,6,3897,189,340,0
124,6,3897,191,340,-17
124,6,3897,191,340,-8
124,6,3899,190,340,-17
124,6,3899,191,340,-17
124,6,3903,234,366,0
124,6,3905,263,353,-353
124,6,3907,225,392,0
124,6,3908,260,353,-353
124,6,3911,224,418,0
124,6,3911,225,418,0
124,6,3911,226,418,0
124,6,3911,227,418,0
124,6,3911,228,418,0
124,6,3911,229,418,0
124,6,3911,230,418,0
124,6,3911,231,418,0
124,6,3911,232,418,0
124,6,3911,233,418,0
124,6,3911,234,418,0
124,6,3911,235,418,0
124,6,3912,256,353,-353
124,6,3929,261,323,-309
124,6,3930,260,286,21
124,6,3931,156,500,0
124,6,3940,134,402,296
124,6,3946,270,118,-432
124,6,3948,265,224,-447
124,6,3949,270,87,-439
124,6,3951,231,253,135
124,6,3952,249,-38,391
124,6,3956,247,-25,338
124,6,3957,244,-8,340
124,6,3958,237,116,173
124,6,3958,242,-19,260
125,5,3933,160,457,203
125,5,3935,189,500,0
125,5,3935,190,498,-37
125,5,3936,188,478,-144
125,5,3936,188,500,0
125,5,3936,189,500,0
125,5,3938,189,496,-60
125,5,3938,189,500,0
125,5,3939,189,494,-74
125,5,3940,186,466,-179
125,5,3940,189,500,0
125,5,3948,152,179,466
125,5,3950,173,440,76
125,5,3950,198,167,-470
125,5,3956,158,0,500
125,5,3956,161,61,308
125,5,3972,179,157,23
125,5,3973,176,248,-82
125,5,3984,171,83,-62
125,5,3984,180,67,112
125,5,3985,178,132,-126
124,3,3891,123,500,11
124,3,3891,124,500,11
124,3,3893,100,500,0
124,3,3893,132,500,0
124,3,3894,123,500,0
124,3,3895,121,498,48
124,3,3901,154,408,-287
124,3,3901,155,408,-287
124,3,3902,103,465,-70
124,3,3902,157,386,-316
124,3,3904,164,321,-307
124,3,3905,102,493,-60
124,3,3905,158,349,-316
124,3,3906,157,340,-325
124,3,3906,158,340,-325
124,3,3907,157,340,-325
124,3,3907,158,340,-325
124,3,3907,160,325,-340
124,3,3907,163,317,-351
124,3,3908,160,325,-340
124,3,3911,156,351,-351
124,3,3911,157,351,-351
124,3,3911,158,351,-351
124,3,3911,159,351,-351
124,3,3911,160,351,-351
124,3,3911,161,351,-351
124,3,3911,162,351,-351
124,3,3911,163,351,-351
124,3,3911,164,351,-351
124,3,3911,165,351,-351
124,3,3911,167,351,-351
124,3,3911,168,351,-351
124,3,3914,144,353,-353
124,3,3922,150,361,-345
124,3,3924,83,-96,-217
124,3,3926,78,198,-171
124,3,3926,88,-182,-223
124,3,3928,107,-74,-332
124,3,3933,131,224,-447
124,3,3935,134,203,-457
124,3,3937,121,233,-412
124,3,3937,127,203,-457
124,3,3937,128,203,-457
124,3,3938,123,212,-451
124,3,3939,122,192,-433
124,3,3939,124,203,-457
124,3,3941,117,190,-404
124,3,3941,122,192,-433
124,3,3941,123,192,-433
124,3,3942,128,89,-273
124,3,3943,82,157,0
124,3,3944,176,121,-484
124,3,3945,147,121,-484
124,3,3945,171,121,-484
124,3,3946,202,121,-484
124,3,3948,203,179,-466
124,3,3953,133,-236,-441
124,3,3953,134,-211,-395
124,3,3954,135,-187,-349
124,3,3956,192,361,-345
124,3,3956,202,0,-500
125,84,3923,2716,500,11
125,84,3923,2721,500,25
125,84,3938,2749,340,-325
125,84,3940,2752,325,-340
125,84,3940,2764,340,-325
125,84,3940,2770,340,-325
125,84,3943,2652,500,0
125,84,3943,2760,351,-351
125,84,3953,2689,447,0
125,84,3955,2696,421,0
125,84,3967,2692,264,0
125,84,3973,2771,179,-466
125,84,3976,2768,148,-450
125,84,3987,2760,109,-488
125,84,4010,2759,186,-349
125,84,4045,2648,332,300
126,85,3967,2781,500,0
126,85,3968,2780,478,-144
126,85,3968,2780,488,-109
126,85,3968,2780,500,0
126,85,3969,2715,394,306
126,85,3970,2719,416,277
126,85,3972,2717,386,316
126,85,3984,2781,500,0
126,85,3984,2788,399,-253
126,85,3988,2726,342,327
126,85,3988,2727,5,250
126,85,3991,2789,339,-292
126,85,3994,2796,299,-366
126,85,4014,2731,21,-14
126,85,4026,2772,-190,285
126,85,4057,2659,371,335
126,87,3961,2761,500,0
126,87,3967,2805,500,0
126,87,3968,2753,500,0
126,87,3972,2809,361,-345
126,87,3972,2819,148,-450
126,87,3977,2780,473,0
126,87,3977,2781,473,0
126,87,3981,2804,473,0
126,87,3995,2737,281,381
126,87,4012,2781,238,0
126,87,4020,2758,15,20
125,88,3928,2804,314,0
125,88,3928,2820,314,0
125,88,3928,2822,314,0
125,88,3928,2824,314,0
125,88,3928,2859,314,0
125,88,3929,2807,340,-17
125,88,3929,2820,314,0
125,88,3943,2781,500,0
125,88,3943,2859,418,0
125,88,3943,2883,500,0
125,88,3945,2772,474,156
125,88,3945,2781,500,0
125,88,3951,2762,371,335
125,88,3955,2789,470,167
125,88,3960,2779,394,262
125,88,3968,2810,218,228
125,88,3984,2769,109,488
125,88,3988,2761,0,473
125,88,3988,2769,0,447
126,89,3970,2886,371,-335
126,89,3972,2845,361,345
126,89,3976,2880,441,-236
126,89,3981,2860,464,92
126,89,3982,2838,156,474
126,89,3985,2861,438,87
126,89,3988,2845,0,500
126,89,3988,2846,0,500
126,89,3988,2848,0,500
126,89,3988,2870,0,-328
126,89,4006,2860,21,-14
126,89,4008,2868,23,10
126,89,4019,2862,-38,-152
125,91,3931,2964,340,0
125,91,3937,2913,340,325
125,91,3937,2914,340,325
125,91,3938,2914,340,325
125,91,3939,2872,332,332
125,91,3939,2876,332,332
125,91,3939,2884,332,332
125,91,3939,2890,332,332
125,91,3939,2892,332,332
125,91,3939,2893,332,332
125,91,3939,2894,332,332
125,91,3939,2897,332,332
125,91,3939,2898,332,332
125,91,3939,2914,340,325
125,91,3943,2913,358,343
125,91,3943,2914,358,343
125,91,3956,2919,327,342
125,91,3957,2917,327,342
125,91,3958,2924,345,361
125,91,3963,2922,300,332
125,91,3968,2893,233,412
125,91,3969,2914,230,384
125,91,3979,2873,108,433
125,91,3985,2837,156,474
125,91,3988,2835,0,500
125,91,3988,2835,156,474
1,10,27,402,0,-473
1,10,103,305,-312,54
1,10,105,303,-278,83
1,10,119,271,-159,445
1,10,119,271,-148,449
1,10,123,296,50,-418
1,10,124,263,-353,353
1,10,125,263,-394,306
1,10,125,264,-203,457
1,10,127,327,-1,25
1,10,131,343,-237,-248
1,10,132,346,-255,-266
1,10,133,345,-255,-266
1,10,135,349,-265,-293
1,10,137,358,0,261
1,10,146,324,-473,0
1,10,153,300,-345,361
1,10,156,290,-340,325
1,10,157,324,-500,0
1,10,158,372,-345,-361
1,10,166,326,-498,-37
1,10,172,317,-500,-11
1,10,172,324,-500,-11
1,10,172,324,-500,0
0,9,69,270,-114,-296
0,9,71,267,25,1
0,9,72,267,22,-13
0,9,74,272,-297,-219
0,9,75,267,-24,-10
0,9,75,267,0,0
0,9,98,246,-274,353
0,9,107,310,0,-157
0,9,111,325,-277,-416
0,9,120,316,-381,-281
0,9,125,259,-494,74
0,9,127,260,-478,144
0,9,128,260,-500,0
0,9,128,260,-488,109
0,9,128,260,-478,144
0,9,128,260,-361,345
0,9,128,316,-500,0
0,9,129,258,-498,37
0,7,79,235,-128,-90
0,7,79,301,282,188
0,7,100,300,-290,-374
0,7,106,266,-421,0
0,7,107,233,0,274
0,7,108,235,-218,178
0,7,110,259,-447,0
0,7,114,235,-473,0
0,7,114,259,-473,0
0,7,114,266,-433,-192
0,7,118,259,-500,0
0,7,118,260,-500,0
0,7,120,267,-148,-450
0,7,125,228,-316,386
1,6,74,267,192,0
1,6,76,245,-62,-175
1,6,91,279,-179,-466
1,6,93,174,-131,196
1,6,95,237,185,185
1,6,107,171,0,235
1,6,113,274,-132,-482
1,6,115,283,-144,-478
1,6,118,299,-121,-484
1,6,120,298,-144,-478
1,6,121,297,-156,-474
1,6,127,275,-361,-345
1,6,133,282,-345,-361
1,6,137,180,-418,0
1,6,137,214,-418,0
1,6,139,226,203,-305
1,6,141,209,-444,0
1,6,146,180,-471,23
1,6,146,181,-471,23
1,6,146,182,-471,23
1,6,146,183,-471,23
1,6,146,184,-471,23
1,6,146,185,-471,23
1,6,146,186,-471,23
1,6,146,187,-471,23
1,6,146,191,-471,23
1,6,146,192,-471,23
1,6,146,193,-471,23
1,6,146,195,-471,23
1,6,146,198,-471,23
1,6,146,200,-471,23
1,6,146,202,-471,23
1,6,146,203,-471,23
1,6,146,204,-471,23
1,6,146,205,-471,23
1,6,146,206,-471,23
1,6,146,207,-471,23
1,6,146,208,-471,23
1,6,146,211,-471,23
1,6,146,216,-471,23
1,6,146,217,-471,23
1,6,146,218,-471,23
1,6,146,219,-471,23
1,6,146,220,-471,23
1,6,146,222,-471,23
1,6,146,223,-471,23
1,6,146,224,-471,23
1,6,146,225,-471,23
1,6,146,226,-471,23
1,6,146,227,-471,23
1,6,146,228,-471,23
1,6,146,231,-471,23
1,6,146,233,-471,23
1,6,148,221,-444,0
1,6,151,198,-444,22
1,6,151,213,-444,22
1,6,151,216,-444,22
1,6,153,157,-500,0
1,6,159,178,-392,19
1,6,159,215,-392,19
1,6,159,228,-392,19
1,6,163,178,-366,18
1,6,163,228,-366,18
1,6,167,177,-340,17
1,6,167,178,-340,17
1,6,167,179,-340,17
1,6,167,180,-340,17
1,6,167,181,-340,17
1,6,167,182,-340,17
1,6,167,183,-340,17
1,6,167,184,-340,17
1,6,167,185,-340,17
1,6,167,186,-340,17
1,6,167,188,-340,17
1,6,167,189,-340,17
1,6,167,190,-340,17
1,6,167,191,-340,17
1,6,167,192,-340,17
1,6,167,194,-340,17
1,6,167,197,-340,17
1,6,167,199,-340,17
1,6,167,200,-340,17
1,6,167,201,-340,17
1,6,167,202,-340,17
1,6,167,203,-340,17
1,6,167,204,-340,17
1,6,167,205,-340,17
1,6,167,206,-340,17
1,6,167,207,-340,17
1,6,167,208,-340,17
1,6,167,209,-340,17
1,6,167,210,-340,17
1,6,167,211,-340,17
1,6,167,212,-340,17
1,6,167,213,-340,17
1,6,167,214,-340,17
1,6,167,215,-340,17
1,6,167,216,-340,17
1,6,167,217,-340,17
1,6,167,218,-340,17
1,6,167,219,-340,17
1,6,167,220,-340,17
1,6,167,221,-340,17
1,6,167,222,-340,17
1,6,167,223,-340,17
1,6,167,224,-340,17
1,6,167,225,-340,17
1,6,167,226,-340,17
1,6,167,227,-340,17
1,6,167,228,-340,17
1,6,167,230,-340,17
1,6,167,232,-340,17
1,6,168,179,-314,0
1,6,168,184,-314,0
1,6,168,196,-314,0
1,6,168,207,-340,17
1,6,168,221,-314,0
1,6,168,222,-314,0
1,6,168,227,-314,0
1,6,168,230,-314,0
1,6,168,234,-314,0
1,3,107,146,0,418
1,3,107,149,0,418
1,3,107,178,0,-473
1,3,107,197,0,-500
1,3,107,204,-109,-488
1,3,107,204,0,-500
1,3,107,207,0,-500
1,3,113,151,-48,-392
1,3,113,155,-98,-356
1,3,113,186,-361,-345
1,3,114,133,-58,-335
1,3,115,151,-85,-492
1,3,115,159,-85,-492
1,3,116,152,-277,-416
1,3,116,164,-277,-416
1,3,117,171,-114,-459
1,3,118,130,-91,-408
1,3,118,135,-109,-488
1,3,119,136,-144,-478
1,3,119,176,-132,-482
1,3,120,122,-159,-446
1,3,120,130,-132,-482
1,3,122,126,-179,-466
1,3,122,190,-132,-482
1,3,123,119,-201,-400
1,3,123,122,-201,-400
1,3,123,133,-156,-474
1,3,124,116,-230,-384
1,3,124,120,-201,-427
1,3,124,173,-500,0
1,3,125,120,-212,-424
1,3,125,157,-500,0
1,3,125,194,-345,-361
1,3,127,122,-236,-441
1,3,127,126,-224,-447
1,3,130,157,-498,-37
1,3,131,156,-500,0
1,3,135,158,-500,-25
1,3,136,156,-500,0
1,3,137,146,-224,-447
1,3,140,158,-497,-11
1,3,141,156,-497,0
1,3,142,112,-353,-353
1,3,142,156,-492,0
1,3,143,156,-492,0
1,3,144,156,-492,0
1,3,145,156,-471,0
1,3,145,156,-469,34
1,3,145,158,-471,-11
1,3,145,161,-492,-85
1,3,146,155,-471,23
1,3,146,159,-471,23
1,3,148,156,-466,0
1,3,150,156,-444,0
1,3,150,160,-361,-345
1,3,152,156,-440,0
1,3,153,156,-440,0
1,3,155,156,-418,0
1,3,156,149,-333,-333
1,3,156,156,-414,0
1,3,156,158,-333,-333
1,3,157,143,-340,-325
1,3,157,146,-340,-325
1,3,157,149,-340,-325
1,3,157,150,-340,-325
1,3,157,152,-340,-325
1,3,157,153,-340,-325
1,3,157,156,-414,0
1,3,157,158,-340,-325
1,3,157,160,-340,-325
1,3,157,161,-340,-325
1,3,157,163,-340,-325
1,3,157,164,-340,-325
1,3,157,165,-340,-325
1,3,157,167,-340,-325
1,3,157,168,-340,-325
1,3,157,170,-340,-325
1,3,158,97,-498,48
1,3,158,129,-353,-353
1,3,163,96,-498,37
1,3,168,96,-498,48
1,3,173,88,-498,37
0,5,20,128,0,500
0,5,76,180,70,281
0,5,78,171,-170,-126
0,5,78,180,-25,8
0,5,88,172,-105,-255
0,5,102,171,-78,0
0,5,105,177,-416,-62
0,5,107,183,0,-235
0,5,107,195,0,-500
0,5,107,197,0,-500
0,5,107,198,0,-500
0,5,109,177,-442,-66
0,5,110,178,-442,-66
0,5,114,178,-466,-81
0,5,115,153,-191,462
0,5,116,203,-277,-416
0,5,124,157,-500,0
0,5,124,195,-148,-450
