35,6,1091,274,371,-335
35,6,1116,271,0,-447
35,6,1120,274,0,-473
35,6,1120,296,0,-380
35,6,1131,274,0,-473
35,6,1177,283,-344,-359
35,6,1180,282,0,-500
35,6,1180,287,-325,-340
35,6,1180,302,0,-500
35,6,1181,296,25,-339
35,6,1184,270,0,-444
35,6,1184,271,0,-444
35,6,1184,283,0,-444
35,6,1184,289,0,-387
35,6,1184,293,0,-361
35,6,1184,293,0,-340
35,6,1186,247,0,-261
35,6,1186,296,-25,-339
35,6,1187,288,-58,-388
35,6,1187,295,-33,-339
35,6,1187,296,-17,-340
35,6,1188,283,-344,-359
35,6,1188,292,-44,-363
35,6,1191,287,-325,-340
35,6,1192,266,0,-418
35,6,1193,266,0,-418
35,6,1193,296,-17,-340
35,6,1194,266,0,-418
35,6,1194,296,-17,-340
35,6,1195,266,0,-418
35,6,1195,270,-22,-444
35,6,1195,283,-344,-359
35,6,1195,296,-90,-328
35,6,1195,296,-17,-340
35,6,1195,297,0,-314
35,6,1196,234,61,-115
35,6,1196,275,-24,-471
35,6,1196,296,-17,-340
35,6,1197,233,130,-87
35,6,1197,296,-17,-340
35,6,1198,287,-325,-340
35,6,1199,231,263,-175
35,6,1199,232,244,-94
35,6,1199,294,0,-340
35,6,1201,233,209,4
35,6,1202,283,-344,-359
35,6,1204,231,13,22
35,6,1204,233,261,5
35,6,1205,284,-21,-418
35,6,1205,287,-325,-340
35,6,1205,287,-224,-353
35,6,1206,292,-18,-366
35,6,1208,283,-344,-359
35,6,1211,287,-325,-340
35,6,1215,283,-369,-334
35,6,1218,235,-290,0
35,6,1219,286,-350,-316
35,6,1232,247,-482,-132
41,6,1246,235,500,0
41,6,1266,244,437,-98
41,6,1273,242,382,-96
41,6,1273,288,342,-327
41,6,1282,287,332,-333
41,6,1284,287,332,-333
41,6,1285,283,343,-359
41,6,1285,287,332,-333
41,6,1286,287,332,-333
41,6,1287,283,343,-359
41,6,1288,283,343,-359
41,6,1289,283,343,-359
41,6,1289,287,332,-333
41,6,1292,283,343,-359
41,6,1292,287,332,-333
41,6,1293,287,332,-333
41,6,1295,235,-230,0
41,6,1295,283,343,-359
41,6,1296,283,343,-359
41,6,1297,286,332,-333
41,6,1297,287,332,-333
41,6,1300,236,11,-156
41,6,1300,283,343,-359
41,6,1300,286,332,-333
41,6,1300,287,332,-333
41,6,1301,266,0,-418
41,6,1301,287,332,-333
41,6,1302,266,0,-418
41,6,1302,287,332,-333
41,6,1302,296,-17,-340
41,6,1303,266,0,-418
41,6,1303,283,343,-359
41,6,1303,296,-17,-340
41,6,1304,266,0,-418
41,6,1304,283,343,-359
41,6,1304,287,332,-333
41,6,1304,296,-17,-340
41,6,1305,266,0,-418
41,6,1305,296,-17,-340
41,6,1306,266,0,-418
41,6,1306,296,-17,-340
41,6,1306,297,0,-314
41,6,1307,262,0,-392
41,6,1307,266,0,-418
41,6,1307,283,343,-359
41,6,1307,296,-17,-340
41,6,1308,266,0,-418
41,6,1308,287,332,-333
41,6,1308,296,-17,-340
41,6,1309,266,0,-418
41,6,1309,270,0,-444
41,6,1309,280,-22,-444
41,6,1309,286,332,-333
41,6,1309,287,332,-333
41,6,1309,296,-17,-340
41,6,1310,266,0,-418
41,6,1310,275,-24,-471
41,6,1310,296,-17,-340
41,6,1311,266,0,-418
41,6,1311,287,332,-333
41,6,1311,296,-17,-340
41,6,1312,266,0,-418
41,6,1312,287,332,-333
41,6,1312,296,-17,-340
41,6,1313,266,0,-418
41,6,1313,275,-24,-471
41,6,1313,296,-17,-340
41,6,1314,266,0,-418
41,6,1314,283,343,-359
41,6,1314,296,-17,-340
41,6,1315,296,-17,-340
41,6,1316,271,0,-447
41,6,1321,276,345,-361
41,6,1322,276,353,-353
41,6,1323,286,332,-333
41,6,1323,287,332,-333
41,6,1326,283,343,-359
41,6,1375,252,-466,-179
43,6,1295,235,444,0
43,6,1300,235,471,0
43,6,1300,238,488,-109
43,6,1310,235,482,-132
43,6,1354,276,345,-361
43,6,1354,281,345,-361
43,6,1354,282,345,-361
43,6,1356,286,296,-402
43,6,1361,273,345,-361
43,6,1361,274,345,-361
43,6,1361,274,353,-353
43,6,1365,274,296,-402
43,6,1386,246,309,-323
43,6,1412,281,-85,-492
40,5,1270,242,474,-156
40,5,1276,240,474,-156
40,5,1291,238,0,-447
40,5,1291,243,0,-473
40,5,1316,253,0,-500
36,5,1180,253,0,-500
36,5,1184,246,345,-361
36,5,1184,253,0,-500
36,5,1184,256,0,-500
36,5,1190,254,98,-356
36,5,1195,213,-16,-20
36,5,1201,239,-87,-439
36,5,1207,235,-313,-94
36,5,1224,243,-474,-156
38,6,1176,255,297,-298
38,6,1178,252,279,-279
38,6,1205,266,0,-418
38,6,1206,266,0,-418
38,6,1206,296,-17,-340
38,6,1207,266,0,-418
38,6,1207,296,-17,-340
38,6,1208,266,0,-418
38,6,1208,296,-17,-340
38,6,1208,297,0,-314
38,6,1209,266,0,-418
38,6,1209,296,-17,-340
38,6,1210,266,0,-418
38,6,1210,296,-17,-340
38,6,1211,266,0,-418
38,6,1211,270,0,-444
38,6,1211,280,-22,-444
38,6,1211,285,371,-335
38,6,1211,296,-17,-340
38,6,1212,266,0,-418
38,6,1212,296,-17,-340
38,6,1213,296,-17,-340
38,6,1215,266,0,-418
38,6,1215,281,361,-345
38,6,1216,282,361,-345
38,6,1216,296,-17,-340
38,6,1220,266,0,-418
38,6,1220,296,-17,-340
38,6,1221,266,0,-418
38,6,1221,296,-17,-340
38,6,1222,296,-17,-340
38,6,1224,280,-22,-444
38,6,1225,266,0,-418
38,6,1226,266,0,-418
38,6,1226,296,-17,-340
38,6,1227,266,0,-418
38,6,1227,296,-17,-340
38,6,1228,266,0,-418
38,6,1228,270,0,-444
38,6,1228,296,-17,-340
38,6,1229,266,0,-418
38,6,1229,296,-17,-340
38,6,1230,266,0,-418
38,6,1230,273,0,-471
38,6,1230,296,-17,-340
38,6,1230,297,0,-314
38,6,1231,266,0,-418
38,6,1231,296,-17,-340
38,6,1232,266,0,-418
38,6,1232,296,-17,-340
38,6,1233,296,-17,-340
38,6,1234,266,0,-418
38,6,1234,296,-17,-340
38,6,1235,266,0,-418
38,6,1235,296,-17,-340
38,6,1236,266,0,-418
38,6,1236,296,-17,-340
38,6,1236,297,0,-314
38,6,1237,266,0,-418
38,6,1237,296,-17,-340
38,6,1238,266,0,-418
38,6,1238,296,-17,-340
38,6,1238,297,0,-314
38,6,1239,266,0,-418
38,6,1239,296,-17,-340
38,6,1240,266,0,-418
38,6,1240,296,-17,-340
38,6,1241,266,0,-418
38,6,1241,296,-17,-340
38,6,1242,266,0,-418
38,6,1242,268,0,-444
38,6,1242,296,-17,-340
38,6,1242,297,0,-314
38,6,1243,266,0,-418
38,6,1243,296,-17,-340
38,6,1244,266,0,-418
38,6,1244,296,-17,-340
38,6,1245,266,0,-418
38,6,1245,296,-17,-340
38,6,1245,297,0,-314
38,6,1246,266,0,-418
38,6,1246,296,-17,-340
38,6,1246,297,0,-314
38,6,1247,266,0,-418
38,6,1247,296,-17,-340
38,6,1248,266,0,-418
38,6,1248,296,-17,-340
38,6,1249,249,0,-287
38,6,1249,296,-17,-340
38,6,1250,266,0,-418
38,6,1250,270,0,-444
38,6,1250,296,-17,-340
38,6,1251,266,0,-418
38,6,1251,296,-17,-340
38,6,1252,266,0,-418
38,6,1252,296,-17,-340
38,6,1253,266,0,-418
38,6,1253,296,-17,-340
38,6,1254,266,0,-418
38,6,1254,296,-17,-340
38,6,1254,297,0,-314
38,6,1255,266,0,-418
38,6,1255,277,0,-444
38,6,1255,296,-17,-340
38,6,1255,297,0,-314
38,6,1256,266,0,-418
38,6,1256,296,-17,-340
38,6,1257,266,0,-418
38,6,1257,296,-17,-340
38,6,1258,266,0,-418
38,6,1258,296,-17,-340
38,6,1259,266,0,-418
38,6,1259,296,-17,-340
38,6,1260,296,-17,-340
38,6,1262,266,0,-418
38,6,1262,296,-17,-340
38,6,1263,266,0,-418
38,6,1263,296,-17,-340
38,6,1264,296,-17,-340
38,6,1265,296,-17,-340
38,6,1267,266,0,-418
38,6,1268,296,-17,-340
38,6,1269,296,-17,-340
38,6,1270,266,0,-418
38,6,1271,296,-17,-340
38,6,1275,296,-17,-340
38,6,1284,284,-361,-345
38,6,1291,266,0,-418
38,6,1291,296,-17,-340
38,6,1293,242,-32,325
38,6,1293,296,-17,-340
38,6,1300,229,394,262
38,6,1300,240,338,-25
38,6,1302,240,338,-25
38,6,1310,235,7,-340
38,6,1310,235,154,-273
89,123,2872,3885,466,179
89,123,2890,3870,0,500
89,123,2891,3889,0,447
89,123,2891,3897,0,78
89,123,2896,3885,148,449
89,123,2907,3877,-224,447
89,123,2916,3888,-378,326
88,122,2851,3831,0,314
88,122,2852,3831,0,314
88,122,2853,3831,0,314
88,122,2853,3870,216,226
88,122,2854,3831,0,314
88,122,2854,3870,226,216
88,122,2858,3873,175,194
88,122,2858,3875,151,144
88,122,2860,3873,169,162
88,122,2862,3831,0,314
88,122,2863,3831,0,314
88,122,2864,3831,0,314
88,122,2865,3831,0,314
88,122,2866,3831,0,314
88,122,2867,3831,0,314
88,122,2868,3831,0,314
88,122,2869,3831,0,314
88,122,2870,3831,0,314
88,122,2871,3831,0,314
88,122,2881,3846,-361,345
88,122,2891,3831,0,314
88,122,2919,3856,-306,394
88,122,2942,3866,-378,326
85,123,2733,3885,-148,449
85,123,2735,3888,33,445
85,123,2740,3889,0,447
85,123,2753,3892,-500,0
85,123,2757,3888,-484,121
86,122,2773,3838,144,478
86,122,2780,3826,0,500
86,122,2780,3860,0,421
86,122,2780,3864,0,395
86,122,2785,3825,-57,469
86,122,2786,3831,0,314
86,122,2788,3831,0,314
86,122,2789,3831,0,314
86,122,2792,3846,-351,351
86,122,2798,3831,0,314
86,122,2799,3831,0,314
86,122,2799,3871,0,261
86,122,2800,3831,0,314
86,122,2801,3831,0,314
86,122,2801,3870,0,261
86,122,2801,3872,0,209
86,122,2803,3831,0,314
86,122,2804,3831,0,314
86,122,2805,3831,0,314
86,122,2808,3846,-351,351
86,122,2811,3846,-351,351
86,122,2821,3831,0,314
86,122,2822,3831,0,314
86,122,2824,3831,0,314
86,122,2825,3831,0,314
86,122,2825,3870,0,261
86,122,2826,3831,0,314
86,122,2827,3831,0,314
86,122,2828,3892,251,167
3,92,147,3017,-273,146
3,92,159,2925,-104,0
3,92,159,2931,162,133
3,92,164,2924,-131,-197
3,92,164,2926,-46,-472
3,92,167,2925,-48,-498
3,92,168,2923,26,0
3,92,170,2929,2,-104
3,92,170,2931,-23,-12
3,92,178,2897,-87,438
3,92,179,2933,-235,0
3,92,185,2896,-170,442
3,92,188,2887,-394,306
3,92,189,2996,-340,0
3,92,199,2978,-369,8
3,92,203,2959,-215,95
3,92,206,2946,-444,10
3,92,210,2935,-471,23
3,92,210,2937,-471,23
3,92,210,2939,-471,23
3,92,210,2978,-473,0
3,92,210,2989,-471,-11
3,92,213,2977,-444,22
3,92,214,2979,-500,0
3,92,216,2911,-345,361
3,92,216,2912,-353,353
3,92,216,2940,-418,0
3,92,219,2916,-418,-21
3,92,220,2940,-392,0
3,92,220,2980,-500,-25
3,92,223,2904,-345,361
3,92,223,2923,-490,-97
3,92,223,2980,-495,-37
3,92,225,2980,-497,-11
3,92,226,2916,-366,0
3,92,226,3008,-498,-37
3,92,227,2981,-471,-24
3,92,227,2981,-469,-35
3,92,228,2980,-471,-11
3,92,228,2982,-469,-35
3,92,230,2977,-340,7
3,92,231,2929,-340,17
3,92,231,2932,-340,17
3,92,231,2934,-340,17
3,92,231,2936,-340,17
3,92,231,2937,-340,17
3,92,231,2938,-340,17
3,92,231,2940,-314,0
3,92,231,2942,-340,17
3,92,231,2944,-339,25
3,92,231,2977,-340,7
3,92,231,2981,-444,-22
3,92,231,2981,-443,-33
3,92,232,2931,-314,0
3,92,232,2940,-314,0
3,92,232,2942,-312,30
3,92,232,2981,-444,-22
3,92,232,2981,-443,-33
3,92,236,2979,-500,0
91,122,2855,3872,345,361
91,122,2859,3876,335,371
91,122,2859,3876,361,345
91,122,2890,3892,9,24
91,122,2897,3832,25,338
91,122,2900,3831,0,314
91,122,2909,3842,332,332
91,122,2910,3842,332,332
91,122,2911,3831,7,314
91,122,2911,3842,332,332
91,122,2912,3831,0,314
91,122,2912,3842,340,325
91,122,2912,3857,0,444
91,122,2915,3841,325,340
91,122,2915,3842,332,332
91,122,2916,3841,325,340
91,122,2916,3842,332,332
91,122,2917,3841,325,340
91,122,2917,3842,332,332
91,122,2918,3841,325,340
91,122,2919,3841,325,340
91,122,2919,3842,332,332
91,122,2920,3841,325,340
91,122,2920,3842,332,332
91,122,2921,3841,325,340
91,122,2922,3841,325,340
91,122,2922,3842,332,332
91,122,2926,3845,351,351
91,122,2964,3836,0,500
91,122,2975,3849,-345,361
91,122,2976,3852,0,433
91,122,2976,3859,0,421
2,89,50,2930,20,-412
2,89,171,2859,0,389
2,89,171,2884,0,-500
2,89,171,2884,0,-491
2,89,171,2885,0,-500
2,89,171,2887,0,-500
2,89,172,2882,-109,-488
2,89,173,2884,-121,-484
2,89,173,2885,-74,-494
2,89,177,2886,-167,-470
2,89,178,2887,-167,-470
2,89,179,2891,-179,-466
2,89,188,2877,-500,0
2,89,188,2883,-500,0
2,89,188,2884,-500,0
2,89,189,2877,-500,0
2,89,189,2877,-466,-179
3,88,52,2850,0,-500
3,88,164,2868,0,369
3,88,165,2861,-263,175
3,88,171,2868,0,0
3,88,171,2881,0,-369
3,88,171,2890,0,-130
3,88,171,2904,0,-418
3,88,171,2919,0,-314
3,88,171,2921,0,-407
3,88,172,2876,-27,-183
3,88,178,2846,125,-198
3,88,181,2921,-121,-484
3,88,182,2921,-132,-482
3,88,182,2921,-121,-484
3,88,183,2900,-144,-478
3,88,191,2810,-203,457
3,88,193,2839,318,-150
3,88,194,2845,308,-196
3,88,198,2839,50,-415
3,88,216,2882,-492,-85
3,88,217,2849,-351,-351
3,88,217,2885,-359,-344
3,88,217,2887,-359,-344
3,88,217,2887,-351,-351
3,88,217,2888,-359,-344
3,88,218,2878,-418,0
3,88,220,2852,-333,-333
3,88,220,2859,-333,-333
3,88,220,2891,-340,-325
3,88,220,2891,-333,-333
3,88,221,2852,-340,-325
3,88,221,2857,-340,-325
3,88,221,2875,-478,-144
3,88,221,2877,-471,0
3,88,221,2887,-340,-325
3,88,221,2888,-340,-325
3,88,221,2890,-340,-325
3,88,221,2891,-340,-325
3,88,222,2853,-340,-325
3,88,222,2878,-392,-9
3,88,222,2878,-392,0
3,88,222,2879,-392,-9
3,88,223,2854,-340,-325
3,88,224,2894,-321,-307
3,88,225,2877,-500,0
3,88,225,2878,-366,0
3,88,226,2883,-494,-74
3,88,226,2884,-492,-85
3,88,227,2877,-500,0
3,88,236,2843,-500,0
2,91,20,2930,-110,-266
2,91,95,2987,-451,-212
2,91,95,2989,-498,-48
2,91,107,2989,-498,-48
2,91,169,2929,-416,-62
2,91,171,2943,0,-418
2,91,173,2929,-442,-66
2,91,173,2947,-121,-484
2,91,173,2948,-121,-484
2,91,174,2925,-145,59
2,91,174,2929,-442,-66
2,91,174,2930,-442,-66
2,91,174,2948,-97,-490
2,91,176,2950,-132,-482
2,91,176,2953,-121,-484
2,91,177,2909,-203,457
2,91,186,2925,-500,0
2,91,190,2947,-402,-296
2,91,192,2940,-500,0
2,91,192,2940,-361,-345
3,90,149,2859,-185,-238
3,90,160,2926,-104,-81
3,90,171,2940,0,-26
3,90,171,2961,0,-287
3,90,171,2966,0,-314
3,90,173,2958,-33,-446
3,90,174,2928,-360,-80
3,90,175,2968,-57,-467
3,90,178,2958,-87,-439
3,90,179,2965,-68,-307
3,90,186,2926,314,0
3,90,187,2899,0,0
3,90,195,2933,-361,345
3,90,195,2933,-326,378
3,90,200,2878,-180,31
3,90,200,2929,-345,361
3,90,200,2930,-345,361
3,90,201,2916,-418,0
3,90,206,2877,-447,0
3,90,207,2947,-476,-143
3,90,208,2956,-378,-326
3,90,210,2878,-471,23
3,90,210,2880,-471,23
3,90,210,2882,-471,23
3,90,210,2882,-469,34
3,90,210,2884,-471,23
3,90,210,2886,-471,23
3,90,210,2887,-471,23
3,90,210,2888,-471,23
3,90,210,2889,-471,23
3,90,210,2890,-471,23
3,90,210,2892,-471,23
3,90,210,2900,-471,23
3,90,210,2911,-471,23
3,90,210,2913,-471,23
3,90,210,2915,-471,23
3,90,210,2917,-471,23
3,90,210,2918,-471,23
3,90,210,2919,-471,23
3,90,210,2921,-471,23
3,90,212,2883,-444,10
3,90,214,2961,-351,-176
3,90,215,2898,-444,22
3,90,216,2944,-353,-353
3,90,216,2962,-378,-326
3,90,217,2958,-354,-167
3,90,218,2945,-353,-353
3,90,220,2940,-392,0
3,90,221,2940,-387,0
3,90,221,2948,-353,-353
3,90,223,2929,-392,19
3,90,223,2940,-392,0
3,90,223,2951,-353,-353
3,90,224,2940,-366,0
3,90,227,2929,-366,18
3,90,229,2883,-340,0
3,90,231,2877,-340,17
3,90,231,2879,-340,17
3,90,231,2880,-340,17
3,90,231,2881,-340,17
3,90,231,2883,-340,17
3,90,231,2884,-340,17
3,90,231,2885,-340,17
3,90,231,2886,-340,17
3,90,231,2887,-340,17
3,90,231,2888,-340,17
3,90,231,2889,-340,17
3,90,231,2891,-340,17
3,90,231,2897,-340,17
3,90,231,2899,-340,17
3,90,231,2908,-340,17
3,90,231,2910,-340,17
3,90,231,2912,-340,17
3,90,231,2914,-340,17
3,90,231,2915,-340,17
3,90,231,2916,-340,17
3,90,231,2917,-340,17
3,90,231,2918,-340,17
3,90,231,2920,-342,0
3,90,231,2920,-340,17
3,90,231,2927,-340,17
3,90,232,2884,-314,0
3,90,232,2910,-314,0
3,90,232,2922,-314,0
3,90,232,2924,-314,0
3,87,171,2828,-133,210
3,87,171,2885,0,-500
3,87,171,2892,0,-500
3,87,171,2895,0,-471
3,87,172,2881,-109,-488
3,87,172,2882,-132,-482
3,87,172,2882,-109,-488
3,87,172,2882,-97,-490
3,87,172,2886,-74,-494
3,87,173,2884,-121,-484
3,87,173,2891,-85,-492
3,87,174,2891,-109,-488
3,87,175,2891,-121,-484
3,87,177,2832,217,-90
3,87,179,2891,-179,-466
3,87,192,2824,-266,-360
3,87,193,2824,-283,-346
3,87,194,2826,-290,-374
3,87,196,2829,-290,-374
3,87,196,2830,-345,-361
3,87,201,2826,-342,-327
3,87,201,2832,-316,-386
3,87,203,2834,-361,-345
3,87,203,2835,-361,-345
3,87,204,2835,-361,-345
3,87,204,2836,-361,-345
3,87,205,2832,-353,-353
3,87,206,2838,-353,-353
3,87,206,2839,-361,-345
3,87,206,2840,-361,-345
3,87,206,2841,-361,-345
3,87,206,2843,-361,-345
3,87,207,2838,-361,-345
3,87,208,2828,-402,-296
3,87,208,2832,-361,-345
3,87,210,2811,-473,10
3,87,210,2842,-361,-345
3,87,210,2844,-361,-345
3,87,210,2845,-361,-345
3,87,211,2836,-361,-345
3,87,211,2842,-361,-345
3,87,212,2808,-472,46
3,87,213,2841,-345,-361
3,87,214,2838,-361,-345
3,87,214,2839,-361,-345
3,87,214,2841,-361,-345
3,87,214,2842,-361,-345
3,87,214,2845,-361,-345
3,87,214,2846,-361,-345
3,87,214,2847,-361,-345
3,87,214,2848,-361,-345
3,87,214,2849,-361,-345
3,87,214,2850,-361,-345
3,87,214,2851,-361,-345
3,87,215,2846,-361,-345
3,87,216,2847,-361,-345
3,87,217,2842,-359,-344
3,87,217,2845,-359,-344
3,87,217,2845,-334,-369
3,87,217,2846,-359,-344
3,87,217,2848,-351,-351
3,87,217,2849,-351,-351
3,87,217,2852,-359,-344
3,87,217,2853,-359,-344
3,87,217,2854,-359,-344
3,87,218,2842,-369,-334
3,87,218,2842,-359,-344
3,87,218,2853,-340,-325
3,87,220,2849,-316,-350
3,87,220,2852,-340,-325
3,87,220,2852,-333,-333
3,87,220,2854,-333,-333
3,87,220,2856,-333,-333
3,87,221,2845,-340,-325
3,87,221,2846,-340,-325
3,87,221,2847,-340,-325
3,87,221,2848,-340,-325
3,87,221,2849,-340,-325
3,87,221,2851,-340,-325
3,87,221,2852,-340,-325
3,87,221,2853,-340,-325
3,87,221,2854,-340,-325
3,87,221,2855,-340,-325
3,87,221,2856,-340,-325
3,87,221,2857,-340,-325
3,87,221,2858,-340,-325
3,87,222,2816,-500,11
3,87,222,2845,-340,-325
3,87,222,2846,-350,-316
3,87,222,2846,-340,-325
3,87,222,2852,-340,-325
3,87,222,2853,-340,-325
3,87,223,2846,-350,-316
3,87,223,2853,-340,-325
3,87,223,2854,-340,-325
3,87,226,2839,-416,-277
3,87,227,2844,-408,-287
3,87,227,2845,-408,-287
3,87,228,2842,-408,-287
83,122,2712,3846,-144,478
83,122,2735,3871,-335,371
83,122,2736,3844,-277,416
83,122,2737,3844,-287,408
83,122,2742,3846,-335,371
83,122,2742,3847,-345,361
83,122,2744,3872,-199,207
83,122,2745,3872,-208,198
82,121,2688,3839,-81,196
82,121,2700,3804,-224,447
82,121,2708,3802,-121,484
82,121,2745,3831,-351,351
82,121,2745,3833,-359,343
82,121,2745,3833,-351,351
82,121,2745,3834,-351,351
82,121,2745,3872,-361,345
82,121,2746,3867,-345,361
82,121,2748,3827,-333,332
82,121,2748,3828,-340,325
82,121,2748,3830,-340,325
82,121,2748,3830,-333,332
82,121,2748,3831,-340,325
82,121,2748,3832,-340,325
82,121,2748,3833,-340,325
82,121,2748,3834,-340,325
82,121,2748,3836,-340,325
82,121,2748,3839,-340,325
82,121,2748,3842,-340,325
82,121,2749,3827,-340,325
82,121,2749,3828,-340,325
82,121,2749,3830,-340,325
82,121,2749,3831,-340,325
82,121,2749,3832,-340,325
82,121,2749,3833,-340,325
82,121,2749,3834,-340,325
82,121,2749,3838,-316,349
82,121,2749,3839,-340,325
82,121,2749,3842,-340,325
82,121,2750,3842,-340,325
82,121,2753,3831,-378,326
82,121,2756,3845,-402,296
4,86,171,2802,0,250
4,86,171,2805,-247,37
4,86,171,2817,0,-238
4,86,171,2831,0,-447
4,86,171,2841,0,-500
4,86,171,2861,0,-500
4,86,173,2805,-153,-146
4,86,174,2821,-58,-258
4,86,177,2824,-77,-387
4,86,180,2847,-132,-482
4,86,182,2856,-132,-482
4,86,185,2857,-156,-474
4,86,191,2818,-265,-293
4,86,193,2819,-335,-371
4,86,197,2827,-287,-408
4,86,200,2827,-335,-371
4,86,203,2830,-345,-361
4,86,204,2839,-353,-353
4,86,207,2834,-335,-371
4,86,208,2843,-353,-353
4,86,214,2825,-335,-371
4,86,236,2792,-209,0
4,86,240,2843,-351,-351
4,86,250,2788,-500,0
44,7,1344,295,321,-307
44,7,1344,297,321,-307
44,7,1344,299,321,-307
44,7,1344,303,321,-307
44,7,1346,285,340,-325
44,7,1346,286,340,-325
44,7,1347,286,340,-325
44,7,1348,297,340,-325
44,7,1348,298,340,-325
44,7,1348,299,340,-325
44,7,1348,300,340,-325
44,7,1350,282,358,-344
44,7,1351,278,353,-353
44,7,1351,288,351,-351
44,7,1351,290,351,-351
44,7,1351,292,351,-351
44,7,1351,293,351,-351
44,7,1351,294,351,-351
44,7,1351,295,351,-351
44,7,1351,296,351,-351
44,7,1387,302,108,-433
44,7,1393,304,223,-418
44,7,1396,323,236,-441
44,7,1398,319,224,-447
44,7,1412,296,429,-257
44,7,1416,284,355,-225
2,7,129,276,414,171
2,7,137,272,-31,315
2,7,138,268,-141,66
2,7,138,269,-17,182
2,7,139,281,-287,0
2,7,139,281,0,0
2,7,142,271,86,57
2,7,146,302,-87,-439
2,7,169,241,-418,0
2,7,169,254,-418,0
2,7,169,260,-418,0
2,7,173,246,-444,0
2,7,178,226,-471,23
2,7,178,228,-471,23
2,7,178,230,-471,23
2,7,178,232,-471,23
2,7,178,234,-471,23
2,7,178,236,-471,23
2,7,178,238,-471,23
2,7,178,239,-471,23
2,7,178,240,-471,23
2,7,178,242,-471,23
2,7,178,243,-471,23
2,7,178,244,-471,23
2,7,178,246,-471,23
2,7,178,248,-471,23
2,7,178,252,-471,23
2,7,178,254,-471,23
2,7,178,255,-471,23
2,7,178,256,-471,23
2,7,178,257,-471,23
2,7,178,258,-471,23
2,7,178,259,-471,23
2,7,178,260,-471,23
2,7,178,261,-471,23
2,7,178,262,-471,23
2,7,178,263,-471,23
2,7,178,264,-471,23
2,7,178,265,-471,23
2,7,180,265,-444,0
2,7,183,240,-444,22
2,7,187,264,-417,30
2,7,188,292,-353,-353
2,7,188,293,-353,-353
2,7,189,292,-353,-353
2,7,191,273,-392,19
2,7,191,281,-392,19
2,7,195,273,-366,18
2,7,196,275,-340,0
2,7,199,223,-340,17
2,7,199,225,-340,17
2,7,199,227,-340,17
2,7,199,229,-340,17
2,7,199,231,-340,17
2,7,199,233,-340,17
2,7,199,235,-340,17
2,7,199,236,-340,17
2,7,199,237,-340,17
2,7,199,238,-340,17
2,7,199,239,-340,17
2,7,199,240,-340,17
2,7,199,241,-340,17
2,7,199,242,-340,17
2,7,199,243,-340,17
2,7,199,245,-340,17
2,7,199,247,-340,17
2,7,199,249,-340,17
2,7,199,251,-340,17
2,7,199,252,-340,17
2,7,199,253,-340,17
2,7,199,254,-340,17
2,7,199,255,-340,17
2,7,199,256,-340,17
2,7,199,257,-340,17
2,7,199,258,-340,17
2,7,199,259,-340,17
2,7,199,260,-340,17
2,7,199,261,-340,17
2,7,199,262,-340,17
2,7,199,263,-340,17
2,7,199,264,-340,17
2,7,200,254,-314,0
2,7,200,258,-314,0
2,7,200,259,-314,0
2,7,200,260,-314,0
2,7,200,262,-314,0
2,7,200,265,-314,0
69,5,2194,238,33,-446
69,5,2281,212,26,0
69,5,2285,220,149,279
69,5,2317,209,-442,-66
69,5,2322,189,-473,0
69,5,2322,203,-473,0
70,4,2361,200,-359,-344
70,4,2365,203,-340,-325
70,4,2366,189,-500,0
70,4,2369,189,-500,0
57,121,1760,3875,500,0
57,121,1760,3876,500,0
57,121,1761,3876,500,0
57,121,1763,3875,494,74
57,121,1763,3875,500,0
57,121,1899,3824,-23,447
57,121,1901,3857,110,73
56,120,1716,3875,485,0
56,120,1717,3875,500,0
56,120,1718,3824,342,0
56,120,1719,3876,335,0
56,120,1720,3823,314,0
56,120,1720,3828,314,0
56,120,1720,3831,314,0
56,120,1720,3834,314,0
56,120,1720,3835,314,0
56,120,1720,3839,314,0
56,120,1720,3844,314,0
56,120,1720,3848,314,0
56,120,1720,3854,314,0
56,120,1720,3857,314,0
56,120,1720,3860,314,0
56,120,1720,3861,314,0
56,120,1720,3873,312,23
56,120,1720,3873,314,15
56,120,1720,3875,314,0
56,120,1720,3875,366,0
56,120,1720,3876,335,0
56,120,1720,3877,340,-8
56,120,1721,3838,340,-8
56,120,1721,3839,340,-17
56,120,1722,3876,340,0
56,120,1723,3836,340,0
56,120,1723,3853,340,0
56,120,1724,3821,366,-8
56,120,1731,3875,500,0
56,120,1732,3803,345,361
56,120,1732,3875,500,0
56,120,1735,3874,418,21
56,120,1735,3875,418,0
56,120,1735,3875,498,37
56,120,1737,3876,473,0
56,120,1739,3876,444,0
56,120,1741,3876,471,-24
56,120,1745,3876,440,0
56,120,1748,3876,414,0
56,120,1749,3876,414,0
56,120,1752,3875,395,0
56,120,1753,3876,387,0
56,120,1765,3917,195,-414
56,120,1768,3791,148,449
56,120,1777,3876,256,137
56,120,1779,3792,22,447
56,120,1780,3793,0,447
57,119,1760,3836,500,0
57,119,1777,3821,438,87
57,119,1777,3839,97,-490
57,119,1780,3808,0,418
57,119,1780,3833,78,-237
57,119,1782,3827,148,-278
57,119,1800,3828,23,11
57,119,1808,3828,-92,49
57,119,1852,3764,451,212
57,119,1856,3764,494,74
57,119,1862,3764,205,116
7,59,224,1828,0,447
7,59,224,1841,0,444
7,59,225,1815,-7,314
7,59,239,1815,0,314
7,59,240,1815,0,314
7,59,244,1815,0,314
7,59,248,1815,0,314
7,59,249,1815,0,314
7,59,250,1815,0,314
7,59,270,1815,0,314
7,59,270,1853,0,261
7,59,290,1828,-144,478
7,59,302,1826,-333,332
7,59,344,1884,-500,0
6,60,214,1861,-109,488
6,60,216,1851,-109,488
6,60,216,1856,-85,492
6,60,223,1876,-500,0
6,60,224,1876,-421,267
6,60,229,1868,-457,203
6,60,231,1862,-361,345
6,60,296,1934,-205,382
6,60,305,1960,-472,-35
70,8,2280,350,0,-500
70,8,2368,318,-500,-11
70,8,2368,321,-363,-44
70,8,2370,320,-498,-37
71,2,2315,132,0,-316
71,2,2315,173,0,-500
71,2,2344,139,-335,-371
1,116,63,3668,-418,0
1,116,67,3668,-500,0
1,116,76,3659,-474,156
1,116,111,3732,-128,89
1,116,122,3723,161,-86
1,116,137,3729,-416,-62
1,116,139,3749,0,-500
1,116,141,3706,-109,488
1,116,141,3729,-442,-66
1,116,142,3729,-442,-66
1,116,142,3730,-442,-66
1,116,150,3751,-441,-236
1,116,156,3708,-500,0
1,116,156,3709,-500,0
1,116,156,3710,-474,156
1,116,156,3747,-361,-345
1,116,156,3747,-306,-394
1,116,156,3747,-148,-450
1,116,160,3740,-500,0
2,121,139,3852,-12,-23
2,121,139,3854,0,0
2,121,140,3851,-23,10
2,121,142,3870,98,300
2,121,142,3880,98,300
2,121,145,3811,-132,482
2,121,147,3796,-179,466
2,121,148,3843,-85,492
2,121,149,3797,-121,484
2,121,151,3823,-159,445
2,121,151,3823,-121,484
2,121,152,3818,-277,416
2,121,153,3818,-277,416
2,121,153,3819,-277,416
2,121,153,3861,-117,262
2,121,155,3814,-441,236
2,121,156,3815,-441,236
2,121,156,3815,-394,306
2,121,156,3815,-353,353
2,121,156,3859,-211,394
2,121,156,3892,-21,14
2,121,158,3859,-250,305
2,121,158,3866,-258,332
2,121,159,3856,-275,319
2,121,159,3866,-266,325
2,121,159,3870,-265,293
2,121,160,3812,-500,0
2,121,160,3857,-275,319
2,121,161,3859,-262,394
2,121,161,3869,-298,297
2,121,162,3869,-304,291
2,121,162,3892,-26,0
2,121,164,3843,-267,421
2,121,164,3892,-205,307
2,121,165,3812,-500,0
2,121,165,3847,-290,373
2,121,165,3858,-290,373
2,121,167,3853,-361,345
2,121,167,3853,-306,394
2,121,167,3858,-318,351
2,121,168,3858,-309,358
2,121,168,3859,-318,351
2,121,169,3860,-327,342
2,121,169,3862,-342,327
2,121,170,3850,-327,342
2,121,171,3843,-316,386
2,121,171,3845,-326,378
2,121,171,3847,-345,361
2,121,171,3849,-345,361
2,121,171,3854,-361,345
2,121,171,3855,-345,361
2,121,174,3842,-353,353
2,121,174,3846,-353,353
2,121,174,3847,-353,353
2,121,174,3853,-353,353
2,121,175,3847,-287,408
2,121,175,3855,-353,353
2,121,176,3872,-361,345
2,121,178,3838,-361,345
2,121,178,3838,-353,353
2,121,178,3840,-353,353
2,121,178,3843,-353,353
2,121,178,3848,-353,353
2,121,179,3840,-287,408
2,121,179,3875,-361,345
2,121,180,3881,-316,386
2,121,181,3835,-353,353
2,121,181,3836,-353,353
2,121,181,3837,-353,353
2,121,181,3838,-353,353
2,121,181,3839,-353,353
2,121,181,3840,-353,353
2,121,182,3836,-287,408
2,121,182,3849,-361,345
2,121,182,3849,-353,353
2,121,183,3876,-361,345
2,121,183,3877,-361,345
2,121,184,3835,-296,402
2,121,185,3831,-351,351
2,121,185,3832,-351,351
2,121,185,3832,-277,416
2,121,185,3834,-359,343
2,121,185,3839,-351,351
2,121,185,3841,-351,351
2,121,185,3844,-351,351
2,121,185,3866,-345,361
2,121,186,3845,-359,343
2,121,186,3867,-345,361
2,121,187,3868,-345,361
2,121,188,3827,-340,325
2,121,188,3828,-340,325
2,121,188,3829,-340,325
2,121,188,3829,-333,332
2,121,188,3830,-340,325
2,121,188,3831,-340,325
2,121,188,3832,-340,325
2,121,188,3833,-340,325
2,121,188,3834,-340,325
2,121,188,3835,-340,325
2,121,188,3836,-340,325
2,121,188,3837,-340,325
2,121,188,3838,-340,325
2,121,188,3839,-340,325
2,121,188,3840,-340,325
2,121,188,3841,-340,325
2,121,188,3842,-340,325
2,121,188,3860,-345,361
2,121,189,3827,-340,325
2,121,189,3828,-340,325
2,121,189,3830,-340,325
2,121,189,3831,-340,325
2,121,189,3833,-340,325
2,121,189,3835,-340,325
2,121,189,3836,-340,325
2,121,189,3837,-340,325
2,121,189,3838,-340,325
2,121,189,3838,-316,349
2,121,189,3839,-340,325
2,121,189,3841,-340,325
2,121,189,3842,-340,325
2,121,190,3842,-350,316
2,121,190,3842,-340,325
2,121,191,3827,-321,307
2,121,191,3841,-340,325
2,121,191,3842,-340,325
2,121,192,3835,-321,307
2,121,192,3838,-321,307
2,121,192,3839,-321,307
2,121,192,3841,-394,306
2,121,192,3891,-500,11
2,121,193,3826,-378,326
2,121,193,3828,-378,326
2,121,193,3829,-378,326
2,121,193,3830,-378,326
2,121,193,3832,-378,326
2,121,193,3836,-378,326
2,121,193,3845,-402,296
2,121,193,3848,-408,287
2,121,194,3841,-386,316
2,121,196,3846,-408,287
2,121,199,3869,-500,0
2,121,203,3870,-471,-11
2,121,204,3869,-500,-11
2,121,204,3869,-500,0
2,115,60,3638,0,395
2,115,109,3648,131,317
2,115,117,3635,-335,334
2,115,127,3732,28,73
2,115,129,3732,25,-3
2,115,130,3724,130,-29
2,115,132,3635,-335,334
2,115,136,3732,23,312
2,115,137,3728,-31,315
2,115,137,3732,17,342
2,115,137,3732,21,286
2,115,138,3725,-20,208
2,115,138,3725,-17,182
2,115,138,3727,-84,219
2,115,139,3728,-225,183
2,115,139,3732,0,104
2,115,139,3733,-22,13
2,115,139,3735,-25,-7
2,115,139,3735,-23,-12
2,115,139,3735,0,314
2,115,139,3736,0,340
2,115,139,3737,-23,-12
2,115,139,3737,0,0
2,115,141,3721,260,-174
2,115,142,3730,-29,391
2,115,143,3725,-283,-49
2,115,149,3609,25,500
2,115,149,3637,-141,396
2,115,150,3658,-216,194
2,115,152,3753,415,50
2,115,153,3631,-170,442
2,115,158,3681,-227,216
2,115,161,3678,-246,235
2,115,164,3709,-290,0
2,115,168,3754,-500,25
2,115,169,3715,-418,0
2,115,171,3736,-317,-122
2,115,171,3763,-353,-353
2,115,172,3765,-353,-353
2,115,173,3707,-444,0
2,115,173,3710,-444,-10
2,115,173,3710,-443,-33
2,115,173,3716,101,-152
2,115,173,3753,-495,36
2,115,173,3765,-353,-353
2,115,174,3710,-444,-10
2,115,174,3712,-443,-33
2,115,174,3766,-353,-353
2,115,174,3766,-345,-361
2,115,174,3767,-353,-353
2,115,175,3709,-473,0
2,115,176,3768,-353,-353
2,115,176,3768,-345,-361
2,115,176,3769,-353,-353
2,115,177,3708,-471,0
2,115,177,3711,-469,-46
2,115,177,3769,-353,-353
2,115,177,3769,-345,-361
2,115,177,3770,-353,-353
2,115,178,3694,-473,-24
2,115,178,3707,-471,23
2,115,178,3708,-471,23
2,115,178,3709,-471,-24
2,115,178,3709,-471,-11
2,115,178,3710,-471,-24
2,115,178,3710,-471,23
2,115,178,3710,-469,-46
2,115,178,3711,-471,23
2,115,178,3712,-471,23
2,115,178,3713,-471,23
2,115,178,3714,-471,23
2,115,178,3715,-471,23
2,115,178,3716,-471,23
2,115,178,3717,-471,23
2,115,178,3718,-471,23
2,115,178,3719,-471,23
2,115,178,3720,-471,23
2,115,178,3721,-471,23
2,115,178,3770,-353,-353
2,115,178,3770,-345,-361
2,115,180,3716,-444,0
2,115,180,3720,-444,0
2,115,180,3731,-444,0
2,115,183,3709,-369,0
2,115,183,3718,-444,22
2,115,184,3681,-496,60
2,115,185,3709,-500,0
2,115,185,3709,-498,-37
2,115,185,3709,-418,0
2,115,188,3708,-500,0
2,115,191,3714,-392,19
2,115,191,3729,-392,19
2,115,195,3691,-500,0
2,115,195,3729,-366,18
2,115,196,3731,-340,0
2,115,197,3716,-335,-58
2,115,197,3731,-340,0
2,115,198,3708,-340,0
2,115,198,3711,-340,-8
2,115,198,3712,-339,-25
2,115,198,3713,-339,-33
2,115,198,3723,-323,-106
2,115,199,3706,-340,17
2,115,199,3707,-340,17
2,115,199,3708,-340,17
2,115,199,3709,-340,0
2,115,199,3709,-340,17
2,115,199,3710,-340,-17
2,115,199,3710,-340,-8
2,115,199,3710,-340,17
2,115,199,3711,-340,-17
2,115,199,3711,-340,-8
2,115,199,3711,-340,17
2,115,199,3712,-340,17
2,115,199,3712,-339,-25
2,115,199,3713,-340,17
2,115,199,3713,-339,-33
2,115,199,3713,-337,-41
2,115,199,3714,-340,17
2,115,199,3715,-340,17
2,115,199,3715,-336,-50
2,115,199,3716,-340,17
2,115,199,3716,-335,-58
2,115,199,3717,-340,17
2,115,199,3718,-340,17
2,115,199,3719,-340,17
2,115,199,3720,-340,17
2,115,199,3725,-340,-8
2,115,200,3708,-335,0
2,115,200,3709,-314,0
2,115,200,3715,-314,0
2,115,200,3716,-314,0
2,115,200,3717,-314,0
2,115,200,3718,-314,0
2,115,200,3719,-314,0
2,115,200,3720,-314,0
2,115,200,3722,-314,0
2,115,200,3723,-323,-106
2,115,201,3696,-478,144
2,115,202,3708,-407,0
2,115,203,3708,-500,0
2,115,204,3678,-495,48
2,115,204,3684,-500,0
2,115,204,3709,-500,0
2,115,205,3709,-500,0
2,5,129,212,57,469
2,5,130,212,-26,3
2,5,132,204,128,68
2,5,133,212,23,10
2,5,133,212,30,41
2,5,135,207,-57,161
2,5,135,212,20,275
2,5,135,212,159,89
2,5,136,205,98,148
2,5,136,208,141,173
2,5,137,204,-154,-30
2,5,138,204,-356,-98
2,5,138,208,-305,83
2,5,139,204,-141,-116
2,5,139,204,-25,7
2,5,139,205,-286,-50
2,5,139,219,0,52
2,5,139,238,0,-447
2,5,140,204,-165,-45
2,5,144,207,-250,-150
2,5,150,240,-137,-453
2,5,150,241,-148,-450
2,5,151,221,-418,-224
2,5,151,244,-144,-478
2,5,155,140,-316,0
2,5,184,226,-492,-85
2,5,185,222,-418,0
2,5,185,226,-494,-74
2,5,186,222,-418,-21
2,5,186,222,-418,0
2,5,190,220,-392,0
2,5,190,222,-392,-9
2,5,190,222,-392,0
2,5,190,223,-392,-9
2,5,190,227,-494,-74
2,5,191,140,-497,0
2,5,191,220,-392,0
2,5,191,227,-494,-74
2,5,192,220,-500,0
2,5,193,221,-500,0
2,5,193,222,-366,0
2,5,193,228,-492,-85
2,5,194,227,-494,-74
2,5,194,228,-494,-74
2,5,194,228,-492,-85
2,5,195,228,-492,-85
2,5,196,156,-500,0
2,5,196,226,-446,-43
1,6,145,230,-167,-470
1,6,146,231,-167,-470
1,6,147,235,-179,-466
1,6,157,220,-500,0
1,6,157,221,-500,0
1,6,157,221,-466,-179
1,6,158,221,-496,-60
1,6,159,196,-361,345
1,6,160,220,-500,0
1,6,160,221,-500,0
1,8,110,270,80,66
1,8,119,276,-24,-9
1,8,139,281,-80,-264
1,8,141,273,-442,-66
1,8,142,251,-97,490
1,8,142,273,-442,-66
1,8,142,274,-442,-66
1,8,142,292,-97,-490
1,8,143,292,-121,-484
1,8,146,274,-466,-81
1,8,151,275,-492,-85
124,69,3891,2236,500,11
124,69,3893,2248,500,0
124,69,3914,2219,466,-179
124,69,3944,2288,148,-450
123,68,3891,2219,421,0
123,68,3894,2229,400,-132
123,68,3943,2281,144,-478
122,67,3895,2227,466,-179
122,67,3895,2228,466,-179
122,67,3898,2219,500,0
122,67,3899,2225,457,-203
125,71,3936,2300,500,0
125,71,3936,2301,500,0
125,73,3944,2400,441,-236
125,73,3949,2347,473,0
125,73,3949,2374,473,0
125,73,3949,2379,473,0
125,73,3949,2382,473,-24
125,73,3953,2404,267,-421
124,72,3893,2301,500,0
124,72,3895,2301,500,0
124,72,3895,2302,335,0
124,72,3917,2301,473,0
124,72,3949,2382,87,-439
124,72,3956,2249,0,500
5,122,186,3877,-136,158
5,122,187,3873,-151,144
5,122,190,3829,0,500
5,122,191,3869,-199,207
5,122,206,3871,-199,207
5,122,209,3870,-217,226
5,122,210,3846,-351,351
5,122,211,3846,-351,351
5,122,214,3846,-351,351
5,122,215,3846,-351,351
5,122,217,3831,25,338
5,122,218,3831,25,338
5,122,218,3832,25,338
5,122,218,3846,-351,351
5,122,218,3884,-125,233
5,122,220,3830,0,314
5,122,220,3833,0,340
5,122,220,3834,0,340
5,122,220,3864,0,395
5,122,220,3870,-237,184
5,122,221,3832,-8,340
5,122,221,3833,-8,340
5,122,222,3831,0,314
5,122,222,3832,-17,340
5,122,222,3832,25,338
5,122,222,3833,-17,340
5,122,223,3831,0,314
5,122,224,3831,0,314
5,122,224,3834,0,340
5,122,224,3835,0,340
5,122,224,3837,0,366
5,122,225,3831,0,314
5,122,226,3830,-18,369
5,122,226,3831,0,314
5,122,227,3831,0,314
5,122,228,3831,0,314
5,122,229,3831,0,314
5,122,230,3831,0,314
5,122,230,3834,-66,333
5,122,231,3831,0,314
5,122,232,3831,0,314
5,122,233,3831,0,314
5,122,234,3831,0,314
5,122,235,3831,0,314
5,122,238,3831,0,314
5,122,238,3872,0,209
5,122,238,3874,0,183
5,122,239,3873,0,235
5,122,240,3871,0,261
5,122,240,3873,0,235
5,122,240,3874,0,209
5,122,241,3833,-138,310
5,122,241,3868,-28,286
5,122,241,3886,-98,437
5,122,247,3834,-180,319
5,122,247,3909,-89,295
5,122,251,3901,438,-87
5,122,255,3843,-335,371
5,122,256,3846,-351,351
5,122,267,3882,26,180
5,122,269,3883,-437,97
5,122,270,3894,-436,86
5,122,270,3927,-336,-50
5,122,273,3912,51,229
3,122,139,3827,0,500
3,122,139,3864,0,395
3,122,139,3874,0,26
3,122,139,3888,0,0
3,122,140,3874,-3,25
3,122,141,3853,-24,473
3,122,142,3885,-425,139
3,122,155,3890,88,-133
3,122,176,3844,-277,416
3,122,177,3881,-457,125
3,122,178,3860,-345,361
3,122,178,3884,-464,92
3,122,179,3921,-36,205
3,122,180,3873,-335,371
3,122,181,3847,-345,361
3,122,181,3848,-345,361
3,122,181,3871,-326,378
3,122,182,3846,-335,371
3,122,182,3870,-345,361
3,122,183,3869,-345,361
3,122,186,3866,-345,361
3,122,191,3882,-494,74
3,122,194,3860,-386,316
3,122,198,3880,-457,125
3,122,200,3879,-453,136
3,122,201,3878,-474,156
3,122,204,3879,-421,150
3,122,210,3892,-473,0
3,122,223,3892,-500,0
3,122,226,3875,-273,89
3,122,229,3881,-281,62
3,122,230,3947,-492,85
2,120,124,3819,-25,-5
2,120,124,3819,-25,6
2,120,124,3819,-8,24
2,120,125,3819,-59,-51
2,120,126,3821,-19,-17
2,120,127,3819,25,-128
2,120,128,3819,116,-58
2,120,129,3819,0,0
2,120,131,3819,23,-11
2,120,139,3823,-196,177
2,120,141,3829,132,88
2,120,142,3762,-37,498
2,120,151,3856,217,144
2,120,152,3782,-144,478
2,120,152,3837,119,-139
2,120,153,3817,-264,0
2,120,171,3797,-497,-11
2,120,171,3867,233,412
2,120,174,3821,-439,87
2,120,176,3800,-471,-11
2,120,177,3811,-500,11
2,120,182,3809,-444,22
2,120,185,3799,-359,343
2,120,185,3800,-359,343
2,120,185,3800,-351,351
2,120,185,3801,-351,351
2,120,185,3802,-351,351
2,120,185,3815,-500,0
2,120,185,3816,-500,0
2,120,185,3817,-500,0
2,120,188,3797,-340,325
2,120,188,3798,-340,325
2,120,188,3799,-340,325
2,120,188,3800,-340,325
2,120,188,3801,-340,325
2,120,188,3802,-340,325
2,120,188,3803,-340,325
2,120,188,3805,-340,325
2,120,188,3808,-340,325
2,120,188,3813,-340,325
2,120,188,3815,-340,325
2,120,188,3816,-340,325
2,120,188,3817,-340,325
2,120,188,3818,-340,325
2,120,188,3820,-340,325
2,120,188,3823,-340,325
2,120,189,3796,-340,325
2,120,189,3797,-340,325
2,120,189,3798,-340,325
2,120,189,3799,-340,325
2,120,189,3800,-340,325
2,120,189,3801,-482,132
2,120,189,3801,-340,325
2,120,189,3803,-340,325
2,120,189,3808,-340,325
2,120,189,3810,-392,0
2,120,189,3811,-392,0
2,120,189,3812,-392,0
2,120,189,3813,-340,325
2,120,189,3815,-340,325
2,120,189,3817,-340,325
2,120,189,3820,-340,325
2,120,189,3823,-340,325
2,120,190,3807,-441,53
2,120,190,3809,-392,8
2,120,190,3812,-392,0
2,120,191,3809,-392,8
2,120,191,3809,-392,19
2,120,191,3809,-391,28
2,120,192,3796,-321,307
2,120,192,3805,-321,307
2,120,192,3812,-366,0
2,120,192,3876,-470,-167
2,120,193,3797,-378,326
2,120,193,3800,-378,326
2,120,193,3803,-490,97
2,120,193,3806,-444,53
2,120,193,3809,-366,8
2,120,194,3802,-490,97
2,120,194,3812,-500,0
2,120,196,3804,-494,74
2,120,201,3868,-500,0
2,120,204,3868,-500,0
1,119,145,3801,-167,470
1,119,145,3842,-203,-457
1,119,157,3810,-494,74
1,119,157,3811,-494,74
1,119,159,3811,-500,0
1,119,159,3814,-488,109
1,119,160,3811,-500,0
1,119,160,3812,-500,0
1,119,160,3812,-488,109
1,119,160,3812,-478,144
1,119,160,3813,-484,121
1,119,160,3816,-494,74
1,119,161,3813,-484,121
1,119,162,3813,-488,109
1,119,163,3814,-490,97
1,119,164,3815,-494,74
2,118,139,3698,0,500
2,118,139,3745,-16,19
2,118,139,3748,-24,9
2,118,139,3826,0,380
2,118,139,3829,-282,55
2,118,139,3832,-15,-21
2,118,140,3747,0,0
2,118,140,3756,-378,-178
2,118,141,3768,-33,445
2,118,141,3833,-104,0
2,118,144,3804,130,0
2,118,145,3734,-85,492
2,118,145,3834,372,248
2,118,145,3835,372,248
2,118,148,3715,-277,416
2,118,148,3846,141,66
2,118,150,3700,-121,484
2,118,151,3856,-148,-450
2,118,159,3811,-185,0
2,118,162,3811,-238,0
2,118,164,3811,-342,0
2,118,165,3811,-264,0
2,118,169,3764,-418,0
2,118,169,3782,-418,0
2,118,169,3786,-418,0
2,118,169,3791,-418,0
2,118,169,3795,-418,0
2,118,169,3798,-418,0
2,118,169,3801,-418,0
2,118,169,3808,-418,0
2,118,169,3809,-418,0
2,118,169,3810,-418,0
2,118,173,3785,-444,0
2,118,173,3797,-444,0
2,118,173,3800,-444,0
2,118,173,3803,-444,0
2,118,174,3809,-444,0
2,118,175,3812,-402,296
2,118,176,3777,-471,0
2,118,177,3807,-471,23
2,118,177,3809,-471,23
2,118,177,3810,-471,23
2,118,178,3764,-471,23
2,118,178,3766,-471,23
2,118,178,3767,-471,23
2,118,178,3768,-471,23
2,118,178,3769,-471,23
2,118,178,3770,-471,23
2,118,178,3771,-471,23
2,118,178,3772,-471,23
2,118,178,3774,-471,23
2,118,178,3775,-471,23
2,118,178,3776,-471,23
2,118,178,3777,-471,23
2,118,178,3778,-471,23
2,118,178,3779,-471,23
2,118,178,3780,-471,23
2,118,178,3781,-471,23
2,118,178,3782,-471,23
2,118,178,3783,-471,23
2,118,178,3784,-471,23
2,118,178,3785,-471,23
2,118,178,3786,-471,23
2,118,178,3787,-471,23
2,118,178,3788,-471,23
2,118,178,3789,-471,23
2,118,178,3790,-471,23
2,118,178,3791,-471,23
2,118,178,3792,-471,23
2,118,178,3794,-471,23
2,118,178,3795,-471,23
2,118,178,3796,-471,23
2,118,178,3797,-471,23
2,118,178,3798,-471,23
2,118,178,3799,-471,23
2,118,178,3800,-471,23
2,118,178,3801,-471,23
2,118,178,3802,-471,23
2,118,178,3803,-471,23
2,118,178,3804,-471,23
2,118,178,3807,-471,23
2,118,178,3808,-471,23
2,118,178,3811,-471,-24
2,118,180,3810,-443,32
2,118,181,3809,-444,22
2,118,182,3809,-444,22
2,118,182,3812,-444,-22
2,118,183,3781,-444,22
2,118,183,3793,-444,22
2,118,183,3807,-444,22
2,118,184,3743,-345,361
2,118,185,3810,-418,0
2,118,185,3810,-418,21
2,118,187,3811,-500,0
2,118,188,3812,-500,-25
2,118,191,3805,-392,19
2,118,191,3808,-392,19
2,118,191,3809,-392,8
2,118,193,3808,-365,35
2,118,193,3812,-497,-11
2,118,195,3804,-366,18
2,118,195,3805,-366,18
2,118,195,3809,-366,8
2,118,195,3813,-471,-24
2,118,196,3809,-340,17
2,118,196,3811,-340,0
2,118,196,3812,-471,-24
2,118,197,3808,-339,25
2,118,197,3809,-339,25
2,118,197,3810,-340,7
2,118,198,3806,-340,7
2,118,198,3806,-340,17
2,118,198,3807,-340,17
2,118,198,3808,-340,17
2,118,198,3809,-340,7
2,118,198,3809,-340,17
2,118,199,3763,-340,17
2,118,199,3765,-340,17
2,118,199,3766,-340,17
2,118,199,3767,-340,17
2,118,199,3768,-340,17
2,118,199,3769,-340,17
2,118,199,3770,-340,17
2,118,199,3771,-340,17
2,118,199,3772,-340,17
2,118,199,3773,-340,17
2,118,199,3774,-340,17
2,118,199,3775,-340,17
2,118,199,3776,-340,17
2,118,199,3777,-340,17
2,118,199,3778,-340,17
2,118,199,3779,-340,17
2,118,199,3780,-340,17
2,118,199,3781,-340,17
2,118,199,3782,-340,17
2,118,199,3783,-340,17
2,118,199,3784,-340,17
2,118,199,3785,-340,17
2,118,199,3786,-340,17
2,118,199,3787,-340,17
2,118,199,3788,-340,17
2,118,199,3789,-340,17
2,118,199,3790,-340,17
2,118,199,3791,-340,17
2,118,199,3792,-340,17
2,118,199,3793,-340,17
2,118,199,3794,-340,17
2,118,199,3795,-340,17
2,118,199,3796,-340,17
2,118,199,3797,-340,17
2,118,199,3798,-340,17
2,118,199,3799,-340,17
2,118,199,3800,-340,17
2,118,199,3801,-340,17
2,118,199,3802,-340,17
2,118,199,3803,-340,17
2,118,199,3804,-340,17
2,118,199,3805,-340,17
2,118,199,3806,-340,17
2,118,199,3807,-340,17
2,118,199,3808,-340,17
2,118,199,3809,-340,-8
2,118,199,3809,-340,17
2,118,199,3812,-340,-8
2,118,199,3813,-444,-22
2,118,199,3813,-340,-8
2,118,200,3770,-314,0
2,118,200,3777,-314,0
2,118,200,3779,-314,0
2,118,200,3786,-314,0
2,118,200,3803,-314,0
2,118,200,3804,-314,0
2,118,200,3806,-314,0
2,118,200,3807,-314,0
2,118,200,3808,-314,0
2,118,200,3810,-314,0
2,118,201,3801,-490,97
2,118,202,3802,-492,85
2,118,202,3808,-335,16
2,118,206,3811,-500,0
2,117,108,3720,-82,163
2,117,113,3705,-208,-199
2,117,136,3731,-167,78
2,117,137,3730,-101,123
2,117,139,3713,-29,300
2,117,139,3791,0,0
2,117,139,3798,0,0
2,117,139,3808,-2,-26
2,117,140,3731,-97,45
2,117,146,3780,-58,-335
2,117,147,3783,-46,-310
2,117,161,3773,-283,-346
2,117,161,3811,-500,0
2,117,165,3811,-500,0
2,117,167,3810,-500,25
2,117,169,3733,-418,0
2,117,169,3734,-418,0
2,117,169,3740,-418,0
2,117,169,3747,-418,0
2,117,169,3749,-418,0
2,117,169,3759,-418,0
2,117,169,3769,-418,0
2,117,169,3774,-418,0
2,117,169,3780,-418,0
2,117,170,3811,-500,0
2,117,173,3750,-444,0
2,117,173,3753,-444,0
2,117,173,3758,-444,0
2,117,177,3810,-500,11
2,117,178,3731,-471,23
2,117,178,3732,-471,23
2,117,178,3733,-471,23
2,117,178,3734,-471,23
2,117,178,3735,-471,23
2,117,178,3736,-471,23
2,117,178,3737,-471,23
2,117,178,3738,-471,23
2,117,178,3739,-471,23
2,117,178,3740,-471,23
2,117,178,3741,-471,23
2,117,178,3743,-471,23
2,117,178,3744,-471,23
2,117,178,3745,-471,23
2,117,178,3746,-471,23
2,117,178,3747,-471,23
2,117,178,3748,-471,23
2,117,178,3749,-471,23
2,117,178,3750,-471,23
2,117,178,3751,-471,23
2,117,178,3752,-471,23
2,117,178,3753,-471,23
2,117,178,3754,-471,23
2,117,178,3755,-471,23
2,117,178,3756,-471,23
2,117,178,3757,-471,23
2,117,178,3758,-471,23
2,117,178,3759,-471,23
2,117,178,3760,-471,23
2,117,178,3761,-471,23
2,117,178,3762,-471,23
2,117,178,3763,-471,23
2,117,178,3764,-471,23
2,117,178,3765,-471,23
2,117,178,3766,-471,23
2,117,178,3768,-471,23
2,117,178,3769,-471,23
2,117,178,3770,-471,23
2,117,178,3771,-471,23
2,117,178,3772,-471,23
2,117,178,3774,-471,23
2,117,178,3775,-471,23
2,117,178,3776,-471,23
2,117,178,3777,-471,23
2,117,178,3778,-471,23
2,117,178,3779,-471,23
2,117,178,3781,-471,23
2,117,178,3782,-471,23
2,117,178,3783,-471,23
2,117,180,3737,-444,0
2,117,180,3741,-444,0
2,117,180,3742,-444,0
2,117,180,3748,-444,0
2,117,180,3754,-444,0
2,117,180,3811,-500,0
2,117,181,3811,-500,0
2,117,183,3709,-497,0
2,117,183,3757,-444,22
2,117,183,3767,-444,22
2,117,184,3740,-418,0
2,117,185,3709,-500,0
2,117,185,3710,-500,0
2,117,186,3746,-229,382
2,117,191,3741,-392,19
2,117,195,3720,-366,18
2,117,195,3729,-366,18
2,117,195,3741,-366,18
2,117,199,3729,-340,17
2,117,199,3730,-340,17
2,117,199,3731,-340,17
2,117,199,3732,-340,17
2,117,199,3733,-340,17
2,117,199,3734,-340,17
2,117,199,3735,-340,17
2,117,199,3736,-340,17
2,117,199,3737,-340,17
2,117,199,3738,-340,17
2,117,199,3739,-340,17
2,117,199,3740,-340,17
2,117,199,3740,-314,0
2,117,199,3741,-340,17
2,117,199,3742,-340,17
2,117,199,3743,-340,17
2,117,199,3744,-340,17
2,117,199,3745,-340,17
2,117,199,3746,-340,17
2,117,199,3747,-340,17
2,117,199,3748,-340,17
2,117,199,3749,-340,17
2,117,199,3750,-340,17
2,117,199,3751,-340,17
2,117,199,3752,-340,17
2,117,199,3753,-340,17
2,117,199,3754,-340,17
2,117,199,3755,-340,17
2,117,199,3756,-340,17
2,117,199,3757,-340,17
2,117,199,3758,-340,17
2,117,199,3759,-340,17
2,117,199,3760,-340,17
2,117,199,3761,-340,17
2,117,199,3762,-340,17
2,117,199,3763,-340,17
2,117,199,3764,-340,17
2,117,199,3765,-340,17
2,117,199,3766,-340,17
2,117,199,3767,-340,17
2,117,199,3768,-340,17
2,117,199,3769,-340,17
2,117,199,3770,-340,17
2,117,199,3771,-340,17
2,117,199,3772,-340,17
2,117,199,3773,-340,17
2,117,199,3774,-340,17
2,117,199,3775,-340,17
2,117,199,3776,-340,17
2,117,199,3777,-340,17
2,117,199,3778,-340,17
2,117,199,3779,-340,17
2,117,199,3780,-340,17
2,117,199,3781,-340,17
2,117,199,3782,-340,17
2,117,199,3783,-340,17
2,117,200,3731,-314,0
2,117,200,3734,-314,0
2,117,200,3736,-314,0
2,117,200,3737,-314,0
2,117,200,3738,-314,0
2,117,200,3741,-314,0
2,117,200,3742,-314,0
2,117,200,3745,-314,0
2,117,200,3748,-314,0
2,117,200,3753,-314,0
2,117,200,3754,-314,0
2,117,200,3757,-314,0
2,117,200,3763,-314,0
2,117,200,3765,-314,0
2,117,200,3770,-314,0
2,117,200,3783,-314,0
2,117,200,3784,-314,0
69,7,2226,333,11,-500
69,7,2317,260,-121,-484
69,7,2322,212,-473,0
69,7,2332,259,-500,0
69,7,2332,260,-500,0
124,119,3891,3843,500,0
124,119,3892,3843,485,0
124,119,3893,3843,500,0
124,119,3893,3844,471,0
124,119,3894,3843,500,0
124,119,3894,3857,482,-132
124,119,3895,3844,335,0
124,119,3896,3813,314,0
124,119,3896,3817,314,0
124,119,3896,3821,314,0
124,119,3896,3825,314,0
124,119,3896,3830,314,0
124,119,3896,3832,314,0
124,119,3896,3833,314,0
124,119,3896,3834,314,0
124,119,3896,3836,314,0
124,119,3896,3837,314,0
124,119,3896,3838,314,0
124,119,3896,3839,314,0
124,119,3896,3840,314,0
124,119,3896,3841,312,23
124,119,3896,3841,314,0
124,119,3896,3841,314,15
124,119,3896,3842,314,7
124,119,3896,3843,314,0
124,119,3896,3844,335,0
124,119,3896,3845,340,-8
124,119,3898,3844,340,0
124,119,3899,3844,361,0
124,119,3900,3826,366,0
124,119,3903,3841,364,35
124,119,3903,3844,387,0
124,119,3904,3854,482,-132
124,119,3908,3771,345,361
124,119,3908,3843,500,0
124,119,3911,3840,418,0
124,119,3911,3841,418,0
124,119,3911,3842,416,30
124,119,3911,3842,418,21
124,119,3911,3843,418,0
124,119,3913,3843,473,0
124,119,3913,3844,473,0
124,119,3917,3843,473,0
124,119,3917,3844,471,-24
124,119,3920,3844,440,0
124,119,3921,3843,447,0
124,119,3924,3844,414,0
124,119,3925,3844,414,0
124,119,3928,3844,387,0
124,119,3929,3844,387,0
124,119,3942,3889,131,-342
124,119,3956,3861,21,14
125,118,3953,3776,97,490
125,118,3953,3789,438,87
125,118,3953,3807,97,-490
125,118,3982,3787,-29,-130
125,118,4075,3763,153,42
125,120,3935,3843,500,0
125,120,3936,3843,500,0
125,120,3936,3844,500,0
125,120,3937,3844,500,0
125,120,3938,3843,496,60
125,120,3939,3843,494,74
125,120,3939,3843,500,0
125,120,3940,3843,500,0
125,120,3946,3880,224,-447
125,120,3951,3832,156,474
125,120,3952,3870,203,-457
125,120,3974,3860,23,12
125,120,3984,3860,-162,302
124,117,3893,3741,500,0
124,117,3895,3742,335,0
124,117,3896,3743,314,0
124,117,3896,3744,314,0
124,117,3896,3745,314,0
124,117,3896,3746,314,0
124,117,3896,3747,314,0
124,117,3896,3749,314,0
124,117,3896,3751,314,0
124,117,3896,3752,314,0
124,117,3896,3779,314,0
124,117,3896,3783,314,0
124,117,3896,3784,314,0
124,117,3896,3787,314,0
124,117,3896,3790,314,0
124,117,3897,3742,340,-8
124,117,3905,3815,353,-353
124,117,3908,3812,353,-353
124,117,3911,3741,498,48
124,117,3911,3779,418,0
124,117,3911,3783,418,0
124,117,3911,3784,418,0
124,117,3911,3787,418,0
124,117,3912,3808,353,-353
124,117,3923,3741,421,0
124,117,3949,3822,87,-439
124,117,3958,3789,101,152
124,117,3958,3789,116,173
125,116,3934,3721,500,25
125,116,3935,3741,500,0
125,116,3935,3742,498,-37
125,116,3936,3740,478,-144
125,116,3936,3740,500,0
125,116,3936,3741,500,0
125,116,3938,3741,496,-60
125,116,3940,3741,492,-85
125,116,3950,3750,167,-470
125,116,3956,3735,207,-208
125,116,3956,3746,0,-500
125,116,3969,3730,262,31
124,115,3901,3745,431,-32
124,115,3902,3748,494,-74
124,115,3903,3741,366,0
124,115,3903,3741,392,0
124,115,3903,3741,500,0
124,115,3903,3742,387,-9
124,115,3903,3744,431,-32
124,115,3904,3742,392,0
124,115,3904,3743,391,-29
124,115,3904,3759,321,-307
124,115,3905,3742,391,-29
124,115,3905,3742,392,0
124,115,3905,3743,392,-9
124,115,3906,3740,392,0
124,115,3906,3743,392,-9
124,115,3907,3740,392,0
124,115,3907,3741,392,0
124,115,3907,3742,392,0
124,115,3907,3744,457,-34
124,115,3908,3709,500,0
124,115,3908,3756,340,-325
124,115,3909,3742,418,0
124,115,3911,3752,351,-351
124,115,3913,3742,444,-10
124,115,3941,3644,346,185
124,115,3944,3764,156,-474
124,115,3955,3723,-87,-164
124,115,3959,3724,18,18
124,115,3961,3732,-175,263
124,115,3961,3732,-23,12
124,115,3962,3732,-212,301
124,115,3962,3732,-23,11
124,115,3962,3732,-6,51
124,115,3962,3732,-5,51
124,115,3963,3728,153,306
124,115,3963,3732,-7,51
124,115,3979,3732,25,-5
29,103,993,3236,-74,494
29,103,1038,3267,-427,201
29,103,1042,3300,-473,0
29,103,1046,3300,-500,0
30,104,999,3260,85,492
30,104,1082,3282,-416,277
30,104,1087,3297,-391,28
30,104,1089,3300,-366,0
29,105,1035,3355,0,500
29,105,1038,3376,-446,-43
29,105,1052,3356,-500,0
29,105,1056,3364,-492,85
29,105,1056,3364,-488,109
33,108,1090,3392,345,361
33,108,1120,3386,0,340
33,108,1120,3387,0,340
33,108,1130,3400,-418,223
33,108,1131,3383,0,314
33,108,1139,3387,-156,330
33,108,1141,3398,-351,351
33,108,1142,3398,-351,351
33,108,1148,3398,-351,351
33,108,1155,3394,-350,316
33,108,1160,3412,-500,0
31,108,1035,3404,-94,244
31,108,1050,3399,-167,470
31,108,1069,3402,-353,353
31,108,1077,3432,-484,121
31,108,1078,3398,-335,371
31,108,1091,3434,-433,108
31,108,1108,3441,-392,19
120,68,3789,2252,361,-345
120,68,3793,2248,500,0
120,68,3794,2245,381,-281
120,68,3846,2277,217,-326
120,68,3872,2270,0,-414
120,68,3872,2278,0,-361
1,56,52,1874,0,-473
1,56,147,1781,-167,470
1,56,149,1780,-212,451
1,56,151,1781,-246,435
1,56,160,1820,-500,0
1,56,160,1820,-451,-212
2,58,147,1832,-97,490
2,58,150,1829,-156,474
2,58,151,1831,-132,482
2,58,160,1820,-500,0
2,58,169,1821,-496,-60
2,58,179,1822,-498,-48
2,58,182,1876,-500,0
3,59,153,1867,-119,-236
3,59,163,1874,103,-155
3,59,183,1881,367,-27
3,59,196,1848,-309,323
3,59,201,1843,-327,342
3,59,202,1843,-327,342
3,59,210,1876,-473,0
3,59,213,1876,-500,0
2,55,156,1734,-356,98
2,55,178,1762,-469,34
2,55,180,1763,-444,10
2,55,182,1843,-353,-353
2,55,184,1727,-345,361
2,55,184,1764,-418,0
2,55,185,1843,-378,-326
2,55,187,1723,-345,361
2,55,191,1720,-345,361
2,55,191,1821,-500,0
2,55,193,1822,-498,-37
2,55,195,1735,-316,232
2,55,195,1820,-500,0
2,55,197,1763,-340,0
2,55,198,1745,-315,130
2,55,199,1750,-325,98
2,55,199,1761,-340,17
2,55,200,1764,-314,0
2,57,139,1876,-500,0
2,57,151,1775,-159,445
2,57,152,1766,-144,478
2,57,157,1768,-203,457
2,57,157,1783,-81,134
2,57,184,1823,-496,-60
2,57,194,1824,-498,-37
2,57,201,1821,-500,0
2,57,204,1820,-500,0
2,57,204,1825,-495,-37
2,57,205,1821,-497,0
53,124,1649,3933,402,296
53,124,1652,3904,349,316
53,124,1657,3956,157,0
53,124,1660,3905,349,316
53,124,1660,3906,349,316
53,124,1661,3906,349,316
53,124,1663,3902,298,330
53,124,1663,3906,332,332
53,124,1666,3904,298,330
53,124,1669,3908,368,333
53,124,1672,3901,209,330
53,124,1679,3896,137,310
53,124,1679,3906,332,332
53,124,1682,3896,17,340
53,124,1682,3906,332,332
53,124,1684,3895,0,314
53,124,1688,3933,156,212
53,124,1691,3895,0,314
53,124,1691,3895,37,311
53,124,1691,3906,332,332
53,124,1695,3895,7,314
53,124,1696,3896,0,500
53,124,1696,3898,0,340
53,124,1696,3899,0,340
53,124,1696,3942,39,37
53,124,1700,3890,0,500
53,124,1703,3935,218,228
53,124,1753,3937,-424,212
53,124,1760,3921,0,447
53,124,1790,3924,-500,0
55,124,1719,3941,470,167
55,124,1723,3942,445,158
55,124,1723,3942,449,148
55,124,1724,3946,433,108
55,124,1731,3950,444,53
55,124,1738,3910,345,361
55,124,1738,3911,345,361
55,124,1739,3913,353,353
55,124,1743,3943,453,136
55,124,1754,3954,171,71
55,124,1780,3913,0,500
55,124,1780,3936,0,264
56,118,1715,3773,500,0
56,118,1719,3774,335,0
56,118,1720,3775,314,0
56,118,1720,3776,314,0
56,118,1720,3780,335,0
56,118,1721,3773,340,0
56,118,1722,3774,340,0
56,118,1723,3780,340,0
56,118,1728,3840,442,-43
56,118,1729,3838,391,-29
56,118,1731,3836,392,0
56,118,1737,3773,473,0
56,118,1741,3773,473,0
56,118,1745,3749,414,171
56,118,1746,3766,361,-345
56,118,1750,3852,291,-304
56,118,1752,3773,395,0
56,118,1757,3755,361,-345
56,118,1779,3705,0,500
56,118,1781,3735,-20,395
56,118,1787,3828,-23,11
56,118,1811,3704,0,500
56,118,1852,3705,0,500
56,123,1715,3933,500,0
56,123,1715,3935,500,-25
56,123,1718,3940,500,0
56,123,1729,3905,340,325
56,123,1730,3906,340,325
56,123,1731,3891,340,325
56,123,1731,3894,332,332
56,123,1731,3898,332,332
56,123,1731,3903,316,349
56,123,1731,3903,332,332
56,123,1732,3906,332,332
56,123,1739,3884,353,353
56,123,1756,3933,312,282
56,123,1756,3950,360,80
56,123,1758,3922,291,304
56,123,1768,3887,148,449
56,123,1770,3891,139,424
56,123,1771,3866,121,484
56,123,1772,3918,-366,-35
56,123,1780,3879,0,500
56,123,1783,3913,-43,-446
70,3,2315,205,0,-500
70,3,2350,143,-361,-345
70,3,2358,150,-361,-345
70,3,2364,161,-316,-350
70,3,2365,151,-353,-353
70,3,2365,157,-340,-325
70,3,2365,160,-340,-325
70,3,2366,157,-340,-325
73,2,2340,130,0,-238
73,2,2391,155,-344,-359
73,2,2392,155,-351,-351
73,2,2394,159,-325,-340
73,2,2402,155,-344,-359
73,2,2405,159,-325,-340
73,2,2413,155,-344,-359
73,2,2416,159,-325,-340
73,2,2424,155,-344,-359
73,2,2440,117,-433,-108
30,106,1035,3344,-23,447
30,106,1040,3380,170,-66
30,106,1080,3356,-418,0
30,106,1081,3368,-500,0
30,106,1083,3363,-497,0
30,106,1086,3359,-441,53
30,106,1086,3360,-391,38
30,106,1087,3361,-391,28
124,121,3893,3882,500,0
124,121,3897,3848,500,0
124,121,3900,3901,418,0
124,121,3902,3844,405,0
124,121,3903,3843,366,0
124,121,3903,3844,387,0
124,121,3903,3844,405,0
124,121,3903,3902,469,-35
124,121,3904,3843,366,0
124,121,3904,3844,387,0
124,121,3904,3845,392,-9
124,121,3905,3841,392,8
124,121,3906,3842,392,0
124,121,3907,3831,332,332
124,121,3907,3834,332,332
124,121,3907,3835,332,332
124,121,3907,3838,332,332
124,121,3907,3839,332,332
124,121,3907,3842,332,332
124,121,3907,3843,332,332
124,121,3907,3845,332,332
124,121,3907,3847,332,332
124,121,3907,3848,332,332
124,121,3907,3849,332,332
124,121,3908,3842,325,340
124,121,3909,3847,484,121
124,121,3911,3847,358,343
124,121,3925,3828,497,0
124,121,3928,3900,395,0
124,121,3944,3819,136,453
124,121,3948,3847,185,0
124,121,3956,3858,-209,20
124,121,3959,3851,-26,0
124,121,3959,3859,102,30
124,121,3964,3851,-1,-52
124,121,3968,3851,25,-3
124,121,3970,3851,18,17
124,122,3891,3908,500,0
124,122,3898,3921,338,25
124,122,3901,3879,408,287
124,122,3902,3878,402,296
124,122,3905,3873,340,325
124,122,3905,3874,340,325
124,122,3906,3874,340,325
124,122,3907,3862,332,332
124,122,3907,3863,332,332
124,122,3907,3864,332,332
124,122,3907,3865,332,332
124,122,3907,3865,340,325
124,122,3907,3866,332,332
124,122,3907,3867,332,332
124,122,3907,3868,332,332
124,122,3907,3869,332,332
124,122,3907,3870,332,332
124,122,3907,3871,316,349
124,122,3907,3871,332,332
124,122,3907,3872,332,332
124,122,3907,3873,332,332
124,122,3908,3874,332,332
124,122,3917,3914,473,23
124,122,3934,3890,291,304
124,122,3934,3891,291,304
124,122,3934,3892,291,304
124,122,3937,3907,264,0
124,122,3937,3920,281,70
124,122,3943,3850,277,416
124,122,3944,3855,109,488
124,122,3944,3884,-376,155
124,122,3945,3888,0,-157
124,122,3948,3886,-366,-35
124,122,3950,3887,-218,89
124,122,3956,3874,23,10
124,122,3956,3891,44,-64
124,122,3956,3891,167,-251
123,123,3866,3910,500,0
123,123,3867,3913,500,-25
123,123,3874,3912,500,-11
123,123,3874,3913,500,-11
123,123,3878,3910,500,0
123,123,3885,3958,490,-97
123,123,3888,3913,500,0
123,123,3892,3943,413,-62
123,123,3900,3914,433,108
123,123,3907,3917,360,80
123,123,3915,3881,353,353
123,123,3916,3899,345,361
123,123,3956,3896,0,395
123,123,3956,3914,16,49
123,123,3956,3918,0,0
123,123,3956,3922,78,-61
2,9,139,338,0,0
2,9,144,325,-210,112
2,9,169,293,-418,0
2,9,169,309,-418,0
2,9,169,314,-418,0
2,9,170,243,-291,304
2,9,173,300,-444,0
2,9,173,305,-444,0
2,9,173,320,-444,0
2,9,174,321,-444,0
2,9,177,319,-471,23
2,9,177,322,-469,34
2,9,178,296,-471,23
2,9,178,298,-471,23
2,9,178,299,-471,23
2,9,178,302,-471,23
2,9,178,304,-471,23
2,9,178,305,-471,23
2,9,178,306,-471,23
2,9,178,307,-471,23
2,9,178,308,-471,23
2,9,178,309,-471,23
2,9,178,310,-471,23
2,9,178,311,-471,23
2,9,178,312,-471,23
2,9,178,313,-471,23
2,9,178,314,-471,23
2,9,178,315,-471,23
2,9,178,316,-471,23
2,9,178,318,-471,23
2,9,178,319,-471,23
2,9,178,320,-471,23
2,9,178,321,-471,23
2,9,180,312,-444,0
2,9,180,321,-443,43
2,9,180,322,-444,0
2,9,181,321,-444,22
2,9,183,315,-444,22
2,9,189,324,-500,-25
2,9,196,323,-485,0
2,9,197,320,-339,25
2,9,197,323,-340,7
2,9,197,324,-471,-11
2,9,198,318,-340,7
2,9,198,318,-340,17
2,9,198,319,-340,17
2,9,198,320,-340,17
2,9,198,321,-340,7
2,9,198,324,-471,0
2,9,199,273,-340,17
2,9,199,292,-340,17
2,9,199,293,-340,17
2,9,199,295,-340,17
2,9,199,297,-340,17
2,9,199,298,-340,17
2,9,199,299,-340,17
2,9,199,301,-340,17
2,9,199,303,-340,17
2,9,199,304,-340,17
2,9,199,305,-340,17
2,9,199,306,-340,17
2,9,199,307,-340,17
2,9,199,308,-340,17
2,9,199,309,-340,17
2,9,199,310,-340,17
2,9,199,311,-340,17
2,9,199,312,-340,17
2,9,199,313,-340,17
2,9,199,314,-340,17
2,9,199,315,-340,17
2,9,199,316,-340,17
2,9,199,317,-340,17
2,9,199,318,-340,17
2,9,199,319,-340,17
2,9,199,320,-340,17
2,9,199,321,-340,-8
2,9,199,321,-340,17
2,9,199,325,-443,-33
2,9,200,275,-314,0
2,9,200,309,-314,0
2,9,200,312,-314,0
2,9,200,315,-314,0
2,9,200,318,-314,0
2,9,200,322,-314,0
2,9,200,325,-443,-33
2,9,201,323,-359,0
2,9,203,323,-500,0
2,9,204,323,-500,0
1,10,139,348,0,-366
1,10,145,313,-167,470
1,10,154,328,-490,97
1,10,157,322,-494,74
1,10,157,323,-494,74
1,10,158,323,-500,0
1,10,158,323,-496,60
1,10,159,324,-478,144
1,10,160,322,-498,48
1,10,160,323,-500,0
1,10,160,324,-500,0
1,10,160,324,-488,109
1,10,160,325,-484,121
1,10,161,325,-484,121
1,10,163,323,-498,-37
2,11,124,331,-8,24
2,11,126,331,25,3
2,11,127,331,26,0
2,11,128,331,116,-58
2,11,129,339,158,11
2,11,132,331,-26,-3
2,11,132,331,23,-11
2,11,147,319,13,182
2,11,152,294,-144,478
2,11,168,393,-385,-171
2,11,173,330,-432,118
2,11,180,331,-464,92
2,11,180,396,-271,-96
2,11,181,326,-500,0
2,11,182,316,-444,-22
2,11,185,312,-351,351
2,11,185,313,-351,351
2,11,185,327,-500,0
2,11,186,329,-500,0
2,11,188,309,-340,325
2,11,188,310,-340,325
2,11,188,324,-340,325
2,11,189,323,-392,0
2,11,190,319,-441,53
2,11,190,321,-392,8
2,11,191,319,-419,31
2,11,191,321,-392,8
2,11,191,321,-392,19
2,11,191,321,-391,28
2,11,191,324,-497,0
2,11,191,324,-392,0
2,11,192,324,-366,0
2,11,193,316,-492,85
2,11,193,321,-366,8
2,11,193,323,-500,0
2,11,194,314,-490,97
2,11,194,316,-492,85
2,11,196,316,-494,74
2,11,203,380,-500,0
2,11,204,380,-500,0
2,12,144,366,-77,387
2,12,146,359,-85,492
2,12,147,354,-85,492
2,12,147,359,-119,431
2,12,149,344,-114,458
2,12,150,340,-121,484
2,12,151,335,-159,445
2,12,151,335,-148,449
2,12,155,332,-144,478
2,12,156,327,-441,236
2,12,157,377,-233,350
2,12,157,398,79,107
2,12,158,370,-418,223
2,12,160,324,-500,0
2,12,162,381,-304,291
2,12,165,324,-500,0
2,12,165,358,-277,416
2,12,166,355,-287,408
2,12,167,370,-318,351
2,12,169,372,-327,342
2,12,171,369,-345,361
2,12,174,387,-447,0
2,12,175,368,-361,345
2,12,176,368,-361,345
2,12,178,406,-303,-83
2,12,179,352,-287,408
2,12,179,387,-361,345
2,12,180,393,-316,386
2,12,181,346,-353,353
2,12,182,348,-287,408
2,12,182,361,-361,345
2,12,183,388,-361,345
2,12,184,384,-345,361
2,12,186,377,-345,361
2,12,186,378,-345,361
2,12,186,379,-345,361
2,12,188,339,-340,325
2,12,188,340,-340,325
2,12,188,349,-340,325
2,12,188,351,-340,325
2,12,188,354,-340,325
2,12,189,339,-340,325
2,12,189,349,-340,325
2,12,189,350,-316,349
2,12,189,354,-340,325
2,12,189,388,-500,0
2,12,190,354,-340,325
2,12,192,408,-500,0
2,12,193,338,-378,326
2,12,193,358,-402,296
2,12,202,380,-500,0
2,12,204,380,-500,0
2,12,204,381,-500,0
2,12,204,388,-500,0
3,13,139,372,0,421
3,13,139,376,0,395
3,13,158,395,15,-314
3,13,171,393,-176,-294
3,13,175,383,-335,371
3,13,176,356,-277,416
3,13,176,379,-345,361
3,13,178,388,-96,123
3,13,180,384,-176,194
3,13,181,385,-176,194
3,13,182,358,-335,371
3,13,182,359,-345,361
3,13,183,381,-199,207
3,13,198,391,-380,179
3,13,201,394,-403,121
3,13,201,394,-400,131
3,13,202,431,-261,-13
3,13,204,391,-421,150
3,13,205,394,-432,118
3,13,205,505,-353,-353
3,13,206,389,-438,181
3,13,209,387,-438,181
3,13,209,440,-470,-57
3,13,210,386,-457,203
3,13,213,416,-500,0
3,13,215,357,-333,332
3,13,215,358,-340,325
3,13,216,359,-333,332
3,13,222,390,-484,121
3,13,238,448,-500,0
