76,38,2496,1146,0,340
76,38,2498,1145,-27,364
76,38,2499,1161,10,473
76,38,2500,1138,0,500
76,38,2500,1161,0,473
76,38,2500,1171,0,421
74,39,2429,1191,-236,441
74,39,2436,1202,-478,144
74,39,2436,1204,-361,345
74,39,2478,1264,-446,43
126,47,3964,1562,488,-109
126,47,3967,1565,500,0
126,47,3967,1566,498,-37
126,47,3967,1566,500,0
126,47,3968,1563,470,-167
126,47,3968,1564,478,-144
126,47,3968,1564,492,-85
126,47,3968,1564,500,0
126,47,3969,1565,498,-48
126,47,3970,1565,496,-60
126,47,3970,1565,500,0
126,47,3976,1506,361,345
126,47,3988,1573,0,-500
126,47,4013,1551,-21,-211
126,47,4022,1548,141,75
126,47,4022,1556,-20,16
126,47,4024,1550,209,200
126,47,4055,1450,441,236
126,47,4057,1446,402,296
125,46,3923,1500,500,11
125,46,3923,1507,500,11
125,46,3924,1479,500,0
125,46,3933,1530,408,-287
125,46,3936,1542,321,-307
125,46,3936,1551,321,-307
125,46,3937,1534,349,-316
125,46,3938,1533,340,-325
125,46,3939,1533,340,-325
125,46,3940,1539,340,-325
125,46,3940,1545,340,-325
125,46,3940,1548,340,-325
125,46,3943,1532,351,-351
125,46,3943,1534,351,-351
125,46,3943,1535,351,-351
125,46,3943,1541,351,-351
125,46,3943,1544,351,-351
125,46,3946,1520,353,-353
125,46,3964,1500,369,18
125,46,3976,1552,148,-450
125,46,3988,1558,0,-500
125,46,3994,1520,131,317
125,46,3997,1432,-20,395
125,49,3924,1565,500,0
125,49,3924,1571,392,-38
125,49,3927,1566,335,0
125,49,3928,1566,314,0
125,49,3928,1567,340,-8
125,49,3928,1568,314,0
125,49,3928,1569,314,0
125,49,3928,1572,314,0
125,49,3928,1574,314,0
125,49,3928,1575,314,0
125,49,3928,1578,314,0
125,49,3928,1579,314,0
125,49,3928,1587,314,0
125,49,3928,1598,314,0
125,49,3928,1601,314,0
125,49,3928,1603,314,0
125,49,3928,1607,314,0
125,49,3929,1565,340,0
125,49,3929,1567,340,-17
125,49,3929,1567,340,-8
125,49,3929,1585,340,-8
125,49,3930,1566,340,0
125,49,3930,1567,340,-8
125,49,3931,1565,340,0
125,49,3931,1566,340,-17
125,49,3943,1601,418,0
125,49,3943,1603,418,0
125,49,3944,1632,353,-353
125,49,3957,1607,444,0
125,49,3972,1592,201,-427
125,49,3976,1534,-247,287
125,49,3980,1539,-341,-33
125,49,3988,1510,0,500
125,49,3988,1513,0,500
123,6,3859,221,500,0
123,6,3863,221,366,0
123,6,3864,231,314,0
123,6,3864,235,314,0
123,6,3867,244,340,0
123,6,3868,246,366,-8
123,6,3872,246,392,-9
123,6,3879,231,418,0
123,6,3879,235,418,0
123,6,3884,244,444,0
123,6,3893,273,326,-378
123,6,3894,267,497,11
123,6,3894,274,345,-361
123,6,3894,274,361,-345
123,6,3903,271,253,-400
123,6,3919,276,57,-470
123,6,3924,260,0,-316
123,6,3925,241,27,286
123,6,3926,237,116,173
123,10,3859,323,500,0
123,10,3860,323,444,0
123,10,3862,324,500,0
123,10,3864,318,311,37
123,10,3864,318,312,30
123,10,3864,321,312,23
123,10,3864,321,314,15
123,10,3864,322,314,7
123,10,3864,323,314,0
123,10,3864,324,335,0
123,10,3864,325,340,-8
123,10,3867,313,329,82
123,10,3867,323,340,0
123,10,3889,324,447,0
123,10,3900,371,279,-279
123,10,3915,404,103,-462
123,10,3925,405,469,-46
123,10,3932,399,0,-447
123,10,3940,398,0,-447
123,10,3964,388,291,-304
63,3,1949,157,500,0
63,3,1951,157,500,0
63,3,1951,158,387,-9
63,3,1952,156,366,0
63,3,1952,158,392,-20
63,3,1952,159,391,-29
63,3,1952,165,321,-307
63,3,1952,167,321,-307
63,3,1952,168,321,-307
63,3,1952,170,321,-307
63,3,1952,171,321,-307
63,3,1952,173,321,-307
63,3,1952,175,321,-307
63,3,1953,158,391,-29
63,3,1953,159,391,-29
63,3,1954,156,392,0
63,3,1954,157,392,0
63,3,1954,158,392,0
63,3,1955,156,392,0
63,3,1955,157,392,0
63,3,1956,162,340,-325
63,3,1956,164,340,-325
63,3,1956,165,340,-325
63,3,1956,172,340,-325
63,3,1959,152,351,-351
63,3,1959,158,351,-351
63,3,1959,160,351,-351
63,3,1959,161,351,-351
63,3,1959,163,351,-351
63,3,1959,164,351,-351
63,3,1959,166,351,-351
63,3,1959,168,351,-351
63,3,1964,166,310,-138
63,3,1970,107,351,317
63,3,1975,161,344,-194
63,3,1985,182,189,-181
63,3,1987,195,306,-394
63,3,1992,180,156,-474
63,3,1994,148,-189,180
63,3,2002,164,216,-265
63,3,2002,194,191,-462
63,3,2012,175,0,-447
63,3,2012,197,0,-500
63,3,2021,155,59,-51
3,10,154,384,-219,328
3,10,197,319,-275,83
3,10,202,270,-335,371
3,10,202,277,-497,0
3,10,206,322,-444,10
3,10,210,322,-469,34
3,10,212,323,-444,10
3,10,217,323,-500,0
3,10,217,352,-500,0
3,10,223,323,-471,0
3,10,225,324,-497,-11
3,10,229,323,-340,7
3,10,231,305,-340,17
3,10,231,314,-333,66
3,10,231,320,-339,25
3,10,231,321,-339,25
3,10,232,323,-418,0
3,10,233,324,-444,0
3,10,236,324,-500,0
3,10,237,323,-500,0
3,10,237,323,-497,0
3,10,237,352,-500,0
3,10,238,323,-500,0
67,123,2187,3866,0,500
67,123,2187,3879,-361,345
67,123,2187,3879,-316,386
67,123,2187,3889,0,447
67,123,2188,3881,-11,473
67,123,2188,3882,-468,166
67,123,2201,3891,-179,380
67,123,2225,3950,-236,11
67,123,2231,3936,-209,0
67,123,2235,3940,0,264
67,123,2237,3927,190,-285
67,123,2260,3915,-464,92
67,123,2261,3923,-235,0
67,123,2264,3897,-137,-333
67,123,2266,3913,-500,0
67,123,2267,3892,-387,218
67,123,2268,3903,-333,332
67,123,2269,3903,-340,325
67,123,2269,3907,-392,0
67,123,2270,3903,-441,53
67,123,2270,3903,-340,325
67,123,2270,3908,-392,0
67,123,2271,3905,-391,28
67,123,2271,3907,-500,0
67,123,2271,3907,-392,0
67,123,2271,3908,-500,0
67,123,2272,3906,-391,28
67,123,2272,3908,-366,0
67,123,2273,3905,-366,8
67,123,2273,3907,-500,0
67,123,2274,3898,-490,97
67,123,2274,3908,-500,0
67,123,2274,3908,-444,0
67,123,2279,3912,-500,0
1,77,62,2573,-31,-419
1,77,107,2448,-74,-138
1,77,107,2450,-74,-138
1,77,117,2389,-121,484
1,77,117,2425,-121,484
1,77,120,2416,-121,484
1,77,122,2412,-203,457
1,77,123,2479,-207,366
1,77,124,2428,-361,345
1,77,124,2463,-191,462
1,77,125,2466,-212,423
1,77,125,2475,-230,384
1,77,127,2463,-233,412
1,77,131,2495,-300,-332
1,77,132,2451,-224,447
1,77,132,2456,-224,447
1,77,133,2452,-224,447
1,77,133,2453,-224,447
1,77,133,2479,-309,323
1,77,137,2442,-224,447
1,77,137,2455,-257,429
1,77,139,2446,-345,361
1,77,143,2468,-447,0
1,77,145,2472,-472,-35
1,77,146,2444,-361,345
1,77,149,2439,-345,361
1,77,150,2427,-353,353
1,77,150,2434,-316,386
1,77,150,2438,-335,371
1,77,150,2441,-361,345
1,77,152,2428,-296,402
1,77,153,2429,-351,351
1,77,153,2430,-351,351
1,77,153,2430,-316,386
1,77,153,2434,-334,368
1,77,153,2435,-334,368
1,77,153,2437,-359,343
1,77,154,2431,-326,378
1,77,154,2457,-345,361
1,77,154,2459,-345,361
1,77,155,2431,-326,378
1,77,156,2419,-340,325
1,77,156,2420,-340,325
1,77,156,2422,-340,325
1,77,156,2425,-340,325
1,77,156,2426,-340,325
1,77,156,2426,-316,386
1,77,156,2427,-340,325
1,77,156,2428,-340,325
1,77,156,2430,-316,349
1,77,156,2431,-340,325
1,77,156,2431,-325,340
1,77,156,2431,-316,349
1,77,156,2432,-325,340
1,77,156,2434,-340,325
1,77,157,2419,-340,325
1,77,157,2420,-340,325
1,77,157,2426,-340,325
1,77,157,2427,-340,325
1,77,157,2428,-340,325
1,77,157,2432,-325,340
1,77,157,2434,-340,325
1,77,158,2434,-340,325
1,77,159,2433,-350,316
1,77,159,2433,-340,325
1,77,159,2434,-340,325
1,77,161,2418,-378,326
1,77,161,2424,-378,326
1,77,161,2427,-378,326
1,77,161,2438,-402,296
1,77,164,2438,-408,287
3,120,160,3805,-332,-300
3,120,162,3798,-283,346
3,120,164,3822,-266,-360
3,120,170,3827,-23,-12
3,120,206,3842,-444,10
3,120,207,3841,-342,17
3,120,210,3827,-471,23
3,120,210,3829,-471,23
3,120,210,3831,-471,23
3,120,210,3833,-471,23
3,120,210,3835,-471,23
3,120,210,3837,-471,23
3,120,210,3839,-471,23
3,120,210,3841,-471,23
3,120,210,3842,-469,34
3,120,217,3843,-500,0
3,120,221,3822,-342,327
3,120,223,3875,-500,11
3,120,226,3813,-366,0
3,120,227,3845,-471,-24
3,120,231,3825,-340,17
3,120,231,3826,-340,17
3,120,231,3828,-340,17
3,120,231,3830,-340,17
3,120,231,3832,-340,17
3,120,231,3834,-340,17
3,120,231,3836,-340,17
3,120,231,3838,-340,17
3,120,231,3840,-340,17
3,120,231,3840,-339,25
3,120,231,3841,-339,25
3,120,231,3842,-340,7
3,120,232,3827,-314,0
3,120,232,3845,-444,-22
3,120,233,3844,-444,0
3,120,237,3843,-500,0
2,119,162,3798,-283,346
2,119,178,3827,-473,0
2,119,178,3828,-473,0
2,119,185,3835,-451,-212
2,119,188,3844,-478,144
2,119,192,3843,-500,0
2,119,194,3839,-451,-212
2,118,164,3820,-290,-374
2,118,176,3833,-361,-345
2,118,178,3787,-473,0
2,118,178,3804,-473,0
2,118,181,3775,-316,386
2,118,193,3786,-500,0
3,117,175,3687,-335,371
3,117,181,3684,-109,488
3,117,210,3739,-471,23
3,117,210,3740,-471,23
3,117,210,3741,-473,0
3,117,210,3741,-471,23
3,117,210,3742,-471,-24
3,117,210,3743,-471,23
3,117,210,3745,-471,23
3,117,210,3775,-471,23
3,117,210,3777,-471,23
3,117,213,3742,-444,-10
3,117,214,3741,-500,0
3,117,215,3743,-444,22
3,117,220,3812,-361,-345
3,117,229,3742,-340,-8
3,117,230,3743,-340,-8
3,117,231,3738,-340,17
3,117,231,3739,-340,17
3,117,231,3740,-340,17
3,117,231,3742,-340,17
3,117,231,3743,-340,-8
3,117,231,3744,-340,17
3,117,231,3772,-340,17
3,117,231,3774,-340,17
3,117,231,3776,-340,17
2,116,177,3750,-167,-470
2,116,189,3741,-500,0
2,116,189,3741,-466,-179
2,116,190,3741,-496,-60
73,38,2364,1138,0,500
73,38,2364,1176,0,395
73,38,2382,1158,-351,351
73,38,2462,1184,-394,306
73,38,2475,1191,-478,144
72,39,2309,1201,0,447
72,39,2324,1201,0,447
70,39,2282,1204,-281,381
70,39,2283,1201,22,447
70,39,2306,1207,-283,346
69,38,2264,1158,-144,478
69,38,2285,1227,-298,168
69,38,2286,1236,-55,55
69,38,2293,1178,-142,368
69,38,2320,1156,-277,416
69,38,2324,1194,-462,103
68,37,2260,1204,-107,0
68,37,2274,1142,-283,346
68,37,2286,1190,-447,-23
68,37,2290,1188,-473,0
1,76,95,2396,-323,-309
1,76,99,2405,217,-362
1,76,99,2415,-176,-294
1,76,101,2406,58,-391
1,76,109,2405,-44,-366
1,76,116,2470,-77,-387
1,76,120,2374,-144,478
1,76,127,2442,-16,49
1,76,130,2429,-447,-10
1,76,131,2495,-300,-332
1,76,134,2392,-278,-69
1,76,135,2410,-432,118
1,76,136,2415,-345,361
1,76,141,2404,-497,-11
1,76,150,2407,-498,37
1,76,153,2393,-351,351
1,76,153,2407,-500,0
1,76,153,2408,-500,0
1,76,156,2388,-340,325
1,76,156,2390,-340,325
1,76,156,2392,-340,325
1,76,156,2394,-340,325
1,76,156,2395,-340,325
1,76,156,2397,-340,325
1,76,156,2398,-340,325
1,76,156,2403,-340,325
1,76,156,2407,-340,325
1,76,156,2410,-340,325
1,76,156,2410,-333,332
1,76,156,2412,-340,325
1,76,157,2391,-340,325
1,76,157,2395,-340,325
1,76,157,2398,-340,325
1,76,157,2410,-340,325
1,76,157,2412,-340,325
1,76,158,2399,-441,53
1,76,158,2411,-361,345
1,76,160,2404,-366,0
1,76,161,2394,-378,326
1,76,161,2397,-378,326
1,76,161,2401,-366,8
1,76,162,2394,-490,97
0,75,100,2403,-316,0
0,75,106,2411,-407,111
0,75,110,2381,-442,66
0,75,110,2381,-439,87
0,75,113,2404,-473,0
0,75,114,2403,-473,0
0,75,114,2404,-473,0
0,75,121,2403,-500,0
0,75,122,2403,-500,0
0,75,124,2365,-148,449
0,75,132,2422,-500,-25
1,71,103,2324,195,308
1,71,107,2325,0,0
1,71,113,2329,372,248
1,71,123,2312,-314,0
1,71,137,2300,-418,0
1,71,137,2302,-418,0
1,71,137,2304,-418,0
1,71,137,2313,-418,0
1,71,138,2354,-345,-361
1,71,141,2357,-353,-353
1,71,144,2360,-353,-353
1,71,145,2300,-471,0
1,71,145,2361,-345,-361
1,71,146,2299,-471,23
1,71,146,2300,-471,23
1,71,146,2302,-471,-24
1,71,146,2302,-471,23
1,71,146,2303,-471,23
1,71,146,2304,-471,23
1,71,146,2305,-471,23
1,71,146,2306,-471,23
1,71,146,2307,-471,23
1,71,146,2308,-471,23
1,71,146,2309,-471,23
1,71,146,2311,-471,23
1,71,146,2313,-471,23
1,71,151,2306,-444,22
1,71,155,2312,-417,30
1,71,159,2321,-392,19
1,71,163,2321,-366,18
1,71,165,2302,-340,-8
1,71,166,2300,-340,0
1,71,166,2303,-340,-8
1,71,166,2304,-339,-25
1,71,167,2298,-340,17
1,71,167,2299,-340,17
1,71,167,2300,-340,17
1,71,167,2301,-340,17
1,71,167,2302,-340,17
1,71,167,2303,-340,-17
1,71,167,2303,-340,-8
1,71,167,2303,-340,17
1,71,167,2304,-340,17
1,71,167,2304,-339,-25
1,71,167,2305,-340,17
1,71,167,2306,-340,17
1,71,167,2307,-340,17
1,71,167,2308,-340,17
1,71,167,2310,-340,17
1,71,167,2311,-340,17
1,71,167,2312,-340,17
1,71,168,2301,-314,0
1,71,168,2308,-314,0
1,71,169,2288,-478,144
1,71,169,2302,-314,0
1,71,173,2310,-466,-81
70,125,2230,3930,103,378
70,125,2240,3927,0,500
70,125,2273,3940,0,500
70,125,2283,3942,-351,351
70,125,2284,3942,-351,351
70,125,2289,3942,-351,351
70,125,2289,3966,-217,226
70,125,2291,3935,-314,314
70,125,2294,3952,-353,353
70,125,2295,3942,-351,351
70,125,2300,3945,0,473
70,125,2301,3942,-351,351
70,125,2304,3930,0,340
70,125,2304,3930,0,361
70,125,2304,3931,0,340
70,125,2305,3927,0,314
70,125,2305,3930,-17,340
70,125,2305,3972,-45,150
70,125,2306,3927,0,314
70,125,2306,3930,-25,338
70,125,2306,3942,-351,351
70,125,2306,3960,-408,287
70,125,2306,3969,-88,246
70,125,2307,3927,0,314
70,125,2307,3930,-41,337
70,125,2307,3930,-33,338
70,125,2307,3942,-351,351
70,125,2307,3979,-433,108
70,125,2308,3930,-50,335
70,125,2308,3978,-494,74
70,125,2310,3942,-351,351
70,125,2311,3957,-141,366
70,125,2313,3983,-416,277
70,125,2313,3984,-416,277
70,125,2318,3939,30,416
70,125,2324,3965,-451,212
70,125,2326,3942,-351,351
70,125,2328,3942,-351,351
70,125,2330,3942,-351,351
70,125,2331,3942,-351,351
70,125,2332,3942,-351,351
70,125,2339,3938,-350,316
70,125,2340,3937,-350,316
70,125,2340,3938,-350,316
70,125,2384,3988,-500,0
68,125,2219,3952,-23,447
68,125,2220,3974,-16,20
68,125,2222,3963,-76,303
68,125,2225,3958,-61,307
68,125,2228,3958,-132,400
68,125,2230,3936,-246,435
68,125,2233,3926,-156,474
68,125,2234,3968,-235,245
68,125,2235,3937,-287,408
68,125,2256,3940,-277,416
68,125,2259,3971,-361,345
68,125,2261,3944,-345,361
68,125,2262,3942,-335,371
68,125,2263,3945,-361,345
68,125,2264,3968,-361,345
68,125,2265,3968,-345,361
68,125,2266,3963,-345,361
68,125,2275,3978,-433,108
68,125,2279,3953,-361,345
68,125,2279,3954,-361,345
68,125,2280,3972,-466,179
68,125,2313,3969,-462,191
125,53,3923,1732,500,0
125,53,3924,1724,500,0
125,53,3939,1655,332,332
125,53,3939,1659,332,332
125,53,3939,1660,332,332
125,53,3939,1662,332,332
125,53,3939,1665,332,332
125,53,3939,1667,332,332
125,53,3939,1669,332,332
125,53,3939,1669,340,325
125,53,3939,1670,340,325
125,53,3939,1671,332,332
125,53,3939,1672,332,332
125,53,3939,1673,332,332
125,53,3939,1674,332,332
125,53,3939,1677,332,332
125,53,3939,1698,332,332
125,53,3940,1669,418,-21
125,53,3943,1658,358,343
125,53,3943,1668,440,0
125,53,3943,1668,446,0
125,53,3943,1732,500,-11
125,53,3944,1668,440,0
125,53,3947,1668,466,0
125,53,3948,1668,466,0
125,53,3949,1668,466,0
125,53,3950,1668,471,-11
125,53,3952,1668,492,0
125,53,3954,1668,492,0
125,53,3957,1702,327,342
125,53,3963,1704,291,339
125,53,3963,1709,291,339
125,53,3970,1667,482,132
125,53,3982,1700,-183,-4
125,53,3988,1618,0,500
125,53,3988,1619,0,500
52,1,1660,124,0,-500
52,1,1660,139,0,-500
52,1,1718,124,-361,-345
52,1,1720,128,-361,-345
52,1,1723,111,10,-447
52,1,1723,111,22,-447
52,1,1723,112,10,-447
52,1,1724,111,0,-447
52,1,1724,116,0,-473
52,1,1726,137,0,-500
52,1,1737,106,0,-369
52,1,1739,114,0,-473
52,1,1740,72,149,-250
52,1,1740,73,122,-205
52,1,1740,74,5,-25
52,1,1740,77,-103,154
52,1,1740,139,0,-500
52,1,1741,71,176,-117
52,1,1742,76,-141,-173
52,1,1742,78,71,-362
52,1,1743,70,271,-163
52,1,1746,70,342,-17
52,1,1748,70,289,183
52,1,1748,71,0,0
52,1,1748,72,421,9
52,1,1748,86,387,76
52,1,1749,123,-361,-345
52,1,1752,123,-344,-359
52,1,1753,122,-359,-344
52,1,1753,124,-344,-359
52,1,1753,132,-306,-394
52,1,1754,122,-369,-334
52,1,1754,122,-359,-344
52,1,1754,123,-359,-344
52,1,1755,127,-325,-340
52,1,1755,128,-316,-386
52,1,1756,123,-344,-359
52,1,1756,130,-324,-376
52,1,1758,120,0,-500
52,1,1758,126,-340,-325
52,1,1758,131,-316,-386
52,1,1759,127,-325,-340
52,1,1760,127,-325,-340
52,1,1762,128,-353,-353
52,1,1764,75,-316,0
52,1,1764,123,-344,-359
52,1,1766,122,-351,-351
52,1,1767,123,-344,-359
52,1,1767,127,-325,-340
52,1,1770,127,-325,-340
52,1,1773,119,-345,-361
52,1,1773,120,-345,-361
52,1,1776,123,-344,-359
52,1,1781,75,-354,0
52,1,1786,75,-500,0
52,1,1789,94,-361,-345
54,0,1727,91,191,-462
54,0,1730,92,378,-326
54,0,1735,91,121,-484
54,0,1735,92,121,-484
54,0,1741,45,-96,92
54,0,1741,98,167,-470
54,0,1746,79,43,-446
54,0,1747,78,22,-447
54,0,1747,79,33,-446
54,0,1748,82,-470,-167
54,0,1752,77,-478,-144
54,0,1758,79,-478,-144
54,0,1759,75,-485,0
54,0,1760,94,-277,-416
54,0,1761,75,-500,0
54,0,1762,75,-500,0
54,0,1765,93,-353,-353
54,0,1766,80,-482,-132
54,0,1770,81,-482,-132
78,125,2416,3981,494,74
78,125,2417,3987,500,0
78,125,2418,3982,494,74
78,125,2421,3983,492,85
78,125,2422,3984,494,74
78,125,2423,3983,492,85
78,125,2430,3988,478,144
78,125,2449,3938,340,325
78,125,2451,3938,332,332
78,125,2456,3938,332,332
78,125,2462,3938,332,332
78,125,2464,3936,334,334
78,125,2464,3958,371,335
78,125,2465,3938,332,332
78,125,2465,3938,349,316
78,125,2466,3938,332,332
78,125,2466,3941,358,343
78,125,2467,3935,316,349
78,125,2467,3935,325,340
78,125,2467,3936,325,340
78,125,2467,3937,325,340
78,125,2467,3938,332,332
78,125,2468,3936,325,340
78,125,2469,3932,296,402
78,125,2470,3939,358,343
78,125,2471,3932,296,402
78,125,2475,3936,335,371
78,125,2475,3988,-23,12
78,125,2477,3988,0,0
78,125,2479,3981,467,70
78,125,2494,3936,353,353
78,125,2494,3938,353,353
78,125,2495,3937,353,353
78,125,2495,3938,345,361
78,125,2495,3938,353,353
78,125,2495,3940,361,345
78,125,2495,3969,189,180
78,125,2496,3938,345,361
78,125,2496,3939,353,353
78,125,2498,3977,458,114
78,125,2524,3949,0,473
78,125,2527,3925,60,496
78,125,2532,3925,0,471
78,125,2532,3927,0,500
78,125,2548,3943,0,500
78,125,2588,3933,0,500
78,125,2597,4007,212,156
78,125,2620,3973,-496,-60
76,125,2380,3975,223,417
76,125,2381,3988,473,0
76,125,2390,3996,353,274
76,125,2391,3986,308,358
76,125,2392,3944,159,415
76,125,2394,3979,277,416
76,125,2396,3984,262,394
76,125,2397,3984,262,394
76,125,2398,3940,30,416
76,125,2399,3994,258,332
76,125,2399,3994,274,319
76,125,2400,3942,0,418
76,125,2400,3942,0,440
76,125,2400,3955,0,459
76,125,2404,3988,200,400
76,125,2406,4018,-297,-219
76,125,2407,4020,19,16
76,125,2414,3994,-372,248
76,125,2418,3952,353,353
76,125,2418,4020,-92,49
76,125,2420,3927,0,314
76,125,2436,3926,0,367
76,125,2468,3973,75,72
76,125,2503,3958,-402,296
75,126,2385,3995,386,271
75,126,2390,3996,353,274
75,126,2391,3986,308,358
75,126,2391,4010,250,75
75,126,2394,3985,290,373
75,126,2396,3990,274,353
75,126,2399,3994,274,319
75,126,2400,3981,0,473
75,126,2409,3998,174,325
75,126,2416,4012,141,223
75,126,2420,4017,113,-68
75,126,2424,3966,-87,435
75,126,2425,3985,-451,212
75,126,2436,3971,0,500
1,70,106,2227,-48,-21
1,70,112,2295,-83,-332
1,70,112,2315,-361,-345
1,70,113,2293,-60,-496
1,70,113,2299,-98,-356
1,70,114,2279,-74,-494
1,70,114,2282,-74,-494
1,70,115,2279,-46,-310
1,70,116,2273,-109,-488
1,70,117,2279,-97,-490
1,70,117,2290,-97,-490
1,70,117,2315,-114,-459
1,70,118,2283,-121,-484
1,70,118,2284,-121,-484
1,70,119,2280,-121,-484
1,70,119,2320,-132,-482
1,70,122,2261,-190,-404
1,70,122,2329,-132,-482
1,70,123,2266,-192,-433
1,70,124,2260,-230,-384
1,70,124,2264,-201,-427
1,70,125,2264,-212,-424
1,70,126,2270,-212,-451
1,70,127,2266,-236,-441
1,70,127,2267,-236,-441
1,70,127,2270,-224,-447
1,70,128,2270,-236,-441
1,70,130,2301,-498,-37
1,70,131,2300,-498,37
1,70,131,2303,-498,37
1,70,132,2274,-246,-435
1,70,132,2282,-224,-447
1,70,133,2300,-500,0
1,70,135,2213,-377,189
1,70,135,2304,-492,-85
1,70,136,2300,-500,25
1,70,137,2292,-224,-447
1,70,140,2300,-497,0
1,70,141,2301,-495,36
1,70,142,2297,-361,-345
1,70,145,2302,-471,-11
1,70,146,2299,-471,23
1,70,146,2300,-361,-345
1,70,146,2303,-471,23
1,70,146,2304,-471,23
1,70,146,2304,-361,-345
1,70,146,2305,-471,23
1,70,146,2307,-471,23
1,70,146,2310,-471,23
1,70,146,2311,-471,23
1,70,146,2312,-471,23
1,70,149,2302,-444,-10
1,70,150,2300,-444,0
1,70,150,2303,-361,-345
1,70,150,2306,-361,-345
1,70,150,2308,-361,-345
1,70,153,2283,-359,-344
1,70,154,2302,-418,-21
1,70,154,2302,-418,0
1,70,156,2270,-333,-333
1,70,156,2298,-333,-333
1,70,156,2299,-333,-333
1,70,156,2303,-333,-333
1,70,156,2307,-333,-333
1,70,156,2313,-333,-333
1,70,157,2286,-340,-325
1,70,157,2288,-340,-325
1,70,157,2289,-340,-325
1,70,157,2290,-340,-325
1,70,157,2292,-340,-325
1,70,157,2294,-340,-325
1,70,157,2295,-340,-325
1,70,157,2296,-340,-325
1,70,157,2298,-340,-325
1,70,157,2299,-340,-325
1,70,157,2300,-340,-325
1,70,157,2302,-340,-325
1,70,157,2303,-340,-325
1,70,157,2304,-340,-325
1,70,157,2305,-340,-325
1,70,157,2306,-340,-325
1,70,157,2307,-340,-325
1,70,157,2308,-340,-325
1,70,157,2309,-340,-325
1,70,157,2310,-340,-325
1,70,157,2311,-340,-325
1,70,157,2312,-340,-325
1,70,157,2313,-340,-325
1,70,157,2314,-340,-325
1,70,157,2315,-340,-325
1,70,158,2241,-498,48
1,70,158,2301,-392,8
1,70,158,2302,-392,-9
1,70,158,2302,-392,0
1,70,159,2300,-392,19
1,70,159,2303,-392,-9
1,70,168,2240,-498,48
4,113,171,3666,-159,137
4,113,171,3690,0,-369
4,113,171,3694,0,-395
4,113,194,3665,-212,234
4,113,210,3685,-345,-361
4,113,214,3689,-335,-371
4,113,215,3696,-345,-361
4,113,215,3700,-353,-353
4,113,221,3696,-345,-361
4,113,227,3703,-353,-353
4,113,232,3580,-346,283
4,113,235,3673,-414,-171
4,113,236,3672,-421,-150
4,113,238,3681,-361,-345
4,113,241,3675,-442,-170
4,113,242,3685,-345,-361
121,121,3796,3876,500,0
121,121,3809,3842,340,325
121,121,3810,3842,340,325
121,121,3811,3827,332,332
121,121,3811,3827,340,325
121,121,3811,3848,353,353
121,121,3812,3875,500,0
121,121,3814,3849,353,353
121,121,3815,3821,358,343
121,121,3823,3849,453,136
121,121,3838,3859,291,304
121,121,3840,3879,316,0
121,121,3848,3823,148,449
121,121,3858,3859,-249,24
121,121,3860,3854,0,-157
121,121,3863,3858,325,-174
121,121,3866,3854,248,-372
121,121,3867,3852,-121,-173
1,73,105,2381,-190,285
1,73,111,2384,-25,338
1,73,130,2430,-335,-371
1,73,137,2344,-418,0
1,73,137,2357,-418,0
1,73,137,2361,-418,0
1,73,137,2364,-418,0
1,73,141,2347,-444,0
1,73,141,2356,-444,0
1,73,146,2343,-471,23
1,73,146,2345,-471,23
1,73,146,2349,-471,23
1,73,146,2351,-471,23
1,73,146,2353,-471,23
1,73,146,2355,-471,23
1,73,146,2359,-471,23
1,73,146,2366,-471,23
1,73,146,2367,-471,23
1,73,146,2368,-471,23
1,73,146,2369,-471,23
1,73,146,2370,-471,23
1,73,146,2371,-471,23
1,73,146,2373,-471,23
1,73,146,2375,-471,23
1,73,146,2376,-471,23
1,73,146,2377,-471,23
1,73,148,2376,-444,0
1,73,151,2351,-444,22
1,73,153,2403,-500,0
1,73,154,2403,-500,0
1,73,167,2321,-340,17
1,73,167,2323,-340,17
1,73,167,2342,-340,17
1,73,167,2343,-340,17
1,73,167,2344,-340,17
1,73,167,2346,-340,17
1,73,167,2347,-340,17
1,73,167,2348,-340,17
1,73,167,2350,-340,17
1,73,167,2352,-340,17
1,73,167,2353,-340,17
1,73,167,2354,-340,17
1,73,167,2355,-340,17
1,73,167,2356,-340,17
1,73,167,2358,-340,17
1,73,167,2360,-340,17
1,73,167,2363,-340,17
1,73,167,2364,-340,17
1,73,167,2365,-340,-8
1,73,167,2365,-340,17
1,73,167,2366,-340,17
1,73,167,2367,-340,17
1,73,167,2368,-340,17
1,73,167,2369,-340,17
1,73,167,2370,-340,17
1,73,167,2372,-340,17
1,73,167,2373,-340,17
1,73,167,2374,-340,17
1,73,167,2375,-340,17
1,73,167,2376,-340,17
1,73,168,2366,-314,0
1,73,168,2374,-314,0
1,73,168,2375,-314,0
1,73,168,2376,-314,0
125,52,3923,1667,500,0
125,52,3926,1667,387,0
125,52,3926,1681,482,-132
125,52,3927,1668,335,0
125,52,3928,1652,314,0
125,52,3928,1653,314,0
125,52,3928,1655,314,0
125,52,3928,1656,314,0
125,52,3928,1660,314,0
125,52,3928,1661,314,0
125,52,3928,1662,311,37
125,52,3928,1662,312,30
125,52,3928,1663,314,0
125,52,3928,1665,314,15
125,52,3928,1667,314,0
125,52,3928,1668,335,0
125,52,3928,1669,340,-8
125,52,3929,1665,340,7
125,52,3931,1643,340,0
125,52,3931,1657,329,82
125,52,3931,1660,334,58
125,52,3932,1645,366,-8
125,52,3933,1645,366,-18
125,52,3954,1610,353,353
125,52,3954,1610,361,345
125,52,3959,1710,306,-394
125,52,3975,1717,277,-416
125,52,3977,1661,-208,15
125,52,3988,1617,0,447
125,52,3988,1649,0,-157
125,52,3990,1645,152,-101
125,52,3995,1643,-25,-5
125,52,4012,1644,16,-19
125,50,3926,1618,418,0
125,50,3928,1588,314,0
125,50,3928,1590,314,0
125,50,3928,1591,314,0
125,50,3928,1593,314,0
125,50,3928,1594,314,0
125,50,3928,1596,314,0
125,50,3928,1618,314,0
125,50,3928,1620,314,0
125,50,3928,1621,314,0
125,50,3928,1624,314,0
125,50,3928,1627,314,0
125,50,3928,1628,314,0
125,50,3928,1629,314,0
125,50,3928,1630,314,0
125,50,3928,1634,314,0
125,50,3928,1638,314,0
125,50,3928,1639,314,0
125,50,3928,1640,314,0
125,50,3928,1643,314,0
125,50,3931,1588,340,0
125,50,3943,1623,418,0
125,50,3943,1638,418,0
125,50,3943,1639,418,0
125,50,3943,1640,418,0
125,50,3943,1643,418,0
125,50,3943,1667,500,0
125,50,3952,1643,471,0
125,50,3975,1705,144,-478
125,50,3979,1663,173,323
125,50,3985,1650,33,338
125,50,3988,1523,0,500
125,50,3988,1553,0,447
125,50,3988,1660,5,-25
125,50,3990,1645,101,152
72,125,2300,3945,0,473
72,125,2310,3924,-85,492
72,125,2315,3927,0,314
72,125,2319,3927,0,314
72,125,2320,3927,0,314
72,125,2320,3966,0,261
72,125,2320,3967,0,261
72,125,2322,3927,0,314
72,125,2325,3927,0,314
72,125,2326,3927,0,314
72,125,2328,3927,0,314
72,125,2330,3927,0,314
72,125,2331,3927,0,314
72,125,2332,3927,0,314
72,125,2334,3927,0,314
72,125,2335,3927,0,314
72,125,2335,3942,0,418
72,125,2336,3927,0,314
72,125,2342,3927,0,314
72,125,2343,3927,0,314
72,125,2344,3927,0,314
72,125,2344,3964,0,287
72,125,2345,3966,0,261
72,125,2355,3930,0,340
72,125,2359,3927,0,314
72,125,2359,3982,-261,0
72,125,2360,3927,0,314
72,125,2361,3928,25,338
72,125,2362,3927,0,314
72,125,2363,3927,0,314
72,125,2364,3927,0,314
72,125,2366,3927,0,314
72,125,2367,3927,0,314
72,125,2368,3927,0,314
72,125,2368,3964,0,287
72,125,2368,3971,0,183
72,125,2370,3927,0,314
72,125,2371,3927,0,314
72,125,2372,3927,0,314
72,125,2373,3927,0,314
72,125,2374,3927,0,314
72,125,2375,3927,0,314
72,125,2376,3927,0,314
72,125,2377,3927,0,314
72,125,2378,3927,0,314
72,125,2379,3927,0,314
72,125,2380,3991,198,371
72,125,2393,3979,-154,-307
73,126,2359,3978,416,277
73,126,2360,3977,441,236
73,126,2360,3985,494,74
73,126,2366,3971,0,500
73,126,2366,3988,500,0
73,126,2378,3966,0,500
73,126,2379,3980,0,473
73,126,2379,3985,0,447
73,126,2384,3981,0,473
73,126,2385,3992,-20,395
73,126,2390,3985,0,447
73,126,2391,3984,-23,447
73,126,2392,3981,0,473
73,126,2393,3981,148,449
73,126,2400,3987,0,421
73,126,2412,3993,-366,299
67,124,2193,3904,402,-296
67,124,2210,3918,429,257
67,124,2217,3923,482,132
67,124,2221,3988,77,70
67,124,2222,3927,353,353
67,124,2227,3939,-85,492
67,124,2228,3939,-85,492
67,124,2228,3954,470,-167
67,124,2230,3925,-121,484
67,124,2232,3914,-277,416
67,124,2233,3915,-277,416
67,124,2235,3910,-441,236
67,124,2235,3922,-156,474
67,124,2237,3935,-316,386
67,124,2239,3933,-326,378
67,124,2240,3908,-500,0
67,124,2240,3988,190,285
67,124,2241,3963,-283,312
67,124,2241,3964,-291,304
67,124,2244,3988,-316,0
67,124,2245,3908,-500,0
67,124,2247,3949,-306,394
67,124,2247,3954,-318,351
67,124,2247,3955,-318,351
67,124,2248,3949,-500,0
67,124,2248,3957,-327,342
67,124,2251,3948,-345,361
67,124,2251,3949,-345,361
67,124,2251,3951,-345,361
67,124,2251,3955,-361,345
67,124,2254,3940,-353,353
67,124,2254,3942,-353,353
67,124,2255,3949,-326,378
67,124,2255,3950,-353,353
67,124,2258,3945,-335,371
67,124,2258,3948,-361,345
67,124,2259,3936,-287,408
67,124,2260,3977,-316,386
67,124,2260,3981,-468,70
67,124,2261,3934,-353,353
67,124,2261,3935,-353,353
67,124,2262,3943,-353,353
67,124,2262,3972,-345,361
67,124,2265,3928,-351,351
67,124,2265,3928,-277,416
67,124,2265,3935,-351,351
67,124,2265,3940,-351,351
67,124,2265,3968,-345,361
67,124,2268,3925,-340,325
67,124,2268,3926,-340,325
67,124,2268,3927,-340,325
67,124,2268,3928,-340,325
67,124,2268,3930,-340,325
67,124,2268,3931,-340,325
67,124,2268,3932,-340,325
67,124,2268,3933,-340,325
67,124,2268,3934,-340,325
67,124,2268,3936,-340,325
67,124,2268,3937,-340,325
67,124,2268,3938,-340,325
67,124,2269,3926,-340,325
67,124,2269,3928,-340,325
67,124,2269,3930,-340,325
67,124,2269,3931,-340,325
67,124,2269,3933,-340,325
67,124,2269,3934,-340,325
67,124,2269,3934,-316,349
67,124,2269,3936,-340,325
67,124,2269,3938,-340,325
67,124,2270,3938,-350,316
67,124,2270,3938,-340,325
67,124,2271,3937,-350,316
67,124,2271,3938,-340,325
67,124,2272,3934,-321,307
67,124,2273,3932,-378,326
67,124,2274,3936,-386,316
67,124,2274,3937,-386,316
67,124,2274,3972,-500,0
67,124,2279,3972,-500,0
67,124,2284,3972,-500,0
122,120,3841,3838,416,277
122,120,3843,3835,378,326
122,120,3845,3834,353,353
122,120,3852,3832,179,466
122,120,3857,3853,442,66
122,120,3860,3836,0,500
122,120,3860,3838,0,500
122,120,3880,3858,258,51
121,119,3795,3811,500,0
121,119,3797,3812,500,0
121,119,3799,3812,335,0
121,119,3800,3796,314,0
121,119,3800,3803,314,0
121,119,3800,3805,314,0
121,119,3800,3806,314,0
121,119,3800,3807,314,0
121,119,3800,3809,312,23
121,119,3800,3811,314,0
121,119,3800,3812,335,0
121,119,3800,3813,340,-8
121,119,3803,3787,340,0
121,119,3803,3812,361,0
121,119,3807,3868,500,0
121,119,3825,3812,447,0
121,119,3826,3754,353,353
121,119,3847,3897,144,-478
121,119,3849,3889,136,-453
122,117,3848,3808,441,-236
122,117,3853,3755,473,0
122,117,3853,3778,473,0
122,117,3853,3782,473,0
122,117,3853,3783,473,0
122,117,3853,3787,473,0
122,117,3862,3787,421,0
122,117,3980,3829,-224,-447
121,116,3797,3709,500,0
121,116,3799,3710,335,0
121,116,3800,3730,314,0
121,116,3800,3740,314,0
121,116,3800,3741,314,0
121,116,3800,3744,314,0
121,116,3800,3745,314,0
121,116,3800,3747,314,0
121,116,3800,3751,314,0
121,116,3800,3754,314,0
121,116,3800,3755,314,0
121,116,3801,3709,340,0
121,116,3802,3710,340,0
121,116,3803,3755,340,0
121,116,3803,3764,340,0
121,116,3809,3783,353,-353
121,116,3810,3782,353,-353
121,116,3812,3780,353,-353
121,116,3815,3744,418,0
121,116,3815,3745,418,0
121,116,3815,3751,418,0
121,116,3815,3755,418,0
121,116,3816,3776,353,-353
121,116,3824,3755,471,0
121,116,3825,3709,447,0
121,116,3850,3692,238,0
121,116,3853,3790,87,-439
122,115,3839,3710,498,-37
122,115,3840,3708,500,0
122,115,3840,3709,500,0
122,115,3842,3709,496,-60
122,115,3842,3709,500,0
122,115,3848,3669,220,389
122,115,3854,3718,167,-470
122,115,3855,3720,144,-478
122,115,3935,3636,500,0
3,114,172,3736,-167,-470
3,114,203,3656,-20,209
3,114,206,3673,-446,33
3,114,210,3676,-473,0
3,114,214,3676,-500,11
3,114,222,3658,-392,8
3,114,237,3675,-500,11
121,114,3804,3627,500,0
121,114,3806,3709,500,0
121,114,3806,3716,494,-74
121,114,3807,3709,500,0
121,114,3808,3711,391,-29
121,114,3808,3712,444,-33
121,114,3808,3723,321,-307
121,114,3808,3727,321,-307
121,114,3809,3710,391,-29
121,114,3809,3710,392,0
121,114,3809,3711,391,-29
121,114,3809,3711,392,-9
121,114,3810,3708,392,0
121,114,3811,3708,392,0
121,114,3811,3709,392,0
121,114,3812,3724,340,-325
121,114,3813,3710,418,0
121,114,3815,3716,351,-351
121,114,3815,3720,351,-351
121,114,3834,3725,500,0
121,114,3840,3592,345,361
121,114,3847,3627,238,0
121,114,3848,3732,156,-474
121,114,3866,3700,-23,11
121,114,3868,3700,-23,11
121,114,3879,3613,-41,181
121,114,3979,3687,0,-500
0,72,78,2324,-88,132
0,72,89,2315,-395,0
0,72,109,2321,-442,-66
0,72,110,2321,-442,-66
0,72,110,2322,-442,-66
0,72,111,2317,-447,-10
0,72,114,2322,-466,-81
0,72,124,2301,-500,0
0,72,124,2339,-361,-345
0,72,124,2339,-306,-394
0,72,124,2339,-224,-447
0,72,124,2339,-148,-450
0,69,107,2244,0,-500
0,69,107,2245,0,-500
0,69,107,2247,0,-500
0,69,108,2229,-175,-53
0,69,109,2244,-121,-484
0,69,109,2245,-121,-484
0,69,123,2242,-482,-132
0,69,125,2238,-394,-306
0,69,125,2239,-361,-345
1,68,99,2226,-174,325
1,68,99,2228,0,0
1,68,99,2228,21,14
1,68,99,2228,47,392
1,68,100,2228,46,23
1,68,101,2224,-116,25
1,68,102,2220,-113,108
1,68,105,2222,-207,46
1,68,107,2221,-220,-91
1,68,107,2255,0,-447
1,68,107,2257,0,-287
1,68,139,2259,-287,-408
1,68,143,2256,-371,-335
1,68,145,2268,-287,-408
1,68,146,2262,-335,-371
1,68,149,2265,-345,-361
1,68,151,2263,-361,-345
1,68,152,2207,-432,118
1,68,154,2258,-416,-277
1,68,157,2236,-500,0
1,68,162,2236,-500,0
125,55,3921,1781,500,11
125,55,3922,1780,500,25
125,55,3933,1732,500,0
125,55,3938,1736,500,-11
125,55,3943,1725,500,-11
125,55,3944,1704,361,345
125,55,3945,1704,361,345
125,55,3945,1705,361,345
125,55,3946,1702,345,361
125,55,3946,1713,416,277
125,55,3946,1726,498,-48
125,55,3946,1763,316,386
125,55,3947,1703,345,361
125,55,3947,1705,353,353
125,55,3947,1725,500,-11
125,55,3949,1701,306,394
125,55,3952,1738,433,108
125,55,3953,1724,500,0
125,55,3961,1765,369,-8
125,55,3965,1732,333,211
125,55,3965,1765,342,-8
125,55,3967,1764,316,-7
125,55,3971,1766,102,-31
125,55,3979,1737,185,0
125,55,3982,1734,159,0
125,55,3983,1739,-175,-158
125,55,3988,1703,0,500
125,55,3988,1738,50,-14
125,55,3988,1747,51,-9
125,55,3990,1740,170,-232
125,55,3995,1739,-23,-12
125,55,3995,1747,110,-111
125,55,3996,1739,-62,-84
126,54,3964,1751,500,0
126,54,3968,1724,500,0
126,54,3968,1727,402,296
126,54,3968,1731,500,0
126,54,3970,1726,441,236
126,54,3970,1728,361,345
126,54,3970,1729,361,345
126,54,3972,1725,482,132
126,54,3975,1728,345,361
126,54,3975,1769,267,-421
126,54,3976,1725,345,361
126,54,3977,1747,473,0
126,54,3987,1728,109,488
126,54,3988,1725,0,500
126,54,3988,1740,413,-62
126,54,4009,1739,-46,-232
126,54,4014,1739,18,-18
126,51,3972,1629,361,345
126,51,3972,1667,500,0
126,51,3977,1668,498,37
126,51,3985,1645,438,87
126,51,3987,1664,121,-484
126,51,4015,1652,0,0
126,51,4081,1572,-74,494
124,9,3908,323,500,0
124,9,3908,324,500,0
124,9,3920,319,156,-474
124,9,3921,301,438,87
124,9,3953,299,-208,-111
2,9,78,397,74,-494
2,9,174,301,-439,87
2,9,188,323,-500,0
2,9,188,324,-500,0
2,9,190,320,-441,-236
2,9,192,323,-500,0
123,8,3864,244,314,0
123,8,3864,246,314,0
123,8,3864,247,314,0
123,8,3864,248,314,0
123,8,3864,249,314,0
123,8,3864,250,314,0
123,8,3864,252,314,0
123,8,3864,254,314,0
123,8,3864,255,314,0
123,8,3864,259,314,0
123,8,3864,268,314,0
123,8,3864,269,314,0
123,8,3865,247,340,-17
123,8,3880,288,353,-353
123,8,3886,259,353,-353
123,8,3909,331,181,-409
123,8,3912,320,181,-321
123,8,3914,346,109,-488
123,8,3915,245,-462,-191
123,8,3923,201,224,447
123,8,3930,235,26,0
3,8,57,243,299,366
3,8,165,306,-31,315
3,8,177,346,-74,-494
3,8,183,362,-113,-375
3,8,186,340,-104,-271
3,8,195,262,-262,394
3,8,209,222,-471,-11
3,8,210,244,-471,23
3,8,210,245,-471,23
3,8,210,246,-471,23
3,8,210,248,-471,23
3,8,210,250,-471,23
3,8,210,252,-471,23
3,8,210,254,-471,23
3,8,210,260,-471,23
3,8,210,262,-471,23
3,8,210,264,-471,23
3,8,210,266,-471,23
3,8,210,268,-471,23
3,8,210,270,-471,23
3,8,210,271,-471,23
3,8,210,273,-471,23
3,8,210,275,-471,23
3,8,210,277,-471,23
3,8,210,279,-471,23
3,8,210,281,-471,23
3,8,210,283,-471,23
3,8,210,287,-471,23
3,8,210,289,-471,23
3,8,210,291,-471,23
3,8,210,293,-471,23
3,8,210,295,-471,23
3,8,210,297,-471,23
3,8,214,320,-444,22
3,8,214,323,-483,0
3,8,216,256,-353,353
3,8,216,323,-500,0
3,8,217,323,-500,0
3,8,218,323,-500,0
3,8,223,249,-353,353
3,8,230,264,-340,17
3,8,231,241,-340,17
3,8,231,242,-340,17
3,8,231,243,-340,17
3,8,231,244,-340,17
3,8,231,245,-340,17
3,8,231,247,-340,17
3,8,231,249,-340,17
3,8,231,251,-340,17
3,8,231,253,-340,17
3,8,231,257,-340,17
3,8,231,259,-340,17
3,8,231,261,-340,17
3,8,231,263,-340,17
3,8,231,265,-340,17
3,8,231,267,-340,17
3,8,231,268,-340,17
3,8,231,269,-340,17
3,8,231,270,-340,17
3,8,231,272,-340,17
3,8,231,274,-340,17
3,8,231,276,-340,17
3,8,231,278,-340,17
3,8,231,280,-340,17
3,8,231,282,-340,17
3,8,231,284,-340,17
3,8,231,286,-340,17
3,8,231,288,-340,17
3,8,231,289,-340,17
3,8,231,290,-340,17
3,8,231,292,-340,17
3,8,231,294,-340,17
3,8,231,296,-340,17
3,8,232,245,-314,0
3,8,232,278,-314,0
3,8,232,286,-314,0
124,7,3908,221,500,0
124,7,3908,259,148,-450
124,7,3922,241,442,-66
124,7,3926,241,416,-62
124,7,3927,235,250,12
124,7,3943,244,19,16
124,7,3953,235,-1,-26
3,7,176,286,-60,-496
3,7,177,297,-85,-492
3,7,178,296,-60,-496
3,7,180,316,-277,-416
3,7,186,253,-179,-466
3,7,193,323,-500,0
3,7,210,219,-471,23
3,7,210,220,-471,23
3,7,210,221,-471,23
3,7,210,222,-471,-24
3,7,210,222,-471,23
3,7,210,223,-471,23
3,7,210,224,-471,23
3,7,210,226,-471,23
3,7,210,234,-471,23
3,7,210,236,-471,23
3,7,210,238,-471,23
3,7,210,240,-471,23
3,7,210,255,-471,23
3,7,210,257,-471,23
3,7,210,259,-471,23
3,7,210,261,-471,23
3,7,210,262,-471,23
3,7,210,263,-471,23
3,7,210,265,-471,23
3,7,213,222,-444,-10
3,7,214,222,-444,-10
3,7,215,221,-444,22
3,7,218,221,-500,0
3,7,220,221,-500,0
3,7,229,222,-340,-8
3,7,230,223,-340,-8
3,7,231,218,-340,17
3,7,231,219,-340,17
3,7,231,220,-340,17
3,7,231,221,-340,17
3,7,231,222,-340,17
3,7,231,223,-340,-8
3,7,231,223,-340,17
3,7,231,225,-340,17
3,7,231,231,-340,17
3,7,231,233,-340,17
3,7,231,235,-340,17
3,7,231,237,-340,17
3,7,231,239,-340,17
3,7,231,252,-340,17
3,7,231,254,-340,17
3,7,231,256,-340,17
3,7,231,258,-340,17
3,7,231,259,-340,17
3,7,231,260,-340,17
3,7,231,261,-340,17
3,7,231,262,-340,17
3,7,231,264,-340,17
3,7,232,254,-314,0
3,7,232,266,-314,0
3,7,233,206,-478,144
3,7,237,221,-500,0
2,6,177,230,-167,-470
2,6,178,231,-167,-470
2,6,189,221,-500,0
2,6,189,221,-466,-179
3,4,166,175,-82,250
3,4,166,178,-33,341
3,4,166,180,30,315
3,4,172,217,-144,-478
3,4,176,178,-6,-264
3,4,206,213,-361,-345
3,4,209,216,-361,-345
3,4,214,196,-361,-345
3,4,217,199,-351,-351
3,4,220,198,-333,-333
3,4,220,203,-333,-333
3,4,221,189,-340,-325
3,4,221,198,-340,-325
3,4,221,203,-340,-325
3,4,222,189,-340,-325
3,4,222,190,-340,-325
3,4,225,178,-500,0
3,4,229,186,-408,-287
3,4,232,176,-500,0
123,4,3869,186,408,-287
123,4,3872,196,321,-307
123,4,3872,199,321,-307
123,4,3872,207,321,-307
123,4,3874,189,340,-325
123,4,3875,189,340,-325
123,4,3876,204,340,-325
123,4,3879,189,351,-351
123,4,3879,192,351,-351
123,4,3879,194,351,-351
123,4,3879,200,351,-351
123,4,3879,209,351,-351
123,4,3882,193,287,-408
123,4,3883,206,361,-345
123,4,3892,133,414,72
123,4,3892,154,419,41
123,4,3893,210,361,-345
123,4,3915,230,132,-482
123,4,3916,218,85,-492
123,4,3917,225,132,-482
123,4,3921,170,-198,-132
123,4,3924,226,0,-500
123,4,3924,226,167,-470
123,4,3924,227,224,-447
123,4,3924,237,0,-500
123,4,3930,180,-23,11
123,4,3930,180,-5,51
123,4,3933,180,227,68
122,3,3850,132,497,0
122,3,3859,150,428,-129
122,3,3867,183,353,-353
122,3,3882,176,353,-353
122,3,3882,185,345,-361
122,3,3882,186,345,-361
122,3,3886,174,87,-439
122,3,3886,189,287,-408
122,3,3887,185,296,-402
122,3,3889,178,345,-361
122,3,3890,182,306,-394
122,3,3891,158,361,-345
122,3,3923,183,74,-494
122,3,3924,142,12,23
122,3,3924,175,0,-447
122,3,3924,182,0,-500
122,3,3924,184,0,-500
4,3,171,147,0,0
4,3,182,176,-148,-450
4,3,192,163,-287,-408
4,3,193,163,-335,-371
4,3,197,171,-287,-408
4,3,200,169,-371,-335
4,3,200,169,-361,-345
4,3,200,171,-335,-371
4,3,240,135,-209,4
4,3,250,132,-500,0
63,2,1939,92,500,11
63,2,1939,99,500,11
63,2,1943,88,498,48
63,2,1943,89,498,48
63,2,1944,90,500,25
63,2,1946,121,421,-267
63,2,1947,93,500,0
63,2,1948,122,408,-287
63,2,1949,122,408,-287
63,2,1949,123,408,-287
63,2,1950,119,416,-277
63,2,1950,123,394,-306
63,2,1952,132,321,-307
63,2,1953,126,349,-316
63,2,1954,125,340,-325
63,2,1954,126,340,-325
63,2,1954,126,349,-316
63,2,1955,125,340,-325
63,2,1955,126,340,-325
63,2,1955,129,325,-340
63,2,1955,129,332,-333
63,2,1958,122,358,-344
63,2,1958,122,368,-334
63,2,1959,124,351,-351
63,2,1959,125,351,-351
63,2,1959,133,351,-351
63,2,1959,136,351,-351
63,2,1962,129,287,-408
63,2,1969,75,447,0
63,2,1980,111,287,-408
63,2,1982,76,82,-332
63,2,1983,111,244,-407
63,2,1984,77,75,20
63,2,1984,100,78,0
63,2,1985,106,239,-377
63,2,1988,141,156,-474
63,2,1989,85,-225,-183
63,2,1990,137,156,-474
63,2,1993,75,287,0
63,2,1993,139,121,-484
63,2,1993,164,63,-253
63,2,1994,93,-328,-99
63,2,1994,144,114,-459
63,2,1994,170,121,-484
63,2,1995,130,114,-459
63,2,1996,93,-326,-174
63,2,1998,92,-260,-130
63,2,2000,97,-175,52
63,2,2001,102,-274,353
63,2,2002,95,-130,86
63,2,2003,99,-72,414
63,2,2003,100,-67,389
63,2,2008,170,-74,-494
63,2,2010,173,-97,-490
55,1,1719,87,-41,-419
55,1,1729,108,244,-407
55,1,1747,116,10,-471
55,1,1750,101,-431,42
55,1,1752,98,-500,0
55,1,1756,111,371,-335
55,1,1760,108,378,-326
55,1,1788,111,0,-447
55,1,1788,122,0,-500
55,1,1788,142,0,-500
55,1,1790,137,25,-500
55,1,1791,134,17,-340
55,1,1792,126,0,-414
55,1,1792,133,0,-340
55,1,1792,134,0,-361
55,1,1792,134,0,-340
55,1,1793,106,0,-418
55,1,1793,126,10,-444
55,1,1794,106,0,-418
55,1,1794,136,-17,-340
55,1,1795,106,0,-418
55,1,1795,136,-17,-340
55,1,1796,106,0,-418
55,1,1796,136,-17,-340
55,1,1797,106,0,-418
55,1,1797,136,-17,-340
55,1,1798,106,0,-418
55,1,1798,136,-17,-340
55,1,1799,106,0,-418
55,1,1799,136,-17,-340
55,1,1799,137,0,-314
55,1,1800,106,0,-418
55,1,1800,136,-17,-340
55,1,1801,106,0,-418
55,1,1801,136,-17,-340
55,1,1802,106,0,-418
55,1,1802,136,-17,-340
55,1,1803,106,0,-418
55,1,1803,136,-17,-340
55,1,1804,106,0,-418
55,1,1804,136,-17,-340
55,1,1805,106,0,-418
55,1,1805,136,-17,-340
55,1,1806,106,0,-418
55,1,1806,136,-17,-340
55,1,1807,106,0,-418
55,1,1807,136,-17,-340
55,1,1808,106,0,-418
55,1,1808,136,-17,-340
55,1,1809,106,0,-418
55,1,1809,123,-344,-359
55,1,1809,136,-17,-340
55,1,1810,106,0,-418
55,1,1810,136,-17,-340
55,1,1811,106,0,-418
55,1,1811,136,-17,-340
55,1,1812,106,0,-418
55,1,1812,127,-325,-340
55,1,1812,136,-17,-340
55,1,1813,106,0,-418
55,1,1813,110,0,-444
55,1,1813,136,-17,-340
55,1,1814,106,0,-418
55,1,1814,110,0,-444
55,1,1814,122,-351,-351
55,1,1814,136,-17,-340
55,1,1815,106,0,-418
55,1,1815,122,-351,-351
55,1,1815,123,-344,-359
55,1,1815,136,-17,-340
55,1,1816,106,0,-418
55,1,1816,123,-344,-359
55,1,1816,136,-17,-340
55,1,1817,106,0,-418
55,1,1817,136,-17,-340
55,1,1818,106,0,-418
55,1,1818,123,-344,-359
55,1,1818,127,-325,-340
55,1,1818,136,-17,-340
55,1,1819,106,0,-418
55,1,1819,127,-325,-340
55,1,1819,136,-17,-340
55,1,1820,106,0,-418
55,1,1820,110,0,-444
55,1,1820,136,-17,-340
55,1,1821,106,0,-418
55,1,1821,127,-325,-340
55,1,1821,136,-17,-340
55,1,1822,106,0,-418
55,1,1822,136,-17,-340
55,1,1823,106,0,-418
55,1,1823,136,-17,-340
55,1,1824,106,0,-418
55,1,1824,136,-17,-340
55,1,1824,137,0,-314
55,1,1825,106,0,-418
55,1,1825,136,-17,-340
55,1,1826,106,0,-418
55,1,1826,110,0,-444
55,1,1826,115,-24,-471
55,1,1826,136,-17,-340
55,1,1827,96,-208,-199
55,1,1827,106,0,-418
55,1,1827,136,-17,-340
55,1,1828,106,0,-418
55,1,1828,115,-24,-471
55,1,1828,136,-17,-340
55,1,1829,106,0,-418
55,1,1829,136,-17,-340
55,1,1830,106,0,-418
55,1,1830,136,-17,-340
55,1,1831,106,0,-418
55,1,1831,136,-17,-340
55,1,1832,106,0,-418
55,1,1832,110,0,-444
55,1,1832,120,-22,-444
55,1,1832,136,-17,-340
55,1,1832,137,0,-314
55,1,1833,106,0,-418
55,1,1833,136,-17,-340
55,1,1834,106,0,-418
55,1,1834,136,-17,-340
55,1,1835,106,0,-418
55,1,1835,110,-22,-444
55,1,1835,110,0,-444
55,1,1835,120,-22,-444
55,1,1835,136,-17,-340
55,1,1836,74,61,-115
55,1,1836,74,74,-138
55,1,1836,80,239,-159
55,1,1836,136,-17,-340
55,1,1837,73,130,-87
55,1,1837,136,-17,-340
55,1,1838,73,152,-101
55,1,1838,132,18,-366
55,1,1839,71,198,-126
55,1,1839,73,182,-17
55,1,1840,75,208,-20
55,1,1841,70,339,-250
55,1,1842,80,312,-30
55,1,1845,73,261,13
55,1,1846,73,261,13
55,1,1848,73,287,6
55,1,1848,73,287,14
55,1,1848,128,-333,-333
55,1,1849,73,287,14
55,1,1856,122,0,-440
55,1,1856,122,0,-418
55,1,1856,123,0,-440
55,1,1857,124,-21,-418
55,1,1858,122,-57,-470
55,1,1864,120,-160,-415
55,1,1865,123,-170,-412
55,1,1866,121,-210,-392
55,1,1867,118,-276,-414
55,1,1874,113,-408,-287
55,1,1878,111,-361,-345
55,1,1881,114,-361,-345
59,1,1824,101,371,-335
59,1,1827,98,371,-335
59,1,1873,132,-18,-366
59,1,1876,137,0,-314
59,1,1877,106,0,-418
59,1,1878,80,-239,-159
59,1,1878,106,0,-418
59,1,1878,136,-17,-340
59,1,1879,106,0,-418
59,1,1879,136,-17,-340
59,1,1880,106,0,-418
59,1,1880,136,-17,-340
59,1,1881,106,0,-418
59,1,1881,136,-17,-340
59,1,1881,137,0,-314
59,1,1882,106,0,-418
59,1,1882,110,0,-444
59,1,1882,136,-17,-340
59,1,1883,106,0,-418
59,1,1883,136,-17,-340
59,1,1883,137,0,-314
59,1,1884,106,0,-418
59,1,1884,110,0,-444
59,1,1884,120,-22,-444
59,1,1884,126,349,-316
59,1,1884,136,-17,-340
59,1,1885,126,349,-316
59,1,1885,136,-17,-340
59,1,1886,106,0,-418
59,1,1886,121,386,-316
59,1,1886,136,-17,-340
59,1,1887,115,-24,-471
59,1,1887,124,355,-340
59,1,1887,127,360,-344
59,1,1887,136,-17,-340
59,1,1888,115,-24,-471
59,1,1888,123,368,-334
59,1,1888,125,355,-340
59,1,1888,136,-17,-340
59,1,1889,106,0,-418
59,1,1889,136,-17,-340
59,1,1890,118,394,-306
59,1,1890,123,353,-353
59,1,1890,127,332,-333
59,1,1890,136,-17,-340
59,1,1891,121,361,-345
59,1,1891,121,371,-335
59,1,1891,127,332,-333
59,1,1891,136,-17,-340
59,1,1892,82,110,266
59,1,1892,119,361,-345
59,1,1892,120,361,-345
59,1,1892,120,371,-335
59,1,1892,127,332,-333
59,1,1893,106,0,-418
59,1,1893,123,343,-359
59,1,1894,106,0,-418
59,1,1894,120,361,-345
59,1,1894,123,343,-359
59,1,1894,136,-17,-340
59,1,1895,106,0,-418
59,1,1895,123,343,-359
59,1,1895,133,209,-331
59,1,1895,136,-17,-340
59,1,1896,136,-17,-340
59,1,1897,136,-17,-340
59,1,1898,127,332,-333
59,1,1899,135,164,-328
59,1,1900,136,-17,-340
59,1,1901,106,0,-418
59,1,1901,123,343,-359
59,1,1902,106,0,-418
59,1,1902,136,-17,-340
59,1,1903,106,0,-418
59,1,1903,136,-17,-340
59,1,1904,102,0,-392
59,1,1904,106,0,-418
59,1,1904,136,-17,-340
59,1,1905,134,131,-342
59,1,1905,136,-17,-340
59,1,1906,106,0,-418
59,1,1906,136,-17,-340
59,1,1907,106,0,-418
59,1,1907,116,244,-433
59,1,1907,136,-17,-340
59,1,1907,137,98,-325
59,1,1908,106,0,-418
59,1,1908,136,-17,-340
59,1,1909,106,0,-418
59,1,1909,136,-17,-340
59,1,1909,136,25,-339
59,1,1910,106,0,-418
59,1,1910,110,0,-444
59,1,1910,125,130,-397
59,1,1910,136,-17,-340
59,1,1910,136,82,-329
59,1,1911,106,0,-418
59,1,1911,136,-17,-340
59,1,1912,106,0,-418
59,1,1912,121,128,-426
59,1,1912,136,-17,-340
59,1,1913,106,0,-418
59,1,1913,136,-17,-340
59,1,1914,106,0,-418
59,1,1914,133,71,-359
59,1,1914,136,-17,-340
59,1,1915,106,0,-418
59,1,1915,116,102,-460
59,1,1915,129,76,-385
59,1,1915,132,54,-362
59,1,1915,132,62,-360
59,1,1915,134,58,-335
59,1,1915,135,50,-336
59,1,1915,136,-17,-340
59,1,1916,106,0,-418
59,1,1916,128,58,-388
59,1,1916,129,67,-386
59,1,1916,132,54,-362
59,1,1916,135,50,-336
59,1,1916,136,-17,-340
59,1,1916,136,41,-337
59,1,1917,105,0,-471
59,1,1917,106,0,-418
59,1,1917,124,50,-415
59,1,1917,132,35,-365
59,1,1917,133,33,-339
59,1,1917,134,33,-339
59,1,1917,136,-17,-340
59,1,1917,136,33,-339
59,1,1917,138,48,-495
59,1,1918,106,0,-418
59,1,1918,128,28,-391
59,1,1918,128,38,-391
59,1,1918,132,26,-365
59,1,1918,136,-17,-340
59,1,1918,136,25,-339
59,1,1919,106,0,-418
59,1,1919,110,22,-444
59,1,1919,110,32,-443
59,1,1919,128,28,-391
59,1,1919,133,25,-339
59,1,1919,136,-17,-340
59,1,1919,136,17,-340
59,1,1920,106,0,-418
59,1,1920,117,0,-444
59,1,1920,126,0,-414
59,1,1920,129,0,-387
59,1,1920,133,0,-361
59,1,1920,133,0,-340
59,1,1920,134,0,-361
59,1,1920,136,-17,-340
59,1,1920,136,0,-340
59,1,1921,106,0,-418
59,1,1921,136,-17,-340
59,1,1922,106,0,-418
59,1,1922,136,-17,-340
59,1,1923,136,-17,-340
59,1,1924,122,0,-500
59,1,1924,142,0,-500
59,1,1968,96,-500,-25
59,1,1985,122,-20,-392
62,1,1928,95,457,-203
62,1,1929,95,457,-203
62,1,1930,75,500,0
62,1,1932,95,340,-171
62,1,1936,91,432,-192
62,1,1937,75,447,0
62,1,1937,90,438,-181
62,1,1937,91,432,-192
62,1,1939,85,431,-119
62,1,1939,88,421,-150
62,1,1942,85,400,-132
62,1,1942,85,403,-121
62,1,1945,83,381,-105
62,1,1946,85,371,-132
62,1,1949,86,431,-119
62,1,1952,75,264,0
62,1,1961,105,345,-361
62,1,1962,105,345,-361
62,1,1962,120,345,-361
62,1,1962,121,345,-361
62,1,1962,121,353,-353
62,1,1962,122,345,-361
62,1,1964,126,296,-402
62,1,1966,125,287,-408
62,1,1969,114,345,-361
62,1,1969,114,353,-353
62,1,1971,117,287,-408
62,1,1973,92,230,-123
62,1,1973,114,296,-402
62,1,1977,109,287,-408
62,1,1989,138,155,-472
62,1,1990,137,156,-474
62,1,1990,139,155,-472
62,1,1991,138,144,-478
62,1,1992,138,132,-482
62,1,2004,84,21,14
62,1,2004,87,0,-316
62,1,2004,95,0,-212
62,1,2004,111,0,-447
56,0,1767,22,143,117
56,0,1768,19,0,-107
56,0,1784,49,35,100
56,0,1816,76,500,-11
56,0,1817,79,490,-97
56,0,1820,46,85,193
56,0,1822,92,316,-386
56,0,1825,94,224,-447
56,0,1835,53,-36,367
56,0,1835,78,0,-447
56,0,1845,73,-141,-396
56,0,1849,82,-170,-442
56,0,1850,78,-192,-433
56,0,1850,85,-417,160
56,0,1851,81,-192,-433
56,0,1852,70,0,-395
56,0,1852,78,0,-447
56,0,1852,93,0,-500
56,0,1853,80,-224,-418
56,0,1858,60,-360,-240
56,0,1868,53,-200,-60
58,0,1834,77,316,-386
58,0,1835,75,224,-447
58,0,1842,70,378,-280
58,0,1846,66,353,-274
58,0,1846,66,360,-266
58,0,1854,66,297,-298
58,0,1855,59,296,-219
58,0,1858,69,241,-344
58,0,1860,71,0,-395
58,0,1860,74,0,-421
58,0,1862,72,189,-377
58,0,1875,74,-244,-130
58,0,1876,53,21,14
58,0,1876,58,199,126
58,0,1876,75,-219,-329
58,0,1876,78,0,-447
58,0,1877,98,0,-500
58,0,1885,95,0,-500
58,0,1888,61,342,17
58,0,1890,95,-306,-394
58,0,1891,61,338,-51
58,0,1897,82,-474,-156
58,0,1897,85,-416,-277
58,0,1939,56,103,-155
58,0,1940,20,-78,0
