62,124,1980,3928,0,395
124,123,3891,3933,500,0
124,123,3891,3940,500,0
124,123,3893,3964,500,0
124,123,3899,3910,416,277
124,123,3902,3910,402,296
124,123,3905,3906,340,325
124,123,3905,3906,349,316
124,123,3906,3906,340,325
124,123,3906,3906,349,316
124,123,3907,3891,332,332
124,123,3907,3892,332,332
124,123,3907,3893,332,332
124,123,3907,3894,332,332
124,123,3907,3895,332,332
124,123,3907,3896,332,332
124,123,3907,3896,340,325
124,123,3907,3897,332,332
124,123,3907,3897,340,325
124,123,3907,3898,332,332
124,123,3907,3899,332,332
124,123,3907,3900,340,325
124,123,3907,3901,332,332
124,123,3907,3902,332,332
124,123,3907,3903,316,349
124,123,3907,3904,325,340
124,123,3907,3904,332,332
124,123,3907,3905,332,332
124,123,3907,3912,353,353
124,123,3907,3914,345,361
124,123,3908,3904,325,340
124,123,3908,3906,332,332
124,123,3910,3909,358,343
124,123,3910,3992,324,376
124,123,3911,3903,358,343
124,123,3924,3933,366,0
124,123,3927,3955,353,-274
124,123,3928,3993,382,-170
124,123,3932,3876,500,0
124,123,3932,3922,291,304
124,123,3934,3922,291,304
124,123,3937,3880,156,474
124,123,3942,3927,128,468
124,123,3944,3887,109,488
124,123,3944,3887,148,449
124,123,3944,3937,143,476
124,123,3946,3940,114,458
124,123,3947,3929,53,308
124,123,3948,3898,-277,416
124,123,3948,3928,53,308
124,123,3953,3926,-159,11
124,123,3954,3920,-152,-101
124,123,3955,3873,121,484
124,123,3956,3859,0,500
124,123,3956,3870,224,447
124,123,3956,3885,0,473
124,123,3956,3907,23,11
124,123,3956,3918,0,-500
124,123,3956,3919,23,-12
124,123,3956,3919,46,-25
124,123,3956,3920,0,0
124,123,3956,3921,167,-251
124,123,3956,3922,0,-78
124,123,3956,3923,167,-251
124,123,3956,3923,447,0
124,123,3974,3874,-227,216
2,123,155,3886,-144,478
2,123,157,3943,-212,423
2,123,159,3941,-224,417
2,123,177,3943,-335,371
2,123,181,3911,-345,361
2,123,182,3913,-361,345
2,123,185,3902,-316,386
2,123,185,3916,-345,361
2,123,186,3929,-345,361
2,123,186,3930,-345,361
2,123,187,3903,-326,378
2,123,188,3891,-340,325
2,123,188,3899,-340,325
2,123,188,3902,-340,325
2,123,188,3903,-325,340
2,123,188,3904,-325,340
2,123,188,3906,-340,325
2,123,188,3913,-345,361
2,123,189,3891,-340,325
2,123,189,3899,-340,325
2,123,189,3906,-340,325
2,123,190,3906,-340,325
2,123,191,3906,-340,325
2,123,193,3890,-378,326
124,122,3893,3946,482,-132
124,122,3903,3875,366,0
124,122,3903,3875,500,0
124,122,3903,3876,387,0
124,122,3903,3876,407,0
124,122,3904,3876,387,0
124,122,3905,3875,500,25
124,122,3906,3867,380,94
124,122,3906,3874,392,0
124,122,3907,3875,332,332
124,122,3907,3877,332,332
124,122,3907,3879,332,332
124,122,3907,3894,332,332
124,122,3911,3873,358,343
124,122,3912,3887,500,0
124,122,3915,3876,353,353
124,122,3923,3885,412,82
124,122,3934,3876,-306,394
124,122,3937,3895,253,264
124,122,3944,3851,136,453
124,122,3946,3880,212,0
124,122,3947,3860,121,403
124,122,3947,3881,185,0
124,122,3948,3879,185,0
124,122,3967,3862,265,360
124,122,3968,3890,-116,-174
124,122,3969,3865,241,343
124,122,3972,3858,327,342
124,122,3972,3868,234,317
124,122,3977,3866,84,191
124,122,3979,3891,-105,-116
124,122,3988,3860,-354,0
124,122,3988,3884,209,20
124,122,3988,3885,13,-22
124,122,3988,3886,119,-3
124,122,3988,3889,185,-14
124,122,3988,3890,66,-81
124,122,3988,3891,87,61
2,122,107,3887,0,0
2,122,127,3884,0,130
2,122,132,3883,-26,-3
2,122,133,3883,26,-1
2,122,136,3891,121,-99
2,122,137,3883,26,-1
2,122,152,3846,-144,478
2,122,157,3935,-224,-418
2,122,173,3882,-432,118
2,122,180,3883,-464,92
2,122,184,3878,-500,0
2,122,185,3879,-500,0
2,122,187,3868,-490,97
2,122,188,3876,-340,325
2,122,190,3873,-392,8
2,122,191,3873,-392,8
2,122,191,3873,-392,19
2,122,193,3873,-366,8
2,122,193,3874,-366,0
2,122,194,3866,-490,97
2,122,194,3868,-492,85
125,121,3940,3837,361,345
125,121,3945,3876,473,0
125,121,3948,3831,408,287
125,121,3949,3875,473,0
125,121,3949,3876,473,0
125,121,3949,3877,473,0
125,121,3952,3834,394,262
125,121,3952,3835,399,253
125,121,3953,3911,378,-326
125,121,3955,3903,37,-498
125,121,3955,3907,37,-498
125,121,3955,3907,179,-466
125,121,3956,3898,0,-380
125,121,3956,3899,0,-433
125,121,3956,3900,0,-433
125,121,3956,3905,0,-433
125,121,3956,3906,0,-407
125,121,3956,3911,0,-407
125,121,3958,3833,339,291
125,121,3958,3888,203,-305
125,121,3959,3834,339,291
125,121,3961,3831,309,323
125,121,3962,3838,325,266
125,121,3963,3841,339,250
125,121,3966,3842,311,242
125,121,3970,3891,170,65
125,121,3972,3847,93,244
125,121,3972,3877,-23,-312
125,121,3976,3892,14,21
125,121,3984,3831,-185,-18
125,121,3984,3855,-208,-20
125,121,3984,3892,83,62
125,121,3985,3855,-177,-44
125,121,3988,3857,-74,-138
1,121,157,3874,-494,74
1,121,157,3875,-494,74
1,121,158,3875,-496,60
1,121,160,3875,-500,0
1,121,160,3877,-484,121
1,121,160,3878,-500,0
1,121,161,3877,-484,121
1,121,161,3879,-492,85
1,121,162,3877,-488,109
1,121,163,3878,-490,97
2,120,107,3794,0,183
2,120,126,3818,-54,-312
2,120,127,3821,90,-276
2,120,128,3805,-332,-300
2,120,132,3822,-266,-360
2,120,135,3810,281,-381
2,120,143,3831,-159,-239
2,120,146,3793,-87,438
2,120,169,3829,-418,0
2,120,169,3842,-418,0
2,120,169,3845,-418,0
2,120,169,3860,-418,0
2,120,169,3867,-418,0
2,120,169,3873,-418,0
2,120,178,3827,-471,23
2,120,178,3828,-471,23
2,120,178,3829,-471,23
2,120,178,3830,-471,23
2,120,178,3831,-471,23
2,120,178,3837,-471,23
2,120,178,3839,-471,23
2,120,178,3841,-471,23
2,120,178,3843,-471,23
2,120,178,3844,-471,23
2,120,178,3845,-471,23
2,120,178,3847,-471,23
2,120,178,3849,-471,23
2,120,178,3851,-471,23
2,120,178,3852,-471,23
2,120,178,3853,-471,23
2,120,178,3855,-471,23
2,120,178,3857,-471,23
2,120,178,3862,-471,23
2,120,178,3871,-471,23
2,120,178,3873,-471,23
2,120,183,3835,-444,22
2,120,183,3851,-444,22
2,120,183,3858,-444,22
2,120,188,3875,-500,0
2,120,188,3876,-500,-25
2,120,190,3809,-325,340
2,120,190,3877,-495,-37
2,120,191,3828,-392,19
2,120,198,3872,-340,17
2,120,199,3825,-340,17
2,120,199,3826,-340,17
2,120,199,3827,-340,17
2,120,199,3828,-340,17
2,120,199,3829,-340,17
2,120,199,3830,-340,17
2,120,199,3834,-340,17
2,120,199,3836,-340,17
2,120,199,3838,-340,17
2,120,199,3840,-340,17
2,120,199,3841,-340,17
2,120,199,3842,-340,17
2,120,199,3843,-340,17
2,120,199,3844,-340,17
2,120,199,3846,-340,17
2,120,199,3848,-340,17
2,120,199,3849,-340,17
2,120,199,3850,-340,17
2,120,199,3851,-340,17
2,120,199,3852,-340,17
2,120,199,3854,-340,17
2,120,199,3856,-340,17
2,120,199,3857,-340,17
2,120,199,3859,-340,17
2,120,199,3861,-340,17
2,120,199,3866,-340,17
2,120,199,3868,-340,17
2,120,199,3870,-340,17
2,120,199,3871,-340,17
2,120,199,3872,-340,17
2,120,200,3827,-314,0
2,120,200,3846,-314,0
2,120,200,3870,-314,0
2,120,200,3878,-443,-33
2,120,203,3875,-500,0
2,120,205,3875,-500,0
1,119,107,3788,-87,-164
1,119,130,3798,-274,353
1,119,139,3847,0,-500
1,119,143,3806,-446,43
1,119,146,3798,-473,0
1,119,146,3802,-473,0
1,119,146,3804,-473,0
1,119,146,3808,-473,0
1,119,146,3809,-473,0
1,119,146,3809,-473,10
1,119,146,3810,-473,0
1,119,146,3811,-473,0
1,119,146,3828,-473,0
125,119,3936,3875,500,0
125,119,3945,3875,500,-25
125,119,3945,3875,500,0
125,119,3949,3819,473,0
125,119,3949,3820,473,0
125,119,3949,3836,473,0
125,119,3949,3837,473,0
125,119,3949,3838,473,0
125,119,3949,3851,473,0
125,119,3949,3855,471,-35
125,119,3949,3874,457,-203
125,119,3949,3875,470,-167
125,119,3949,3876,488,-109
125,119,3956,3861,88,-397
125,119,3958,3819,421,0
125,119,3958,3888,204,-382
125,119,3961,3869,355,-225
125,119,3961,3884,308,-359
125,119,3962,3884,299,-366
125,119,3963,3884,290,-374
125,119,3967,3877,282,-328
125,119,3982,3819,-5,-104
125,119,3982,3885,31,-259
125,119,3983,3819,0,0
125,119,3985,3875,500,0
125,119,3987,3875,500,0
125,119,3990,3852,233,124
125,119,3991,3854,160,241
1,118,107,3825,0,78
1,118,111,3810,-161,241
1,118,124,3819,-248,-372
1,118,141,3809,-447,10
1,118,142,3794,-439,-87
1,118,142,3796,-437,-98
1,118,142,3807,-446,33
1,118,146,3787,-473,0
1,118,146,3788,-473,0
1,118,146,3790,-473,-24
1,118,146,3791,-472,-35
1,118,146,3805,-473,0
1,118,146,3807,-473,0
1,118,155,3773,-482,132
1,118,156,3772,-500,0
1,118,156,3772,-478,-144
1,118,156,3773,-500,0
1,118,156,3828,-500,0
1,118,161,3786,-500,0
124,118,3891,3773,500,0
124,118,3892,3773,500,0
124,118,3892,3779,392,-38
124,118,3893,3773,500,0
124,118,3894,3773,361,0
124,118,3895,3774,335,0
124,118,3896,3774,314,0
124,118,3896,3775,314,0
124,118,3896,3775,340,-8
124,118,3896,3776,314,0
124,118,3896,3778,314,0
124,118,3896,3780,314,0
124,118,3896,3784,314,0
124,118,3896,3787,314,0
124,118,3896,3788,314,0
124,118,3896,3789,314,0
124,118,3896,3790,314,0
124,118,3896,3791,314,0
124,118,3896,3792,314,0
124,118,3896,3794,314,0
124,118,3896,3795,314,0
124,118,3896,3797,314,0
124,118,3896,3798,314,0
124,118,3896,3799,314,0
124,118,3896,3801,314,0
124,118,3896,3802,314,0
124,118,3896,3804,314,0
124,118,3896,3805,314,0
124,118,3896,3806,314,0
124,118,3896,3807,314,0
124,118,3896,3809,314,0
124,118,3896,3810,314,0
124,118,3896,3811,314,0
124,118,3896,3812,314,0
124,118,3896,3813,314,0
124,118,3896,3814,314,0
124,118,3896,3815,314,0
124,118,3896,3816,314,0
124,118,3896,3817,314,0
124,118,3896,3818,314,0
124,118,3896,3819,314,0
124,118,3897,3774,340,-8
124,118,3897,3774,340,0
124,118,3897,3775,340,-17
124,118,3897,3775,340,-8
124,118,3898,3775,340,-8
124,118,3899,3773,340,0
124,118,3899,3773,418,0
124,118,3899,3774,340,-17
124,118,3899,3797,340,0
124,118,3899,3802,340,0
124,118,3900,3773,500,0
124,118,3905,3847,353,-353
124,118,3907,3818,392,0
124,118,3908,3844,353,-353
124,118,3910,3846,326,-378
124,118,3911,3809,418,0
124,118,3911,3811,418,0
124,118,3911,3812,418,0
124,118,3911,3814,418,0
124,118,3911,3815,418,0
124,118,3911,3816,418,0
124,118,3911,3817,418,0
124,118,3911,3818,418,0
124,118,3911,3819,418,0
124,118,3912,3821,471,-24
124,118,3912,3840,353,-353
124,118,3921,3845,473,23
124,118,3928,3763,224,447
124,118,3933,3716,500,0
124,118,3934,3812,287,0
124,118,3935,3826,350,-106
124,118,3938,3827,290,0
124,118,3939,3758,211,301
124,118,3946,3854,118,-432
124,118,3956,3763,0,-78
124,118,3956,3825,154,273
124,118,3978,3847,186,-349
124,118,3984,3835,46,22
2,117,107,3793,-392,-20
2,117,125,3788,210,112
2,117,169,3776,-418,0
2,117,170,3826,-345,-361
2,117,173,3774,-444,-10
2,117,173,3829,-353,-353
2,117,174,3776,-443,-33
2,117,174,3830,-353,-353
2,117,177,3715,-438,181
2,117,177,3772,-471,0
2,117,177,3833,-345,-361
2,117,178,3771,-471,23
2,117,178,3772,-473,0
2,117,178,3772,-471,23
2,117,178,3774,-471,-24
2,117,178,3775,-471,23
2,117,178,3777,-471,23
2,117,178,3779,-471,23
2,117,178,3781,-471,23
2,117,178,3783,-471,23
2,117,178,3785,-471,23
2,117,179,3772,-466,0
2,117,187,3789,-392,-210
2,117,188,3709,-466,179
2,117,188,3773,-500,-25
2,117,194,3794,-366,8
2,117,195,3755,-500,0
2,117,198,3772,-340,0
2,117,198,3774,-471,-11
2,117,198,3775,-340,-8
2,117,198,3776,-339,-25
2,117,199,3770,-340,17
2,117,199,3771,-340,17
2,117,199,3772,-340,17
2,117,199,3774,-340,-8
2,117,199,3774,-340,17
2,117,199,3775,-340,-17
2,117,199,3775,-340,-8
2,117,199,3775,-340,17
2,117,199,3776,-340,17
2,117,199,3776,-339,-25
2,117,199,3777,-340,17
2,117,199,3778,-340,17
2,117,199,3780,-340,17
2,117,199,3780,-335,-58
2,117,199,3781,-340,17
2,117,199,3782,-340,17
2,117,199,3783,-340,17
2,117,199,3784,-340,17
2,117,200,3773,-314,0
2,117,200,3784,-314,0
2,117,200,3786,-314,0
2,117,201,3772,-335,0
2,117,201,3774,-314,0
124,117,3891,3773,500,0
124,117,3892,3780,469,-57
124,117,3892,3782,494,-74
124,117,3895,3774,335,-8
124,117,3895,3774,335,0
124,117,3896,3772,314,0
124,117,3896,3773,314,0
124,117,3896,3775,340,-8
124,117,3896,3776,314,0
124,117,3896,3777,314,0
124,117,3897,3773,340,0
124,117,3897,3774,340,0
124,117,3897,3775,340,-17
124,117,3897,3775,340,-8
124,117,3898,3772,340,0
124,117,3898,3773,340,0
124,117,3898,3774,340,0
124,117,3898,3775,340,-8
124,117,3899,3772,340,0
124,117,3899,3774,340,-17
124,117,3899,3774,340,-8
124,117,3899,3775,340,-17
124,117,3899,3777,338,-33
124,117,3900,3767,463,80
124,117,3900,3775,366,-18
124,117,3905,3706,378,-326
124,117,3909,3739,345,361
124,117,3910,3705,441,236
124,117,3911,3761,351,-351
124,117,3911,3769,351,-351
124,117,3911,3771,351,-351
124,117,3911,3772,351,-351
124,117,3911,3774,351,-351
124,117,3911,3775,351,-351
124,117,3911,3776,351,-351
124,117,3911,3776,418,0
124,117,3911,3778,351,-351
124,117,3911,3779,351,-351
124,117,3911,3781,351,-351
124,117,3911,3784,351,-351
124,117,3922,3701,186,-252
124,117,3926,3716,354,0
124,117,3926,3750,345,-361
124,117,3926,3826,345,-361
124,117,3939,3739,0,0
124,117,3940,3804,156,-474
124,117,3944,3702,89,217
124,117,3946,3787,114,-459
124,117,3953,3704,33,338
124,117,3956,3721,-117,-167
124,117,3956,3721,215,-59
124,117,3956,3788,236,441
124,117,3956,3794,0,-26
124,117,3956,3853,0,-500
124,117,3956,3855,0,-500
125,116,3931,3716,470,167
125,116,3936,3772,478,-144
125,116,3936,3772,500,0
125,116,3941,3708,371,335
125,116,3942,3707,345,361
125,116,3946,3755,212,-451
125,116,3948,3715,345,361
125,116,3948,3748,224,-447
125,116,3952,3703,277,416
125,116,3952,3742,203,-457
125,116,3955,3712,37,498
125,116,3955,3742,361,-345
125,116,3956,3718,342,327
125,116,3956,3726,419,-31
125,116,3956,3739,401,-189
125,116,3956,3743,0,-500
125,116,3956,3744,0,-500
125,116,3956,3747,0,-500
125,116,3956,3752,0,-500
125,116,3958,3765,403,-121
125,116,3965,3762,350,-115
125,116,3979,3723,-78,0
124,115,3891,3708,500,11
124,115,3895,3704,498,48
124,115,3895,3705,498,48
124,115,3896,3706,500,25
124,115,3901,3738,408,-287
124,115,3904,3748,321,-307
124,115,3904,3751,321,-307
124,115,3904,3752,321,-307
124,115,3904,3754,321,-307
124,115,3904,3755,321,-307
124,115,3904,3759,321,-307
124,115,3906,3741,340,-325
124,115,3907,3672,314,314
124,115,3907,3737,353,-353
124,115,3907,3741,340,-325
124,115,3907,3745,325,-340
124,115,3908,3745,340,-325
124,115,3908,3748,340,-325
124,115,3908,3754,340,-325
124,115,3908,3755,340,-325
124,115,3908,3756,340,-325
124,115,3909,3690,366,18
124,115,3910,3716,340,0
124,115,3911,3741,351,-351
124,115,3911,3744,351,-351
124,115,3911,3745,351,-351
124,115,3911,3747,351,-351
124,115,3911,3748,351,-351
124,115,3911,3750,351,-351
124,115,3911,3751,351,-351
124,115,3911,3752,351,-351
124,115,3911,3761,351,-351
124,115,3914,3728,353,-353
124,115,3914,3745,287,-408
124,115,3915,3758,361,-345
124,115,3919,3716,0,0
124,115,3924,3680,0,500
124,115,3924,3725,31,180
124,115,3929,3696,326,217
124,115,3936,3708,264,13
124,115,3936,3715,78,0
124,115,3944,3746,212,-235
124,115,3944,3760,148,-450
124,115,3946,3756,139,-425
124,115,3947,3782,132,-482
124,115,3949,3777,132,-482
124,115,3951,3721,-372,-248
124,115,3956,3768,0,-500
124,115,3956,3770,0,-500
124,115,3959,3728,328,219
124,115,3960,3732,-135,192
124,115,3961,3725,258,181
124,115,3961,3726,223,259
124,115,3962,3731,-8,369
124,115,3962,3732,-48,392
124,115,3962,3732,-22,13
124,115,3962,3732,-9,77
124,115,3962,3732,0,0
124,115,3997,3618,306,394
2,115,131,3732,306,153
2,115,132,3732,23,10
2,115,135,3732,184,98
2,115,136,3724,-119,102
2,115,138,3732,-101,169
2,115,139,3732,-264,0
2,115,139,3734,-20,209
2,115,139,3746,0,-26
2,115,146,3777,-132,-482
2,115,148,3782,-132,-482
2,115,150,3756,-140,-425
2,115,151,3710,77,-70
2,115,151,3760,-148,-450
2,115,155,3763,-191,-462
2,115,156,3762,-191,-462
2,115,158,3695,353,-97
2,115,171,3671,0,500
2,115,171,3673,0,500
2,115,181,3757,-361,-345
2,115,182,3748,-361,-345
2,115,182,3757,-361,-345
2,115,185,3750,-359,-344
2,115,185,3751,-351,-351
2,115,185,3752,-359,-344
2,115,185,3760,-351,-351
2,115,185,3761,-359,-344
2,115,188,3724,-345,-361
2,115,188,3745,-316,-350
2,115,188,3755,-333,-333
2,115,189,3708,-500,0
2,115,189,3741,-340,-325
2,115,189,3745,-353,-353
2,115,189,3753,-340,-325
2,115,189,3754,-340,-325
2,115,189,3755,-340,-325
2,115,191,3737,-345,-361
2,115,195,3691,-500,0
2,115,203,3709,-500,0
2,115,204,3707,-500,11
2,115,204,3708,-500,11
2,115,205,3712,-498,37
3,114,139,3699,0,0
3,114,139,3727,0,-447
3,114,139,3729,0,-287
3,114,153,3753,-156,-474
3,114,161,3715,-335,-371
3,114,168,3723,-335,-371
3,114,172,3737,-361,-345
3,114,180,3725,-345,-361
3,114,182,3721,-335,-371
3,114,182,3728,-345,-361
3,114,198,3620,-367,207
3,114,208,3703,-482,-132
3,114,210,3684,-473,0
3,114,210,3691,-473,0
3,114,214,3682,-500,11
3,114,218,3683,-500,0
3,114,218,3684,-500,0
3,114,224,3709,-361,-345
123,114,3868,3694,470,-167
123,114,3868,3697,466,-179
123,114,3874,3713,371,-335
123,114,3882,3721,361,-345
123,114,3884,3687,312,-23
123,114,3884,3695,132,-482
123,114,3885,3684,473,0
123,114,3886,3707,500,0
123,114,3891,3684,421,0
123,114,3891,3689,209,0
123,114,3892,3704,421,-150
123,114,3894,3612,353,274
123,114,3894,3617,423,212
123,114,3894,3701,400,-132
123,114,3894,3701,403,-121
123,114,3895,3703,389,-161
123,114,3896,3696,-185,-99
123,114,3897,3693,287,-14
123,114,3897,3698,382,-96
123,114,3897,3699,378,-114
123,114,3897,3699,381,-105
123,114,3898,3701,371,-132
123,114,3899,3735,353,-353
123,114,3899,3736,353,-353
123,114,3900,3698,355,-98
123,114,3901,3617,305,250
123,114,3906,3728,353,-353
123,114,3910,3732,345,-361
123,114,3914,3728,361,-345
123,114,3914,3729,353,-353
123,114,3914,3737,345,-361
123,114,3914,3738,345,-361
123,114,3915,3732,345,-361
123,114,3916,3718,361,-345
123,114,3916,3742,296,-402
123,114,3917,3695,261,39
123,114,3918,3741,287,-408
123,114,3919,3737,296,-402
123,114,3920,3715,399,-253
123,114,3921,3729,345,-361
123,114,3921,3730,345,-361
123,114,3922,3734,306,-394
123,114,3923,3733,287,-408
123,114,3945,3698,321,-182
123,114,3952,3707,113,108
123,114,3956,3695,12,23
123,114,3956,3705,24,-10
123,114,3956,3710,5,-25
123,114,3956,3711,241,160
123,114,3956,3726,0,-447
123,114,3956,3727,0,-447
123,114,3956,3730,0,-473
123,114,3967,3723,45,-228
123,114,4000,3611,-339,291
124,94,3891,3043,500,0
124,94,3891,3046,500,-25
124,94,3895,3041,498,-48
124,94,3896,2996,314,0
124,94,3896,3001,314,0
124,94,3896,3002,314,0
124,94,3896,3005,314,0
124,94,3896,3006,314,0
124,94,3896,3007,314,0
124,94,3896,3010,314,0
124,94,3896,3011,314,0
124,94,3896,3013,314,0
124,94,3896,3017,314,0
124,94,3896,3019,314,0
124,94,3896,3020,314,0
124,94,3896,3021,314,0
124,94,3896,3024,314,0
124,94,3896,3025,314,0
124,94,3896,3026,314,0
124,94,3896,3027,314,0
124,94,3896,3028,314,0
124,94,3896,3029,314,0
124,94,3896,3030,314,0
124,94,3896,3033,314,0
124,94,3896,3034,314,0
124,94,3896,3035,314,0
124,94,3896,3037,314,0
124,94,3896,3038,314,0
124,94,3896,3040,314,0
124,94,3896,3041,314,0
124,94,3896,3042,314,0
124,94,3896,3043,314,0
124,94,3896,3045,340,-8
124,94,3897,3038,340,-8
124,94,3897,3039,340,-17
124,94,3897,3048,338,-33
124,94,3899,2987,340,0
124,94,3899,3036,340,0
124,94,3899,3037,340,0
124,94,3900,2987,340,0
124,94,3901,2989,366,-18
124,94,3907,2980,392,0
124,94,3907,3048,474,-156
124,94,3908,2971,345,361
124,94,3911,3041,418,0
124,94,3911,3042,418,0
124,94,3911,3043,418,0
124,94,3911,3043,500,0
124,94,3912,3043,418,0
124,94,3917,3043,473,0
124,94,3917,3044,471,-24
124,94,3919,3090,361,-345
124,94,3921,3043,447,0
124,94,3921,3086,466,-179
124,94,3923,3079,-244,-407
124,94,3924,3070,341,-193
124,94,3925,3071,359,-216
124,94,3927,3077,339,-292
124,94,3927,3089,306,-394
124,94,3928,3043,395,0
124,94,3929,3077,332,-300
124,94,3936,3043,264,0
124,94,3937,3088,315,-233
124,94,3938,3094,203,-457
124,94,3940,3089,192,-433
124,94,3947,3015,-112,-407
124,94,3949,3053,-171,198
124,94,3956,2957,0,473
124,94,3958,2989,152,-101
124,94,3959,2994,325,-174
124,94,3963,2993,400,-201
124,94,3970,2987,18,17
124,94,3988,2967,-86,-162
124,94,4066,3077,-121,-141
1,94,136,3061,-490,-97
1,94,142,3043,-447,0
1,94,146,3019,-473,0
1,94,146,3043,-473,0
1,94,150,3043,-500,0
1,94,156,3005,-148,449
1,94,174,3046,-500,11
125,93,3936,2980,500,0
125,93,3940,3012,361,-345
125,93,3946,3019,212,-451
125,93,3952,3006,203,-457
125,93,3953,2989,438,87
125,93,3953,3007,97,-490
125,93,3955,2972,37,498
125,93,3956,2979,242,179
125,93,3984,2987,-81,-66
125,93,4024,3051,500,0
125,93,4024,3063,350,-233
125,93,4026,3051,471,0
125,93,4026,3051,500,0
125,93,4051,3053,-104,-378
2,93,141,2956,-323,-173
2,93,141,2993,198,371
2,93,145,2955,105,-350
2,93,148,2947,-277,416
2,93,153,2982,-170,442
2,93,154,2987,-201,400
2,93,158,2971,-340,0
2,93,167,2957,-361,-345
2,93,167,2959,-361,-345
2,93,167,2961,-361,-345
2,93,167,2963,-361,-345
2,93,167,2965,-361,-345
2,93,167,2967,-361,-345
2,93,168,2981,0,287
2,93,171,2960,-371,-335
2,93,171,2962,-371,-335
2,93,171,2964,-371,-335
2,93,171,2966,-371,-335
2,93,171,2968,-371,-335
2,93,171,2970,-371,-335
2,93,178,2966,-471,23
2,93,178,2967,-471,23
2,93,178,2968,-471,23
2,93,178,2969,-471,23
2,93,178,2970,-471,23
2,93,178,2972,-471,23
2,93,178,2973,-471,23
2,93,178,2974,-471,23
2,93,178,2975,-471,23
2,93,178,2976,-471,23
2,93,178,2977,-471,23
2,93,178,2978,-471,23
2,93,178,2979,-471,23
2,93,178,2980,-471,23
2,93,178,2981,-471,23
2,93,178,2983,-471,23
2,93,178,2984,-471,23
2,93,178,2985,-471,23
2,93,178,2986,-471,23
2,93,178,2987,-471,23
2,93,178,2988,-471,23
2,93,178,2989,-471,23
2,93,178,2991,-471,23
2,93,178,2993,-471,23
2,93,178,2995,-471,23
2,93,178,2997,-471,23
2,93,178,2999,-471,23
2,93,178,3001,-471,23
2,93,178,3003,-471,23
2,93,180,2941,-500,0
2,93,185,3043,-500,0
2,93,199,2961,-340,17
2,93,199,2963,-340,17
2,93,199,2964,-340,17
2,93,199,2965,-340,17
2,93,199,2966,-340,17
2,93,199,2967,-340,17
2,93,199,2968,-340,17
2,93,199,2969,-340,17
2,93,199,2970,-340,17
2,93,199,2971,-340,17
2,93,199,2972,-340,17
2,93,199,2973,-340,17
2,93,199,2974,-340,17
2,93,199,2975,-340,17
2,93,199,2976,-340,17
2,93,199,2977,-340,17
2,93,199,2978,-340,17
2,93,199,2979,-340,17
2,93,199,2980,-340,17
2,93,199,2981,-340,17
2,93,199,2982,-340,17
2,93,199,2983,-340,17
2,93,199,2984,-340,17
2,93,199,2985,-340,17
2,93,199,2986,-340,17
2,93,199,2987,-340,17
2,93,199,2988,-340,17
2,93,199,2990,-340,17
2,93,199,2992,-340,17
2,93,199,2994,-340,17
2,93,199,2996,-340,17
2,93,199,2998,-340,17
2,93,199,3000,-340,17
2,93,199,3002,-340,17
2,93,199,3004,-340,17
2,93,200,2981,-314,0
2,93,200,2982,-314,0
2,93,200,2989,-314,0
2,93,200,2994,-314,0
124,92,3892,2941,500,0
124,92,3893,2941,500,0
124,92,3895,2942,335,0
124,92,3896,2949,314,0
124,92,3896,2953,314,0
124,92,3896,2954,314,0
124,92,3896,2955,314,0
124,92,3896,2956,314,0
124,92,3896,2957,314,0
124,92,3896,2958,314,0
124,92,3896,2959,314,0
124,92,3896,2960,314,0
124,92,3896,2961,314,0
124,92,3896,2962,314,0
124,92,3896,2963,314,0
124,92,3896,2964,314,0
124,92,3896,2965,314,0
124,92,3896,2966,314,0
124,92,3896,2967,314,0
124,92,3896,2968,314,0
124,92,3896,2970,314,0
124,92,3896,2971,314,0
124,92,3896,2972,314,0
124,92,3896,2973,314,0
124,92,3896,2974,314,0
124,92,3896,2978,314,0
124,92,3896,2979,314,0
124,92,3896,2980,335,0
124,92,3896,2983,314,0
124,92,3896,2987,314,0
124,92,3896,2990,314,0
124,92,3896,2992,314,0
124,92,3897,2942,340,0
124,92,3897,2943,340,-17
124,92,3897,2943,340,-8
124,92,3898,2942,340,0
124,92,3899,2976,338,25
124,92,3899,2980,340,0
124,92,3899,2986,340,0
124,92,3900,2980,340,0
124,92,3905,3015,353,-353
124,92,3907,2980,392,0
124,92,3908,3012,353,-353
124,92,3911,2978,418,0
124,92,3911,2979,418,0
124,92,3911,2980,418,0
124,92,3911,2983,418,0
124,92,3911,2986,418,0
124,92,3911,2987,418,0
124,92,3912,2980,440,0
124,92,3912,3008,353,-353
124,92,3921,2980,440,0
124,92,3923,2963,87,-246
124,92,3925,2980,414,0
124,92,3928,2941,395,0
124,92,3937,2959,184,22
124,92,3937,3024,-287,-408
124,92,3941,3027,179,-466
124,92,3944,3024,148,-450
124,92,3945,3021,150,-421
124,92,3954,3022,33,-446
124,92,3958,2926,152,-101
124,92,3969,2916,341,141
2,92,139,2992,0,0
2,92,152,2959,-287,0
2,92,154,2964,-201,-400
2,92,156,2918,396,141
2,92,158,2945,-340,0
2,92,158,2984,-340,0
2,92,169,2950,-418,0
2,92,172,2984,-171,231
2,92,172,2987,-392,0
2,92,177,2940,-471,10
2,92,178,2939,-471,23
2,92,178,2940,-471,23
2,92,178,2941,-473,0
2,92,178,2942,-471,-24
2,92,178,2942,-471,23
2,92,178,2943,-471,-24
2,92,178,2943,-471,23
2,92,178,2945,-471,23
2,92,178,2950,-471,23
2,92,178,2977,-471,23
2,92,181,2942,-444,-10
2,92,182,2943,-444,-22
2,92,183,2957,-444,22
2,92,184,2940,-418,0
2,92,184,3008,-353,-353
2,92,185,2940,-418,0
2,92,186,3009,-353,-353
2,92,197,2942,-340,-8
2,92,198,2940,-340,0
2,92,198,2943,-340,-8
2,92,198,2944,-340,-8
2,92,198,2946,-340,-8
2,92,199,2938,-340,17
2,92,199,2939,-340,17
2,92,199,2940,-314,0
2,92,199,2941,-340,17
2,92,199,2942,-340,17
2,92,199,2943,-340,-8
2,92,199,2944,-340,17
2,92,199,2949,-340,17
2,92,199,2951,-340,17
2,92,199,2956,-340,17
2,92,199,2957,-340,17
2,92,199,2958,-340,17
2,92,199,2974,-340,17
2,92,199,2976,-340,17
2,92,199,2983,-340,17
2,92,199,2984,-340,17
2,92,200,2940,-314,0
2,92,200,2941,-314,0
2,92,200,2976,-314,0
2,92,200,2986,-314,0
2,92,201,2949,-492,-85
2,92,202,2949,-494,-74
125,91,3935,2941,500,0
125,91,3935,2942,498,-37
125,91,3936,2939,470,-167
125,91,3936,2940,478,-144
125,91,3936,2940,500,0
125,91,3938,2941,496,-60
125,91,3938,2941,500,0
125,91,3940,2941,492,-85
125,91,3950,2950,167,-470
125,91,3956,2946,0,-500
1,91,26,2988,299,-366
1,91,139,2934,0,-157
1,91,139,2948,-109,-488
1,91,141,2949,-48,-498
1,91,145,2950,-167,-470
1,91,147,2955,-179,-466
1,91,157,2940,-500,0
1,91,157,2941,-500,0
1,91,157,2941,-466,-179
1,91,158,2941,-496,-60
1,91,160,2940,-500,0
2,90,133,2925,-250,194
2,90,150,2961,-148,-450
2,90,151,2964,-144,-478
2,90,167,2942,-500,-25
2,90,185,2948,-359,-344
2,90,185,2951,-359,-344
2,90,185,2951,-351,-351
2,90,185,2952,-359,-344
2,90,186,2953,-401,-189
2,90,188,2949,-333,-333
2,90,188,2950,-333,-333
2,90,188,2955,-333,-333
2,90,189,2949,-340,-325
2,90,189,2950,-340,-325
2,90,189,2951,-340,-325
2,90,189,2954,-340,-325
2,90,189,2955,-340,-325
2,90,190,2940,-392,0
2,90,190,2942,-392,0
2,90,191,2940,-392,0
2,90,192,2940,-387,0
2,90,193,2940,-387,0
2,90,194,2947,-494,-74
2,90,194,2948,-492,-85
124,89,3891,2876,500,11
124,89,3896,2873,498,37
124,89,3902,2904,408,-287
124,89,3904,2916,321,-307
124,89,3904,2917,321,-307
124,89,3904,2919,321,-307
124,89,3904,2923,321,-307
124,89,3904,2927,321,-307
124,89,3905,2910,349,-316
124,89,3906,2908,378,-326
124,89,3906,2909,340,-325
124,89,3906,2910,340,-325
124,89,3906,2910,349,-316
124,89,3907,2909,340,-325
124,89,3908,2914,340,-325
124,89,3908,2916,340,-325
124,89,3908,2922,340,-325
124,89,3908,2923,340,-325
124,89,3908,2924,340,-325
124,89,3909,2906,358,-344
124,89,3910,2906,358,-344
124,89,3911,2909,351,-351
124,89,3911,2910,351,-351
124,89,3911,2912,351,-351
124,89,3911,2916,351,-351
124,89,3911,2918,351,-351
124,89,3911,2919,351,-351
124,89,3911,2920,351,-351
124,89,3914,2859,466,-179
124,89,3914,2913,287,-408
124,89,3917,2873,471,35
124,89,3921,2859,447,0
124,89,3932,2912,319,-275
124,89,3939,2930,203,-457
124,89,3944,2928,148,-450
124,89,3946,2924,139,-425
124,89,3947,2950,132,-482
124,89,3949,2945,132,-482
124,89,3954,2908,-316,-7
124,89,3954,2953,37,-498
124,89,3955,2936,167,-470
124,89,3956,2936,0,-500
124,89,3956,2937,0,-500
124,89,3957,2892,10,51
124,89,3958,2892,-201,60
124,89,3963,2903,44,366
124,89,3964,2910,141,396
120,88,3786,2874,371,-335
120,88,3789,2852,473,0
120,88,3789,2892,361,-345
120,88,3790,2892,345,-361
120,88,3790,2892,361,-345
120,88,3794,2859,235,0
120,88,3800,2859,395,0
120,88,3804,2859,52,0
120,88,3805,2875,361,-345
120,88,3824,2916,-18,-366
120,88,3825,2919,17,-340
120,88,3827,2905,21,-418
120,88,3828,2890,0,-418
120,88,3828,2921,0,-314
120,88,3829,2890,0,-418
120,88,3829,2920,-17,-340
120,88,3830,2890,0,-418
120,88,3830,2920,-17,-340
120,88,3831,2890,0,-418
120,88,3831,2920,-17,-340
120,88,3832,2890,0,-418
120,88,3832,2920,-17,-340
120,88,3833,2890,0,-418
120,88,3833,2920,-17,-340
120,88,3834,2890,0,-418
120,88,3834,2909,386,-316
120,88,3834,2920,-17,-340
120,88,3835,2890,0,-418
120,88,3835,2920,-17,-340
120,88,3836,2890,0,-418
120,88,3836,2909,340,-325
120,88,3836,2910,349,-316
120,88,3836,2920,-17,-340
120,88,3837,2890,0,-418
120,88,3837,2910,349,-316
120,88,3837,2920,-17,-340
120,88,3838,2890,0,-418
120,88,3838,2905,386,-316
120,88,3838,2920,-17,-340
120,88,3839,2890,0,-418
120,88,3839,2920,-17,-340
120,88,3840,2890,0,-418
120,88,3840,2907,368,-334
120,88,3840,2911,325,-340
120,88,3840,2913,298,-330
120,88,3840,2920,-17,-340
120,88,3841,2886,0,-392
120,88,3841,2890,0,-418
120,88,3841,2907,368,-334
120,88,3841,2920,-17,-340
120,88,3841,2921,0,-314
120,88,3842,2890,0,-418
120,88,3842,2902,394,-306
120,88,3842,2920,-17,-340
120,88,3843,2873,0,-287
120,88,3843,2906,351,-351
120,88,3843,2920,-17,-340
120,88,3844,2903,361,-345
120,88,3844,2904,371,-335
120,88,3844,2920,-17,-340
120,88,3845,2911,332,-333
120,88,3845,2916,225,-320
120,88,3846,2890,0,-418
120,88,3846,2917,217,-326
120,88,3847,2917,209,-331
120,88,3847,2920,-17,-340
120,88,3848,2906,351,-351
120,88,3848,2907,343,-359
120,88,3848,2913,232,-348
120,88,3848,2914,240,-342
120,88,3849,2911,332,-333
120,88,3850,2890,0,-418
120,88,3850,2902,335,-371
120,88,3850,2910,246,-370
120,88,3850,2911,332,-333
120,88,3850,2921,0,-314
120,88,3851,2873,0,-287
120,88,3851,2920,-17,-340
120,88,3852,2907,343,-359
120,88,3852,2919,164,-328
120,88,3852,2920,-17,-340
120,88,3853,2905,279,-379
120,88,3853,2906,260,-392
120,88,3853,2907,343,-359
120,88,3853,2907,351,-351
120,88,3854,2894,0,-444
120,88,3855,2920,-17,-340
120,88,3857,2918,131,-342
120,88,3857,2920,-17,-340
120,88,3858,2900,256,-427
120,88,3859,2890,192,-433
120,88,3860,2921,98,-325
120,88,3861,2890,0,-418
120,88,3862,2920,-17,-340
120,88,3863,2890,0,-418
120,88,3864,2890,0,-418
120,88,3864,2920,-17,-340
120,88,3864,2920,66,-333
120,88,3865,2890,0,-418
120,88,3865,2920,-17,-340
120,88,3866,2890,0,-418
120,88,3866,2917,71,-359
120,88,3866,2920,-17,-340
120,88,3867,2878,97,-353
120,88,3867,2890,0,-418
120,88,3867,2913,67,-386
120,88,3867,2916,62,-360
120,88,3867,2919,50,-336
120,88,3867,2920,-17,-340
120,88,3868,2890,0,-418
120,88,3868,2913,67,-386
120,88,3868,2920,-17,-340
120,88,3868,2920,41,-337
120,88,3869,2890,0,-418
120,88,3869,2920,-17,-340
120,88,3869,2920,33,-339
120,88,3870,2890,0,-418
120,88,3870,2912,28,-391
120,88,3870,2916,26,-365
120,88,3870,2920,-17,-340
120,88,3871,2860,-15,76
120,88,3871,2890,0,-418
120,88,3871,2890,21,-418
120,88,3871,2917,25,-339
120,88,3871,2920,-17,-340
120,88,3871,2920,17,-340
120,88,3871,2921,0,-314
120,88,3872,2886,0,-392
120,88,3872,2890,0,-418
120,88,3872,2901,0,-466
120,88,3872,2901,0,-444
120,88,3872,2910,0,-414
120,88,3872,2917,0,-361
120,88,3872,2917,0,-340
120,88,3872,2918,0,-361
120,88,3872,2920,-17,-340
120,88,3872,2920,0,-340
120,88,3873,2866,0,-209
120,88,3873,2920,-17,-340
120,88,3874,2920,-17,-340
120,88,3875,2772,-500,0
120,88,3936,2906,0,-500
123,88,3873,2859,500,0
123,88,3881,2859,473,0
123,88,3886,2907,343,-359
123,88,3891,2859,421,0
123,88,3891,2872,421,-150
123,88,3894,2869,400,-132
123,88,3894,2869,403,-121
123,88,3895,2892,317,-351
123,88,3899,2903,353,-353
123,88,3902,2900,353,-353
123,88,3904,2859,264,0
123,88,3906,2896,353,-353
123,88,3913,2889,345,-361
123,88,3914,2905,345,-361
123,88,3914,2906,345,-361
123,88,3915,2889,345,-361
123,88,3915,2900,353,-353
123,88,3915,2904,353,-353
123,88,3917,2901,345,-361
123,88,3918,2909,287,-408
123,88,3919,2905,296,-402
123,88,3921,2898,345,-361
123,88,3922,2902,306,-394
123,88,3923,2901,287,-408
123,88,3924,2860,46,22
123,88,3924,2886,361,-345
123,88,3942,2867,344,-194
123,88,3945,2867,322,-227
123,88,3956,2860,0,0
123,88,3956,2866,85,51
123,88,3958,2891,-225,-68
123,88,3958,2891,-181,-75
6,88,163,2861,-484,-121
6,88,220,2906,0,-500
6,88,220,2926,0,-500
6,88,224,2894,0,-444
6,88,225,2894,-22,-444
6,88,225,2920,-17,-340
6,88,226,2920,-25,-339
6,88,227,2919,-25,-339
6,88,228,2890,0,-418
6,88,228,2919,-41,-337
6,88,229,2890,0,-418
6,88,229,2920,-17,-340
6,88,230,2871,0,-261
6,88,230,2920,-17,-340
6,88,231,2920,-17,-340
6,88,232,2879,-151,-393
6,88,232,2890,0,-418
6,88,233,2890,0,-418
6,88,233,2920,-17,-340
6,88,234,2883,0,-366
6,88,234,2890,0,-418
6,88,234,2920,-17,-340
6,88,235,2890,0,-418
6,88,235,2920,-17,-340
6,88,236,2890,0,-418
6,88,236,2920,-17,-340
6,88,236,2921,0,-314
6,88,237,2890,0,-418
6,88,237,2920,-17,-340
6,88,238,2890,0,-418
6,88,238,2920,-17,-340
6,88,239,2890,0,-418
6,88,239,2920,-17,-340
6,88,240,2920,-17,-340
6,88,241,2905,-252,-397
6,88,243,2907,-344,-359
6,88,245,2907,-344,-359
6,88,246,2911,-325,-340
6,88,248,2907,-344,-359
6,88,248,2911,-325,-340
6,88,249,2907,-344,-359
6,88,249,2916,-210,-331
6,88,250,2907,-344,-359
6,88,251,2911,-325,-340
6,88,252,2911,-325,-340
6,88,253,2909,-333,-333
6,88,253,2910,-325,-340
6,88,253,2910,-316,-350
6,88,253,2911,-325,-340
6,88,255,2907,-369,-334
6,88,256,2913,-299,-330
6,88,258,2881,-372,-248
6,88,261,2921,0,-314
6,88,263,2920,-17,-340
6,88,267,2894,-22,-444
6,88,267,2901,0,-444
6,88,267,2921,0,-314
6,88,269,2920,-17,-340
6,88,269,2921,0,-314
6,88,272,2901,-371,-335
6,88,313,2898,-361,-345
3,88,139,2895,0,-447
3,88,152,2875,-285,-135
3,88,153,2921,-156,-474
3,88,175,2898,-345,-361
3,88,175,2898,-335,-371
3,88,177,2908,-287,-408
3,88,178,2901,-335,-371
3,88,178,2902,-335,-371
3,88,181,2905,-345,-361
3,88,191,2870,-225,-183
3,88,199,2907,-344,-359
3,88,214,2874,-484,-121
3,88,218,2859,-500,0
3,88,224,2877,-361,-345
121,87,3806,2808,236,-441
121,87,3817,2825,176,-351
121,87,3826,2819,85,-492
121,87,3827,2816,179,-466
121,87,3827,2818,60,-496
121,87,3836,2787,364,54
121,87,3893,2871,435,-246
121,87,3893,2871,447,-224
121,87,3895,2867,466,-179
121,87,3895,2868,466,-179
121,87,3896,2869,451,-212
121,87,3896,2874,402,-296
121,87,3902,2846,0,81
121,87,3907,2835,-23,155
121,87,3915,2828,-9,77
121,87,3915,2829,0,104
121,87,3915,2836,-26,0
121,87,3915,2836,98,184
121,87,3915,2836,195,130
121,87,3915,2838,0,-52
121,87,3915,2843,141,280
121,87,3915,2860,240,-310
121,87,3915,2862,0,-447
121,87,3916,2863,-23,-447
121,87,3919,2834,116,-58
121,87,3924,2844,-113,-108
121,87,3924,2859,-224,-447
121,87,3924,2859,-183,0
4,87,175,2842,-105,-381
4,87,175,2858,-62,-416
4,87,176,2863,-76,-441
4,87,177,2850,-119,-432
4,87,180,2859,-287,-408
4,87,190,2864,-451,-212
4,87,198,2874,-402,-296
4,87,200,2867,-466,-179
4,87,200,2868,-466,-179
4,87,250,2797,-494,74
123,69,3874,2184,500,-11
123,69,3877,2186,500,-25
123,69,3881,2208,473,0
123,69,3895,2185,458,114
123,69,3896,2186,433,108
123,69,3897,2186,421,150
123,69,3900,2186,433,108
123,69,3910,2188,185,0
123,69,3915,2153,353,353
123,69,3916,2171,345,361
123,69,3941,2194,-121,-173
123,69,3946,2159,118,431
123,69,3956,2168,0,395
123,69,3956,2190,0,0
3,69,190,2188,-264,0
3,69,204,2183,-421,150
3,69,206,2181,-438,181
3,69,207,2181,-438,181
3,69,210,2178,-457,203
3,69,215,2172,-500,0
124,68,3891,2173,500,0
124,68,3891,2180,500,0
124,68,3902,2152,408,287
124,68,3906,2131,340,325
124,68,3906,2146,340,325
124,68,3907,2131,340,325
124,68,3907,2138,332,332
124,68,3907,2139,332,332
124,68,3907,2143,332,332
124,68,3908,2167,482,-132
124,68,3922,2190,442,66
124,68,3934,2162,291,304
124,68,3941,2193,255,63
124,68,3943,2148,333,211
124,68,3944,2127,148,449
124,68,3947,2105,121,484
124,68,3962,2146,106,-353
2,67,152,2086,-144,478
2,67,173,2173,-290,0
2,67,186,2098,-370,246
2,67,189,2115,-392,0
2,67,190,2111,-441,53
2,67,191,2113,-391,28
2,67,191,2116,-500,0
2,67,192,2115,-418,0
2,67,194,2116,-497,0
2,67,195,2116,-492,85
2,67,203,2144,-500,0
125,66,3935,2115,500,0
125,66,3936,2115,500,0
125,66,3936,2116,500,0
125,66,3937,2116,500,0
125,66,3938,2115,496,60
125,66,3939,2115,494,74
125,66,3939,2115,500,0
125,66,3950,2105,167,470
1,66,130,2102,-274,353
1,66,140,2116,-447,0
1,66,142,2115,-447,0
1,66,146,2116,-473,0
1,66,150,2115,-500,0
1,66,150,2116,-500,0
124,65,3891,2115,500,0
124,65,3893,2115,500,0
124,65,3894,2115,340,0
124,65,3895,2068,314,0
124,65,3895,2116,335,0
124,65,3896,2068,314,0
124,65,3896,2077,314,0
124,65,3896,2078,314,0
124,65,3896,2100,314,0
124,65,3896,2107,314,0
124,65,3896,2110,314,0
124,65,3896,2113,312,23
124,65,3896,2115,314,0
124,65,3896,2117,340,-8
124,65,3897,2115,418,0
124,65,3898,2113,340,7
124,65,3902,2115,500,0
124,65,3904,2042,361,345
124,65,3907,2043,353,353
124,65,3908,2115,500,0
124,65,3911,2114,416,30
124,65,3911,2115,418,0
124,65,3911,2115,500,0
124,65,3917,2115,473,0
124,65,3917,2116,471,-24
124,65,3917,2116,473,0
124,65,3925,2116,414,0
124,65,3944,2032,150,421
124,65,3950,2051,209,200
1,65,121,2091,-395,0
1,65,146,2091,-473,0
1,65,146,2115,-473,0
1,65,150,2115,-500,0
1,65,156,2077,-148,449
125,64,3944,2015,441,236
125,64,3949,2036,473,0
125,64,3949,2037,473,0
125,64,3949,2038,473,0
125,64,3949,2040,473,0
125,64,3949,2042,473,0
125,64,3949,2046,473,0
125,64,3949,2068,473,0
125,64,3956,2047,417,50
125,64,3979,2032,-293,121
125,64,3988,2035,104,23
125,64,3990,2028,-14,-22
2,64,178,2037,-471,23
2,64,178,2039,-471,23
2,64,178,2041,-471,23
2,64,178,2043,-471,23
2,64,178,2045,-471,23
2,64,178,2047,-471,23
2,64,178,2049,-471,23
2,64,178,2051,-471,23
2,64,178,2053,-471,23
2,64,178,2055,-471,23
2,64,178,2057,-471,23
2,64,184,2047,-345,361
2,64,185,2013,-500,0
2,64,185,2115,-500,0
2,64,187,2043,-345,361
2,64,191,2040,-345,361
2,64,198,2050,-340,17
2,64,199,2034,-340,17
2,64,199,2036,-340,17
2,64,199,2038,-340,17
2,64,199,2040,-340,17
2,64,199,2042,-340,17
2,64,199,2044,-340,17
2,64,199,2046,-340,17
2,64,199,2048,-340,17
2,64,199,2050,-340,17
2,64,199,2052,-340,17
2,64,199,2054,-340,17
2,64,199,2056,-340,17
2,64,199,2094,-340,0
2,64,200,2056,-314,0
2,64,200,2059,-314,0
1,63,146,2035,-473,0
1,63,146,2036,-473,0
1,63,156,2051,-361,-345
1,63,156,2051,-148,-450
1,63,163,1993,-500,25
125,62,3932,1992,500,0
125,62,3940,2052,361,-345
125,62,3945,2012,473,0
125,62,3945,2013,473,0
125,62,3949,2013,473,0
125,62,3949,2014,473,0
125,62,3949,2015,473,0
125,62,3949,2016,473,0
124,61,3891,1949,494,74
124,61,3893,1931,500,0
124,61,3893,1992,500,0
124,61,3902,2012,500,0
124,61,3902,2013,500,0
124,61,3902,2014,366,0
124,61,3903,2013,500,0
124,61,3903,2014,387,-9
124,61,3904,2013,444,0
124,61,3904,2015,391,-29
124,61,3905,2014,391,-29
124,61,3905,2014,392,0
124,61,3906,1933,500,0
124,61,3907,2013,392,0
124,61,3908,1992,500,0
124,61,3908,2012,498,-37
124,61,3908,2025,340,-325
124,61,3908,2028,340,-325
124,61,3911,2021,351,-351
124,61,3911,2024,351,-351
124,61,3912,2024,358,-344
124,61,3930,1929,363,150
124,61,3934,1984,133,0
124,61,3944,2013,500,0
124,61,3944,2036,156,-474
124,61,3956,1999,396,-141
124,61,3958,1998,286,127
124,61,3963,2000,153,306
124,61,3970,2008,119,333
124,61,3972,1996,-197,19
124,61,3972,2021,403,121
124,61,3978,1999,90,-276
124,61,3979,2001,19,-263
2,61,139,2040,-60,-496
2,61,150,2032,-137,-453
2,61,179,2011,-466,-179
2,61,185,2021,-359,-344
2,61,185,2024,-359,-344
2,61,188,1998,-333,-333
2,61,188,1999,-340,-325
2,61,189,1998,-340,-325
2,61,189,2024,-340,-325
2,61,189,2027,-340,-325
2,61,193,2013,-500,0
2,61,197,1992,-500,0
120,39,3785,1200,361,345
120,39,3787,1198,378,326
120,39,3788,1223,223,417
120,39,3796,1187,368,333
120,39,3806,1200,211,448
120,39,3811,1182,0,366
120,39,3812,1182,0,366
120,39,3820,1222,97,490
120,39,3821,1181,-89,354
120,39,3823,1179,148,334
120,39,3826,1208,-366,151
120,39,3827,1175,0,314
120,39,3828,1175,0,314
120,39,3834,1175,0,314
120,39,3839,1175,7,314
120,39,3840,1175,0,314
120,39,3840,1178,0,340
120,39,3840,1179,0,340
120,39,3863,1215,335,371
122,39,3827,1221,470,167
122,39,3830,1219,470,167
122,39,3842,1216,236,441
122,39,3855,1294,447,-23
122,39,3869,1225,431,118
122,39,3898,1186,332,332
122,39,3899,1186,332,332
122,39,3900,1186,332,332
122,39,3906,1220,262,-394
122,39,3907,1185,325,340
122,39,3907,1186,332,332
122,39,3909,1176,-60,496
5,39,217,1175,25,338
5,39,219,1179,0,444
5,39,220,1174,0,314
5,39,220,1175,0,314
5,39,220,1177,0,340
5,39,220,1208,0,395
5,39,220,1225,0,264
5,39,223,1175,0,314
5,39,224,1190,-351,351
5,39,225,1175,0,314
5,39,225,1190,-351,351
5,39,226,1190,-351,351
5,39,227,1190,-351,351
5,39,229,1175,0,314
5,39,230,1175,0,314
5,39,230,1190,-351,351
5,39,231,1175,0,314
5,39,233,1175,0,314
5,39,235,1175,0,314
5,39,235,1190,-351,351
5,39,237,1190,-351,351
5,39,237,1227,-28,127
5,39,238,1212,27,286
5,39,238,1216,0,209
5,39,241,1190,-351,351
5,39,242,1190,-351,351
5,39,243,1190,-351,351
5,39,244,1190,-351,351
5,39,269,1227,-437,97
5,39,282,1236,-500,0
3,39,134,1204,-86,183
3,39,139,1208,0,395
3,39,139,1227,-13,259
3,39,142,1229,-425,139
3,39,175,1215,-335,371
3,39,176,1188,-277,416
3,39,181,1191,-345,361
3,39,182,1190,-335,371
3,39,183,1216,-345,361
3,39,184,1216,-345,361
3,39,186,1211,-335,371
3,39,205,1233,-500,11
3,39,210,1292,-473,0
124,38,3905,1168,321,307
124,38,3905,1186,340,325
124,38,3906,1171,340,325
124,38,3906,1186,340,325
124,38,3907,1171,332,332
124,38,3907,1171,340,325
124,38,3907,1182,332,332
124,38,3908,1171,340,325
124,38,3931,1190,445,158
124,38,3933,1177,386,271
124,38,3934,1202,291,304
124,38,3942,1183,332,258
124,38,3942,1184,339,250
124,38,3948,1188,296,219
2,38,126,1194,-54,-312
2,38,127,1203,210,-112
2,38,128,1196,-45,-260
2,38,132,1198,-266,-360
2,38,132,1198,-248,-372
2,38,140,1175,-132,482
2,38,175,1222,-323,309
2,38,179,1219,-361,345
2,38,180,1226,-462,103
2,38,182,1207,-345,361
2,38,185,1175,-351,351
2,38,185,1176,-351,351
2,38,185,1177,-359,343
2,38,185,1177,-351,351
2,38,185,1178,-351,351
2,38,186,1210,-345,361
2,38,188,1171,-333,332
2,38,188,1173,-340,325
2,38,188,1174,-340,325
2,38,188,1175,-340,325
2,38,188,1176,-340,325
2,38,188,1180,-340,325
2,38,188,1186,-340,325
2,38,189,1171,-340,325
2,38,189,1172,-371,335
2,38,189,1173,-340,325
2,38,189,1174,-340,325
2,38,189,1176,-340,325
2,38,189,1186,-340,325
2,38,190,1183,-500,0
2,38,190,1186,-340,325
2,38,192,1171,-378,326
2,38,193,1169,-371,335
125,37,3933,1159,500,0
125,37,3935,1155,500,0
125,37,3936,1154,462,191
125,37,3937,1156,500,0
125,37,3938,1155,496,60
125,37,3939,1155,478,144
125,37,3958,1145,339,291
125,37,3964,1142,274,353
125,37,3965,1141,274,353
125,37,3988,1170,204,56
125,37,3992,1171,153,-42
1,37,103,1171,-170,-75
1,37,104,1169,163,-134
1,37,107,1164,0,209
1,37,111,1166,-309,69
1,37,116,1158,-212,0
1,37,117,1158,-212,0
1,37,121,1161,-264,0
1,37,140,1142,-359,308
1,37,141,1143,-366,299
1,37,158,1155,-496,60
1,37,158,1155,-494,74
1,37,163,1159,-500,0
1,37,164,1158,-500,0
125,35,3936,1129,498,48
125,35,3940,1117,361,345
125,35,3949,1131,473,0
125,35,3949,1155,473,0
1,35,137,1155,-421,0
1,35,145,1155,-473,0
1,35,146,1131,-473,0
1,35,146,1155,-473,0
1,35,156,1117,-148,449
124,34,3896,1114,314,0
124,34,3896,1121,314,0
124,34,3896,1122,314,0
124,34,3896,1128,314,0
124,34,3896,1131,314,0
124,34,3897,1117,340,-17
124,34,3897,1133,340,-8
124,34,3911,1121,418,0
124,34,3911,1128,418,0
124,34,3911,1131,418,0
124,34,3911,1155,500,0
124,34,3926,1150,377,-239
124,34,3935,1167,246,-435
124,34,3958,1138,-19,260
2,34,107,1067,0,0
2,34,132,1067,-26,-2
2,34,137,1074,-101,123
2,34,139,1067,-24,-9
2,34,142,1152,-418,-224
2,34,151,1039,-148,449
2,34,169,1088,-418,0
2,34,169,1104,-418,0
2,34,169,1106,-418,0
2,34,169,1120,-418,0
2,34,169,1126,-418,0
2,34,172,1050,-381,281
2,34,175,1084,-471,0
2,34,178,1075,-471,23
2,34,178,1077,-471,23
2,34,178,1079,-471,23
2,34,178,1080,-471,23
2,34,178,1082,-471,23
2,34,178,1087,-471,23
2,34,178,1108,-471,23
2,34,178,1110,-471,23
2,34,178,1112,-471,23
2,34,178,1119,-471,23
2,34,178,1121,-471,23
2,34,178,1122,-471,23
2,34,178,1123,-471,23
2,34,178,1125,-471,23
2,34,178,1127,-471,23
2,34,178,1129,-471,23
2,34,183,1080,-444,22
2,34,183,1105,-444,22
2,34,183,1108,-444,22
2,34,184,1084,-418,0
2,34,185,1053,-500,0
2,34,185,1155,-500,0
2,34,186,1155,-500,0
2,34,196,1084,-321,0
2,34,199,1073,-340,17
2,34,199,1074,-340,17
2,34,199,1076,-340,17
2,34,199,1077,-340,17
2,34,199,1078,-340,17
2,34,199,1079,-340,17
2,34,199,1081,-340,17
2,34,199,1084,-314,0
2,34,199,1086,-340,17
2,34,199,1087,-340,17
2,34,199,1103,-340,17
2,34,199,1104,-340,17
2,34,199,1105,-340,17
2,34,199,1106,-340,17
2,34,199,1107,-340,17
2,34,199,1109,-340,17
2,34,199,1111,-340,17
2,34,199,1116,-340,17
2,34,199,1118,-340,17
2,34,199,1119,-340,17
2,34,199,1120,-340,17
2,34,199,1121,-340,17
2,34,199,1122,-340,17
2,34,199,1123,-340,17
2,34,199,1124,-340,17
2,34,199,1125,-340,17
2,34,199,1126,-340,17
2,34,199,1128,-340,17
2,34,200,1080,-314,0
2,34,200,1111,-314,0
2,34,200,1120,-314,0
2,34,200,1127,-314,0
125,33,3940,1051,361,345
125,33,3940,1091,148,-450
125,33,3954,1073,442,-66
1,33,141,1073,-442,-66
1,33,142,1074,-442,-66
1,33,145,1053,-203,457
1,33,148,1045,-203,457
1,33,152,1065,-394,306
1,33,156,1053,-500,0
1,33,156,1091,-287,-408
1,33,157,1055,-429,257
1,33,158,1085,-496,-60
1,33,160,1084,-500,0
124,32,3896,1067,314,0
124,32,3899,1076,340,0
124,32,3900,1078,366,-8
124,32,3911,1067,418,0
124,32,3916,1076,444,0
124,32,3925,1106,361,-345
124,32,3926,1106,345,-361
124,32,3956,1082,16,-20
124,32,3958,1071,20,208
124,32,3959,1076,-23,12
2,32,139,1081,-25,-7
2,32,154,999,-240,206
2,32,155,1055,283,133
2,32,165,1088,-153,-34
2,32,170,1106,-345,-361
2,32,172,1095,-495,36
2,32,173,1095,-495,36
2,32,174,1111,-353,-353
2,32,176,1033,-447,0
2,32,176,1112,-345,-361
2,32,177,1036,-472,-35
2,32,178,1051,-471,23
2,32,178,1052,-471,23
2,32,178,1054,-471,-24
2,32,178,1054,-471,23
2,32,178,1055,-471,23
2,32,178,1056,-471,23
2,32,178,1057,-471,23
2,32,178,1059,-471,23
2,32,178,1061,-471,23
2,32,178,1063,-471,23
2,32,178,1064,-471,23
2,32,178,1065,-471,23
2,32,180,1066,-444,0
2,32,183,1003,-353,353
2,32,184,1025,-496,60
2,32,189,1084,-392,0
2,32,192,1084,-366,0
2,32,195,1073,-366,18
2,32,198,1055,-340,-8
2,32,199,1050,-340,17
2,32,199,1051,-340,17
2,32,199,1052,-340,17
2,32,199,1053,-340,17
2,32,199,1054,-340,17
2,32,199,1055,-340,-8
2,32,199,1055,-340,17
2,32,199,1056,-340,17
2,32,199,1058,-340,17
2,32,199,1060,-340,17
2,32,199,1061,-340,17
2,32,199,1062,-340,17
2,32,199,1063,-340,17
2,32,199,1064,-340,17
2,32,200,1053,-314,0
2,32,200,1057,-314,0
2,32,200,1066,-314,0
2,32,201,1040,-478,144
2,32,203,1042,-482,132
2,32,203,1053,-500,0
2,32,204,1022,-495,48
2,32,205,1062,-466,-81
123,12,3870,356,500,0
123,12,3874,360,500,-11
123,12,3878,341,353,353
123,12,3881,452,500,0
123,12,3883,437,462,-103
123,12,3885,406,490,-97
123,12,3891,380,421,0
123,12,3892,454,498,37
123,12,3894,460,500,0
123,12,3895,360,389,161
123,12,3900,362,433,108
123,12,3901,361,431,118
123,12,3913,336,353,353
123,12,3914,332,353,353
123,12,3915,329,353,353
123,12,3915,345,345,361
123,12,3916,346,345,361
123,12,3916,347,345,361
123,12,3956,344,0,395
123,12,3956,370,78,-61
3,12,139,364,-20,-16
3,12,152,326,-144,478
3,12,162,366,317,-122
3,12,175,351,-335,371
3,12,176,324,-277,416
3,12,177,356,-75,72
3,12,178,356,-96,123
3,12,180,352,-176,194
3,12,181,343,-345,361
3,12,182,326,-335,371
3,12,182,343,-361,345
3,12,182,343,-345,361
3,12,183,335,-353,353
3,12,186,342,-378,326
3,12,187,348,-228,252
3,12,196,444,-433,-192
3,12,203,395,-392,0
3,12,204,359,-421,150
3,12,209,337,-353,353
3,12,212,327,-344,358
3,12,213,326,-344,358
3,12,215,325,-333,332
3,12,215,363,-283,49
3,12,215,452,-500,0
3,12,216,327,-333,332
3,12,217,327,-333,332
3,12,220,437,-353,-353
3,12,223,356,-444,10
3,12,223,358,-500,-25
3,12,223,371,-494,-74
3,12,234,408,-500,0
124,11,3891,356,500,0
124,11,3905,321,340,325
124,11,3905,322,340,325
124,11,3906,307,332,332
124,11,3906,322,340,325
124,11,3907,308,332,332
124,11,3907,310,332,332
124,11,3907,311,332,332
124,11,3907,313,332,332
124,11,3907,313,340,325
124,11,3907,314,332,332
124,11,3907,315,332,332
124,11,3907,318,332,332
124,11,3908,322,332,332
124,11,3908,329,345,361
124,11,3908,387,371,-335
124,11,3916,389,500,0
124,11,3923,385,277,-416
124,11,3934,338,291,304
124,11,3934,367,308,69
124,11,3942,341,125,414
124,11,3943,371,274,13
124,11,3944,303,148,449
124,11,3947,311,131,400
124,11,3949,371,257,44
124,11,3952,335,-208,-20
124,11,3952,337,-208,-20
2,11,138,307,-182,-17
2,11,139,333,0,0
2,11,140,331,-23,10
2,11,147,323,-85,492
2,11,148,319,-85,492
2,11,149,303,-114,458
2,11,151,303,-109,488
2,11,152,332,-79,221
2,11,153,298,-277,416
2,11,153,299,-277,416
2,11,154,321,-156,474
2,11,155,294,-441,236
2,11,156,295,-441,236
2,11,156,295,-394,306
2,11,159,347,-258,332
2,11,160,292,-500,0
2,11,162,339,-281,381
2,11,163,309,-361,345
2,11,165,292,-500,0
2,11,165,292,-498,37
2,11,169,340,-327,342
2,11,171,339,-361,345
2,11,175,336,-361,345
2,11,178,331,-353,353
2,11,178,332,-361,345
2,11,179,320,-287,408
2,11,179,332,-361,345
2,11,180,362,-361,345
2,11,180,362,-316,386
2,11,183,358,-361,345
2,11,184,315,-296,402
2,11,185,346,-345,361
2,11,185,389,-316,-386
2,11,185,393,-287,-408
2,11,186,346,-345,361
2,11,186,346,-335,371
2,11,187,348,-353,353
2,11,188,307,-340,325
2,11,188,307,-333,332
2,11,188,310,-340,325
2,11,188,315,-340,325
2,11,188,321,-340,325
2,11,188,322,-340,325
2,11,189,307,-340,325
2,11,189,315,-340,325
2,11,189,318,-316,349
2,11,189,322,-340,325
2,11,190,322,-340,325
2,11,192,319,-321,307
2,11,193,306,-378,326
2,11,194,322,-386,316
2,10,124,299,-9,-24
2,10,124,299,-8,24
2,10,125,299,9,-78
2,10,127,299,26,0
2,10,128,299,-25,-7
2,10,128,299,116,-58
2,10,130,299,-23,-12
2,10,135,303,-442,-66
2,10,136,307,-116,-105
2,10,137,299,0,0
2,10,141,306,135,-123
2,10,149,296,0,0
2,10,160,316,192,135
2,10,173,298,-432,118
2,10,174,299,-437,97
2,10,180,299,-464,92
2,10,182,291,-500,0
2,10,183,293,-498,37
2,10,185,296,-500,0
2,10,186,348,-483,0
2,10,188,292,-340,325
2,10,190,287,-441,53
2,10,190,289,-392,8
2,10,190,289,-365,35
2,10,190,292,-392,0
2,10,191,287,-419,31
2,10,191,289,-392,19
2,10,191,289,-391,28
2,10,192,292,-366,0
2,10,193,289,-366,8
2,10,193,290,-366,0
2,10,194,282,-490,97
2,10,194,284,-492,85
2,10,195,283,-490,97
2,10,196,284,-494,74
2,10,203,348,-500,0
124,9,3890,291,497,0
124,9,3891,291,500,0
124,9,3892,292,500,0
124,9,3894,305,482,-132
124,9,3896,276,314,0
124,9,3896,287,312,30
124,9,3896,290,314,0
124,9,3896,291,314,0
124,9,3896,292,335,0
124,9,3896,293,340,-8
124,9,3897,279,340,-17
124,9,3899,267,340,0
124,9,3905,348,490,-97
124,9,3916,324,361,-345
124,9,3917,347,445,-159
124,9,3921,374,408,-287
124,9,3931,365,281,-381
124,9,3962,270,274,-353
124,9,3965,262,379,-37
1,9,127,299,-157,0
1,9,145,281,-167,470
1,9,154,296,-488,109
1,9,157,290,-494,74
1,9,157,291,-494,74
1,9,158,291,-496,60
1,9,159,292,-482,132
1,9,160,291,-500,0
1,9,160,292,-500,0
1,9,160,292,-488,109
1,9,160,292,-478,144
1,9,160,293,-484,121
1,9,160,295,-492,85
1,9,161,291,-500,0
1,9,161,292,-482,132
1,9,161,293,-484,121
1,9,161,294,-490,97
1,9,162,294,-490,97
125,8,3940,291,500,0
125,8,3941,294,326,-378
125,8,3942,294,306,-394
125,8,3949,252,473,0
125,8,3949,271,471,46
125,8,3949,272,471,35
125,8,3949,273,473,23
125,8,3949,275,473,0
125,8,3949,276,473,0
125,8,3949,284,326,-378
125,8,3954,270,442,66
2,8,129,303,19,129
2,8,132,238,-266,-360
2,8,142,237,-44,-363
2,8,148,291,-159,0
2,8,151,336,-148,-450
2,8,154,237,165,-464
2,8,169,245,-418,0
2,8,169,247,-418,0
2,8,169,292,-421,0
2,8,173,260,-444,0
2,8,173,271,-444,0
2,8,173,275,-444,0
2,8,174,289,-444,0
2,8,175,291,-473,0
2,8,177,287,-471,23
2,8,177,289,-471,23
2,8,177,290,-471,23
2,8,177,290,-469,34
2,8,178,243,-471,23
2,8,178,245,-471,23
2,8,178,247,-471,23
2,8,178,248,-471,23
2,8,178,249,-471,23
2,8,178,251,-471,23
2,8,178,253,-471,23
2,8,178,257,-471,23
2,8,178,259,-471,23
2,8,178,268,-471,23
2,8,178,273,-471,23
2,8,178,274,-471,23
2,8,178,275,-471,23
2,8,178,276,-471,23
2,8,178,278,-471,23
2,8,178,280,-471,23
2,8,178,281,-471,23
2,8,178,282,-471,23
2,8,178,284,-471,23
2,8,178,286,-471,23
2,8,178,287,-471,23
2,8,178,288,-471,23
2,8,178,289,-471,23
2,8,178,291,-471,-24
2,8,183,255,-444,22
2,8,183,284,-444,22
2,8,185,292,-498,-37
2,8,187,245,-417,30
2,8,191,289,-392,8
2,8,195,293,-471,-24
2,8,197,288,-339,25
2,8,197,291,-340,7
2,8,198,286,-340,17
2,8,198,287,-340,17
2,8,198,288,-340,17
2,8,198,289,-340,7
2,8,199,241,-340,17
2,8,199,242,-340,17
2,8,199,244,-340,17
2,8,199,245,-340,17
2,8,199,246,-340,17
2,8,199,247,-340,17
2,8,199,248,-340,17
2,8,199,250,-340,17
2,8,199,252,-340,17
2,8,199,254,-340,17
2,8,199,256,-340,17
2,8,199,258,-340,17
2,8,199,259,-340,17
2,8,199,261,-340,17
2,8,199,265,-340,17
2,8,199,267,-340,17
2,8,199,270,-340,17
2,8,199,271,-340,17
2,8,199,272,-340,17
2,8,199,273,-340,17
2,8,199,274,-340,17
2,8,199,275,-340,17
2,8,199,277,-340,17
2,8,199,278,-340,17
2,8,199,279,-340,17
2,8,199,280,-340,17
2,8,199,281,-340,17
2,8,199,282,-340,17
2,8,199,283,-340,17
2,8,199,284,-340,17
2,8,199,285,-340,17
2,8,199,286,-340,17
2,8,199,287,-340,17
2,8,199,288,-340,17
2,8,199,289,-340,17
2,8,199,292,-340,-8
2,8,199,293,-443,-33
2,8,200,243,-314,0
2,8,200,286,-314,0
2,8,200,288,-314,0
2,8,200,293,-444,-22
2,8,200,293,-444,-10
2,8,201,290,-433,0
2,8,205,291,-500,0
125,7,3949,235,473,0
125,7,3949,236,473,0
125,7,3958,235,421,0
125,7,3962,268,299,-366
1,7,137,244,-421,0
1,7,141,225,-447,10
1,7,141,244,-447,0
1,7,142,225,-447,10
1,7,143,222,-446,43
1,7,146,216,-473,0
1,7,146,217,-473,0
1,7,146,220,-473,0
1,7,146,222,-473,0
1,7,146,223,-473,0
1,7,146,224,-473,10
1,7,146,225,-473,10
1,7,146,226,-473,0
1,7,146,227,-473,0
1,7,146,244,-473,0
124,6,3896,224,314,0
124,6,3896,226,314,0
124,6,3896,227,314,0
124,6,3896,230,314,0
124,6,3896,233,314,0
124,6,3896,235,314,0
124,6,3899,243,340,0
124,6,3905,263,353,-353
124,6,3911,224,418,0
124,6,3911,226,418,0
124,6,3911,227,418,0
124,6,3911,230,418,0
124,6,3911,233,418,0
124,6,3911,235,418,0
124,6,3912,256,353,-353
124,6,3940,291,236,-441
124,6,3949,270,87,-439
124,6,3956,274,0,-473
124,6,3962,268,299,-366
1,6,109,238,152,101
1,6,137,218,-421,0
1,6,141,203,-447,0
1,6,142,210,-439,-87
1,6,142,212,-437,-98
1,6,142,223,-446,33
1,6,142,225,-447,10
1,6,146,203,-473,0
1,6,146,208,-472,-46
1,6,146,218,-473,0
1,6,146,219,-473,0
1,6,146,220,-473,0
1,6,146,221,-473,0
1,6,146,222,-473,0
1,6,146,224,-473,10
1,6,146,225,-473,10
1,6,146,226,-473,0
1,6,146,227,-473,0
1,6,151,205,-500,-25
1,6,151,206,-498,-37
1,6,151,241,-441,-236
1,6,156,189,-500,0
1,6,156,244,-500,0
125,5,3935,189,500,0
125,5,3935,190,498,-37
125,5,3938,189,496,-60
125,5,3950,173,440,76
125,5,3950,198,167,-470
125,5,4075,259,0,-500
2,5,138,205,-17,182
2,5,142,217,-38,391
2,5,150,192,-261,0
2,5,168,234,-500,25
2,5,169,195,-418,0
2,5,170,242,-345,-361
2,5,173,245,-353,-353
2,5,174,246,-361,-345
2,5,176,163,-361,345
2,5,176,248,-353,-353
2,5,176,248,-345,-361
2,5,177,249,-353,-353
2,5,177,249,-345,-361
2,5,178,187,-471,23
2,5,178,188,-471,23
2,5,178,190,-471,-24
2,5,178,190,-471,23
2,5,178,191,-471,23
2,5,178,192,-471,23
2,5,178,193,-471,23
2,5,178,194,-471,23
2,5,178,195,-471,23
2,5,178,196,-471,23
2,5,178,197,-471,23
2,5,178,198,-471,23
2,5,178,199,-471,23
2,5,178,200,-471,23
2,5,178,201,-471,23
2,5,180,194,-444,0
2,5,180,202,-444,0
2,5,182,226,-444,22
2,5,183,190,-444,22
2,5,187,158,-345,361
2,5,187,200,-417,30
2,5,187,201,-417,30
2,5,191,194,-392,19
2,5,198,191,-340,-8
2,5,199,186,-340,17
2,5,199,187,-340,17
2,5,199,188,-340,17
2,5,199,189,-340,17
2,5,199,190,-340,17
2,5,199,191,-340,-8
2,5,199,191,-340,17
2,5,199,192,-340,17
2,5,199,193,-340,17
2,5,199,194,-340,17
2,5,199,195,-340,17
2,5,199,196,-340,17
2,5,199,197,-340,17
2,5,199,198,-340,17
2,5,199,199,-340,17
2,5,199,200,-340,-8
2,5,199,200,-340,17
2,5,200,194,-314,0
2,5,200,200,-314,0
2,5,200,201,-314,0
2,5,200,202,-314,0
2,5,201,174,-478,144
2,5,201,175,-478,144
2,5,201,176,-478,144
2,5,204,198,-466,-81
124,4,3901,193,431,-32
124,4,3903,192,431,-32
124,4,3904,190,392,0
124,4,3904,200,321,-307
124,4,3904,207,321,-307
124,4,3905,190,392,0
124,4,3908,203,340,-325
124,4,3908,204,340,-325
124,4,3909,190,418,0
124,4,3911,193,351,-351
124,4,3911,199,351,-351
124,4,3911,200,351,-351
124,4,3938,148,257,299
124,4,3944,212,156,-474
124,4,3952,177,265,-293
124,4,3956,202,0,-354
124,4,3961,173,258,181
124,4,3962,180,0,0
124,4,3964,180,-11,77
124,3,3901,154,408,-287
124,3,3901,157,408,-287
124,3,3902,157,386,-316
124,3,3905,159,349,-316
124,3,3906,157,340,-325
124,3,3907,157,340,-325
124,3,3907,160,325,-340
124,3,3908,160,325,-340
124,3,3911,158,351,-351
124,3,3911,160,351,-351
124,3,3911,162,351,-351
124,3,3911,167,351,-351
124,3,3929,194,335,-371
124,3,3933,131,224,-447
124,3,3938,111,241,-344
124,3,3939,122,192,-433
124,3,3940,120,201,-427
124,3,3941,122,192,-433
124,3,3946,202,121,-484
124,3,3956,198,0,-500
2,3,132,148,0,369
2,3,132,148,21,14
2,3,132,148,136,194
2,3,132,148,161,302
2,3,133,141,-294,176
2,3,133,141,-263,175
2,3,133,141,-258,181
2,3,133,148,21,13
2,3,134,148,0,0
2,3,135,143,-301,211
2,3,139,162,0,-26
2,3,141,141,-87,-164
2,3,146,144,283,346
2,3,146,193,-132,-482
2,3,148,146,191,233
2,3,148,198,-132,-482
2,3,149,124,-185,0
2,3,159,139,-255,-266
2,3,181,173,-361,-345
2,3,182,173,-361,-345
2,3,185,167,-351,-351
2,3,185,168,-359,-344
2,3,185,176,-351,-351
2,3,185,177,-359,-344
2,3,188,144,-353,-353
2,3,188,151,-353,-353
2,3,188,171,-333,-333
2,3,188,180,-333,-333
2,3,189,157,-340,-325
2,3,189,166,-340,-325
2,3,189,169,-340,-325
2,3,189,171,-340,-325
