106,2,3332,107,500,0
106,2,3345,123,474,-156
106,2,3347,107,421,0
106,2,3348,120,417,-160
3,43,139,1309,0,500
3,43,139,1329,0,447
3,43,139,1336,0,395
3,43,139,1355,0,52
3,43,141,1325,-24,473
3,43,143,1326,-54,444
3,43,150,1334,-140,339
3,43,153,1302,-156,474
3,43,170,1321,-345,361
3,43,175,1343,-335,371
3,43,176,1316,-277,416
3,43,178,1322,-335,371
3,43,178,1368,178,-113
3,43,180,1345,-176,194
3,43,182,1318,-345,361
3,43,182,1318,-335,371
3,43,183,1344,-199,207
3,43,184,1345,-199,207
3,43,195,1354,-433,108
3,43,201,1354,-400,131
3,43,204,1351,-421,150
3,43,207,1349,-438,181
3,43,211,1317,-351,351
3,43,216,1319,-340,325
3,43,216,1319,-333,332
2,42,140,1289,-7,314
2,42,141,1269,-48,498
2,42,141,1364,0,0
2,42,142,1277,-203,457
2,42,144,1288,-121,484
2,42,145,1336,113,-108
2,42,145,1364,-233,350
2,42,146,1268,-179,466
2,42,146,1314,-74,494
2,42,147,1268,-179,466
2,42,147,1278,-132,482
2,42,147,1314,-114,458
2,42,147,1315,-85,492
2,42,147,1364,-29,43
2,42,148,1330,470,-167
2,42,149,1269,-121,484
2,42,150,1326,-123,372
2,42,152,1290,-277,416
2,42,152,1302,-144,478
2,42,152,1306,-156,474
2,42,153,1291,-277,416
2,42,153,1303,-156,474
2,42,154,1351,330,165
2,42,155,1269,-144,478
2,42,155,1286,-441,236
2,42,156,1287,-441,236
2,42,157,1337,-233,350
2,42,157,1364,-25,4
2,42,158,1355,442,66
2,42,160,1284,-500,0
2,42,160,1359,190,-285
2,42,160,1364,-25,-8
2,42,161,1341,-298,297
2,42,161,1364,-73,-30
2,42,161,1364,-49,-17
2,42,161,1364,-25,-8
2,42,163,1364,-78,0
2,42,165,1284,-500,0
2,42,166,1364,-50,-12
2,42,167,1323,-309,323
2,42,167,1330,-318,351
2,42,169,1332,-327,342
2,42,170,1303,-257,429
2,42,171,1324,-345,361
2,42,174,1316,-353,353
2,42,174,1321,-353,353
2,42,174,1325,-353,353
2,42,175,1328,-353,353
2,42,178,1324,-361,345
2,42,178,1342,-287,-7
2,42,179,1312,-287,408
2,42,180,1353,-361,345
2,42,181,1308,-353,353
2,42,181,1311,-287,408
2,42,182,1311,-353,353
2,42,182,1321,-361,345
2,42,182,1350,-335,371
2,42,183,1347,-361,345
2,42,183,1348,-345,361
2,42,184,1344,-361,345
2,42,184,1344,-345,361
2,42,185,1304,-277,416
2,42,185,1305,-351,351
2,42,185,1306,-351,351
2,42,186,1317,-359,343
2,42,186,1337,-345,361
2,42,186,1339,-345,361
2,42,187,1317,-359,343
2,42,188,1299,-340,325
2,42,188,1300,-340,325
2,42,188,1301,-340,325
2,42,188,1302,-340,325
2,42,188,1303,-340,325
2,42,188,1304,-340,325
2,42,188,1305,-340,325
2,42,188,1306,-340,325
2,42,188,1307,-340,325
2,42,188,1307,-333,332
2,42,188,1309,-340,325
2,42,188,1311,-340,325
2,42,188,1314,-340,325
2,42,188,1317,-351,351
2,42,189,1299,-340,325
2,42,189,1301,-340,325
2,42,189,1302,-340,325
2,42,189,1304,-340,325
2,42,189,1305,-340,325
2,42,189,1307,-340,325
2,42,189,1309,-340,325
2,42,189,1310,-316,349
2,42,189,1314,-340,325
2,42,190,1314,-350,316
2,42,190,1314,-340,325
2,42,191,1313,-340,325
2,42,191,1314,-340,325
2,42,192,1311,-321,307
2,42,193,1298,-378,326
2,42,193,1306,-378,326
2,42,193,1308,-378,326
2,42,194,1348,-500,0
2,42,199,1348,-500,0
2,42,204,1348,-500,0
6,43,160,1319,0,500
6,43,169,1314,340,325
6,43,188,1336,0,395
6,43,215,1311,132,482
6,43,216,1303,35,364
6,43,216,1304,35,364
6,43,220,1298,0,500
6,43,220,1336,0,395
6,43,224,1304,0,500
6,43,224,1306,0,340
6,43,224,1306,0,379
6,43,224,1310,0,366
6,43,224,1324,0,261
6,43,224,1328,0,457
6,43,225,1306,-17,340
6,43,225,1360,129,-129
6,43,226,1306,-33,338
6,43,227,1306,-33,338
6,43,228,1302,-48,498
6,43,228,1306,-50,335
6,43,228,1306,-41,337
6,43,228,1308,-44,363
6,43,229,1306,-58,334
6,43,229,1306,-50,335
6,43,231,1306,-74,332
6,43,231,1333,-132,369
6,43,232,1309,-80,357
6,43,232,1333,-112,406
6,43,236,1303,0,314
6,43,236,1305,-98,325
6,43,237,1303,0,314
6,43,237,1305,-106,322
6,43,238,1303,0,314
6,43,238,1342,0,261
6,43,239,1303,0,314
6,43,239,1343,0,261
6,43,239,1345,0,235
6,43,240,1303,0,314
6,43,240,1307,-140,339
6,43,240,1343,0,261
6,43,241,1303,0,314
6,43,241,1346,0,209
6,43,242,1303,0,314
6,43,243,1303,0,314
6,43,244,1303,0,314
6,43,244,1307,-173,323
6,43,244,1313,-216,359
6,43,245,1303,0,314
6,43,246,1303,0,314
6,43,246,1345,0,209
6,43,247,1303,0,314
6,43,248,1303,0,314
6,43,248,1318,-351,351
6,43,249,1303,0,314
6,43,249,1304,25,338
6,43,249,1309,-217,326
6,43,250,1303,0,314
6,43,250,1308,-225,320
6,43,252,1303,0,314
6,43,252,1318,-351,351
6,43,253,1313,-353,353
6,43,253,1315,-325,340
6,43,259,1314,-350,316
6,43,260,1313,-350,316
6,43,261,1358,242,-154
6,43,263,1303,0,314
6,43,263,1351,408,287
6,43,265,1303,0,314
6,43,266,1303,0,314
6,43,267,1303,0,314
6,43,268,1366,40,-205
6,43,269,1303,0,314
6,43,271,1381,139,220
6,43,272,1306,0,340
6,43,272,1370,372,248
6,43,280,1346,-176,194
6,43,306,1332,-361,345
6,43,306,1332,-335,371
6,43,310,1328,-361,345
6,43,310,1364,-500,0
9,44,267,1387,0,238
9,44,278,1371,350,272
9,44,278,1372,360,265
9,44,281,1379,273,247
9,44,283,1356,181,438
9,44,289,1364,131,400
9,44,291,1361,108,433
9,44,293,1368,95,382
9,44,303,1357,57,469
9,44,304,1357,46,471
9,44,304,1357,148,449
9,44,304,1365,50,417
9,44,305,1357,148,449
9,44,305,1361,43,445
9,44,305,1368,58,390
9,44,307,1361,22,447
9,44,307,1369,19,395
9,44,308,1360,0,447
9,44,308,1361,0,447
9,44,308,1369,0,276
9,44,317,1351,-296,402
9,44,319,1342,0,500
9,44,320,1344,60,496
9,44,322,1350,-371,335
9,44,325,1360,-484,121
9,44,326,1347,-371,335
7,44,245,1361,416,277
7,44,247,1353,0,500
7,44,247,1359,416,277
7,44,248,1355,236,441
7,44,249,1359,484,121
7,44,250,1357,236,441
7,44,251,1361,492,85
7,44,252,1364,416,277
7,44,253,1352,0,500
7,44,255,1361,494,74
7,44,266,1342,0,500
7,44,267,1361,0,447
7,44,267,1369,0,78
7,44,268,1385,-19,263
7,44,280,1356,-159,445
7,44,281,1367,-189,376
7,44,285,1360,-23,447
7,44,288,1353,0,500
7,44,289,1357,-11,473
7,44,290,1381,-266,255
7,44,298,1373,-298,297
10,43,261,1329,402,296
10,43,263,1353,0,500
10,43,265,1328,361,345
10,43,266,1324,353,353
10,43,266,1325,345,361
10,43,266,1326,353,353
10,43,266,1328,361,345
10,43,271,1352,0,500
10,43,280,1355,378,114
10,43,286,1363,-211,-395
10,43,286,1364,-128,-289
10,43,288,1370,-252,228
10,43,292,1310,0,366
10,43,293,1370,-360,-80
10,43,294,1369,-389,-67
10,43,296,1344,198,207
10,43,296,1346,175,194
10,43,297,1346,175,194
10,43,298,1306,0,340
10,43,298,1370,-419,41
10,43,299,1348,113,108
10,43,302,1363,-198,-171
10,43,302,1370,-372,248
10,43,302,1374,-237,17
10,43,303,1378,-234,22
10,43,305,1304,25,338
10,43,306,1304,17,340
10,43,306,1345,175,194
10,43,307,1303,0,314
10,43,307,1364,-12,23
10,43,308,1303,0,314
10,43,309,1303,0,314
10,43,311,1303,0,314
10,43,319,1303,0,314
10,43,319,1303,7,314
10,43,320,1303,0,314
10,43,320,1307,0,340
10,43,334,1303,0,314
10,43,334,1342,0,261
10,43,334,1344,0,209
10,43,337,1303,0,314
10,43,338,1303,0,314
10,43,339,1303,0,314
10,43,343,1313,325,340
10,43,344,1314,332,332
10,43,345,1313,332,332
10,43,345,1314,332,332
10,43,346,1313,325,340
10,43,346,1313,332,332
10,43,346,1314,332,332
10,43,347,1313,332,332
10,43,347,1314,332,332
10,43,348,1313,332,332
10,43,348,1314,332,332
10,43,349,1313,332,332
10,43,349,1314,332,332
10,43,350,1313,325,340
10,43,350,1314,332,332
10,43,351,1314,332,332
10,43,351,1314,340,325
10,43,353,1317,358,343
10,43,355,1303,7,314
10,43,355,1329,22,447
10,43,355,1333,21,421
10,43,356,1298,0,500
10,43,384,1298,0,500
10,43,388,1321,0,473
10,43,461,1397,-496,60
107,83,3352,2709,488,-109
107,83,3368,2719,457,-203
107,83,3369,2719,457,-203
107,83,3374,2747,343,-359
107,83,3379,2699,421,0
107,83,3382,2709,400,-132
107,83,3382,2709,403,-121
107,83,3383,2732,327,-342
107,83,3387,2743,353,-353
107,83,3390,2740,353,-353
107,83,3392,2699,264,0
107,83,3394,2736,353,-353
107,83,3401,2743,371,-335
107,83,3402,2729,345,-361
107,83,3402,2737,353,-353
107,83,3402,2745,345,-361
107,83,3402,2746,345,-361
107,83,3403,2740,353,-353
107,83,3403,2744,353,-353
107,83,3404,2750,296,-402
107,83,3405,2749,296,-402
107,83,3406,2748,306,-394
107,83,3406,2749,287,-408
107,83,3407,2747,296,-402
107,83,3409,2737,345,-361
107,83,3409,2738,345,-361
107,83,3409,2738,353,-353
107,83,3410,2737,353,-353
107,83,3411,2704,-116,105
107,83,3411,2740,296,-402
107,83,3411,2741,287,-408
107,83,3413,2738,296,-402
107,83,3423,2740,-144,-478
107,83,3428,2742,148,-450
107,83,3431,2710,339,-292
107,83,3444,2719,104,0
107,83,3444,2727,0,-395
107,83,3444,2735,0,-447
107,83,3444,2738,0,-473
108,85,3391,2781,418,0
108,85,3391,2781,500,0
108,85,3392,2780,500,0
108,85,3392,2782,392,-20
108,85,3392,2783,391,-29
108,85,3392,2788,321,-307
108,85,3392,2792,321,-307
108,85,3392,2794,321,-307
108,85,3392,2795,321,-307
108,85,3392,2797,321,-307
108,85,3392,2799,321,-307
108,85,3393,2782,391,-29
108,85,3394,2780,392,0
108,85,3394,2781,392,0
108,85,3395,2780,392,0
108,85,3395,2781,392,0
108,85,3395,2785,392,0
108,85,3396,2789,340,-325
108,85,3396,2793,340,-325
108,85,3396,2794,340,-325
108,85,3396,2795,340,-325
108,85,3396,2796,340,-325
108,85,3397,2781,471,0
108,85,3399,2766,351,-351
108,85,3399,2768,351,-351
108,85,3399,2770,351,-351
108,85,3399,2771,351,-351
108,85,3399,2775,351,-351
108,85,3399,2778,351,-351
108,85,3399,2779,351,-351
108,85,3399,2780,351,-351
108,85,3399,2781,351,-351
108,85,3399,2783,351,-351
108,85,3399,2785,351,-351
108,85,3399,2785,418,0
108,85,3399,2786,351,-351
108,85,3399,2787,351,-351
108,85,3399,2788,351,-351
108,85,3399,2789,351,-351
108,85,3399,2790,351,-351
108,85,3399,2791,351,-351
108,85,3399,2792,351,-351
108,85,3401,2782,444,-22
108,85,3408,2773,433,-108
108,85,3411,2782,497,-11
108,85,3412,2780,345,-361
108,85,3421,2721,262,394
108,85,3432,2759,-472,-35
108,85,3432,2804,156,-474
108,85,3433,2766,114,-378
108,85,3439,2810,236,-441
108,85,3443,2760,-49,-92
108,85,3444,2799,0,-447
108,85,3558,2743,285,-190
108,85,3565,2728,-194,-344
104,83,3277,2699,473,0
104,83,3277,2732,361,-345
104,83,3278,2732,361,-345
104,83,3296,2749,353,-353
104,83,3304,2740,144,-478
104,83,3308,2757,0,-340
104,83,3309,2711,-391,-38
104,83,3312,2756,-18,-366
104,83,3314,2696,-137,-256
104,83,3316,2761,0,-314
104,83,3317,2730,0,-418
104,83,3317,2761,0,-314
104,83,3318,2730,0,-418
104,83,3318,2760,-17,-340
104,83,3319,2730,0,-418
104,83,3319,2734,0,-444
104,83,3319,2760,-17,-340
104,83,3320,2730,0,-418
104,83,3320,2760,-17,-340
104,83,3321,2730,0,-418
104,83,3321,2760,-17,-340
104,83,3321,2761,0,-314
104,83,3322,2730,0,-418
104,83,3322,2749,386,-316
104,83,3322,2760,-17,-340
104,83,3323,2730,0,-418
104,83,3323,2760,-17,-340
104,83,3323,2761,0,-314
104,83,3324,2726,0,-392
104,83,3324,2730,0,-418
104,83,3324,2750,349,-316
104,83,3324,2760,-17,-340
104,83,3325,2730,0,-418
104,83,3325,2750,349,-316
104,83,3325,2760,-17,-340
104,83,3326,2730,0,-418
104,83,3326,2745,386,-316
104,83,3326,2751,340,-325
104,83,3326,2760,-17,-340
104,83,3327,2730,0,-418
104,83,3327,2760,-17,-340
104,83,3328,2730,0,-418
104,83,3328,2747,368,-334
104,83,3328,2760,-17,-340
104,83,3329,2730,0,-418
104,83,3329,2734,0,-444
104,83,3329,2760,-17,-340
104,83,3330,2730,0,-418
104,83,3330,2742,394,-306
104,83,3330,2751,332,-333
104,83,3330,2760,-17,-340
104,83,3331,2730,0,-418
104,83,3331,2750,332,-333
104,83,3331,2751,332,-333
104,83,3331,2760,-17,-340
104,83,3332,2730,0,-418
104,83,3332,2743,361,-345
104,83,3332,2744,371,-335
104,83,3332,2760,-17,-340
104,83,3333,2730,0,-418
104,83,3333,2747,343,-359
104,83,3333,2751,332,-333
104,83,3333,2760,-17,-340
104,83,3334,2730,0,-418
104,83,3334,2751,332,-333
104,83,3334,2757,217,-326
104,83,3334,2760,-17,-340
104,83,3335,2730,0,-418
104,83,3335,2751,332,-333
104,83,3335,2760,-17,-340
104,83,3336,2730,0,-418
104,83,3336,2760,-17,-340
104,83,3337,2730,0,-418
104,83,3337,2747,343,-359
104,83,3337,2760,-17,-340
104,83,3338,2730,0,-418
104,83,3338,2747,343,-359
104,83,3338,2760,-17,-340
104,83,3339,2730,0,-418
104,83,3339,2760,-17,-340
104,83,3340,2730,0,-418
104,83,3340,2760,-17,-340
104,83,3341,2730,0,-418
104,83,3341,2746,260,-392
104,83,3341,2760,-17,-340
104,83,3342,2730,0,-418
104,83,3342,2758,0,-340
104,83,3342,2760,-17,-340
104,83,3343,2730,0,-418
104,83,3343,2758,140,-339
104,83,3343,2760,-17,-340
104,83,3344,2730,0,-418
104,83,3344,2742,275,-414
104,83,3344,2758,140,-339
104,83,3344,2760,-17,-340
104,83,3345,2730,0,-418
104,83,3345,2760,-17,-340
104,83,3346,2730,0,-418
104,83,3346,2760,-17,-340
104,83,3347,2730,0,-418
104,83,3347,2760,-17,-340
104,83,3347,2761,98,-325
104,83,3348,2730,0,-418
104,83,3348,2760,-17,-340
104,83,3349,2730,0,-418
104,83,3349,2760,-17,-340
104,83,3349,2760,25,-339
104,83,3350,2730,0,-418
104,83,3350,2734,0,-444
104,83,3350,2760,-17,-340
104,83,3350,2760,82,-329
104,83,3351,2730,0,-418
104,83,3351,2760,-17,-340
104,83,3351,2760,74,-332
104,83,3352,2730,0,-418
104,83,3352,2745,128,-426
104,83,3352,2760,-17,-340
104,83,3352,2760,66,-333
104,83,3353,2730,0,-418
104,83,3353,2760,-17,-340
104,83,3354,2712,-261,-174
104,83,3354,2730,0,-418
104,83,3354,2757,71,-359
104,83,3354,2760,-17,-340
104,83,3354,2761,0,-314
104,83,3355,2730,0,-418
104,83,3355,2749,91,-408
104,83,3355,2760,-17,-340
104,83,3356,2705,-70,169
104,83,3356,2730,0,-418
104,83,3356,2752,58,-388
104,83,3356,2756,54,-362
104,83,3356,2759,50,-336
104,83,3356,2760,-17,-340
104,83,3356,2760,41,-337
104,83,3357,2730,0,-418
104,83,3357,2756,35,-365
104,83,3357,2760,-17,-340
104,83,3358,2730,0,-418
104,83,3358,2752,38,-391
104,83,3358,2756,26,-365
104,83,3358,2760,-17,-340
104,83,3358,2760,25,-339
104,83,3359,2730,0,-418
104,83,3359,2734,22,-444
104,83,3359,2757,17,-340
104,83,3359,2760,-17,-340
104,83,3359,2760,17,-340
104,83,3360,2730,0,-418
104,83,3360,2741,0,-444
104,83,3360,2750,0,-414
104,83,3360,2753,0,-387
104,83,3360,2754,0,-387
104,83,3360,2757,0,-361
104,83,3360,2757,0,-340
104,83,3360,2758,0,-361
104,83,3360,2760,-17,-340
104,83,3360,2760,0,-340
104,83,3361,2730,0,-418
104,83,3361,2760,-17,-340
104,83,3362,2730,0,-418
104,83,3362,2760,-17,-340
104,83,3363,2760,-17,-340
104,83,3364,2746,0,-500
104,83,3364,2766,0,-500
104,83,3365,2721,0,-209
104,83,3374,2764,-132,-482
104,83,3378,2738,23,-473
101,82,3188,2655,0,-500
101,82,3259,2701,482,-132
101,82,3262,2716,316,-386
101,82,3264,2717,-109,-488
101,82,3264,2717,0,-500
101,82,3264,2718,0,-500
101,82,3264,2719,-74,-494
101,82,3266,2712,236,-441
101,82,3267,2699,418,0
101,82,3267,2712,236,-441
101,82,3273,2685,0,104
101,82,3273,2699,209,0
101,82,3274,2669,0,0
101,82,3274,2669,15,129
101,82,3274,2689,-164,327
101,82,3275,2678,-179,39
101,82,3275,2679,0,261
101,82,3275,2680,-24,-10
101,82,3275,2680,0,-104
101,82,3275,2681,0,-157
101,82,3275,2702,0,-447
101,82,3276,2669,-40,32
101,82,3276,2672,112,-67
101,82,3276,2685,135,253
101,82,3283,2698,165,-202
101,82,3284,2688,-27,154
101,82,3289,2692,-193,-342
101,82,3290,2702,-192,-433
101,82,3292,2694,0,-395
101,82,3292,2702,0,-447
101,82,3292,2717,0,-500
101,82,3293,2704,-224,-418
101,82,3307,2689,-239,-159
101,82,3316,2667,23,-12
100,83,3145,2668,394,-306
100,83,3155,2673,-9,-395
100,83,3156,2673,-146,-309
100,83,3175,2745,132,-482
100,83,3179,2755,0,-500
100,83,3195,2754,74,-494
100,83,3195,2759,85,-492
100,83,3196,2757,0,-500
100,83,3199,2755,25,-500
100,83,3199,2760,25,-500
100,83,3200,2760,0,-500
100,83,3228,2735,0,-447
100,83,3228,2746,0,-500
100,83,3228,2761,0,-314
100,83,3228,2766,0,-500
100,83,3240,2730,0,-418
100,83,3240,2761,0,-314
100,83,3241,2730,0,-418
100,83,3241,2760,-17,-340
100,83,3242,2730,0,-418
100,83,3242,2760,-17,-340
100,83,3243,2730,0,-418
100,83,3243,2760,-17,-340
100,83,3244,2730,0,-418
100,83,3244,2760,-17,-340
100,83,3245,2730,0,-418
100,83,3245,2760,-17,-340
100,83,3246,2730,0,-418
100,83,3246,2760,-17,-340
100,83,3247,2730,0,-418
100,83,3247,2760,-17,-340
100,83,3248,2730,0,-418
100,83,3248,2760,-17,-340
100,83,3249,2730,0,-418
100,83,3249,2760,-17,-340
100,83,3250,2730,0,-418
100,83,3250,2760,-17,-340
100,83,3250,2760,25,-339
100,83,3251,2730,0,-418
100,83,3251,2760,-17,-340
100,83,3252,2730,0,-418
100,83,3252,2760,-17,-340
100,83,3253,2730,0,-418
100,83,3253,2760,-17,-340
100,83,3254,2730,0,-418
100,83,3254,2760,-17,-340
100,83,3255,2730,0,-418
100,83,3255,2746,-351,-351
100,83,3255,2760,-17,-340
100,83,3256,2730,0,-418
100,83,3256,2747,-344,-359
100,83,3256,2760,-17,-340
100,83,3257,2730,0,-418
100,83,3257,2760,-17,-340
100,83,3258,2730,0,-418
100,83,3258,2760,-17,-340
100,83,3258,2760,25,-339
100,83,3259,2730,0,-418
100,83,3259,2734,0,-444
100,83,3259,2741,0,-444
100,83,3259,2751,-325,-340
100,83,3259,2760,-17,-340
100,83,3259,2761,0,-314
100,83,3260,2730,0,-418
100,83,3260,2760,-17,-340
100,83,3261,2730,0,-418
100,83,3261,2760,-17,-340
100,83,3262,2730,0,-418
100,83,3262,2760,-17,-340
100,83,3263,2730,0,-418
100,83,3263,2760,-17,-340
100,83,3264,2703,-209,0
100,83,3264,2730,0,-418
100,83,3264,2734,0,-444
100,83,3264,2735,0,-444
100,83,3264,2750,0,-414
100,83,3264,2752,0,-392
100,83,3264,2753,0,-387
100,83,3264,2755,0,-387
100,83,3264,2756,0,-366
100,83,3264,2757,0,-361
100,83,3264,2757,0,-340
100,83,3264,2758,0,-361
100,83,3264,2758,0,-340
100,83,3264,2760,-17,-340
100,83,3264,2760,0,-340
100,83,3265,2730,0,-418
100,83,3265,2735,-22,-444
100,83,3265,2743,-22,-444
100,83,3265,2752,-20,-392
100,83,3265,2760,-17,-340
100,83,3265,2761,-7,-314
100,83,3265,2761,0,-314
100,83,3266,2720,-248,-237
100,83,3266,2730,0,-418
100,83,3266,2752,-38,-391
100,83,3266,2760,-33,-339
100,83,3266,2760,-25,-339
100,83,3266,2760,-17,-340
100,83,3267,2730,0,-418
100,83,3267,2752,-58,-388
100,83,3267,2752,-38,-391
100,83,3267,2756,-44,-363
100,83,3267,2756,-35,-365
100,83,3267,2760,-17,-340
100,83,3267,2761,-23,-312
100,83,3268,2730,0,-418
100,83,3268,2734,0,-444
100,83,3268,2744,-22,-444
100,83,3268,2756,-44,-363
100,83,3268,2760,-17,-340
100,83,3269,2760,-17,-340
100,83,3271,2730,0,-418
100,83,3271,2744,-22,-444
100,83,3272,2760,-17,-340
100,83,3273,2760,-17,-340
100,83,3274,2760,-17,-340
100,83,3275,2703,0,366
100,83,3275,2734,-22,-444
100,83,3275,2741,0,-444
100,83,3275,2760,-17,-340
100,83,3275,2761,0,-314
100,83,3276,2698,74,-138
100,83,3276,2744,-22,-444
100,83,3276,2752,-29,-391
100,83,3276,2760,-17,-340
100,83,3277,2760,-17,-340
100,83,3278,2697,152,-101
100,83,3280,2693,372,-248
100,83,3282,2696,419,-41
100,83,3282,2704,312,-30
100,83,3283,2705,300,160
100,83,3284,2699,500,0
100,83,3285,2697,261,13
100,83,3285,2698,314,0
100,83,3288,2697,287,6
100,83,3288,2704,364,-27
100,83,3292,2685,-135,-81
100,83,3310,2675,-235,-5
103,82,3275,2699,224,-447
103,82,3275,2699,500,0
103,82,3283,2693,381,-281
103,82,3286,2690,360,-266
103,82,3286,2691,353,-274
103,82,3302,2684,-75,20
103,82,3302,2696,189,-377
103,82,3315,2678,65,170
103,82,3316,2669,-9,77
103,82,3316,2670,0,-183
103,82,3316,2671,-16,129
103,82,3316,2692,0,-130
103,82,3316,2694,0,-395
103,82,3316,2702,0,-447
103,82,3316,2707,0,-473
103,82,3317,2671,0,0
108,84,3379,2716,500,0
108,84,3379,2716,500,11
108,84,3379,2723,500,11
108,84,3384,2713,498,37
108,84,3387,2745,416,-277
108,84,3389,2746,408,-287
108,84,3389,2747,408,-287
108,84,3390,2749,386,-316
108,84,3393,2750,349,-316
108,84,3394,2749,340,-325
108,84,3394,2750,340,-325
108,84,3394,2750,349,-316
108,84,3395,2749,340,-325
108,84,3395,2752,325,-340
108,84,3395,2753,325,-340
108,84,3398,2746,358,-344
108,84,3398,2746,368,-334
108,84,3399,2748,351,-351
108,84,3399,2752,351,-351
108,84,3399,2758,351,-351
108,84,3401,2716,473,0
108,84,3402,2736,353,-353
108,84,3402,2753,287,-408
108,84,3409,2712,445,43
108,84,3409,2715,447,10
108,84,3422,2732,262,-394
108,84,3423,2727,274,-353
108,84,3424,2757,441,-236
108,84,3425,2701,25,3
108,84,3427,2753,277,-416
108,84,3429,2709,-189,-220
108,84,3429,2718,-383,-96
108,84,3430,2699,22,-12
108,84,3431,2773,277,-416
108,84,3432,2762,132,-482
108,84,3433,2763,121,-484
108,84,3435,2795,132,-482
108,84,3436,2795,179,-466
108,84,3439,2714,-224,-80
108,84,3439,2714,-222,-85
108,84,3439,2727,-371,335
108,84,3441,2727,-258,332
108,84,3441,2793,85,-492
108,84,3444,2732,0,0
108,84,3444,2749,16,-20
108,84,3444,2791,0,-340
108,84,3553,2711,-262,-394
43,6,1453,270,-33,-446
43,6,1455,276,-57,-470
43,6,1456,140,-109,488
43,6,1462,116,-121,484
43,6,1481,232,-418,0
43,6,1481,266,-327,-342
43,6,1490,182,-471,23
43,6,1490,184,-471,23
43,6,1490,186,-471,23
43,6,1490,188,-471,23
43,6,1490,190,-471,23
43,6,1490,207,-471,23
43,6,1490,209,-471,23
43,6,1490,210,-471,23
43,6,1490,211,-471,23
43,6,1490,212,-471,23
43,6,1490,213,-471,23
43,6,1490,214,-471,23
43,6,1490,215,-471,23
43,6,1490,217,-471,23
43,6,1490,219,-471,23
43,6,1490,223,-471,23
43,6,1490,225,-471,23
43,6,1490,227,-471,23
43,6,1490,229,-471,23
43,6,1490,231,-471,23
43,6,1490,233,-471,23
43,6,1492,157,-500,0
43,6,1497,259,-500,0
43,6,1498,259,-500,0
43,6,1499,232,-417,30
43,6,1511,179,-340,17
43,6,1511,181,-340,17
43,6,1511,182,-340,17
43,6,1511,183,-340,17
43,6,1511,185,-340,17
43,6,1511,187,-340,17
43,6,1511,189,-340,17
43,6,1511,204,-340,17
43,6,1511,206,-340,17
43,6,1511,207,-340,17
43,6,1511,208,-340,17
43,6,1511,209,-340,17
43,6,1511,210,-340,17
43,6,1511,211,-340,17
43,6,1511,212,-340,17
43,6,1511,213,-340,17
43,6,1511,213,-314,0
43,6,1511,214,-340,17
43,6,1511,215,-340,17
43,6,1511,216,-340,17
43,6,1511,217,-314,0
43,6,1511,218,-340,17
43,6,1511,220,-340,17
43,6,1511,222,-340,17
43,6,1511,224,-340,17
43,6,1511,225,-340,17
43,6,1511,226,-340,17
43,6,1511,227,-340,17
43,6,1511,228,-340,17
43,6,1511,229,-340,17
43,6,1511,230,-340,17
43,6,1511,231,-340,17
43,6,1511,232,-340,17
43,6,1512,208,-314,0
43,6,1512,220,-314,0
42,7,1388,306,-478,-144
42,7,1450,238,-416,62
42,7,1454,237,-439,87
42,7,1458,236,-464,92
42,7,1464,250,-462,-191
42,7,1465,250,-457,-203
42,7,1468,259,-500,0
42,7,1471,254,-451,-212
42,7,1472,259,-500,0
42,7,1473,255,-462,-191
42,7,1473,255,-451,-212
42,7,1474,255,-451,-212
2,13,141,436,-279,149
2,13,142,436,-131,22
2,13,160,431,-394,-29
2,13,171,408,0,500
2,13,171,410,0,500
2,13,171,442,0,-230
2,13,174,429,-442,66
2,13,174,433,-447,22
2,13,177,413,-203,457
2,13,178,429,-466,81
2,13,181,404,-212,451
2,13,181,404,-203,457
2,13,182,405,-224,447
2,13,185,409,-306,394
2,13,185,410,-326,378
2,13,185,410,-316,386
2,13,185,446,-319,-180
2,13,186,407,-316,386
2,13,186,408,-316,386
2,13,186,411,-335,371
2,13,186,412,-361,345
2,13,188,412,-378,326
2,13,188,454,-345,-361
2,13,189,415,-416,277
2,13,190,413,-408,287
2,13,192,444,-500,0
2,13,192,444,-354,0
3,12,159,364,0,0
3,12,160,363,-184,0
3,12,160,367,-176,-194
3,12,163,363,26,1
3,12,163,371,155,34
3,12,164,369,-400,-201
3,12,168,366,-110,-266
3,12,168,371,-167,78
3,12,169,363,26,-1
3,12,169,368,-17,-182
3,12,169,370,-101,123
3,12,169,371,-87,-130
3,12,170,370,-112,-144
3,12,170,370,-7,-78
3,12,170,371,-45,-25
3,12,170,371,-23,-12
3,12,171,350,0,52
3,12,175,370,234,22
3,12,186,338,-182,408
3,12,186,441,-254,-230
3,12,187,387,50,13
3,12,197,387,-264,0
3,12,200,385,-361,345
3,12,201,386,-418,21
3,12,201,387,-418,0
3,12,202,334,-335,371
3,12,202,384,-415,50
3,12,206,382,20,208
3,12,206,386,-444,0
3,12,206,386,-444,10
3,12,207,387,-447,0
3,12,208,378,-471,0
3,12,208,388,-235,0
3,12,210,371,-471,23
3,12,210,372,-471,23
3,12,210,373,-471,23
3,12,210,374,-471,23
3,12,210,375,-471,23
3,12,210,376,-471,23
3,12,210,377,-471,23
3,12,210,378,-471,23
3,12,210,379,-471,23
3,12,210,380,-471,23
3,12,210,381,-471,23
3,12,210,382,-471,23
3,12,210,383,-471,23
3,12,210,385,-471,23
3,12,210,387,-473,0
3,12,210,412,-345,-361
3,12,213,387,-473,0
3,12,214,387,-500,0
3,12,214,416,-345,-361
3,12,215,378,-444,22
3,12,216,381,-490,97
3,12,216,388,-418,0
3,12,217,387,-418,9
3,12,220,388,-500,-25
3,12,220,444,-471,0
3,12,222,357,-344,281
3,12,223,385,-391,28
3,12,223,387,-500,0
3,12,223,446,-498,-37
3,12,226,361,-366,18
3,12,226,387,-497,-11
3,12,226,444,-500,0
3,12,227,360,-366,18
3,12,227,365,-366,-8
3,12,227,385,-366,18
3,12,227,387,-366,0
3,12,227,389,-471,-24
3,12,227,389,-469,-35
3,12,227,444,-500,0
3,12,228,362,-340,0
3,12,228,363,-340,0
3,12,228,373,-345,123
3,12,228,387,-340,0
3,12,229,373,-348,114
3,12,229,375,-325,98
3,12,229,387,-340,7
3,12,230,372,-317,122
3,12,230,383,-339,33
3,12,230,384,-340,17
3,12,230,385,-340,17
3,12,231,369,-340,17
3,12,231,370,-340,17
3,12,231,371,-340,17
3,12,231,372,-340,17
3,12,231,373,-340,17
3,12,231,374,-340,17
3,12,231,375,-340,17
3,12,231,376,-340,17
3,12,231,377,-340,17
3,12,231,378,-340,17
3,12,231,378,-333,66
3,12,231,379,-340,17
3,12,231,379,-333,66
3,12,231,379,-332,74
3,12,231,380,-340,17
3,12,231,381,-340,17
3,12,231,382,-340,0
3,12,231,382,-340,17
3,12,231,382,-337,41
3,12,231,384,-340,17
3,12,231,384,-339,25
3,12,231,385,-340,17
3,12,231,385,-339,25
3,12,231,386,-340,7
3,12,231,388,-314,0
3,12,232,371,-314,0
3,12,232,377,-392,98
3,12,232,378,-314,0
3,12,232,380,-314,0
3,12,232,384,-314,0
3,12,232,385,-314,7
3,12,233,388,-444,0
3,12,235,387,-471,0
2,11,52,434,0,-473
2,11,152,369,-339,50
2,11,171,363,0,335
2,11,171,388,0,-500
2,11,171,389,0,-500
2,11,171,392,0,-500
2,11,172,373,-146,-88
2,11,173,364,-447,0
2,11,173,388,-121,-484
2,11,174,365,-439,87
2,11,176,341,-109,488
2,11,178,387,-470,-167
2,11,179,342,-167,470
2,11,180,340,-277,416
2,11,180,366,-441,53
2,11,184,378,-451,-212
2,11,184,379,-462,-191
2,11,185,378,-457,-203
2,11,185,379,-451,-212
2,11,188,349,-148,449
2,11,188,387,-500,0
2,11,188,388,-500,0
2,11,188,388,-478,144
2,11,188,390,-361,-345
2,11,189,349,11,500
2,11,189,350,-361,345
2,11,189,357,-494,74
2,11,190,381,-457,-203
2,11,191,380,-466,-179
2,11,191,381,-457,-203
2,11,192,378,-484,-121
2,11,192,380,-470,-167
2,11,192,380,-466,-179
2,11,192,381,-470,-167
2,11,192,382,-462,-191
2,11,192,387,-500,0
2,11,193,378,-484,-121
2,11,193,379,-478,-144
2,11,193,383,-451,-212
2,11,194,381,-474,-156
2,11,194,383,-451,-212
3,10,147,299,-21,-15
3,10,169,372,23,12
3,10,170,301,168,168
3,10,171,298,-202,-55
3,10,172,362,-162,86
3,10,173,363,-154,-98
3,10,174,365,48,-62
3,10,177,388,-498,48
3,10,181,395,40,-205
3,10,182,323,94,-90
3,10,182,427,-121,-484
3,10,183,332,78,0
3,10,187,294,75,-21
3,10,196,396,-290,-374
3,10,201,309,-418,0
3,10,201,311,-418,0
3,10,201,314,-418,0
3,10,201,315,-418,0
3,10,201,318,-418,0
3,10,201,320,-418,0
3,10,201,326,-418,0
3,10,201,337,-418,0
3,10,201,359,-418,0
3,10,205,328,-444,0
3,10,205,335,-444,0
3,10,205,336,-444,0
3,10,205,341,-444,0
3,10,205,342,-350,-316
3,10,205,343,-444,0
3,10,210,307,-471,23
3,10,210,309,-471,23
3,10,210,311,-471,23
3,10,210,313,-471,23
3,10,210,314,-471,23
3,10,210,315,-471,23
3,10,210,316,-471,23
3,10,210,317,-471,23
3,10,210,319,-471,23
3,10,210,320,-471,23
3,10,210,321,-471,23
3,10,210,322,-471,23
3,10,210,324,-471,23
3,10,210,326,-471,23
3,10,210,328,-471,23
3,10,210,329,-471,23
3,10,210,330,-471,23
3,10,210,332,-471,23
3,10,210,333,-471,23
3,10,210,334,-471,23
3,10,210,335,-471,23
3,10,210,337,-471,23
3,10,210,338,-471,23
3,10,210,339,-471,23
3,10,210,340,-471,23
3,10,210,341,-471,23
3,10,210,342,-471,23
3,10,210,343,-471,23
3,10,210,344,-471,23
3,10,210,345,-471,23
3,10,210,347,-471,23
3,10,210,348,-471,23
3,10,210,350,-471,23
3,10,210,351,-471,23
3,10,210,352,-471,23
3,10,210,353,-471,23
3,10,210,354,-471,23
3,10,210,355,-471,23
3,10,210,356,-471,23
3,10,210,357,-471,23
3,10,210,358,-471,23
3,10,210,359,-471,0
3,10,210,359,-471,23
3,10,210,360,-471,23
3,10,210,361,-471,23
3,10,212,336,-444,0
3,10,212,340,-444,0
3,10,212,345,-444,0
3,10,212,351,-444,0
3,10,212,358,-444,0
3,10,212,362,-444,0
3,10,214,386,-500,11
3,10,214,387,-483,0
3,10,215,334,-444,22
3,10,215,345,-444,22
3,10,215,351,-418,0
3,10,215,360,-444,22
3,10,215,387,-500,0
3,10,216,387,-500,0
3,10,216,387,-497,0
3,10,217,285,-500,0
3,10,217,387,-500,0
3,10,218,387,-500,0
3,10,219,386,-497,0
3,10,221,359,-392,0
3,10,221,360,-392,0
3,10,223,330,-392,19
3,10,223,335,-392,19
3,10,223,345,-392,19
3,10,227,330,-366,18
3,10,227,335,-366,18
3,10,227,345,-366,18
3,10,231,305,-340,17
3,10,231,306,-340,17
3,10,231,307,-340,17
3,10,231,308,-340,17
3,10,231,310,-340,17
3,10,231,312,-340,17
3,10,231,313,-340,17
3,10,231,314,-340,17
3,10,231,315,-340,17
3,10,231,316,-340,17
3,10,231,317,-340,17
3,10,231,318,-340,17
3,10,231,319,-340,17
3,10,231,320,-340,17
3,10,231,321,-340,17
3,10,231,323,-340,17
3,10,231,325,-340,17
3,10,231,326,-340,17
3,10,231,327,-340,17
3,10,231,328,-340,17
3,10,231,329,-340,17
3,10,231,330,-340,17
3,10,231,331,-340,17
3,10,231,332,-340,17
3,10,231,333,-340,17
3,10,231,334,-340,17
3,10,231,335,-340,17
3,10,231,336,-340,17
3,10,231,337,-340,17
3,10,231,338,-340,17
3,10,231,339,-340,17
3,10,231,340,-340,17
3,10,231,341,-340,17
3,10,231,342,-340,17
3,10,231,343,-340,17
3,10,231,344,-340,17
3,10,231,345,-340,17
3,10,231,346,-340,17
3,10,231,347,-340,17
3,10,231,348,-340,17
3,10,231,349,-340,17
3,10,231,350,-340,17
3,10,231,351,-340,17
3,10,231,352,-340,17
3,10,231,353,-340,17
3,10,231,354,-340,17
3,10,231,355,-340,17
3,10,231,356,-340,17
3,10,231,357,-340,17
3,10,231,358,-340,17
3,10,231,359,-340,17
3,10,231,360,-340,17
3,10,231,362,-340,-8
3,10,232,307,-314,0
3,10,232,308,-314,0
3,10,232,310,-314,0
3,10,232,317,-314,0
3,10,232,323,-314,0
3,10,232,330,-314,0
3,10,232,331,-314,0
3,10,232,335,-314,0
3,10,232,336,-314,0
3,10,232,337,-314,0
3,10,232,340,-314,0
3,10,232,343,-314,0
3,10,232,345,-314,0
3,10,232,347,-314,0
3,10,232,349,-314,0
3,10,232,350,-314,0
3,10,232,351,-314,0
3,10,232,353,-314,0
3,10,232,355,-314,0
3,10,232,356,-314,0
3,10,232,357,-314,0
3,10,232,358,-314,0
3,10,232,359,-314,0
3,10,232,360,-314,0
3,10,232,362,-314,0
2,9,95,244,-478,144
2,9,140,308,-7,78
2,9,141,301,128,25
2,9,142,308,-88,132
2,9,150,301,-258,-58
2,9,169,305,-416,-62
2,9,171,326,0,-500
2,9,171,327,0,-500
2,9,173,305,-442,-66
2,9,174,306,-442,-66
2,9,178,306,-466,-81
2,9,178,308,-473,0
2,9,178,313,-335,-371
2,9,184,282,-306,394
2,9,184,321,-361,-345
2,9,187,325,-353,-353
2,9,188,284,-500,0
2,9,188,285,-500,0
2,9,188,323,-361,-345
2,9,188,323,-306,-394
2,9,188,323,-287,-408
2,9,188,323,-224,-447
2,9,188,323,-148,-450
2,9,190,285,-361,345
2,9,192,292,-474,156
3,8,144,213,-313,-139
3,8,145,212,-269,-103
3,8,167,308,195,308
3,8,168,301,-96,-160
3,8,168,308,21,286
3,8,168,308,225,355
3,8,169,300,-158,136
3,8,169,300,-116,105
3,8,169,302,-90,217
3,8,169,303,93,244
3,8,169,304,-31,315
3,8,169,308,17,342
3,8,169,308,23,12
3,8,170,300,-141,115
3,8,170,300,-138,74
3,8,170,300,116,105
3,8,170,301,-17,182
3,8,170,305,-100,242
3,8,170,307,7,314
3,8,170,308,242,153
3,8,171,198,-35,471
3,8,171,302,0,157
3,8,171,302,0,209
3,8,171,304,-225,183
3,8,171,311,-296,167
3,8,171,312,-23,-12
3,8,171,331,0,-421
3,8,171,341,-191,-462
3,8,171,365,0,-500
3,8,172,300,-179,35
3,8,173,300,-137,-82
3,8,177,307,155,-210
3,8,179,298,215,-95
3,8,182,289,-287,0
3,8,190,285,-369,-8
3,8,201,286,-418,-21
3,8,202,338,-345,-361
3,8,202,339,-335,-371
3,8,203,330,-497,0
3,8,205,284,-444,0
3,8,205,287,-444,0
3,8,205,296,-444,0
3,8,205,341,-353,-353
3,8,205,342,-353,-353
3,8,206,286,-444,-10
3,8,206,288,-443,-33
3,8,206,342,-361,-345
3,8,206,342,-353,-353
3,8,206,343,-353,-353
3,8,206,349,-386,-316
3,8,207,343,-353,-353
3,8,208,344,-353,-353
3,8,208,344,-345,-361
3,8,209,284,-471,0
3,8,209,287,-469,-46
3,8,209,344,-353,-353
3,8,209,345,-353,-353
3,8,209,345,-345,-361
3,8,210,283,-471,23
3,8,210,284,-471,0
3,8,210,284,-471,23
3,8,210,285,-471,-24
3,8,210,285,-471,-11
3,8,210,285,-287,-7
3,8,210,286,-471,-24
3,8,210,286,-471,23
3,8,210,286,-469,-46
3,8,210,287,-471,23
3,8,210,288,-471,23
3,8,210,289,-471,23
3,8,210,290,-471,23
3,8,210,291,-471,23
3,8,210,292,-471,23
3,8,210,293,-471,23
3,8,210,294,-471,23
3,8,210,295,-471,23
3,8,210,296,-471,23
3,8,210,297,-471,23
3,8,210,345,-353,-353
3,8,210,346,-353,-353
3,8,210,346,-345,-361
3,8,211,284,-466,0
3,8,212,292,-447,-147
3,8,212,294,-444,0
3,8,212,296,-444,0
3,8,212,298,-444,0
3,8,215,290,-444,22
3,8,215,296,-444,22
3,8,216,284,-440,0
3,8,216,294,-422,-139
3,8,217,285,-500,0
3,8,217,286,-418,-21
3,8,219,244,-353,353
3,8,221,295,-392,0
3,8,223,284,-440,0
3,8,223,305,-392,19
3,8,225,286,-497,-11
3,8,225,307,-366,0
3,8,227,266,-429,257
3,8,227,305,-366,18
3,8,228,307,-340,0
3,8,230,284,-340,0
3,8,230,286,-471,-11
3,8,230,287,-340,-8
3,8,230,288,-339,-25
3,8,230,289,-339,-33
3,8,231,282,-340,17
3,8,231,283,-340,17
3,8,231,284,-340,0
3,8,231,284,-340,17
3,8,231,285,-340,0
3,8,231,285,-340,17
3,8,231,286,-340,-17
3,8,231,286,-340,-8
3,8,231,286,-340,17
3,8,231,287,-340,-17
3,8,231,287,-340,-8
3,8,231,287,-340,17
3,8,231,288,-340,17
3,8,231,288,-339,-25
3,8,231,289,-340,17
3,8,231,290,-340,17
3,8,231,291,-340,17
3,8,231,291,-336,-50
3,8,231,292,-340,17
3,8,231,292,-335,-58
3,8,231,293,-340,17
3,8,231,294,-340,17
3,8,231,295,-340,17
3,8,231,296,-340,17
3,8,232,284,-387,0
3,8,232,284,-335,0
3,8,232,285,-366,0
3,8,232,286,-314,-16
3,8,232,287,-314,-16
3,8,232,289,-314,0
3,8,232,292,-314,0
3,8,232,293,-314,0
3,8,232,294,-314,0
3,8,232,295,-314,0
3,8,232,296,-314,0
3,8,232,298,-314,0
3,8,232,299,-323,-106
3,8,233,272,-478,144
3,8,233,284,-335,0
3,8,234,284,-407,0
3,8,234,285,-471,0
3,8,237,285,-500,0
3,8,237,285,-497,0
6,15,186,408,85,492
6,15,190,440,29,393
6,15,216,453,-132,126
6,15,219,449,-151,144
6,15,219,450,-153,178
6,15,219,450,-116,141
6,15,222,447,-199,207
6,15,225,446,-227,216
6,15,234,453,-136,158
6,15,235,450,-153,178
6,15,235,450,-136,158
6,15,239,445,-199,207
6,15,241,422,-351,351
6,15,242,422,-351,351
6,15,243,422,-351,351
6,15,244,422,-351,351
6,15,244,453,-136,158
6,15,245,417,-325,340
6,15,247,417,-325,340
6,15,248,415,-314,314
6,15,249,415,-314,314
6,15,249,422,-351,351
6,15,252,425,0,473
6,15,253,408,25,338
6,15,253,467,99,-121
6,15,254,422,-351,351
6,15,256,407,0,314
6,15,256,408,0,500
6,15,256,410,0,340
6,15,256,411,0,340
6,15,256,411,0,376
6,15,256,413,0,366
6,15,256,453,-28,127
6,15,257,407,0,314
6,15,257,410,-17,340
6,15,257,448,-46,204
6,15,257,449,-27,180
6,15,257,451,-58,116
6,15,258,407,0,314
6,15,258,422,-351,351
6,15,259,407,0,314
6,15,259,410,-33,338
6,15,259,445,0,26
6,15,260,407,0,314
6,15,260,441,-98,325
6,15,260,447,-140,220
6,15,260,588,0,-500
6,15,261,407,0,314
6,15,261,410,-58,334
6,15,262,407,0,314
6,15,262,410,-66,333
6,15,263,407,0,314
6,15,264,407,0,314
6,15,265,407,0,314
6,15,265,463,-219,84
6,15,266,407,0,314
6,15,266,409,-98,325
6,15,266,422,-351,351
6,15,266,447,-208,268
6,15,267,407,0,314
6,15,267,422,-351,351
6,15,268,407,0,314
6,15,268,422,-351,351
6,15,268,440,-217,326
6,15,269,448,0,183
6,15,270,442,23,312
6,15,270,444,27,286
6,15,270,448,0,209
6,15,270,450,0,183
6,15,270,452,0,183
6,15,272,448,0,235
6,15,272,449,0,209
6,15,272,449,0,235
6,15,272,450,0,183
6,15,272,450,0,209
6,15,273,411,26,364
6,15,273,443,-21,286
6,15,274,410,0,340
6,15,276,410,0,340
6,15,278,422,-351,351
6,15,279,422,-351,351
6,15,280,408,-47,389
6,15,280,422,-351,351
6,15,281,422,-351,351
6,15,282,422,-351,351
6,15,282,454,16,49
6,15,283,422,-351,351
6,15,284,422,-351,351
6,15,284,556,-290,-374
6,15,287,418,-345,361
6,15,287,494,71,-38
6,15,291,416,-337,322
6,15,291,418,-350,316
6,15,292,416,-337,322
6,15,292,418,-350,316
6,15,297,445,-359,-71
6,15,297,477,193,-213
6,15,299,444,-278,195
6,15,299,451,-364,-298
6,15,299,452,-421,126
6,15,300,457,-428,129
6,15,301,459,-437,97
6,15,302,495,-234,317
6,15,303,544,-412,-233
6,15,305,484,-472,-35
6,15,306,455,-180,-436
6,15,306,488,-287,-14
6,15,307,551,-500,11
6,15,308,533,-498,37
6,15,310,465,-345,361
6,15,312,545,-500,0
6,15,321,536,-500,11
6,15,330,516,-500,0
4,15,110,491,0,0
4,15,136,535,0,130
4,15,152,450,-32,-99
4,15,154,460,201,55
4,15,167,540,37,69
4,15,168,436,307,92
4,15,171,423,0,500
4,15,171,440,0,395
4,15,171,452,-24,326
4,15,171,454,0,261
4,15,171,460,-20,-16
4,15,171,460,-14,-21
4,15,172,449,-19,263
4,15,172,450,-3,25
4,15,175,450,-83,332
4,15,177,444,-138,310
4,15,185,407,-144,478
4,15,187,449,-27,-154
4,15,188,465,133,-128
4,15,189,467,153,-30
4,15,191,467,-182,-36
4,15,193,466,-210,-25
4,15,197,540,-433,-192
4,15,201,542,-361,-345
4,15,206,460,-439,87
4,15,207,447,-335,371
4,15,208,420,-277,416
4,15,208,454,-446,158
4,15,210,457,-387,271
4,15,210,459,-464,92
4,15,210,529,-498,-48
4,15,211,460,-466,81
4,15,212,448,-335,371
4,15,212,449,-335,371
4,15,213,423,-345,361
4,15,213,424,-345,361
4,15,213,447,-326,378
4,15,214,422,-335,371
4,15,214,446,-361,345
4,15,214,446,-345,361
4,15,214,447,-326,378
4,15,215,448,-345,361
4,15,215,452,-466,179
4,15,216,448,-361,345
4,15,216,448,-345,361
4,15,216,454,-361,345
4,15,218,442,-345,361
4,15,218,443,-345,361
4,15,219,444,-345,361
4,15,222,455,-361,345
4,15,222,460,-494,74
4,15,223,455,-453,136
4,15,227,458,-433,108
4,15,227,459,-437,97
4,15,227,577,-345,-361
4,15,228,536,-488,-109
4,15,230,456,-457,125
4,15,231,458,-433,108
4,15,232,452,-470,167
4,15,232,452,-466,179
4,15,232,457,-459,114
4,15,232,527,-474,-156
4,15,233,454,-474,156
4,15,233,458,-403,121
4,15,233,458,-400,131
4,15,236,456,-484,121
4,15,237,457,-488,109
4,15,237,458,-490,97
4,15,239,452,-426,128
4,15,241,454,-484,121
4,15,241,456,-484,121
4,15,242,452,-468,166
4,15,242,463,-470,57
4,15,242,466,-473,10
4,15,242,467,-473,0
4,15,243,451,-474,156
4,15,248,467,-209,0
4,15,248,535,-490,-97
4,15,251,532,-488,-109
4,15,254,533,-490,-97
4,15,255,468,-500,0
4,15,257,453,-253,63
4,15,261,523,-307,30
4,15,267,540,-470,-167
4,15,271,530,-496,-60
3,14,57,462,35,-206
3,14,115,417,-91,130
3,14,128,523,-500,0
3,14,129,523,-500,0
3,14,159,428,0,0
3,14,161,427,77,-99
3,14,163,428,-13,-22
3,14,166,427,23,-12
3,14,166,427,26,-275
3,14,166,427,46,-25
3,14,166,428,-7,-290
3,14,166,431,-156,-276
3,14,167,427,26,0
3,14,167,433,-333,-211
3,14,168,427,0,0
3,14,168,427,98,-147
3,14,168,430,-48,-498
3,14,168,435,-167,78
3,14,169,431,-205,-307
3,14,171,393,-85,492
3,14,172,416,-4,78
3,14,172,435,-154,42
3,14,172,435,155,-35
3,14,174,430,105,149
3,14,174,435,161,-86
3,14,174,437,154,103
3,14,176,429,64,-212
3,14,176,432,-113,-113
3,14,176,441,328,219
3,14,178,440,188,89
3,14,179,443,385,171
3,14,180,378,-121,484
3,14,182,404,-140,424
3,14,183,399,-159,445
3,14,183,399,-148,449
3,14,183,468,-4,25
3,14,193,436,-290,0
3,14,194,468,-447,0
3,14,195,450,-287,0
3,14,195,450,15,-159
3,14,196,417,-339,250
3,14,198,408,-316,316
3,14,198,409,-316,316
3,14,198,452,232,315
3,14,204,468,-421,0
3,14,205,410,-381,281
3,14,209,390,-335,371
3,14,210,406,-402,296
3,14,210,460,-464,92
3,14,211,416,-287,408
3,14,211,452,-466,179
3,14,212,457,-316,386
3,14,213,452,-320,114
3,14,214,445,-345,361
3,14,214,452,-316,386
3,14,215,452,-361,345
3,14,217,397,-359,343
3,14,217,397,-351,351
3,14,217,406,-359,343
3,14,217,407,-359,343
3,14,217,407,-351,351
3,14,217,408,-359,343
3,14,217,408,-351,351
3,14,217,409,-351,351
3,14,217,410,-351,351
3,14,217,442,-345,361
3,14,218,397,-359,343
3,14,218,439,-345,361
3,14,218,442,-345,361
3,14,218,443,-345,361
3,14,219,444,-345,361
3,14,220,403,-333,332
3,14,220,404,-340,325
3,14,220,405,-340,325
3,14,220,406,-340,325
3,14,220,407,-340,325
3,14,220,408,-340,325
3,14,220,409,-340,325
3,14,220,410,-340,325
3,14,220,411,-340,325
3,14,220,412,-340,325
3,14,220,413,-340,325
3,14,220,414,-340,325
3,14,220,415,-340,325
3,14,220,416,-325,340
3,14,220,418,-340,325
3,14,220,436,-345,361
3,14,221,403,-340,325
3,14,221,404,-340,325
3,14,221,405,-340,325
3,14,221,406,-340,325
3,14,221,407,-340,325
3,14,221,408,-340,325
3,14,221,409,-340,325
3,14,221,410,-340,325
3,14,221,411,-340,325
3,14,221,412,-340,325
3,14,221,413,-340,325
3,14,221,414,-318,351
3,14,221,414,-316,349
3,14,221,415,-340,325
3,14,221,418,-340,325
3,14,221,452,-500,0
3,14,222,418,-350,316
3,14,222,418,-340,325
3,14,222,440,-353,353
3,14,224,417,-394,306
3,14,225,410,-378,326
3,14,225,464,-492,85
3,14,226,466,-498,48
3,14,227,467,-500,11
3,14,227,468,-500,0
3,14,236,444,-500,0
3,14,236,452,-500,0
108,55,3384,1782,314,0
108,55,3384,1789,314,0
108,55,3384,1791,314,0
108,55,3384,1795,314,0
108,55,3384,1797,314,0
108,55,3384,1799,314,0
108,55,3384,1803,314,0
108,55,3399,1799,418,0
108,55,3399,1803,418,0
108,55,3399,1827,497,0
108,55,3399,1827,500,0
108,55,3430,1839,169,-442
108,55,3443,1848,9,-418
108,55,3444,1840,264,-324
108,55,3444,1845,191,-462
109,56,3428,1827,500,0
109,56,3428,1828,500,0
109,56,3441,1805,438,87
109,56,3444,1818,0,-302
109,56,3444,1820,121,-484
109,56,3514,1867,488,-109
68,118,2116,3773,500,0
68,118,2121,3804,473,0
68,118,2124,3769,203,457
68,118,2125,3787,473,0
68,118,2125,3791,471,-35
68,118,2132,3807,417,50
68,118,2136,3807,393,38
68,118,2202,3714,345,361
67,117,2067,3747,500,0
67,117,2067,3747,500,11
67,117,2067,3773,500,0
67,117,2068,3742,496,60
67,117,2068,3742,498,48
67,117,2069,3741,496,60
67,117,2072,3787,314,0
67,117,2080,3806,392,-20
67,117,2080,3808,442,-43
67,117,2081,3806,391,-29
67,117,2082,3806,421,-21
67,117,2083,3804,392,0
67,117,2087,3787,418,0
67,117,2087,3812,418,0
67,117,2102,3826,345,-361
67,117,2132,3680,0,500
67,117,2134,3820,317,-351
67,117,2140,3794,151,393
67,117,2149,3813,406,111
67,117,2164,3689,0,473
43,8,1427,338,0,-473
43,8,1430,353,-179,-466
43,8,1432,357,-179,-466
43,8,1447,237,-48,-498
43,8,1449,243,-87,-130
43,8,1473,326,-366,-300
43,8,1486,258,-444,10
43,8,1489,339,-394,-306
43,8,1490,243,-471,23
43,8,1490,245,-471,23
43,8,1490,247,-471,23
43,8,1490,249,-471,23
43,8,1490,251,-471,23
43,8,1490,253,-471,23
43,8,1490,255,-471,23
43,8,1490,257,-471,23
43,8,1490,258,-469,34
43,8,1497,259,-500,0
43,8,1507,232,-366,18
43,8,1508,262,-469,-35
43,8,1509,234,-340,0
43,8,1509,260,-471,-11
43,8,1511,241,-340,17
43,8,1511,242,-340,17
43,8,1511,244,-340,17
43,8,1511,246,-340,17
43,8,1511,248,-340,17
43,8,1511,250,-340,17
43,8,1511,252,-340,17
43,8,1511,254,-340,17
43,8,1511,256,-340,17
43,8,1511,256,-339,25
43,8,1511,257,-339,25
43,8,1515,259,-444,0
43,8,1517,259,-500,0
43,2,1441,119,-141,341
43,2,1451,146,0,-473
43,2,1451,157,0,-500
43,2,1451,172,0,-500
43,2,1458,161,-132,-482
43,2,1460,166,-132,-482
43,2,1461,145,-114,-459
43,2,1462,140,-140,-425
43,2,1462,141,-140,-425
43,2,1463,144,-148,-450
43,2,1490,92,-473,10
43,2,1500,119,-353,-353
43,2,1501,125,-340,-325
43,2,1516,99,-500,11
68,119,2111,3832,500,0
68,119,2111,3841,426,-256
68,119,2121,3804,473,0
68,119,2125,3828,473,0
68,119,2132,3807,417,50
68,119,2140,3798,274,353
68,119,2155,3790,-293,121
68,119,2160,3793,-208,-20
68,119,2226,3738,361,345
43,5,1451,261,0,-500
43,5,1451,269,0,-500
43,5,1453,266,-60,-496
43,5,1462,187,-137,-453
43,5,1464,112,-170,442
43,5,1468,102,-395,211
43,5,1468,184,-212,-424
43,5,1471,187,-236,-441
43,5,1471,194,-246,-435
43,5,1481,171,-418,0
43,5,1485,159,-444,0
43,5,1489,156,-471,10
43,5,1490,156,-473,0
43,5,1490,158,-471,-24
43,5,1490,159,-471,23
43,5,1490,163,-471,23
43,5,1490,164,-471,23
43,5,1490,165,-471,23
43,5,1490,166,-471,23
43,5,1490,174,-471,23
43,5,1490,182,-471,23
43,5,1490,184,-471,23
43,5,1490,186,-471,23
43,5,1490,188,-471,23
43,5,1490,190,-471,23
43,5,1490,191,-471,23
43,5,1490,192,-471,23
43,5,1490,193,-471,23
43,5,1490,194,-471,23
43,5,1490,196,-471,23
43,5,1490,198,-471,23
43,5,1495,172,-444,22
43,5,1496,224,-353,-353
43,5,1496,224,-345,-361
43,5,1497,156,-418,0
43,5,1500,156,-500,-11
43,5,1500,157,-500,0
43,5,1500,228,-361,-345
43,5,1500,229,-353,-353
43,5,1502,231,-353,-353
43,5,1510,156,-340,0
43,5,1511,156,-314,0
43,5,1511,158,-340,17
43,5,1511,159,-340,-8
43,5,1511,159,-340,17
43,5,1511,162,-340,17
43,5,1511,163,-340,17
43,5,1511,164,-340,17
43,5,1511,165,-340,17
43,5,1511,170,-340,17
43,5,1511,171,-340,17
43,5,1511,173,-340,17
43,5,1511,179,-340,17
43,5,1511,181,-340,17
43,5,1511,183,-340,17
43,5,1511,185,-340,17
43,5,1511,187,-340,17
43,5,1511,188,-340,17
43,5,1511,189,-340,17
43,5,1511,190,-340,17
43,5,1511,191,-340,17
43,5,1511,191,-314,0
43,5,1511,192,-340,7
43,5,1511,192,-340,17
43,5,1511,193,-340,17
43,5,1511,195,-340,17
43,5,1511,196,-340,17
43,5,1511,197,-340,17
43,5,1511,199,-340,17
43,5,1511,200,-340,17
43,5,1512,156,-314,0
43,5,1512,187,-314,0
43,5,1512,195,-314,0
43,5,1513,196,-314,-7
43,5,1515,157,-500,0
42,4,1337,204,308,-359
42,4,1340,201,291,-339
42,4,1457,166,-167,-470
42,4,1457,169,-156,-474
42,4,1458,167,-167,-470
42,4,1464,166,-306,-394
42,4,1464,167,-306,-394
42,4,1469,156,-500,0
44,1,1451,111,0,-447
44,1,1451,118,0,-500
44,1,1451,122,0,-500
44,1,1451,128,0,-500
44,1,1476,82,-76,306
44,1,1480,107,-335,-371
44,1,1486,97,-361,-345
44,1,1517,123,-344,-359
44,1,1520,73,-235,0
44,1,1527,68,-459,0
44,1,1530,67,-500,0
44,1,1531,70,-498,-48
44,1,1531,91,-482,-132
44,1,1536,93,-361,-345
67,120,2067,3875,500,0
67,120,2069,3875,500,0
67,120,2070,3875,500,0
67,120,2070,3889,482,-132
67,120,2072,3828,314,0
67,120,2072,3830,314,0
67,120,2072,3832,314,0
67,120,2072,3848,314,0
67,120,2072,3849,314,0
67,120,2072,3858,314,0
67,120,2072,3860,314,0
67,120,2072,3861,314,0
67,120,2072,3863,314,0
67,120,2072,3865,314,0
67,120,2072,3867,314,0
67,120,2072,3869,314,0
67,120,2072,3870,314,0
67,120,2072,3871,314,0
67,120,2072,3872,314,0
67,120,2072,3873,314,0
67,120,2072,3875,314,0
67,120,2072,3877,340,-8
67,120,2074,3873,340,7
67,120,2076,3822,366,-8
67,120,2080,3875,500,0
67,120,2085,3912,353,-353
67,120,2087,3875,418,0
67,120,2087,3875,500,0
67,120,2089,3875,473,0
67,120,2093,3875,473,0
67,120,2093,3876,471,-24
67,120,2096,3872,471,0
67,120,2121,3875,264,0
67,120,2127,3794,132,482
67,120,2140,3798,291,339
67,120,2164,3823,0,0
68,121,2109,3875,474,156
68,121,2111,3875,500,0
68,121,2112,3875,500,0
68,121,2114,3875,496,60
68,121,2115,3875,494,74
68,121,2120,3864,441,236
68,121,2120,3877,451,212
68,121,2124,3862,167,470
68,121,2128,3863,109,488
68,121,2251,3803,0,500
68,121,2252,3862,137,256
68,121,2258,3864,341,33
68,121,2258,3864,365,-151
67,122,2075,3881,500,0
67,122,2076,3879,500,0
67,122,2076,3881,500,0
67,122,2079,3875,366,0
67,122,2081,3873,392,8
67,122,2081,3873,395,8
67,122,2082,3873,392,8
67,122,2082,3874,392,0
67,122,2083,3862,332,332
67,122,2083,3865,332,332
67,122,2083,3875,332,332
67,122,2083,3875,471,0
67,122,2083,3876,332,332
67,122,2084,3876,340,325
67,122,2090,3874,444,22
67,122,2096,3875,500,0
67,122,2099,3879,421,150
67,122,2115,3890,219,189
67,122,2122,3880,212,0
67,122,2123,3881,185,0
67,122,2124,3879,185,0
67,122,2124,3881,185,0
67,122,2129,3885,66,173
67,122,2132,3827,0,500
67,122,2132,3833,0,500
67,122,2132,3891,120,56
67,122,2134,3883,100,27
67,122,2134,3884,166,-83
67,122,2135,3890,69,-169
67,122,2137,3885,254,-188
67,122,2141,3883,25,1
67,122,2148,3883,-24,-10
66,124,2048,3949,470,167
66,124,2051,3951,466,179
66,124,2057,3934,361,345
66,124,2058,3916,353,353
66,124,2058,3955,484,121
66,124,2064,3941,470,167
66,124,2067,3906,332,332
66,124,2067,3956,421,0
66,124,2067,3957,209,0
66,124,2068,3949,414,72
66,124,2073,3949,355,98
66,124,2088,3912,361,345
66,124,2089,3912,361,345
66,124,2089,3916,353,353
66,124,2090,3920,353,353
66,124,2091,3912,345,361
66,124,2091,3913,353,353
66,124,2091,3916,353,353
66,124,2091,3920,353,353
66,124,2092,3927,345,361
66,124,2105,3911,371,335
66,124,2106,3948,-135,-225
66,124,2112,3943,377,239
66,124,2132,3911,0,500
109,53,3419,1720,494,-74
109,53,3423,1726,498,-37
109,53,3424,1724,500,0
109,53,3426,1725,496,-60
109,53,3438,1734,167,-470
109,53,3440,1660,451,212
109,53,3468,1680,-165,202
109,53,3540,1650,-129,428
108,54,3383,1726,335,0
108,54,3384,1763,314,0
108,54,3385,1725,340,0
108,54,3385,1726,340,0
108,54,3385,1727,340,-17
108,54,3386,1726,340,0
108,54,3395,1700,335,371
108,54,3399,1763,418,0
108,54,3400,1792,353,-353
108,54,3409,1725,447,0
108,54,3409,1726,342,-8
108,54,3411,1725,421,0
108,54,3420,1770,246,-435
108,54,3428,1752,201,-427
108,54,3433,1687,112,292
108,54,3433,1810,121,-484
107,4,3359,188,500,0
107,4,3397,216,246,-435
107,116,3352,3700,314,0
107,116,3352,3701,314,0
107,116,3352,3702,314,0
107,116,3352,3703,314,0
107,116,3352,3704,314,0
107,116,3352,3705,314,0
107,116,3352,3706,314,0
107,116,3352,3707,314,0
107,116,3352,3708,314,0
107,116,3352,3709,314,0
107,116,3352,3710,314,0
107,116,3352,3711,314,0
107,116,3352,3712,314,0
107,116,3352,3713,314,0
107,116,3352,3714,314,0
107,116,3352,3715,314,0
107,116,3352,3716,314,0
107,116,3352,3718,314,0
107,116,3352,3719,314,0
107,116,3352,3720,314,0
107,116,3352,3721,314,0
107,116,3352,3722,314,0
107,116,3352,3723,314,0
107,116,3352,3727,314,0
107,116,3352,3728,314,0
107,116,3352,3729,314,0
107,116,3352,3730,314,0
107,116,3352,3731,314,0
107,116,3352,3732,314,0
107,116,3352,3733,314,0
107,116,3352,3735,314,0
107,116,3352,3736,314,0
107,116,3352,3739,314,0
107,116,3352,3740,314,0
107,116,3352,3748,314,0
107,116,3353,3702,340,-8
107,116,3353,3703,340,-17
107,116,3355,3705,340,0
107,116,3367,3677,500,0
107,116,3367,3748,418,0
107,116,3372,3779,500,0
107,116,3400,3690,224,183
107,116,3401,3762,121,-484
107,116,3403,3772,277,-416
107,116,3404,3680,207,198
107,116,3405,3667,-323,56
107,116,3407,3678,-285,-190
107,116,3412,3696,0,-130
107,116,3412,3699,0,-130
107,116,3414,3693,152,-101
107,116,3415,3691,-33,-446
107,116,3415,3691,23,-12
107,116,3415,3698,325,-174
107,116,3416,3695,240,-160
107,116,3418,3691,23,-12
107,116,3418,3691,26,0
107,116,3418,3694,248,-372
107,116,3419,3692,151,41
108,115,3389,3680,457,203
108,115,3391,3680,500,0
108,115,3391,3682,366,141
108,115,3391,3690,500,0
108,115,3392,3677,500,0
108,115,3392,3679,435,246
108,115,3395,3678,500,0
108,115,3396,3677,500,0
108,115,3396,3715,148,-450
108,115,3405,3698,466,-81
108,115,3410,3697,442,-66
108,115,3412,3677,0,500
108,115,3412,3691,366,0
108,115,3412,3712,0,-500
108,115,3414,3700,173,-323
108,115,3417,3700,78,0
108,115,3438,3691,20,-16
108,115,3531,3632,-23,447
107,114,3346,3655,500,-11
107,114,3347,3676,500,0
107,114,3347,3677,500,0
107,114,3351,3678,335,-8
107,114,3351,3678,335,0
107,114,3352,3677,314,0
107,114,3352,3678,314,0
107,114,3352,3679,314,0
107,114,3352,3679,340,-17
107,114,3352,3680,314,0
107,114,3352,3681,314,0
107,114,3352,3683,314,0
107,114,3352,3684,314,0
107,114,3352,3685,314,0
107,114,3352,3686,314,0
107,114,3352,3687,314,0
107,114,3352,3688,314,0
107,114,3352,3690,314,0
107,114,3352,3691,314,0
107,114,3353,3677,340,0
107,114,3353,3678,340,-8
107,114,3353,3678,340,0
107,114,3353,3679,340,-17
107,114,3354,3677,340,0
107,114,3354,3692,319,-114
107,114,3355,3677,340,0
107,114,3355,3678,340,-17
107,114,3355,3678,340,-8
107,114,3355,3678,361,-8
107,114,3355,3679,340,-17
107,114,3355,3680,338,-33
107,114,3355,3681,338,-33
107,114,3355,3682,337,-41
107,114,3355,3683,334,-58
107,114,3355,3683,335,-50
107,114,3355,3685,332,-74
107,114,3355,3685,333,-66
107,114,3355,3700,340,0
107,114,3356,3702,366,-8
107,114,3360,3702,392,-9
107,114,3363,3681,392,0
107,114,3367,3680,418,0
107,114,3367,3681,418,0
107,114,3367,3683,418,0
107,114,3367,3684,418,0
107,114,3367,3685,418,0
107,114,3367,3687,418,0
107,114,3367,3688,418,0
107,114,3367,3690,418,0
107,114,3367,3691,418,0
107,114,3367,3716,418,0
107,114,3372,3686,444,0
107,114,3372,3687,444,0
107,114,3372,3700,444,0
107,114,3382,3730,345,-361
107,114,3384,3700,0,500
107,114,3385,3706,115,-62
107,114,3404,3753,121,-484
107,114,3405,3608,114,378
107,114,3411,3688,-28,-101
107,114,3412,3717,0,-52
107,114,3413,3693,20,208
107,114,3413,3697,27,286
107,114,3414,3693,101,152
107,114,3414,3693,116,173
107,114,3416,3692,116,105
108,113,3391,3649,429,-257
108,113,3392,3620,451,212
108,113,3392,3650,416,-277
108,113,3392,3676,478,-144
108,113,3392,3676,500,0
108,113,3396,3652,500,0
108,113,3401,3673,488,-109
108,113,3402,3644,394,-306
108,113,3402,3658,224,-447
108,113,3402,3659,212,-451
108,113,3403,3656,203,-457
108,113,3404,3652,224,-447
108,113,3406,3628,445,-43
108,113,3406,3654,167,-470
108,113,3407,3656,144,-478
108,113,3407,3658,97,-490
108,113,3408,3646,203,-457
108,113,3409,3647,156,-474
108,113,3409,3672,424,-140
108,113,3411,3636,280,-63
108,113,3411,3642,132,-482
108,113,3412,3622,143,203
108,113,3412,3630,419,-31
108,113,3412,3647,0,-500
108,113,3412,3648,0,-500
108,113,3412,3649,0,-500
108,113,3412,3650,0,-500
108,113,3412,3651,0,-500
108,113,3414,3669,403,-121
108,113,3432,3636,26,1
108,113,3440,3636,0,0
108,113,3443,3659,-29,43
108,113,3487,3570,494,74
108,113,3487,3572,500,0
108,113,3520,3573,-248,372
107,3,3348,120,478,-144
107,3,3348,130,500,11
107,3,3412,201,0,-500
107,117,3346,3779,500,0
107,117,3347,3779,500,0
107,117,3348,3779,485,0
107,117,3350,3793,482,-132
107,117,3352,3732,314,0
107,117,3352,3733,314,0
107,117,3352,3735,314,0
107,117,3352,3737,314,0
107,117,3352,3738,314,0
107,117,3352,3740,314,0
107,117,3352,3741,314,0
107,117,3352,3742,314,0
107,117,3352,3743,314,0
107,117,3352,3744,314,0
107,117,3352,3745,314,0
107,117,3352,3747,314,0
107,117,3352,3748,314,0
107,117,3352,3749,314,0
107,117,3352,3750,314,0
107,117,3352,3751,314,0
107,117,3352,3752,314,0
107,117,3352,3753,314,0
107,117,3352,3754,314,0
107,117,3352,3755,314,0
107,117,3352,3756,314,0
107,117,3352,3757,314,0
107,117,3352,3758,314,0
107,117,3352,3759,314,0
107,117,3352,3760,314,0
107,117,3352,3761,314,0
107,117,3352,3762,314,0
107,117,3352,3763,314,0
107,117,3352,3764,314,0
107,117,3352,3765,314,0
107,117,3352,3766,314,0
107,117,3352,3767,314,0
107,117,3352,3768,314,0
107,117,3352,3769,314,0
107,117,3352,3770,314,0
107,117,3352,3771,314,0
107,117,3352,3772,314,0
107,117,3352,3773,314,0
107,117,3352,3774,314,0
107,117,3352,3775,314,0
107,117,3352,3776,314,0
107,117,3352,3777,312,23
107,117,3352,3777,314,15
107,117,3352,3778,314,7
107,117,3352,3779,314,0
107,117,3352,3781,340,-8
107,117,3354,3777,340,7
107,117,3355,3776,338,25
107,117,3355,3777,340,0
107,117,3355,3780,361,0
107,117,3359,3780,387,0
107,117,3360,3790,482,-132
107,117,3363,3777,392,0
107,117,3364,3707,345,361
107,117,3364,3708,353,353
107,117,3367,3776,418,0
107,117,3367,3777,418,0
107,117,3367,3778,416,30
107,117,3367,3778,418,21
107,117,3367,3779,418,0
107,117,3367,3779,500,0
107,117,3373,3779,473,0
107,117,3373,3780,471,-24
107,117,3377,3779,447,0
107,117,3393,3730,157,332
107,117,3400,3749,158,445
107,117,3401,3756,141,396
107,117,3404,3736,46,310
107,117,3404,3737,53,308
107,117,3404,3737,58,334
107,117,3412,3708,0,52
1,71,139,2264,0,500
1,71,143,2307,-447,0
1,71,146,2283,-473,0
1,71,146,2307,-473,0
1,69,145,2205,-203,457
1,69,156,2243,-361,-345
1,69,160,2236,-500,0
2,74,139,2289,0,500
2,74,139,2299,0,500
2,74,139,2352,0,-130
2,74,166,2361,-323,309
2,74,169,2356,-327,342
2,74,174,2340,-353,353
2,74,188,2323,-340,325
2,74,188,2326,-340,325
2,74,188,2338,-340,325
2,74,189,2334,-316,349
2,74,191,2337,-340,325
2,74,191,2338,-340,325
2,74,192,2335,-321,307
2,74,193,2322,-378,326
2,41,107,1286,-94,-90
2,41,124,1243,0,500
2,41,124,1260,0,302
2,41,124,1261,0,261
2,41,124,1262,0,367
2,41,124,1279,0,328
2,41,125,1243,-25,500
2,41,126,1269,-7,103
2,41,127,1235,-48,498
2,41,132,1283,-150,279
2,41,133,1269,-130,-87
2,41,135,1289,-51,-230
2,41,139,1281,0,0
2,41,146,1320,121,46
2,41,147,1273,-112,406
2,41,147,1294,-146,309
2,41,147,1294,-123,319
2,41,151,1307,395,0
2,41,152,1254,-144,478
2,41,153,1244,-386,316
2,41,154,1248,48,496
2,41,174,1284,-438,181
2,41,175,1293,-441,76
2,41,179,1289,-459,114
2,41,182,1289,-498,-37
2,41,182,1290,-498,-37
2,41,184,1286,-351,351
2,41,184,1290,-498,-37
2,41,184,1298,-351,351
2,41,185,1271,-351,351
2,41,185,1272,-359,343
2,41,185,1273,-351,351
2,41,185,1274,-359,343
2,41,185,1283,-418,9
2,41,185,1287,-500,0
2,41,185,1289,-500,-25
2,41,186,1267,-382,229
2,41,186,1274,-359,343
2,41,186,1290,-500,-25
2,41,187,1290,-500,-25
2,41,188,1263,-400,294
2,41,188,1268,-340,325
2,41,188,1269,-340,325
2,41,188,1270,-340,325
2,41,188,1270,-330,155
2,41,188,1271,-333,332
2,41,188,1273,-340,325
2,41,188,1274,-340,325
2,41,188,1277,-340,325
2,41,188,1278,-340,325
2,41,188,1279,-340,325
2,41,188,1280,-340,325
2,41,188,1282,-340,325
2,41,188,1283,-340,325
2,41,188,1284,-340,325
2,41,188,1289,-340,325
2,41,188,1289,-333,332
2,41,188,1292,-340,325
2,41,188,1293,-340,325
2,41,188,1293,-325,340
2,41,188,1294,-340,325
2,41,189,1268,-340,325
2,41,189,1269,-340,325
2,41,189,1270,-340,325
2,41,189,1271,-340,325
2,41,189,1273,-340,325
2,41,189,1274,-340,325
2,41,189,1277,-340,325
2,41,189,1281,-340,325
2,41,189,1283,-392,0
2,41,189,1284,-471,0
2,41,189,1284,-340,325
2,41,189,1289,-340,325
2,41,189,1292,-340,325
2,41,189,1294,-340,325
2,41,190,1264,-325,340
2,41,190,1279,-441,53
2,41,190,1284,-392,0
2,41,191,1272,-340,325
2,41,191,1281,-392,8
2,41,191,1281,-391,28
2,41,191,1291,-314,314
2,41,192,1275,-321,307
2,41,192,1276,-321,307
2,41,192,1282,-391,28
2,41,192,1284,-500,0
2,41,192,1284,-366,0
2,41,192,1289,-321,307
2,41,193,1269,-378,326
2,41,193,1272,-378,326
2,41,193,1281,-366,8
2,41,193,1283,-431,0
2,41,193,1288,-378,326
2,41,194,1274,-490,97
2,41,194,1284,-500,0
2,41,195,1277,-442,66
2,41,203,1347,-500,0
107,50,3379,1654,428,-129
107,50,3379,1656,421,-150
107,50,3402,1689,345,-361
107,50,3402,1690,345,-361
107,50,3409,1682,345,-361
107,50,3440,1653,82,-251
107,50,3444,1658,16,-20
107,50,3444,1679,0,-447
108,51,3392,1711,321,-307
108,51,3396,1708,340,-325
108,51,3399,1704,351,-351
108,51,3432,1712,148,-450
108,51,3443,1717,191,-462
108,51,3443,1720,167,-470
108,51,3444,1719,0,-500
108,51,3451,1680,153,306
108,57,3378,1827,500,0
108,57,3379,1827,500,0
108,57,3381,1827,500,0
108,57,3382,1828,500,0
108,57,3383,1828,335,0
108,57,3384,1824,312,23
108,57,3384,1825,312,23
108,57,3384,1825,314,15
108,57,3384,1827,314,0
108,57,3384,1828,335,0
108,57,3384,1829,340,-8
108,57,3387,1817,329,82
108,57,3387,1819,333,66
108,57,3390,1887,497,-25
108,57,3391,1842,498,48
108,57,3391,1884,500,-11
108,57,3392,1897,390,-150
108,57,3405,1852,361,-345
108,57,3407,1826,314,7
108,57,3408,1782,471,0
108,57,3409,1828,447,0
108,57,3410,1770,353,353
108,57,3410,1885,417,-224
108,57,3436,1895,75,-250
108,57,3463,1893,160,206
108,57,3469,1898,266,110
2,68,163,2129,-272,386
2,68,168,2139,-418,223
2,68,170,2144,-372,248
2,68,173,2136,-366,299
2,68,181,2175,-345,361
2,68,191,2236,-392,0
2,68,192,2236,-366,0
2,68,204,2174,-495,48
2,68,204,2179,-500,0
2,70,133,2225,127,-28
2,70,140,2183,-109,488
2,70,146,2333,-224,-447
2,70,151,2191,-148,449
2,70,157,2184,-203,457
2,70,184,2236,-418,0
2,70,184,2272,-353,-353
2,70,185,2205,-500,0
2,70,190,2279,-353,-353
2,70,199,2236,-314,0
2,73,114,2323,99,-121
2,73,139,2279,0,500
2,73,169,2314,-400,131
2,73,185,2311,-500,0
2,73,188,2310,-325,340
2,73,188,2311,-340,325
2,73,188,2314,-340,325
2,73,189,2314,-340,325
2,73,193,2305,-366,8
2,73,193,2306,-366,0
2,73,193,2306,-366,8
2,73,194,2300,-492,85
3,75,140,2361,-5,104
3,75,152,2331,-156,474
3,75,153,2326,-156,474
3,75,170,2387,107,-5
3,75,175,2367,-335,371
3,75,176,2340,-277,416
3,75,179,2359,-345,361
3,75,182,2342,-335,371
3,75,182,2368,-141,155
3,75,205,2377,-428,129
10,123,388,3881,0,473
54,90,1745,2820,-74,494
54,90,1825,2822,-361,345
57,90,1789,2853,255,266
57,90,1880,2847,-319,274
61,88,1923,2764,181,438
107,112,3347,3612,500,11
107,112,3348,3620,500,0
107,112,3351,3609,498,48
107,112,3354,3591,442,-33
107,112,3356,3592,441,-53
107,112,3360,3653,321,-307
107,112,3360,3656,321,-307
107,112,3360,3663,321,-307
107,112,3362,3645,340,-325
107,112,3362,3647,340,-325
107,112,3363,3545,353,353
107,112,3363,3546,361,345
107,112,3363,3648,325,-340
107,112,3364,3648,325,-340
107,112,3364,3657,340,-325
107,112,3364,3658,340,-325
107,112,3364,3659,340,-325
107,112,3364,3660,340,-325
107,112,3367,3644,351,-351
107,112,3367,3646,351,-351
107,112,3367,3649,351,-351
107,112,3367,3653,351,-351
107,112,3367,3654,351,-351
107,112,3367,3655,351,-351
107,112,3367,3656,351,-351
107,112,3367,3665,351,-351
107,112,3370,3597,492,-85
107,112,3371,3662,361,-345
107,112,3377,3529,361,345
107,112,3378,3633,442,-66
107,112,3382,3637,403,-121
107,112,3384,3676,471,0
107,112,3392,3673,441,-236
107,112,3396,3667,191,-462
107,112,3397,3667,179,-466
107,112,3398,3672,122,-372
107,112,3400,3664,148,-450
107,112,3403,3686,132,-482
107,112,3405,3681,132,-482
107,112,3408,3666,57,-470
107,112,3410,3600,-162,-303
107,112,3411,3629,315,30
107,112,3412,3695,0,-500
107,112,3418,3635,-8,369
107,112,3418,3636,-267,169
107,112,3418,3636,-212,301
107,112,3418,3636,-169,298
107,112,3418,3636,-48,392
107,112,3418,3636,-23,11
107,112,3418,3636,-5,51
107,112,3501,3544,-38,393
107,112,3507,3604,209,0
107,112,3520,3527,0,500
107,112,3532,3621,-48,-498
108,118,3391,3779,500,0
108,118,3391,3780,498,48
108,118,3391,3780,500,0
108,118,3392,3779,500,0
108,118,3392,3780,500,0
108,118,3393,3780,500,0
108,118,3394,3779,496,60
108,118,3395,3779,494,74
108,118,3395,3779,500,0
108,118,3396,3779,500,0
108,118,3400,3781,451,212
108,118,3400,3781,462,191
108,118,3406,3769,167,470
108,118,3412,3774,0,500
108,118,3429,3792,357,-89
108,118,3435,3787,-78,0
108,118,3436,3787,-23,-12
108,118,3437,3787,-14,-22
108,118,3438,3787,-5,-104
108,118,3439,3787,-7,-104
108,118,3439,3787,0,0
108,118,3440,3796,-162,302
108,118,3442,3792,24,46
108,118,3499,3730,0,183
108,118,3506,3755,-141,191
108,118,3528,3727,-236,441
107,119,3358,3780,387,0
107,119,3358,3780,405,0
107,119,3359,3779,366,0
107,119,3359,3779,500,0
107,119,3359,3780,387,0
107,119,3359,3780,405,0
107,119,3360,3779,366,0
107,119,3360,3780,387,0
107,119,3361,3777,392,8
107,119,3362,3777,392,8
107,119,3362,3778,392,0
107,119,3363,3766,332,332
107,119,3363,3767,332,332
107,119,3363,3768,332,332
107,119,3363,3768,340,325
107,119,3363,3770,332,332
107,119,3363,3771,332,332
107,119,3363,3772,332,332
107,119,3363,3777,332,332
107,119,3363,3778,332,332
107,119,3363,3779,332,332
107,119,3366,3760,375,237
107,119,3367,3782,358,343
107,119,3382,3780,380,0
107,119,3383,3780,380,0
107,119,3384,3788,381,104
107,119,3386,3763,500,0
107,119,3399,3857,496,-60
107,119,3400,3755,136,453
107,119,3402,3784,212,0
107,119,3404,3763,76,277
107,119,3404,3783,185,0
107,119,3404,3785,185,0
107,119,3405,3782,133,0
107,119,3405,3782,159,0
107,119,3412,3728,191,462
107,119,3412,3783,261,19
107,119,3413,3791,74,-138
107,119,3413,3795,46,-63
107,119,3415,3787,-37,-498
107,119,3416,3788,140,155
107,119,3422,3787,-117,-58
107,119,3422,3789,-72,-415
107,119,3424,3787,-60,-85
107,119,3425,3787,18,-49
107,119,3425,3787,26,0
107,119,3426,3787,18,17
107,119,3426,3787,25,-5
107,119,3426,3787,25,6
107,119,3426,3788,138,-119
106,121,3329,3849,500,-11
106,121,3330,3847,500,-11
106,121,3330,3848,500,-11
106,121,3330,3850,500,-11
106,121,3331,3848,500,-11
106,121,3333,3850,500,-25
106,121,3334,3846,500,0
106,121,3336,3836,500,0
106,121,3337,3900,473,0
106,121,3338,3846,498,-37
106,121,3344,3844,438,181
106,121,3347,3810,332,332
106,121,3348,3810,340,325
106,121,3351,3813,358,343
106,121,3352,3844,467,166
106,121,3352,3850,433,108
106,121,3353,3849,458,114
106,121,3355,3846,445,158
106,121,3356,3850,433,108
106,121,3357,3849,431,118
106,121,3363,3809,325,340
106,121,3363,3810,332,332
106,121,3365,3821,408,287
106,121,3366,3822,416,277
106,121,3368,3816,361,345
106,121,3369,3816,361,345
106,121,3369,3817,361,345
106,121,3369,3817,371,335
106,121,3370,3815,345,361
106,121,3370,3824,353,353
106,121,3370,3825,416,277
106,121,3371,3817,353,353
106,121,3371,3824,353,353
106,121,3371,3827,345,361
106,121,3372,3820,353,353
106,121,3372,3831,345,361
106,121,3386,3857,-171,-120
106,121,3386,3859,-162,-86
106,121,3390,3847,16,-316
106,121,3396,3832,0,395
106,121,3401,3796,121,484
106,121,3406,3835,-372,-248
106,121,3408,3850,433,108
106,121,3410,3857,208,15
106,121,3410,3857,364,54
106,121,3411,3839,17,342
106,121,3412,3832,0,104
106,121,3412,3832,0,395
106,121,3416,3851,-166,-83
106,121,3416,3851,170,163
106,121,3419,3851,-23,-12
106,121,3502,3894,-447,0
106,121,3517,3833,-371,335
100,2,3196,143,0,-447
100,2,3296,158,-353,-353
101,1,3275,107,287,0
103,2,3246,140,361,-345
103,2,3260,107,52,0
103,2,3281,158,332,-333
103,2,3296,159,342,-327
103,2,3308,154,361,-345
104,1,3259,19,500,11
