43,1,1316,44,496,60
43,1,1327,48,445,43
43,1,1331,48,419,41
43,1,1360,52,0,0
43,1,1365,119,435,-246
43,1,1365,119,447,-224
43,1,1366,113,482,-132
43,1,1367,115,466,-179
43,1,1367,116,466,-179
43,1,1368,117,451,-212
43,1,1368,122,402,-296
43,1,1370,107,500,0
43,1,1371,113,457,-203
43,1,1371,113,466,-179
43,1,1375,107,392,0
43,1,1375,119,371,-335
43,1,1377,112,451,-212
43,1,1380,125,335,-371
43,1,1387,76,-39,-38
43,1,1389,111,87,-439
43,1,1390,111,87,-439
43,1,1402,129,-132,-482
84,125,2740,3941,-351,351
84,125,2741,3943,-371,335
84,125,2742,3942,-351,351
84,125,2743,3942,-351,351
84,125,2744,3942,-351,351
84,125,2745,3942,-351,351
84,125,2746,3942,-351,351
84,125,2746,3974,-122,-260
84,125,2747,3942,-351,351
84,125,2748,3922,0,500
84,125,2748,3942,-351,351
84,125,2750,3940,-369,333
84,125,2750,3942,-351,351
84,125,2751,3940,-369,333
84,125,2751,3941,-351,351
84,125,2752,3937,-325,340
84,125,2752,3942,-351,351
84,125,2753,3978,-258,299
84,125,2756,3927,0,314
84,125,2756,3938,-340,325
84,125,2761,3927,0,314
84,125,2762,3927,0,314
84,125,2762,3928,0,314
84,125,2762,3928,25,338
84,125,2763,3927,0,314
84,125,2763,3929,35,364
84,125,2764,3927,0,314
84,125,2764,3927,15,314
84,125,2765,3927,0,314
84,125,2766,3962,23,312
84,125,2766,3968,0,209
84,125,2766,3972,0,157
84,125,2768,3930,0,340
84,125,2768,3942,-351,351
84,125,2769,3964,-28,286
84,125,2770,3930,0,340
84,125,2770,3933,-50,335
84,125,2770,3940,-369,333
84,125,2771,3930,-66,333
84,125,2771,3942,-351,351
84,125,2772,3940,-369,333
84,125,2772,3942,-351,351
84,125,2773,3942,-351,351
84,125,2775,3942,-351,351
84,125,2777,3932,-140,339
84,125,2778,3932,-140,339
84,125,2779,3939,-369,333
84,125,2779,3954,-190,403
84,125,2780,3961,-242,343
84,125,2787,3942,0,418
84,125,2791,3965,-407,0
84,125,2795,3944,-246,435
84,125,2799,3974,-263,-117
84,125,2801,3977,-488,109
84,125,2802,3988,-473,0
84,125,2802,3988,-287,0
84,125,2805,3959,-470,167
84,125,2824,3988,-500,0
82,125,2658,3956,75,250
82,125,2663,3956,83,275
82,125,2683,3944,-361,345
82,125,2701,3970,-361,345
82,125,2702,3979,-439,87
82,125,2704,3940,-277,416
82,125,2706,3956,-345,361
82,125,2707,3938,-296,402
82,125,2708,3949,-353,353
82,125,2709,3943,-345,361
82,125,2710,3942,-335,371
82,125,2712,3968,-361,345
82,125,2714,3962,-345,361
82,125,2714,3964,-345,361
82,125,2719,3968,-332,258
82,125,2719,3973,-470,167
82,125,2727,3973,-470,167
82,125,2746,4050,-496,-60
82,125,2751,3988,-500,0
82,125,2760,3973,-470,167
82,125,2761,3973,-474,156
81,124,2659,3947,26,0
81,124,2659,3953,146,-220
81,124,2661,3948,-14,-21
81,124,2661,3950,-25,-262
81,124,2662,3947,23,-12
81,124,2662,3953,112,-145
81,124,2663,3954,-372,-199
81,124,2664,3955,-167,78
81,124,2665,3950,-95,-231
81,124,2665,3954,-101,123
81,124,2667,3891,0,500
81,124,2670,3954,138,-119
81,124,2670,3963,144,-217
81,124,2676,3898,-121,484
81,124,2679,3925,-161,389
81,124,2679,3951,-344,132
81,124,2698,3917,-345,361
81,124,2706,3911,-361,345
81,124,2707,3971,-361,345
81,124,2713,3917,-359,343
81,124,2713,3917,-351,351
81,124,2713,3927,-351,351
81,124,2713,3929,-359,343
81,124,2713,3930,-351,351
81,124,2713,3948,-345,361
81,124,2714,3962,-345,361
81,124,2715,3964,-345,361
81,124,2716,3923,-333,332
81,124,2716,3924,-340,325
81,124,2716,3926,-340,325
81,124,2716,3927,-340,325
81,124,2716,3927,-333,332
81,124,2716,3929,-340,325
81,124,2716,3932,-340,325
81,124,2716,3936,-340,325
81,124,2716,3936,-325,340
81,124,2716,3938,-340,325
81,124,2716,3945,-345,361
81,124,2717,3923,-340,325
81,124,2717,3924,-340,325
81,124,2717,3925,-340,325
81,124,2717,3926,-340,325
81,124,2717,3931,-340,325
81,124,2717,3932,-340,325
81,124,2717,3934,-316,349
81,124,2717,3936,-340,325
81,124,2717,3938,-340,325
81,124,2718,3938,-340,325
81,124,2720,3987,-500,11
81,124,2721,3926,-378,326
81,124,2721,3931,-378,326
81,124,2723,3966,-500,-11
81,124,2731,3966,-500,0
40,124,1276,3893,48,498
40,124,1304,3928,0,395
40,124,1340,3928,0,395
40,124,1344,3896,0,500
40,124,1344,3898,0,340
40,124,1367,3907,-264,357
40,124,1394,3956,-473,0
40,124,1420,3956,-500,0
38,124,1321,3942,-474,156
3,122,176,3886,-89,357
3,122,178,3885,-74,494
3,122,187,3846,-441,236
3,122,188,3847,-441,236
3,122,189,3911,-212,423
3,122,192,3844,-500,0
3,122,197,3844,-500,0
3,122,203,3890,-345,361
3,122,206,3876,-353,353
3,122,206,3929,-185,346
3,122,208,3905,-361,345
3,122,214,3868,-287,408
3,122,214,3901,-345,361
3,122,217,3898,-345,361
3,122,218,3877,-359,343
3,122,218,3898,-345,361
3,122,218,3899,-345,361
3,122,220,3859,-340,325
3,122,220,3862,-340,325
3,122,220,3867,-340,325
3,122,220,3871,-316,349
3,122,220,3872,-325,340
3,122,220,3874,-340,325
3,122,221,3859,-340,325
3,122,221,3872,-325,340
3,122,221,3874,-340,325
3,122,222,3874,-340,325
3,122,225,3858,-378,326
3,122,226,3878,-402,296
81,122,2635,3882,0,235
81,122,2660,3886,-266,-360
81,122,2671,3887,-41,-337
81,122,2672,3858,-132,482
81,122,2678,3877,109,-488
81,122,2690,3891,-283,49
81,122,2691,3907,-52,0
81,122,2693,3896,-392,0
81,122,2693,3907,-264,0
81,122,2697,3893,-418,0
81,122,2697,3898,-418,0
81,122,2697,3901,-418,0
81,122,2697,3903,-418,0
81,122,2698,3854,-335,371
81,122,2699,3907,-421,0
81,122,2705,3905,-471,23
81,122,2705,3906,-471,23
81,122,2706,3891,-471,23
81,122,2706,3892,-471,23
81,122,2706,3893,-471,23
81,122,2706,3894,-471,23
81,122,2706,3895,-471,23
81,122,2706,3896,-471,23
81,122,2706,3897,-471,23
81,122,2706,3899,-471,23
81,122,2706,3901,-471,23
81,122,2706,3902,-471,23
81,122,2706,3903,-471,23
81,122,2706,3904,-471,23
81,122,2706,3905,-471,23
81,122,2712,3868,-418,0
81,122,2716,3908,-500,-25
81,122,2723,3909,-471,-24
81,122,2726,3904,-340,17
81,122,2726,3905,-340,7
81,122,2726,3905,-340,17
81,122,2727,3889,-340,17
81,122,2727,3890,-340,17
81,122,2727,3891,-340,17
81,122,2727,3892,-340,17
81,122,2727,3893,-340,17
81,122,2727,3894,-340,17
81,122,2727,3895,-340,17
81,122,2727,3896,-340,17
81,122,2727,3897,-340,17
81,122,2727,3898,-340,17
81,122,2727,3900,-340,17
81,122,2727,3901,-340,17
81,122,2727,3902,-340,17
81,122,2727,3903,-340,17
81,122,2727,3904,-340,17
81,122,2727,3909,-444,-22
81,122,2728,3891,-314,0
81,122,2728,3892,-314,0
81,122,2728,3894,-314,0
81,122,2728,3896,-314,0
81,122,2728,3898,-490,97
81,122,2728,3905,-314,0
81,122,2728,3905,-314,7
81,122,2728,3906,-314,0
81,122,2733,3907,-500,0
124,122,3902,3878,402,296
124,122,3905,3856,321,307
124,122,3905,3873,340,325
124,122,3905,3874,340,325
124,122,3906,3874,340,325
124,122,3907,3859,332,332
124,122,3907,3859,340,325
124,122,3907,3860,332,332
124,122,3907,3860,340,325
124,122,3907,3861,340,325
124,122,3907,3862,332,332
124,122,3907,3864,332,332
124,122,3907,3864,340,325
124,122,3907,3865,332,332
124,122,3907,3865,340,325
124,122,3907,3866,332,332
124,122,3907,3867,332,332
124,122,3907,3868,332,332
124,122,3907,3869,332,332
124,122,3907,3870,332,332
124,122,3907,3872,325,340
124,122,3907,3872,332,332
124,122,3907,3880,353,353
124,122,3908,3850,332,332
124,122,3908,3872,325,340
124,122,3911,3853,358,343
124,122,3911,3854,358,343
124,122,3911,3873,358,343
124,122,3921,3908,447,0
124,122,3932,3892,291,304
124,122,3932,3911,342,-8
124,122,3933,3892,291,304
124,122,3934,3890,291,304
124,122,3934,3910,316,-7
124,122,3942,3988,167,-470
124,122,3944,3888,-316,-386
124,122,3947,3893,-462,-191
124,122,3950,3895,-472,46
124,122,3952,3892,-249,24
124,122,3953,3876,-390,-220
124,122,3954,3891,-249,24
124,122,3956,3870,0,52
124,122,3956,3890,0,-209
124,122,3956,3891,0,-130
124,122,3957,3891,21,-14
124,122,3958,3885,152,-101
124,122,3959,3883,-25,-5
124,122,3959,3890,325,-174
124,122,3960,3883,-20,-275
124,122,3960,3884,126,31
124,122,3961,3883,-58,-87
124,122,3961,3885,203,-276
124,122,3962,3883,23,-12
124,122,3962,3886,248,-372
124,122,3972,3973,279,-279
124,122,3976,3887,165,-235
125,121,3936,3867,386,316
125,121,3948,3867,224,447
125,121,3953,3885,442,66
125,121,3956,3868,0,500
125,121,3956,3869,0,500
125,121,3961,3888,326,217
125,121,3984,3883,84,-219
80,121,2644,3890,-230,57
80,121,2658,3862,-283,346
80,121,2661,3859,-316,386
80,121,2663,3854,-316,386
80,121,2667,3872,-419,-41
80,121,2667,3901,0,-433
80,121,2671,3873,-446,-33
80,121,2674,3870,-473,0
80,121,2674,3871,-473,0
80,121,2674,3875,-473,0
80,121,2674,3892,-473,0
80,121,2678,3868,-500,0
80,121,2683,3907,-500,0
80,121,2684,3907,-500,0
80,121,2687,3900,-466,-179
80,121,2689,3903,-451,-212
80,121,2690,3898,-488,-109
80,121,2690,3903,-451,-212
3,121,154,3859,233,-125
3,121,157,3851,139,-313
3,121,159,3836,-323,-309
3,121,166,3847,44,-366
3,121,169,3828,-369,-198
3,121,169,3850,116,-174
3,121,171,3841,0,185
3,121,174,3855,-6,264
3,121,184,3814,-144,478
3,121,213,3846,-500,0
3,121,217,3833,-351,351
3,121,217,3848,-500,0
3,121,220,3830,-340,325
3,121,220,3832,-340,325
3,121,220,3833,-340,325
3,121,220,3834,-340,325
3,121,220,3835,-340,325
3,121,220,3836,-340,325
3,121,220,3838,-340,325
3,121,220,3850,-340,325
3,121,220,3850,-333,332
3,121,220,3851,-340,325
3,121,220,3852,-371,335
3,121,221,3843,-392,0
3,121,221,3850,-340,325
3,121,221,3851,-340,325
3,121,222,3839,-441,53
3,121,222,3841,-412,30
3,121,223,3841,-391,28
3,121,224,3842,-391,28
3,121,224,3843,-500,25
3,121,224,3844,-366,0
3,121,224,3849,-361,345
3,121,225,3829,-378,326
3,121,225,3841,-366,8
3,121,226,3834,-490,97
37,121,1298,3874,-469,34
37,121,1319,3873,-339,25
37,121,1321,3876,-444,0
37,121,1325,3875,-500,0
2,120,139,3823,0,0
2,120,143,3842,-210,-112
2,120,147,3860,0,0
2,120,149,3819,-20,16
2,120,163,3857,-232,51
2,120,170,3851,-407,111
2,120,173,3818,-361,345
2,120,173,3831,-366,299
2,120,178,3844,-473,0
2,120,179,3824,-378,326
2,120,179,3849,-459,114
2,120,182,3843,-500,0
2,120,183,3821,-441,236
2,120,184,3822,-394,306
2,120,188,3819,-500,0
2,120,188,3819,-492,85
124,120,3890,3843,500,0
124,120,3891,3843,500,0
124,120,3894,3857,482,-132
124,120,3896,3828,314,0
124,120,3896,3829,314,0
124,120,3896,3830,314,0
124,120,3896,3831,314,0
124,120,3896,3832,314,0
124,120,3896,3833,314,0
124,120,3896,3834,314,0
124,120,3896,3835,314,0
124,120,3896,3836,314,0
124,120,3896,3837,314,0
124,120,3896,3838,314,0
124,120,3896,3839,314,0
124,120,3896,3840,314,0
124,120,3896,3842,314,0
124,120,3896,3843,314,0
124,120,3896,3845,340,-8
124,120,3904,3846,314,314
124,120,3907,3830,332,332
124,120,3907,3831,332,332
124,120,3907,3834,332,332
124,120,3907,3837,332,332
124,120,3907,3838,332,332
124,120,3907,3846,332,332
124,120,3907,3847,332,332
124,120,3907,3850,332,332
124,120,3910,3820,418,0
124,120,3911,3837,358,343
124,120,3911,3844,358,343
124,120,3924,3820,497,-11
124,120,3927,3916,317,-351
124,120,3936,3800,335,371
124,120,3942,3840,158,445
124,120,3948,3830,-56,282
124,120,3948,3832,53,308
124,120,3949,3835,58,334
124,120,3950,3822,-218,89
124,120,3954,3930,25,-500
80,120,2639,3881,-84,278
80,120,2643,3887,165,-202
80,120,2649,3891,403,-121
80,120,2667,3872,-419,-41
80,120,2671,3873,-446,-33
80,120,2672,3897,-335,-371
80,120,2673,3837,-203,457
80,120,2673,3868,-473,0
80,120,2674,3851,-473,0
80,120,2674,3868,-473,0
80,120,2674,3869,-473,0
80,120,2674,3870,-473,0
80,120,2674,3871,-473,0
80,120,2674,3880,-473,0
80,120,2678,3868,-500,0
80,120,2679,3904,-441,-236
2,119,142,3856,219,146
2,119,174,3843,-447,0
2,119,176,3814,-378,326
2,119,178,3819,-473,0
2,119,178,3820,-473,0
2,119,178,3843,-473,0
2,119,182,3843,-500,0
2,119,182,3844,-500,0
2,119,193,3818,-500,0
124,119,3891,3843,500,0
124,119,3894,3857,482,-132
124,119,3895,3856,474,-156
124,119,3896,3796,314,0
124,119,3896,3799,314,0
124,119,3896,3800,314,0
124,119,3896,3802,314,0
124,119,3896,3804,314,0
124,119,3896,3805,314,0
124,119,3896,3807,314,0
124,119,3896,3811,314,0
124,119,3896,3815,314,0
124,119,3896,3818,314,0
124,119,3896,3822,314,0
124,119,3896,3823,314,0
124,119,3896,3824,314,0
124,119,3896,3825,314,0
124,119,3896,3826,314,0
124,119,3896,3828,314,0
124,119,3896,3832,314,0
124,119,3896,3833,314,0
124,119,3896,3834,314,0
124,119,3896,3836,314,0
124,119,3896,3837,314,0
124,119,3896,3838,314,0
124,119,3896,3839,314,0
124,119,3896,3840,314,0
124,119,3896,3841,314,0
124,119,3896,3842,314,0
124,119,3896,3843,314,0
124,119,3896,3845,340,-8
124,119,3898,3841,340,7
124,119,3899,3787,340,0
124,119,3899,3824,340,0
124,119,3900,3789,366,-8
124,119,3901,3789,366,-18
124,119,3902,3843,500,0
124,119,3904,3854,482,-132
124,119,3911,3841,418,0
124,119,3911,3842,418,0
124,119,3911,3843,418,0
124,119,3911,3843,500,0
124,119,3917,3843,473,0
124,119,3917,3844,471,-24
124,119,3926,3843,421,0
124,119,3956,3786,90,-160
124,119,3956,3854,43,28
124,119,3956,3859,0,0
124,119,3958,3789,152,-101
124,119,3959,3794,325,-174
81,119,2661,3773,-185,0
81,119,2668,3853,65,43
81,119,2668,3866,-159,239
81,119,2671,3854,-30,312
81,119,2672,3856,-289,14
81,119,2673,3870,377,239
81,119,2686,3815,-340,0
81,119,2691,3755,-466,179
81,119,2692,3804,-316,0
81,119,2697,3811,-418,21
81,119,2702,3805,-447,0
81,119,2706,3803,-471,23
81,119,2706,3804,-471,23
81,119,2706,3806,-471,-24
81,119,2706,3806,-471,23
81,119,2706,3808,-471,23
81,119,2706,3810,-471,23
81,119,2706,3810,-469,34
81,119,2706,3811,-471,23
81,119,2706,3814,-471,23
81,119,2706,3823,-471,23
81,119,2706,3839,-471,23
81,119,2706,3840,-471,23
81,119,2706,3841,-471,23
81,119,2706,3842,-471,23
81,119,2706,3843,-471,23
81,119,2706,3845,-471,23
81,119,2706,3846,-471,23
81,119,2706,3848,-471,23
81,119,2706,3849,-471,23
81,119,2708,3811,-444,10
81,119,2708,3850,-444,0
81,119,2711,3810,-444,22
81,119,2712,3805,-500,0
81,119,2712,3872,-353,-353
81,119,2715,3805,-500,0
81,119,2715,3849,-417,30
81,119,2715,3876,-345,-361
81,119,2716,3805,-500,0
81,119,2716,3876,-345,-361
81,119,2717,3876,-353,-353
81,119,2718,3879,-353,-353
81,119,2719,3809,-391,28
81,119,2719,3811,-392,19
81,119,2719,3843,-392,19
81,119,2719,3868,-392,0
81,119,2719,3879,-353,-353
81,119,2720,3868,-366,0
81,119,2723,3811,-366,18
81,119,2723,3843,-366,18
81,119,2725,3807,-339,33
81,119,2725,3811,-340,0
81,119,2726,3807,-340,-8
81,119,2727,3802,-340,17
81,119,2727,3803,-340,17
81,119,2727,3804,-340,17
81,119,2727,3805,-340,17
81,119,2727,3807,-340,-8
81,119,2727,3807,-340,17
81,119,2727,3809,-340,17
81,119,2727,3810,-340,17
81,119,2727,3812,-340,17
81,119,2727,3813,-340,17
81,119,2727,3814,-340,17
81,119,2727,3817,-340,17
81,119,2727,3820,-340,17
81,119,2727,3821,-340,17
81,119,2727,3822,-340,17
81,119,2727,3825,-340,17
81,119,2727,3827,-340,17
81,119,2727,3830,-340,17
81,119,2727,3836,-340,17
81,119,2727,3838,-340,17
81,119,2727,3839,-340,17
81,119,2727,3840,-340,17
81,119,2727,3841,-340,17
81,119,2727,3842,-340,17
81,119,2727,3844,-340,17
81,119,2727,3845,-340,17
81,119,2727,3846,-340,17
81,119,2727,3847,-340,17
81,119,2727,3848,-340,17
81,119,2728,3812,-314,0
81,119,2728,3838,-314,0
81,119,2728,3850,-314,0
81,119,2729,3790,-478,144
81,119,2729,3805,-500,0
81,119,2731,3805,-500,0
81,119,2733,3805,-500,0
3,118,157,3842,-250,-305
3,118,172,3759,-374,-188
3,118,172,3818,-130,195
3,118,173,3760,-2,52
3,118,180,3747,-277,416
3,118,184,3802,-287,0
3,118,192,3786,-277,416
3,118,196,3810,-342,0
3,118,201,3767,-418,0
3,118,201,3787,-418,0
3,118,201,3793,-418,0
3,118,201,3801,-418,0
3,118,201,3806,-418,0
3,118,210,3767,-471,23
3,118,210,3768,-471,23
3,118,210,3769,-471,23
3,118,210,3771,-471,23
3,118,210,3773,-471,23
3,118,210,3774,-471,23
3,118,210,3775,-471,23
3,118,210,3776,-471,23
3,118,210,3777,-471,23
3,118,210,3778,-471,23
3,118,210,3779,-471,23
3,118,210,3780,-471,23
3,118,210,3781,-471,23
3,118,210,3782,-471,23
3,118,210,3784,-471,23
3,118,210,3790,-471,23
3,118,210,3791,-471,23
3,118,210,3793,-471,23
3,118,210,3794,-471,23
3,118,210,3795,-471,23
3,118,210,3796,-471,23
3,118,210,3797,-471,23
3,118,210,3798,-471,23
3,118,210,3799,-471,23
3,118,210,3801,-471,23
3,118,210,3803,-471,23
3,118,210,3804,-471,23
3,118,210,3807,-471,23
3,118,210,3808,-471,23
3,118,210,3809,-471,23
3,118,210,3810,-471,23
3,118,210,3811,-471,23
3,118,210,3812,-471,23
3,118,210,3813,-471,23
3,118,210,3814,-471,23
3,118,210,3815,-471,23
3,118,210,3817,-471,23
3,118,215,3789,-444,22
3,118,215,3814,-444,22
3,118,216,3775,-345,361
3,118,217,3843,-500,0
3,118,218,3843,-500,0
3,118,227,3788,-366,18
3,118,231,3761,-340,17
3,118,231,3762,-340,17
3,118,231,3765,-340,17
3,118,231,3766,-340,17
3,118,231,3767,-340,17
3,118,231,3768,-340,17
3,118,231,3770,-340,17
3,118,231,3771,-340,17
3,118,231,3772,-340,17
3,118,231,3773,-340,17
3,118,231,3774,-340,17
3,118,231,3775,-340,17
3,118,231,3776,-340,17
3,118,231,3777,-340,17
3,118,231,3778,-340,17
3,118,231,3779,-340,17
3,118,231,3780,-340,17
3,118,231,3781,-340,17
3,118,231,3783,-340,17
3,118,231,3786,-340,17
3,118,231,3787,-340,17
3,118,231,3789,-340,17
3,118,231,3790,-340,17
3,118,231,3791,-340,17
3,118,231,3792,-340,17
3,118,231,3793,-340,17
3,118,231,3794,-340,17
3,118,231,3795,-340,17
3,118,231,3796,-340,17
3,118,231,3797,-340,17
3,118,231,3798,-340,17
3,118,231,3800,-340,17
3,118,231,3801,-340,17
3,118,231,3802,-340,17
3,118,231,3803,-340,17
3,118,231,3804,-340,17
3,118,231,3805,-340,17
3,118,231,3806,-340,17
3,118,231,3807,-340,17
3,118,231,3808,-340,17
3,118,231,3809,-340,17
3,118,231,3810,-340,17
3,118,231,3811,-340,17
3,118,231,3812,-340,17
3,118,231,3813,-340,17
3,118,231,3814,-340,17
3,118,231,3816,-340,17
3,118,232,3772,-314,0
3,118,232,3780,-314,0
3,118,232,3781,-314,0
3,118,232,3804,-314,0
3,118,232,3806,-314,0
3,118,232,3810,-314,0
3,118,232,3816,-314,0
3,118,232,3818,-314,0
37,118,1311,3773,-500,0
37,118,1319,3770,-340,17
125,118,3953,3789,438,87
125,118,3953,3807,97,-490
125,118,3954,3790,442,66
125,118,3975,3787,14,-21
125,118,3984,3796,-1,26
3,117,52,3744,0,500
3,117,171,3711,-21,289
3,117,171,3719,-16,19
3,117,177,3682,-224,447
3,117,183,3695,-148,449
3,117,191,3704,-113,108
3,117,191,3771,-236,-441
3,117,191,3783,-261,-261
3,117,194,3762,-366,0
3,117,201,3744,-418,0
3,117,201,3760,-418,0
3,117,201,3776,-418,0
3,117,209,3740,-471,10
3,117,209,3745,-471,-11
3,117,210,3739,-471,23
3,117,210,3740,-471,23
3,117,210,3741,-471,23
3,117,210,3742,-471,-24
3,117,210,3742,-471,23
3,117,210,3743,-471,23
3,117,210,3744,-471,23
3,117,210,3745,-471,23
3,117,210,3746,-471,23
3,117,210,3747,-471,23
3,117,210,3748,-471,23
3,117,210,3749,-471,23
3,117,210,3751,-471,23
3,117,210,3756,-471,23
3,117,210,3760,-471,23
3,117,210,3775,-471,23
3,117,210,3777,-471,23
3,117,212,3740,-444,0
3,117,213,3742,-444,-10
3,117,215,3744,-444,22
3,117,215,3749,-444,22
3,117,215,3754,-444,22
3,117,215,3757,-444,22
3,117,215,3763,-444,22
3,117,216,3740,-418,0
3,117,216,3807,-353,-353
3,117,216,3808,-353,-353
3,117,217,3740,-418,0
3,117,217,3741,-500,0
3,117,221,3812,-353,-353
3,117,222,3815,-353,-353
3,117,230,3740,-340,0
3,117,230,3743,-340,-8
3,117,230,3745,-340,-8
3,117,230,3746,-340,-8
3,117,231,3738,-340,17
3,117,231,3739,-340,17
3,117,231,3740,-340,17
3,117,231,3740,-314,0
3,117,231,3741,-340,17
3,117,231,3742,-340,17
3,117,231,3743,-340,-8
3,117,231,3743,-340,17
3,117,231,3744,-340,17
3,117,231,3745,-340,17
3,117,231,3746,-340,17
3,117,231,3747,-340,17
3,117,231,3748,-340,17
3,117,231,3750,-340,17
3,117,231,3753,-340,17
3,117,231,3755,-340,17
3,117,231,3756,-340,17
3,117,231,3759,-340,17
3,117,231,3761,-340,17
3,117,231,3762,-340,17
3,117,231,3772,-340,17
3,117,231,3774,-340,17
3,117,231,3775,-340,17
3,117,231,3776,-340,17
3,117,232,3740,-314,0
3,117,232,3741,-314,0
3,117,232,3742,-314,0
3,117,233,3727,-478,144
3,117,236,3741,-500,0
3,117,237,3741,-500,0
37,117,1268,3801,-277,-416
37,117,1311,3744,-500,0
124,117,3893,3741,500,0
124,117,3895,3742,335,0
124,117,3896,3744,314,0
124,117,3896,3765,314,0
124,117,3896,3766,314,0
124,117,3896,3775,314,0
124,117,3896,3777,314,0
124,117,3896,3778,314,0
124,117,3896,3779,314,0
124,117,3896,3780,314,0
124,117,3896,3781,314,0
124,117,3896,3782,314,0
124,117,3896,3784,314,0
124,117,3896,3785,314,0
124,117,3896,3787,314,0
124,117,3897,3743,340,-17
124,117,3899,3742,340,-17
124,117,3899,3783,340,0
124,117,3901,3720,416,277
124,117,3905,3815,353,-353
124,117,3908,3812,353,-353
124,117,3911,3777,418,0
124,117,3911,3778,418,0
124,117,3911,3779,418,0
124,117,3911,3780,418,0
124,117,3911,3781,418,0
124,117,3911,3782,418,0
124,117,3911,3783,418,0
124,117,3911,3784,418,0
124,117,3911,3785,418,0
124,117,3911,3787,418,0
124,117,3912,3808,353,-353
124,117,3918,3744,471,0
124,117,3920,3780,471,0
124,117,3939,3768,75,-107
124,117,3949,3783,261,0
124,117,3957,3793,27,286
124,117,3958,3789,116,173
124,117,3958,3792,25,260
124,117,3958,3796,-25,500
124,117,3959,3796,-23,12
2,116,161,3730,-447,22
2,116,171,3717,0,418
2,116,174,3725,-439,87
2,116,177,3750,-167,-470
2,116,179,3755,-179,-466
2,116,189,3740,-500,0
2,116,189,3741,-500,0
2,116,189,3741,-466,-179
2,116,190,3741,-496,-60
2,116,192,3740,-500,0
2,116,192,3741,-500,0
125,116,3935,3741,500,0
125,116,3935,3742,498,-37
125,116,3936,3740,478,-144
125,116,3936,3740,500,0
125,116,3936,3741,500,0
125,116,3938,3741,496,-60
125,116,3940,3738,466,-179
125,116,3940,3741,492,-85
125,116,3942,3705,306,394
125,116,3950,3750,167,-470
125,116,3953,3725,442,66
125,116,3956,3710,0,500
125,116,3965,3731,447,10
125,116,3972,3723,25,7
3,115,164,3732,0,369
3,115,164,3732,23,11
3,115,165,3725,-263,175
3,115,171,3725,-288,35
3,115,180,3707,-94,90
3,115,182,3760,-137,-453
3,115,183,3764,-144,-478
3,115,196,3653,-272,386
3,115,204,3673,-325,98
3,115,212,3722,-361,345
3,115,217,3748,-359,-344
3,115,217,3749,-359,-344
3,115,217,3750,-359,-344
3,115,217,3751,-359,-344
3,115,217,3751,-351,-351
3,115,217,3752,-359,-344
3,115,218,3742,-418,-21
3,115,218,3742,-418,0
3,115,220,3753,-333,-333
3,115,220,3755,-333,-333
3,115,221,3738,-340,-325
3,115,221,3751,-340,-325
3,115,221,3752,-340,-325
3,115,221,3753,-340,-325
3,115,221,3754,-340,-325
3,115,221,3755,-340,-325
3,115,222,3740,-392,0
3,115,222,3742,-392,-9
3,115,222,3742,-392,0
3,115,222,3743,-392,-9
3,115,223,3740,-392,0
3,115,223,3743,-392,-9
3,115,223,3747,-494,-74
3,115,224,3741,-418,0
3,115,225,3740,-387,0
3,115,225,3741,-500,0
3,115,226,3747,-494,-74
3,115,226,3748,-492,-85
3,115,227,3741,-500,0
124,115,3902,3741,500,0
124,115,3902,3748,494,-74
124,115,3903,3741,500,0
124,115,3903,3742,387,-9
124,115,3903,3748,492,-85
124,115,3904,3742,392,-20
124,115,3904,3742,392,0
124,115,3904,3743,391,-29
124,115,3904,3745,444,-33
124,115,3904,3749,321,-307
124,115,3904,3752,321,-307
124,115,3904,3754,321,-307
124,115,3904,3755,321,-307
124,115,3904,3758,321,-307
124,115,3904,3759,321,-307
124,115,3905,3742,391,-29
124,115,3905,3742,392,-9
124,115,3905,3742,392,0
124,115,3905,3743,391,-29
124,115,3905,3743,392,-9
124,115,3906,3740,392,0
124,115,3906,3741,392,0
124,115,3906,3743,392,-9
124,115,3907,3740,392,0
124,115,3907,3741,392,0
124,115,3908,3749,340,-325
124,115,3908,3756,340,-325
124,115,3909,3742,418,0
124,115,3911,3732,351,-351
124,115,3911,3739,351,-351
124,115,3911,3742,351,-351
124,115,3911,3745,351,-351
124,115,3911,3747,351,-351
124,115,3911,3748,351,-351
124,115,3911,3751,351,-351
124,115,3911,3752,351,-351
124,115,3913,3710,473,0
124,115,3917,3684,339,291
124,115,3944,3764,156,-474
124,115,3952,3727,393,29
124,115,3959,3728,338,50
124,115,3961,3725,258,181
124,115,3961,3732,-24,9
124,115,3962,3732,-26,1
124,115,3962,3732,20,15
124,115,3964,3732,-23,11
124,115,3965,3602,-132,482
3,114,171,3697,-400,253
3,114,177,3695,-48,-498
3,114,177,3696,217,-90
3,114,179,3689,55,-282
3,114,179,3695,-66,-442
3,114,181,3731,-121,-484
3,114,182,3681,-111,-445
3,114,182,3708,0,407
3,114,182,3723,-121,-484
3,114,182,3724,-121,-484
3,114,183,3689,-105,-419
3,114,184,3733,-277,-416
3,114,185,3688,-91,-300
3,114,186,3726,-144,-478
3,114,187,3725,-156,-474
3,114,190,3671,-233,-412
3,114,191,3671,-233,-412
3,114,193,3677,-246,-435
3,114,206,3634,-361,-345
3,114,209,3638,-361,-345
3,114,210,3638,-361,-345
3,114,213,3647,-361,-345
3,114,213,3648,-361,-345
3,114,213,3650,-361,-345
3,114,217,3613,-345,361
3,114,217,3614,-353,353
3,114,217,3654,-361,-345
3,114,217,3655,-361,-345
3,114,217,3708,-344,-359
3,114,218,3706,-359,-344
3,114,220,3682,-361,-345
3,114,220,3703,-353,-353
3,114,220,3712,-325,-340
3,114,220,3712,-316,-350
3,114,220,3713,-316,-350
3,114,221,3676,-500,0
3,114,221,3709,-340,-325
3,114,222,3672,-466,-179
3,114,222,3673,-466,-179
3,114,222,3688,-386,-316
3,114,222,3706,-345,-361
3,114,222,3709,-340,-325
3,114,222,3710,-350,-316
3,114,222,3710,-340,-325
3,114,223,3704,-361,-345
3,114,223,3710,-350,-316
3,114,224,3686,-361,-345
3,114,226,3676,-500,0
3,114,226,3691,-386,-316
3,114,228,3706,-408,-287
3,114,231,3676,-500,0
3,114,231,3676,-466,-179
3,114,231,3677,-466,-179
3,114,234,3684,-500,0
3,114,235,3670,-488,-109
3,114,236,3673,-498,37
3,114,236,3676,-500,11
124,114,3891,3676,500,11
124,114,3893,3652,500,0
124,114,3901,3706,408,-287
124,114,3901,3707,408,-287
124,114,3902,3709,386,-316
124,114,3904,3716,321,-307
124,114,3904,3718,321,-307
124,114,3905,3710,349,-316
124,114,3906,3709,340,-325
124,114,3906,3710,340,-325
124,114,3907,3709,340,-325
124,114,3907,3710,340,-325
124,114,3907,3712,325,-340
124,114,3907,3715,317,-351
124,114,3908,3712,325,-340
124,114,3910,3700,345,-361
124,114,3911,3709,351,-351
124,114,3911,3710,351,-351
124,114,3911,3711,351,-351
124,114,3911,3712,351,-351
124,114,3911,3715,351,-351
124,114,3911,3716,351,-351
124,114,3911,3718,287,-408
124,114,3911,3718,351,-351
124,114,3911,3719,351,-351
124,114,3911,3720,351,-351
124,114,3914,3696,353,-353
124,114,3922,3710,361,-345
124,114,3926,3678,296,-402
124,114,3929,3639,98,-35
124,114,3933,3683,224,-447
124,114,3935,3740,500,0
124,114,3936,3675,257,-365
124,114,3936,3676,264,13
124,114,3937,3673,233,-412
124,114,3937,3679,203,-457
124,114,3937,3680,203,-457
124,114,3940,3672,201,-427
124,114,3941,3673,192,-433
124,114,3941,3674,192,-433
124,114,3945,3723,121,-484
124,114,3946,3754,121,-484
124,114,3948,3755,179,-466
124,114,3953,3685,-236,-441
124,114,3954,3678,-150,-279
124,114,3956,3693,74,138
124,114,3956,3696,152,101
124,114,3956,3700,0,0
124,114,3968,3597,0,473
122,88,3829,2852,500,0
122,88,3864,2829,395,-20
122,88,3895,2772,500,0
122,88,3897,2772,500,0
122,88,3898,2764,462,191
122,88,3898,2772,500,0
122,88,3899,2764,441,236
122,88,3899,2772,500,0
122,88,3900,2760,394,306
122,88,3905,2758,296,402
122,88,3915,2797,0,0
122,88,3919,2776,67,389
122,88,3919,2776,76,387
122,88,3923,2796,30,315
122,88,3924,2785,0,421
120,87,3764,2772,500,0
120,87,3766,2772,500,0
120,87,3775,2772,500,0
120,87,3788,2852,500,0
120,87,3797,2720,353,353
120,87,3798,2725,376,324
120,87,3801,2772,287,0
120,87,3802,2729,386,316
120,87,3820,2714,0,340
120,87,3821,2749,235,0
120,87,3825,2712,25,338
120,87,3827,2711,0,314
120,87,3827,2722,332,332
120,87,3828,2711,0,314
120,87,3831,2711,0,314
120,87,3833,2711,0,314
120,87,3836,2721,345,361
120,87,3838,2864,419,41
120,87,3839,2762,494,74
120,87,3843,2721,325,340
120,87,3843,2722,332,332
120,87,3848,2721,325,340
120,87,3850,2721,325,340
120,87,3850,2722,332,332
120,87,3851,2722,340,325
120,87,3856,2711,0,314
120,87,3859,2711,0,314
120,87,3859,2722,332,332
120,87,3868,2711,0,314
120,87,3872,2711,0,314
120,87,3896,2751,-319,274
123,87,3866,2772,500,0
123,87,3872,2765,470,167
123,87,3873,2769,492,85
123,87,3874,2767,470,167
123,87,3899,2772,369,0
123,87,3901,2762,341,141
123,87,3903,2764,411,92
123,87,3913,2732,353,353
123,87,3914,2726,345,361
123,87,3915,2729,353,353
123,87,3915,2729,361,345
123,87,3915,2772,-60,119
123,87,3916,2747,345,361
124,86,3902,2725,402,296
124,86,3903,2772,500,0
124,86,3905,2704,321,307
124,86,3905,2722,340,325
124,86,3906,2722,340,325
124,86,3907,2707,340,325
124,86,3907,2709,332,332
124,86,3907,2709,340,325
124,86,3907,2712,332,332
124,86,3907,2712,340,325
124,86,3907,2713,340,325
124,86,3907,2715,332,332
124,86,3907,2716,332,332
124,86,3907,2717,332,332
124,86,3907,2718,332,332
124,86,3907,2719,316,349
124,86,3907,2721,332,332
124,86,3908,2722,332,332
124,86,3908,2749,500,0
124,86,3910,2703,358,343
124,86,3911,2721,358,343
124,86,3912,2746,345,361
124,86,3913,2762,464,92
124,86,3917,2756,473,0
124,86,3917,2772,473,0
124,86,3922,2697,353,353
124,86,3934,2767,305,83
124,86,3956,2684,0,500
124,86,3961,2732,160,241
2,84,137,2784,-246,-435
2,84,144,2729,189,-377
2,84,169,2718,-418,0
2,84,170,2770,-345,-361
2,84,173,2773,-353,-353
2,84,174,2716,-444,0
2,84,174,2718,-444,0
2,84,174,2720,-443,-33
2,84,174,2774,-345,-361
2,84,176,2776,-345,-361
2,84,177,2669,-466,81
2,84,177,2716,-471,0
2,84,177,2776,-353,-353
2,84,177,2777,-345,-361
2,84,178,2718,-471,-24
2,84,178,2719,-471,23
2,84,178,2721,-471,23
2,84,178,2723,-471,23
2,84,178,2725,-471,23
2,84,178,2727,-471,23
2,84,178,2729,-471,23
2,84,181,2717,-444,-10
2,84,184,2716,-440,0
2,84,185,2717,-500,0
2,84,195,2737,-366,18
2,84,196,2741,-315,-189
2,84,197,2725,-333,-66
2,84,198,2716,-340,0
2,84,198,2719,-340,-8
2,84,198,2739,-328,-164
2,84,199,2714,-340,17
2,84,199,2717,-340,17
2,84,199,2718,-340,-17
2,84,199,2718,-340,17
2,84,199,2719,-340,-17
2,84,199,2720,-340,17
2,84,199,2720,-339,-25
2,84,199,2722,-340,17
2,84,199,2723,-336,-50
2,84,199,2724,-340,17
2,84,199,2724,-335,-58
2,84,199,2726,-340,17
2,84,199,2728,-340,17
2,84,200,2716,-335,0
2,84,200,2717,-314,0
2,84,200,2730,-314,0
2,84,203,2717,-500,0
2,84,205,2717,-500,0
124,84,3890,2691,497,0
124,84,3894,2691,340,0
124,84,3896,2679,314,0
124,84,3896,2685,314,0
124,84,3896,2691,314,0
124,84,3896,2693,340,-8
124,84,3897,2678,340,-17
124,84,3899,2667,340,0
124,84,3903,2749,500,0
124,84,3911,2652,418,0
124,84,3912,2749,500,0
124,84,3917,2716,361,-345
124,84,3931,2765,281,-381
124,84,3935,2772,500,0
124,84,3943,2766,248,-372
124,84,3944,2766,248,-372
124,84,3964,2646,291,339
125,83,3940,2650,482,-132
125,83,3940,2691,500,0
125,83,3945,2652,473,0
125,83,3949,2657,473,0
125,83,3949,2661,473,0
125,83,3949,2671,471,46
125,83,3949,2674,473,10
125,83,3949,2676,473,0
125,83,3956,2688,0,-500
125,83,3956,2688,361,-345
125,83,4066,2579,144,478
2,82,139,2676,-238,-112
2,82,140,2678,-47,-313
2,82,141,2665,45,-260
2,82,146,2721,-132,-482
2,82,148,2726,-132,-482
2,82,150,2700,-140,-425
2,82,151,2704,-148,-450
2,82,170,2696,-351,-318
2,82,170,2697,-351,-318
2,82,182,2653,-500,0
2,82,182,2692,-361,-345
2,82,185,2696,-359,-344
2,82,185,2705,-359,-344
2,82,188,2681,-345,-361
2,82,188,2697,-333,-333
2,82,189,2685,-340,-325
2,82,189,2693,-340,-325
2,82,189,2697,-340,-325
2,82,189,2699,-340,-325
2,82,202,2653,-496,60
2,82,204,2651,-500,11
125,82,3945,2652,473,0
125,82,3949,2635,473,0
125,82,3949,2651,473,0
125,82,3949,2656,473,0
125,82,3962,2668,299,-366
125,82,3962,2669,299,-366
125,82,3988,2669,152,101
125,82,3988,2671,74,138
6,81,220,2682,0,-500
6,81,220,2702,0,-500
6,81,220,2702,0,-498
6,81,224,2670,0,-444
6,81,224,2677,0,-444
6,81,224,2693,0,-340
6,81,224,2696,0,-500
6,81,226,2670,-33,-443
6,81,226,2679,-43,-443
6,81,226,2696,-25,-339
6,81,227,2680,-22,-444
6,81,227,2696,-33,-339
6,81,228,2695,-41,-337
6,81,230,2696,-58,-335
6,81,232,2666,0,-418
6,81,233,2696,-17,-340
6,81,234,2696,-17,-340
6,81,248,2683,-344,-359
6,81,251,2687,-325,-340
6,81,254,2697,0,-314
6,81,255,2666,0,-418
6,81,255,2683,-369,-334
6,81,256,2662,0,-392
6,81,256,2666,0,-418
6,81,256,2670,0,-444
6,81,256,2685,0,-414
6,81,256,2693,0,-361
6,81,256,2693,0,-340
6,81,256,2696,-17,-340
6,81,256,2696,0,-361
6,81,257,2681,-386,-316
6,81,257,2686,-333,-333
6,81,257,2696,-17,-340
6,81,258,2696,-25,-339
6,81,260,2692,-44,-363
6,81,267,2670,-22,-444
6,81,269,2696,-17,-340
6,81,272,2633,208,-20
6,81,277,2673,-126,-457
6,81,309,2635,-354,0
6,81,313,2674,-361,-345
6,81,316,2635,-407,0
6,81,320,2661,-371,-335
10,81,263,2677,353,-353
10,81,264,2635,500,0
10,81,269,2668,361,-345
10,81,306,2637,-196,-130
10,81,309,2666,0,-418
10,81,310,2640,-239,-159
10,81,310,2666,0,-418
10,81,310,2696,-17,-340
10,81,310,2697,0,-314
10,81,311,2666,0,-418
10,81,311,2696,-17,-340
10,81,312,2666,0,-418
10,81,312,2696,-17,-340
10,81,312,2697,0,-314
10,81,313,2666,0,-418
10,81,313,2696,-17,-340
10,81,314,2666,0,-418
10,81,314,2696,-17,-340
10,81,315,2666,0,-418
10,81,315,2696,-17,-340
10,81,316,2666,0,-418
10,81,316,2695,50,-336
10,81,316,2696,-17,-340
10,81,317,2666,0,-418
10,81,317,2694,33,-339
10,81,317,2696,-17,-340
10,81,318,2692,26,-365
10,81,318,2696,-17,-340
10,81,319,2688,28,-391
10,81,319,2696,-17,-340
10,81,319,2696,17,-340
10,81,320,2666,0,-418
10,81,320,2677,0,-444
10,81,320,2685,0,-414
10,81,320,2686,0,-414
10,81,320,2693,0,-361
10,81,320,2693,0,-340
10,81,320,2694,0,-361
10,81,320,2696,0,-340
10,81,321,2696,-17,-340
10,81,323,2687,332,-333
10,81,324,2687,332,-333
10,81,325,2696,-17,-340
10,81,327,2683,343,-359
10,81,328,2696,-17,-340
10,81,333,2676,353,-353
10,81,339,2696,-17,-340
10,81,342,2666,0,-418
10,81,343,2696,-17,-340
10,81,356,2671,0,-447
10,81,374,2693,-224,-447
10,81,385,2696,-11,-500
3,81,139,2652,0,-26
3,81,139,2671,0,-447
3,81,168,2667,-335,-371
3,81,174,2635,-141,75
3,81,204,2635,-433,0
3,81,224,2653,-361,-345
124,81,3890,2590,498,48
124,81,3891,2589,500,0
124,81,3892,2589,500,0
124,81,3896,2596,335,0
124,81,3896,2634,314,0
124,81,3896,2635,314,0
124,81,3896,2642,314,0
124,81,3899,2596,340,0
124,81,3904,2653,392,0
124,81,3904,2654,392,-20
124,81,3905,2654,391,-29
124,81,3905,2654,392,-20
124,81,3905,2663,353,-353
124,81,3906,2654,421,-21
124,81,3907,2652,392,0
124,81,3907,2671,397,-252
124,81,3910,2670,421,-267
124,81,3911,2634,418,0
124,81,3911,2635,418,0
124,81,3926,2584,222,85
124,81,3939,2661,279,-279
124,81,3960,2638,31,180
124,81,3962,2636,385,86
124,81,3969,2530,361,345
124,81,3972,2661,403,121
7,80,256,2653,-109,-488
7,80,256,2653,0,-500
7,80,267,2638,0,-447
7,80,282,2635,-201,-400
7,80,284,2638,0,-447
7,80,284,2643,-191,-462
7,80,284,2653,0,-500
7,80,288,2642,0,-473
7,80,299,2638,0,-447
7,80,302,2605,137,-125
7,80,305,2639,-87,-439
7,80,320,2656,60,-496
7,80,321,2652,-316,-386
7,80,324,2637,-470,-167
7,80,330,2641,-484,-121
5,80,171,2642,0,-473
5,80,179,2621,21,-421
5,80,179,2638,22,-447
5,80,179,2639,33,-446
5,80,180,2605,0,-212
5,80,185,2635,-314,-30
5,80,185,2638,-451,-212
5,80,193,2635,-500,0
5,80,200,2644,-466,-179
119,47,3807,1461,248,372
119,47,3826,1453,148,449
119,47,3826,1464,29,393
119,47,3827,1457,22,447
119,47,3828,1457,0,447
121,47,3902,1441,287,408
121,47,3915,1457,0,447
121,47,3916,1456,-23,447
116,46,3740,1394,0,500
116,46,3760,1399,0,314
116,46,3760,1441,0,157
116,46,3768,1414,-351,351
116,46,3771,1414,-351,351
116,46,3776,1402,0,340
116,46,3776,1402,0,361
116,46,3776,1403,0,340
116,46,3777,1402,-17,340
116,46,3778,1402,-25,338
116,46,3782,1402,-66,333
116,46,3787,1399,0,314
116,46,3826,1428,-361,345
120,46,3816,1440,198,207
120,46,3828,1399,0,314
120,46,3872,1399,0,314
120,46,3875,1399,0,314
120,46,3875,1399,17,340
120,46,3875,1401,17,340
120,46,3876,1394,0,500
120,46,3876,1399,0,314
123,46,3873,1456,488,109
123,46,3877,1458,492,85
123,46,3883,1459,482,132
123,46,3914,1414,345,361
123,46,3915,1417,353,353
123,46,3916,1435,345,361
124,45,3905,1410,340,325
124,45,3906,1410,340,325
124,45,3907,1395,340,325
124,45,3907,1400,332,332
124,45,3907,1400,340,325
124,45,3907,1402,332,332
124,45,3907,1404,332,332
124,45,3907,1407,332,332
124,45,3907,1408,332,332
124,45,3907,1410,340,325
124,45,3911,1390,358,343
124,45,3933,1428,291,304
124,45,3940,1440,361,345
124,45,3948,1374,121,484
124,45,3948,1441,-402,296
124,45,3954,1431,-174,-116
2,45,140,1530,-408,-287
2,45,170,1390,-335,371
2,45,173,1442,-444,10
2,45,173,1443,-444,0
2,45,174,1442,-444,10
2,45,177,1442,-467,57
2,45,178,1442,-469,34
2,45,178,1442,-467,57
2,45,178,1443,-471,10
2,45,178,1443,-469,34
2,45,185,1443,-500,0
2,45,188,1419,-325,340
2,45,188,1443,-500,0
2,45,189,1409,-325,340
2,45,189,1422,-335,334
2,45,191,1441,-391,28
2,45,197,1441,-340,7
2,45,197,1443,-340,7
2,45,198,1439,-339,33
2,45,199,1434,-333,66
2,45,199,1436,-335,58
2,45,199,1440,-340,17
2,45,199,1440,-339,25
2,45,199,1441,-339,25
2,45,199,1442,-340,7
2,45,199,1443,-340,0
2,45,203,1443,-500,0
2,45,205,1443,-500,0
1,44,68,1502,-345,-361
1,44,143,1409,-446,-33
1,44,146,1410,-473,0
1,44,147,1439,-386,-316
1,44,151,1425,-500,25
1,44,156,1443,-500,0
1,44,156,1444,-500,0
1,44,156,1444,-478,144
124,43,3891,1379,500,0
124,43,3896,1364,314,0
124,43,3896,1367,314,0
124,43,3896,1370,314,0
124,43,3896,1379,314,0
124,43,3896,1381,340,-8
124,43,3910,1338,421,0
124,43,3911,1339,418,0
1,42,20,1426,0,-473
1,42,141,1335,-345,361
1,42,146,1372,-473,0
1,42,146,1386,-473,0
1,42,146,1387,-473,0
1,42,149,1374,-361,-345
1,42,156,1411,-492,85
2,41,108,1365,-62,-175
2,41,159,1267,-418,223
2,41,168,1387,-498,48
2,41,169,1279,-372,248
2,41,178,1343,-471,23
2,41,178,1345,-471,23
2,41,178,1347,-471,23
2,41,178,1349,-471,23
2,41,178,1351,-471,23
2,41,178,1353,-471,23
2,41,195,1323,-500,0
2,41,195,1361,-366,18
2,41,199,1338,-340,17
2,41,199,1340,-340,17
2,41,199,1342,-340,17
2,41,199,1344,-340,17
2,41,199,1346,-340,17
2,41,199,1348,-340,17
2,41,199,1350,-340,17
2,41,199,1352,-340,17
2,41,200,1352,-314,0
2,41,205,1341,-500,0
2,39,139,1357,0,-500
2,39,140,1321,-109,-488
2,39,162,1259,-290,0
2,39,178,1259,-473,0
2,39,178,1311,-361,-345
2,39,178,1313,-361,-345
2,39,182,1312,-361,-345
2,39,186,1293,-335,-371
2,39,189,1309,-340,-325
2,39,189,1319,-340,-325
2,39,189,1321,-340,-325
2,39,189,1323,-340,-325
3,38,139,1295,0,-447
3,38,139,1298,0,-473
3,38,165,1291,-287,-408
3,38,168,1291,-335,-371
3,38,172,1303,-353,-353
3,38,174,1281,-361,-345
3,38,207,1273,-446,-159
3,38,217,1259,-500,0
6,38,199,1280,325,-266
6,38,220,1296,0,-473
6,38,220,1306,0,-500
6,38,220,1323,0,-366
6,38,220,1326,0,-500
6,38,225,1320,-17,-340
6,38,226,1290,0,-418
6,38,227,1320,-17,-340
6,38,230,1172,30,248
6,38,230,1290,0,-418
6,38,231,1320,-17,-340
6,38,232,1290,0,-418
6,38,232,1320,-17,-340
6,38,233,1320,-17,-340
6,38,237,1304,-22,-444
6,38,242,1307,-344,-359
6,38,244,1307,-344,-359
6,38,245,1307,-344,-359
6,38,245,1311,-325,-340
6,38,246,1307,-344,-359
6,38,247,1290,0,-418
6,38,248,1306,-351,-351
6,38,248,1307,-344,-359
6,38,248,1320,-17,-340
6,38,249,1307,-344,-359
6,38,249,1311,-325,-340
6,38,250,1290,0,-418
6,38,251,1279,0,-340
6,38,251,1320,-17,-340
6,38,252,1311,-325,-340
6,38,252,1320,-17,-340
6,38,256,1321,0,-314
6,38,258,1279,0,-340
6,38,258,1321,0,-314
6,38,259,1320,-17,-340
6,38,260,1320,-17,-340
6,38,267,1294,-22,-444
6,38,267,1320,-17,-340
6,38,269,1320,-17,-340
6,38,272,1272,-201,-427
6,38,272,1312,28,-391
6,38,274,1316,18,-366
6,38,276,1259,0,0
6,38,279,1308,-369,-334
6,38,290,1259,-290,0
5,37,179,1263,33,-446
5,37,193,1278,-287,-408
5,37,198,1274,-402,-296
5,37,199,1266,-470,-167
5,37,270,1220,-87,-436
5,37,270,1221,-167,-470
5,37,274,1172,-473,0
123,12,3859,380,500,0
123,12,3859,388,500,0
123,12,3862,400,498,37
123,12,3866,435,500,-11
123,12,3870,358,402,296
123,12,3873,354,340,325
123,12,3874,354,340,325
123,12,3875,339,332,332
123,12,3875,339,340,325
123,12,3875,343,332,332
123,12,3875,344,332,332
123,12,3875,344,340,325
123,12,3875,346,332,332
123,12,3875,348,332,332
123,12,3875,349,332,332
123,12,3875,350,332,332
123,12,3875,354,332,332
123,12,3878,364,345,361
123,12,3879,333,358,343
123,12,3880,426,-66,439
123,12,3883,347,353,353
123,12,3900,391,342,-8
123,12,3902,370,291,304
123,12,3902,371,291,304
123,12,3904,414,289,21
123,12,3912,335,148,449
123,12,3914,311,121,484
123,12,3914,351,-419,-41
123,12,3922,371,-249,24
123,12,3926,363,100,27
123,12,3930,366,248,-372
123,12,3949,363,19,-17
2,12,72,452,0,-107
2,12,139,310,0,354
2,12,139,360,-321,-203
2,12,144,372,-57,469
2,12,145,370,-74,494
2,12,146,359,-74,494
2,12,146,364,-60,496
2,12,151,342,-132,482
2,12,152,336,-121,484
2,12,152,341,-132,482
2,12,152,342,-144,478
2,12,153,331,-277,416
2,12,154,394,-190,403
2,12,155,326,-441,236
2,12,155,370,-225,355
2,12,155,388,-201,400
2,12,155,389,-192,432
2,12,155,399,-217,362
2,12,156,327,-441,236
2,12,157,387,-212,423
2,12,157,392,-224,417
2,12,157,393,-211,394
2,12,158,384,-212,451
2,12,159,380,-224,447
2,12,159,393,-233,412
2,12,160,324,-500,0
2,12,161,379,-212,451
2,12,164,352,-258,299
2,12,164,443,-466,-179
2,12,164,456,-498,48
2,12,165,379,-246,435
2,12,169,376,-257,429
2,12,169,425,151,144
2,12,171,416,-421,0
2,12,172,416,-421,0
2,12,174,358,-353,353
2,12,175,416,-447,0
2,12,175,429,-130,167
2,12,176,384,-361,345
2,12,177,445,-470,-167
2,12,178,356,-361,345
2,12,178,392,-473,0
2,12,179,387,-361,345
2,12,181,349,-353,353
2,12,181,359,-353,353
2,12,181,359,-345,361
2,12,182,348,-287,408
2,12,182,354,-316,386
2,12,182,358,-345,361
2,12,182,359,-345,361
2,12,182,382,-345,361
2,12,182,446,-462,-191
2,12,183,361,-361,345
2,12,183,389,-361,345
2,12,183,454,-457,-203
2,12,184,360,-361,345
2,12,185,345,-351,351
2,12,185,347,-351,351
2,12,185,348,-351,351
2,12,185,349,-359,343
2,12,185,349,-351,351
2,12,185,350,-351,351
2,12,185,350,-316,386
2,12,185,355,-334,368
2,12,185,357,-359,343
2,12,185,364,-345,361
2,12,185,389,-498,-37
2,12,186,357,-359,343
2,12,186,378,-345,361
2,12,186,379,-345,361
2,12,187,357,-359,343
2,12,188,339,-340,325
2,12,188,340,-340,325
2,12,188,341,-340,325
2,12,188,342,-340,325
2,12,188,343,-340,325
2,12,188,344,-340,325
2,12,188,345,-340,325
2,12,188,346,-340,325
2,12,188,346,-316,386
2,12,188,347,-340,325
2,12,188,348,-340,325
2,12,188,349,-340,325
2,12,188,350,-340,325
2,12,188,350,-316,349
2,12,188,351,-325,340
2,12,188,351,-316,349
2,12,188,352,-340,325
2,12,188,352,-325,340
2,12,188,352,-316,349
2,12,188,353,-340,325
2,12,188,354,-340,325
2,12,188,361,-345,361
2,12,189,339,-340,325
2,12,189,340,-340,325
2,12,189,343,-340,325
2,12,189,346,-340,325
2,12,189,347,-340,325
2,12,189,351,-325,340
2,12,189,352,-340,325
2,12,189,352,-325,340
2,12,189,354,-340,325
2,12,189,374,-353,353
2,12,189,381,-500,0
2,12,189,388,-500,0
2,12,190,354,-350,316
2,12,190,354,-340,325
2,12,190,376,-361,345
2,12,191,353,-340,325
2,12,191,354,-340,325
2,12,192,351,-321,307
2,12,193,338,-378,326
2,12,193,343,-378,326
2,12,194,354,-386,316
2,12,194,388,-500,0
2,12,199,388,-500,0
2,12,202,380,-500,0
2,12,203,380,-500,0
2,12,204,381,-500,0
2,12,204,388,-500,0
2,12,205,391,-498,-37
124,11,3916,344,179,466
124,11,3916,347,224,447
124,11,3921,365,442,66
124,11,3924,348,0,500
124,11,3924,349,224,447
124,11,3924,362,185,123
124,11,3924,373,16,-170
2,11,124,331,-25,-5
2,11,124,331,-25,6
2,11,124,331,-9,-24
2,11,124,331,-8,24
2,11,124,331,26,0
2,11,125,331,-59,-51
2,11,125,331,9,-78
2,11,126,331,0,-78
2,11,126,331,59,-85
2,11,126,333,-19,-17
2,11,127,332,0,130
2,11,128,331,116,-58
2,11,128,335,-156,-35
2,11,131,331,-22,-13
2,11,133,331,-26,-3
2,11,138,334,-400,-132
2,11,148,334,45,-231
2,11,152,294,-144,478
2,11,168,294,-306,-394
2,11,169,331,-407,111
2,11,169,332,-408,101
2,11,171,323,-500,0
2,11,171,416,-500,0
2,11,174,331,-437,97
2,11,181,326,-500,0
2,11,182,323,-314,7
2,11,182,326,-498,37
2,11,182,327,-498,37
2,11,183,325,-498,37
2,11,185,313,-351,351
2,11,185,314,-359,343
2,11,185,327,-500,0
2,11,185,328,-500,0
2,11,185,416,-287,-408
2,11,188,310,-340,325
2,11,188,311,-340,325
2,11,188,315,-340,325
2,11,188,316,-340,325
2,11,188,324,-340,325
2,11,189,310,-340,325
2,11,189,311,-340,325
2,11,189,315,-340,325
2,11,189,323,-392,0
2,11,190,319,-441,53
2,11,190,321,-392,8
2,11,190,324,-392,0
2,11,191,321,-392,19
2,11,191,321,-391,28
2,11,191,323,-500,0
2,11,191,323,-392,0
2,11,192,315,-492,85
2,11,192,324,-366,0
2,11,193,309,-378,326
2,11,193,319,-428,51
2,11,193,321,-366,8
2,11,193,407,-394,-306
2,11,194,314,-490,97
2,11,194,324,-500,0
2,11,204,381,-500,0
2,11,204,383,-417,-31
123,10,3859,323,500,0
123,10,3860,323,500,0
123,10,3862,337,482,-132
123,10,3864,309,314,0
123,10,3864,311,314,0
123,10,3864,316,314,0
123,10,3864,318,311,37
123,10,3864,321,312,23
123,10,3864,323,314,0
123,10,3864,324,335,0
123,10,3864,325,340,-8
123,10,3867,324,361,0
123,10,3872,384,496,-60
123,10,3873,313,321,307
123,10,3875,310,332,332
123,10,3875,314,332,332
123,10,3875,323,332,332
123,10,3875,330,332,332
123,10,3878,300,418,0
123,10,3878,398,421,-267
123,10,3891,320,275,83
123,10,3891,340,351,-318
123,10,3915,313,108,433
123,10,3917,315,58,334
123,10,3918,311,34,285
123,10,3924,304,46,-25
1,10,111,340,-303,161
1,10,111,340,9,24
1,10,145,355,-167,-470
1,10,150,362,-224,-447
1,10,155,328,-488,109
1,10,156,323,-500,0
1,10,157,322,-494,74
1,10,157,323,-494,74
1,10,158,323,-496,60
1,10,159,327,-492,85
1,10,160,323,-500,0
1,10,160,324,-500,0
1,10,160,324,-488,109
1,10,160,325,-484,121
1,10,160,327,-492,85
1,10,161,325,-484,121
1,10,161,326,-484,121
1,10,163,326,-490,97
1,10,163,327,-494,74
1,10,164,341,-500,-25
123,9,3858,323,500,0
123,9,3859,323,500,0
123,9,3860,323,500,0
123,9,3862,337,482,-132
123,9,3863,324,335,0
123,9,3864,299,314,0
123,9,3864,300,314,0
123,9,3864,303,314,0
123,9,3864,304,314,0
123,9,3864,306,314,0
123,9,3864,307,314,0
123,9,3864,311,314,0
123,9,3864,312,314,0
123,9,3864,313,314,0
123,9,3864,316,314,0
123,9,3864,317,314,0
123,9,3864,318,314,0
123,9,3864,321,312,23
123,9,3864,321,314,15
123,9,3864,322,314,7
123,9,3864,323,314,0
123,9,3864,325,340,-8
123,9,3872,334,482,-132
123,9,3875,323,500,0
123,9,3879,322,416,30
123,9,3879,323,418,0
123,9,3885,323,473,0
123,9,3885,324,471,-24
123,9,3893,324,414,0
123,9,3907,339,201,-427
123,9,3913,363,121,-484
123,9,3914,344,121,-484
123,9,3915,347,97,-490
123,9,3917,221,136,453
89,9,2771,323,500,0
89,9,2773,323,500,0
89,9,2776,285,314,0
89,9,2776,289,314,0
89,9,2776,291,314,0
89,9,2776,303,314,0
89,9,2776,307,314,0
89,9,2776,321,314,0
89,9,2776,323,314,0
89,9,2776,325,340,-8
89,9,2777,292,340,0
89,9,2781,352,498,-37
89,9,2788,251,345,361
89,9,2788,352,500,0
89,9,2791,321,418,0
89,9,2791,323,418,0
89,9,2797,324,471,-24
89,9,2802,323,473,0
89,9,2803,323,421,0
89,9,2805,321,444,0
89,9,2856,357,162,208
2,9,139,273,-74,-138
2,9,139,275,-74,-138
2,9,139,374,0,-500
2,9,139,386,0,-444
2,9,140,259,0,0
2,9,140,264,-225,-320
2,9,149,361,-132,-400
2,9,153,326,283,133
2,9,155,352,-500,0
2,9,157,310,144,-217
2,9,160,315,292,-175
2,9,169,277,-418,0
2,9,169,294,-418,0
2,9,169,300,-418,0
2,9,169,302,-418,0
2,9,169,313,-418,0
2,9,169,318,-418,0
2,9,169,319,-418,0
2,9,169,323,-447,0
2,9,171,323,-421,0
2,9,172,322,-444,0
2,9,173,310,-444,0
2,9,174,278,-427,256
2,9,174,321,-444,0
2,9,175,302,-340,0
2,9,177,262,-345,361
2,9,177,321,-471,23
2,9,178,276,-471,23
2,9,178,277,-471,23
2,9,178,279,-471,23
2,9,178,280,-471,23
2,9,178,281,-471,23
2,9,178,282,-471,23
2,9,178,283,-471,23
2,9,178,284,-471,23
2,9,178,285,-471,23
2,9,178,286,-471,23
2,9,178,287,-471,23
2,9,178,288,-471,23
2,9,178,289,-471,23
2,9,178,290,-471,23
2,9,178,291,-471,23
2,9,178,292,-471,23
2,9,178,293,-471,23
2,9,178,294,-471,23
2,9,178,295,-471,23
2,9,178,296,-471,23
2,9,178,297,-471,23
2,9,178,298,-471,23
2,9,178,299,-471,23
2,9,178,300,-471,23
2,9,178,301,-471,23
2,9,178,302,-471,23
2,9,178,303,-471,23
2,9,178,304,-471,23
2,9,178,305,-471,23
2,9,178,306,-471,23
2,9,178,307,-471,23
2,9,178,308,-471,23
2,9,178,309,-471,23
2,9,178,310,-471,23
2,9,178,312,-471,23
2,9,178,314,-471,23
2,9,178,315,-471,23
2,9,178,316,-471,23
2,9,178,318,-471,23
2,9,178,319,-471,23
2,9,178,320,-471,23
2,9,178,321,-471,23
2,9,178,323,-473,0
2,9,180,297,-444,0
2,9,181,321,-444,22
2,9,182,321,-500,11
2,9,182,323,-500,0
2,9,183,275,-444,22
2,9,183,280,-444,22
2,9,183,285,-444,22
2,9,183,297,-444,22
2,9,183,298,-444,22
2,9,183,307,-444,22
2,9,183,311,-444,22
2,9,184,255,-345,361
2,9,185,322,-418,0
2,9,186,323,-500,0
2,9,188,323,-500,0
2,9,189,250,-340,325
2,9,191,321,-392,8
2,9,191,324,-495,-37
2,9,195,277,-366,18
2,9,195,325,-471,-24
2,9,196,326,-469,-35
2,9,197,321,-340,17
2,9,197,323,-340,7
2,9,197,324,-471,-11
2,9,198,318,-340,7
2,9,198,319,-340,17
2,9,198,320,-340,17
2,9,198,321,-340,7
2,9,199,273,-340,17
2,9,199,274,-340,17
2,9,199,275,-340,17
2,9,199,276,-340,17
2,9,199,277,-340,17
2,9,199,278,-340,17
2,9,199,279,-340,17
2,9,199,280,-340,17
2,9,199,281,-340,17
2,9,199,282,-340,17
2,9,199,283,-340,17
2,9,199,284,-340,17
2,9,199,285,-340,17
2,9,199,286,-340,17
2,9,199,287,-340,17
2,9,199,288,-340,17
2,9,199,289,-340,17
2,9,199,290,-340,17
2,9,199,291,-340,17
2,9,199,292,-340,17
2,9,199,293,-340,17
2,9,199,294,-340,17
2,9,199,295,-340,17
2,9,199,296,-340,17
2,9,199,297,-340,17
2,9,199,298,-340,17
2,9,199,299,-340,17
2,9,199,300,-340,17
2,9,199,301,-340,17
2,9,199,302,-340,17
2,9,199,303,-340,17
2,9,199,304,-340,17
2,9,199,305,-340,17
2,9,199,306,-340,17
2,9,199,307,-340,17
2,9,199,308,-340,17
2,9,199,309,-340,-8
2,9,199,309,-340,17
2,9,199,311,-340,17
2,9,199,312,-340,17
2,9,199,313,-340,17
2,9,199,314,-340,17
2,9,199,315,-340,17
2,9,199,316,-340,17
2,9,199,317,-340,17
2,9,199,318,-340,17
2,9,199,319,-340,17
2,9,199,320,-340,17
2,9,199,321,-340,17
2,9,199,325,-444,-22
2,9,200,275,-314,0
2,9,200,281,-314,0
2,9,200,297,-314,0
2,9,200,300,-314,0
2,9,200,302,-314,0
2,9,200,304,-314,0
2,9,200,316,-314,0
2,9,200,318,-314,0
2,9,200,322,-314,0
2,9,200,325,-444,-22
2,9,200,326,-444,-22
2,9,200,326,-392,-20
2,9,202,320,-335,16
2,9,203,323,-500,0
2,9,204,321,-500,11
2,9,204,324,-500,0
2,9,205,323,-500,0
2,8,133,235,110,-269
2,8,133,241,170,-163
2,8,136,240,-88,-246
2,8,138,242,-7,-78
2,8,138,243,-23,-12
2,8,139,306,-444,-10
2,8,139,309,-23,11
2,8,140,231,-15,21
2,8,141,244,-126,34
2,8,146,301,-74,-494
2,8,153,182,-156,474
2,8,154,181,-155,471
2,8,159,292,75,72
2,8,161,323,-500,0
2,8,169,265,-418,0
2,8,169,273,-418,0
2,8,169,283,-418,0
2,8,171,244,-444,0
2,8,173,270,-444,0
2,8,176,260,-444,0
2,8,178,243,-471,23
2,8,178,244,-471,23
2,8,178,245,-471,23
2,8,178,246,-471,23
2,8,178,247,-471,23
2,8,178,248,-471,23
2,8,178,249,-471,23
2,8,178,250,-471,23
2,8,178,251,-471,23
2,8,178,252,-471,23
2,8,178,253,-471,23
2,8,178,254,-471,23
2,8,178,255,-471,23
2,8,178,256,-471,23
2,8,178,257,-471,23
2,8,178,258,-471,23
2,8,178,259,-471,23
2,8,178,260,-471,23
2,8,178,261,-471,23
2,8,178,262,-471,23
2,8,178,263,-471,23
2,8,178,264,-471,23
2,8,178,265,-471,23
2,8,178,266,-471,23
2,8,178,267,-471,23
2,8,178,268,-471,23
2,8,178,270,-471,23
2,8,178,271,-471,23
2,8,178,272,-471,23
2,8,178,274,-471,23
2,8,178,275,-471,23
2,8,178,276,-471,23
2,8,178,278,-471,23
2,8,178,280,-471,23
2,8,178,282,-471,23
2,8,178,284,-471,23
2,8,178,286,-471,23
2,8,178,288,-471,23
2,8,178,290,-471,23
2,8,179,323,-500,0
2,8,180,244,-444,0
2,8,180,266,-444,0
2,8,180,323,-500,0
2,8,182,221,-500,0
2,8,183,262,-444,22
2,8,184,221,-444,0
2,8,184,255,-345,361
2,8,187,251,-345,361
2,8,191,248,-345,361
2,8,199,241,-340,17
2,8,199,242,-340,17
2,8,199,243,-340,17
2,8,199,244,-340,17
2,8,199,245,-340,17
2,8,199,246,-340,17
2,8,199,247,-340,17
2,8,199,248,-340,17
2,8,199,249,-340,17
2,8,199,250,-340,17
2,8,199,251,-340,17
2,8,199,252,-340,17
2,8,199,253,-340,17
2,8,199,254,-340,17
2,8,199,255,-340,17
2,8,199,256,-340,17
2,8,199,257,-340,17
2,8,199,258,-340,17
2,8,199,259,-340,17
2,8,199,260,-340,17
2,8,199,261,-340,17
2,8,199,262,-340,17
2,8,199,263,-340,17
2,8,199,264,-340,17
2,8,199,265,-340,17
2,8,199,266,-340,17
2,8,199,267,-340,17
2,8,199,268,-340,17
2,8,199,268,-314,0
2,8,199,269,-340,17
2,8,199,270,-340,17
2,8,199,271,-340,17
2,8,199,272,-340,17
2,8,199,273,-340,17
2,8,199,274,-340,17
2,8,199,275,-340,17
2,8,199,277,-340,17
2,8,199,278,-340,17
2,8,199,279,-340,17
2,8,199,281,-340,17
2,8,199,282,-340,17
2,8,199,283,-340,17
2,8,199,285,-340,17
2,8,199,287,-340,17
2,8,199,289,-340,17
2,8,200,244,-314,0
2,8,200,246,-314,0
2,8,200,248,-314,0
2,8,200,249,-314,0
2,8,200,251,-314,0
2,8,200,252,-314,0
2,8,200,266,-314,0
2,8,200,267,-314,0
124,8,3920,288,156,-474
124,8,3921,269,438,87
124,8,3921,287,97,-490
124,8,3922,288,97,-490
45,8,1363,291,500,0
45,8,1364,291,500,0
45,8,1365,291,500,0
45,8,1366,305,482,-132
45,8,1368,244,314,0
45,8,1368,246,314,0
45,8,1368,247,314,0
45,8,1368,251,314,0
45,8,1368,252,314,0
45,8,1368,253,314,0
45,8,1368,255,314,0
45,8,1368,259,314,0
45,8,1368,272,314,0
45,8,1368,273,314,0
45,8,1368,276,314,0
45,8,1368,277,314,0
45,8,1368,281,314,0
45,8,1368,282,314,0
45,8,1368,283,314,0
45,8,1368,285,314,0
45,8,1368,286,314,0
45,8,1368,287,314,0
45,8,1368,289,314,0
45,8,1368,291,314,0
45,8,1368,293,340,-8
45,8,1369,260,340,0
45,8,1371,260,340,0
45,8,1371,275,340,0
45,8,1376,302,482,-132
45,8,1377,316,500,0
45,8,1380,219,345,361
45,8,1380,328,148,-450
45,8,1383,224,353,353
45,8,1383,289,418,0
45,8,1383,291,418,0
45,8,1383,291,500,0
45,8,1385,291,473,0
45,8,1385,334,371,-335
45,8,1389,291,473,0
45,8,1389,292,471,-24
45,8,1393,291,447,0
45,8,1394,291,421,0
45,8,1396,316,314,0
45,8,1400,291,395,0
45,8,1416,214,358,308
45,8,1430,237,152,-101
45,8,1434,238,274,-353
45,8,1439,221,339,-292
123,7,3864,256,314,0
123,7,3864,259,314,0
123,7,3864,267,314,0
123,7,3873,295,353,-353
123,7,3875,270,340,-325
123,7,3879,256,418,0
123,7,3879,259,418,0
123,7,3879,267,351,-351
123,7,3879,267,418,0
123,7,3879,276,351,-351
123,7,3879,281,351,-351
123,7,3879,291,418,0
123,7,3880,288,353,-353
123,7,3880,288,361,-345
123,7,3917,302,87,-439
123,7,3922,233,-116,-105
46,7,1407,246,500,0
46,7,1412,260,488,109
46,7,1412,260,500,0
46,7,1416,191,441,236
46,7,1416,257,441,-236
46,7,1421,212,473,0
46,7,1421,213,473,0
46,7,1421,214,473,0
46,7,1421,215,473,0
46,7,1421,217,473,0
46,7,1421,219,473,0
46,7,1421,222,473,0
46,7,1421,223,473,0
46,7,1421,224,473,0
46,7,1421,227,473,0
46,7,1421,231,473,0
46,7,1421,244,473,0
46,7,1423,198,335,371
46,7,1426,244,447,0
46,7,1427,256,121,-484
46,7,1428,223,417,50
46,7,1428,246,106,-240
46,7,1449,210,-217,265
46,7,1453,213,-141,-341
46,7,1457,209,-156,-15
46,7,1460,201,0,-369
46,7,1460,203,0,104
46,7,1464,211,214,-101
89,7,2775,222,335,0
89,7,2775,275,314,0
89,7,2776,267,314,0
89,7,2785,295,353,-353
89,7,2788,292,353,-353
89,7,2791,267,418,0
89,7,2792,288,353,-353
89,7,2797,221,473,0
89,7,2825,331,121,-484
89,7,2830,309,85,-492
1,7,139,215,0,500
1,7,139,216,0,500
1,7,140,230,-287,86
1,7,141,241,-442,-66
1,7,141,259,-109,-488
1,7,142,242,-442,-66
1,7,155,222,-441,236
1,7,156,222,-474,156
1,7,156,222,-441,236
1,7,156,259,-361,-345
1,7,156,259,-287,-408
1,7,156,259,-148,-450
1,7,156,261,-371,-335
1,7,162,252,-466,-179
124,6,3903,221,500,0
124,6,3903,222,498,-37
124,6,3904,220,478,-144
124,6,3904,220,500,0
124,6,3904,221,500,0
124,6,3906,221,496,-60
124,6,3918,230,167,-470
124,6,4043,291,0,-500
90,6,2815,222,498,-37
90,6,2818,221,496,-60
90,6,2830,230,167,-470
90,6,2836,201,182,128
90,6,2859,212,0,0
90,6,2905,267,500,0
2,6,138,237,-17,182
2,6,139,251,-3,-26
2,6,140,233,-25,260
2,6,143,262,282,188
2,6,148,147,-90,328
2,6,161,150,-408,-102
2,6,169,220,-418,0
2,6,169,221,-418,0
2,6,169,224,-418,0
2,6,170,274,-345,-361
2,6,171,275,-353,-353
2,6,173,222,-444,-10
2,6,173,224,-287,-28
2,6,173,277,-353,-353
2,6,174,222,-444,-10
2,6,174,224,-443,-33
2,6,174,278,-361,-345
2,6,174,278,-353,-353
2,6,174,279,-353,-353
2,6,175,227,-438,-76
2,6,176,280,-345,-361
2,6,177,220,-471,0
2,6,177,222,-471,-11
2,6,177,223,-469,-46
2,6,177,280,-353,-353
2,6,177,281,-345,-361
2,6,178,219,-471,23
2,6,178,220,-471,23
2,6,178,221,-471,-24
2,6,178,222,-471,-24
2,6,178,222,-469,-46
2,6,178,223,-471,23
2,6,178,224,-471,23
2,6,178,225,-471,23
2,6,178,226,-471,23
2,6,178,227,-471,23
2,6,178,228,-471,23
2,6,178,229,-471,23
2,6,178,230,-471,23
2,6,178,231,-471,23
2,6,178,232,-471,23
2,6,178,233,-471,23
2,6,178,282,-353,-353
2,6,178,282,-345,-361
2,6,180,234,-444,0
2,6,182,221,-497,-11
2,6,183,219,-444,22
2,6,184,220,-440,0
2,6,185,221,-500,0
2,6,185,221,-418,0
2,6,191,241,-392,19
2,6,193,222,-497,-11
2,6,194,163,-500,0
2,6,194,164,-500,0
2,6,195,241,-366,18
2,6,196,243,-340,0
2,6,197,229,-333,-66
2,6,198,220,-340,0
2,6,198,222,-471,-11
2,6,198,223,-340,-8
2,6,198,224,-339,-25
2,6,198,225,-339,-33
2,6,198,241,-340,0
2,6,199,218,-340,17
2,6,199,219,-340,17
2,6,199,220,-340,17
2,6,199,221,-340,0
2,6,199,221,-340,17
2,6,199,222,-340,-17
2,6,199,222,-340,-8
2,6,199,222,-340,17
2,6,199,223,-340,-17
2,6,199,223,-340,-8
2,6,199,223,-340,17
2,6,199,224,-340,17
2,6,199,224,-339,-25
2,6,199,225,-340,17
2,6,199,225,-339,-33
2,6,199,226,-340,17
2,6,199,227,-340,17
2,6,199,227,-337,-41
2,6,199,227,-336,-50
2,6,199,228,-340,17
2,6,199,229,-340,17
2,6,199,230,-340,17
2,6,199,231,-340,17
2,6,199,232,-340,17
2,6,200,220,-335,0
2,6,200,221,-314,0
2,6,200,224,-312,-23
2,6,200,228,-314,0
2,6,200,230,-314,0
2,6,200,232,-314,0
2,6,200,233,-314,0
2,6,200,234,-314,0
2,6,200,235,-323,-106
2,6,201,208,-478,144
2,6,201,222,-314,0
2,6,205,221,-500,0
1,5,108,177,-58,258
1,5,109,180,39,200
1,5,111,180,98,300
1,5,115,180,-194,85
1,5,137,176,-198,-369
1,5,138,172,-417,-41
1,5,139,196,0,-500
1,5,139,198,0,-500
1,5,142,177,-442,-66
1,5,143,174,-446,-33
1,5,145,194,-203,-457
1,5,145,195,-203,-457
1,5,149,201,-236,-441
1,5,157,194,-402,-296
1,5,158,161,-447,224
1,5,159,159,-429,257
123,5,3870,227,494,-74
123,5,3871,222,387,-9
123,5,3871,224,431,-32
123,5,3872,220,366,0
123,5,3872,222,392,0
123,5,3872,223,391,-29
123,5,3873,222,391,-29
123,5,3873,222,392,0
123,5,3874,220,392,0
123,5,3874,222,392,0
123,5,3875,220,392,0
123,5,3875,221,392,0
123,5,3875,224,457,-34
123,5,3876,238,429,-257
123,5,3877,222,418,0
123,5,3879,216,351,-351
123,5,3912,218,417,-224
123,5,3912,244,156,-474
123,5,3924,227,0,-369
123,5,3929,212,-134,163
123,5,3930,205,-107,-75
123,5,3930,212,-26,0
123,5,3931,206,242,242
123,5,3931,212,-23,10
123,5,3931,212,0,0
123,5,3932,212,271,163
46,5,1406,168,496,60
46,5,1412,227,148,-450
46,5,1417,188,473,0
46,5,1421,187,473,0
46,5,1421,189,473,0
46,5,1421,193,473,0
46,5,1421,195,473,0
46,5,1421,198,473,0
46,5,1421,200,473,0
46,5,1421,203,473,0
46,5,1422,188,447,0
46,5,1426,209,442,-66
46,5,1427,189,421,0
46,5,1428,200,419,31
46,5,1434,236,299,-366
46,5,1434,237,299,-366
46,5,1441,226,317,-234
46,5,1453,215,246,-95
46,5,1456,208,132,-180
46,5,1459,195,-81,151
89,5,2784,232,321,-307
89,5,2784,233,321,-307
89,5,2784,239,321,-307
89,5,2785,222,392,0
89,5,2785,223,392,-9
89,5,2788,236,340,-325
89,5,2791,219,351,-351
89,5,2791,225,351,-351
89,5,2791,226,351,-351
89,5,2791,232,351,-351
89,5,2824,244,156,-474
89,5,2833,204,101,-408
89,5,2835,195,-67,389
89,5,2836,269,0,-500
89,5,2839,208,338,50
123,4,3859,156,500,11
123,4,3861,132,500,0
123,4,3863,153,498,48
123,4,3865,149,484,-121
123,4,3869,186,408,-287
123,4,3872,196,321,-307
123,4,3872,197,321,-307
123,4,3874,189,340,-325
123,4,3875,189,340,-325
123,4,3875,192,325,-340
123,4,3875,193,325,-340
123,4,3876,155,482,-132
123,4,3876,192,325,-340
123,4,3879,189,351,-351
123,4,3879,190,351,-351
123,4,3879,194,351,-351
123,4,3879,198,351,-351
123,4,3882,193,287,-408
123,4,3904,220,500,0
123,4,3907,154,192,-433
123,4,3910,154,169,-442
123,4,3913,203,121,-484
123,4,3914,171,114,-459
123,4,3923,145,-97,-88
123,4,3923,179,-108,-72
123,4,3924,175,152,101
123,4,3924,236,0,-500
45,4,1363,131,500,0
45,4,1370,122,418,149
45,4,1374,190,366,0
45,4,1375,189,500,0
45,4,1375,190,387,-9
45,4,1376,190,392,-20
45,4,1376,191,391,-29
45,4,1376,197,321,-307
45,4,1376,207,321,-307
45,4,1377,189,500,0
45,4,1377,190,391,-29
45,4,1377,190,392,0
45,4,1377,191,391,-29
45,4,1377,191,412,-30
45,4,1377,191,414,-21
45,4,1377,191,419,-10
45,4,1378,188,392,0
45,4,1378,191,392,-9
45,4,1378,191,412,-30
45,4,1379,188,392,0
45,4,1379,189,392,0
45,4,1380,192,332,-333
45,4,1380,201,340,-325
45,4,1380,202,340,-325
45,4,1380,203,340,-325
45,4,1380,204,340,-325
45,4,1383,177,351,-351
45,4,1383,188,351,-351
45,4,1383,190,351,-351
45,4,1383,197,351,-351
45,4,1383,198,351,-351
45,4,1383,199,351,-351
45,4,1383,200,351,-351
45,4,1383,208,371,-289
45,4,1396,137,327,342
45,4,1401,190,500,-25
45,4,1402,205,500,0
45,4,1404,188,235,0
45,4,1416,212,156,-474
45,4,1418,209,136,-453
45,4,1428,175,396,-141
45,4,1429,191,255,-266
45,4,1434,203,-378,326
45,4,1435,176,153,306
45,4,1435,177,234,317
45,4,1446,176,60,242
45,4,1447,206,186,-349
45,4,1450,180,69,-255
45,4,1459,185,22,-301
2,4,131,180,-26,1
2,4,131,180,23,10
2,4,132,176,-162,302
2,4,132,180,0,369
2,4,132,180,21,14
2,4,132,180,26,-1
2,4,132,180,161,302
2,4,133,173,-263,175
2,4,133,173,-258,181
2,4,134,110,-94,-187
2,4,134,180,23,12
2,4,136,180,22,12
2,4,137,172,-121,99
2,4,137,173,86,-162
2,4,137,179,127,38
2,4,139,185,0,0
2,4,139,194,0,-26
2,4,141,123,-25,338
2,4,146,225,-132,-482
2,4,148,201,-132,-400
2,4,148,230,-132,-482
2,4,150,204,-140,-425
2,4,151,208,-148,-450
2,4,152,207,-170,-442
2,4,152,208,-170,-442
2,4,153,123,-183,0
2,4,161,137,-287,14
2,4,171,156,-421,0
2,4,175,109,-94,-244
2,4,181,205,-361,-345
2,4,182,153,-500,11
2,4,182,205,-361,-345
2,4,184,188,-344,-359
2,4,185,196,-359,-344
2,4,185,199,-359,-344
2,4,185,199,-351,-351
2,4,185,200,-359,-344
2,4,185,208,-351,-351
2,4,185,209,-359,-344
2,4,186,152,-500,11
2,4,187,159,-361,-345
2,4,188,183,-353,-353
2,4,188,193,-316,-350
2,4,188,201,-333,-333
2,4,188,202,-333,-333
2,4,188,203,-333,-333
2,4,188,212,-333,-333
2,4,189,189,-340,-325
2,4,189,194,-340,-325
2,4,189,197,-340,-325
2,4,189,199,-340,-325
2,4,189,201,-340,-325
2,4,189,202,-340,-325
2,4,189,203,-340,-325
2,4,189,212,-340,-325
2,4,190,184,-345,-361
2,4,191,190,-350,-316
2,4,195,186,-408,-287
2,4,204,164,-500,0
83,3,2612,139,235,0
83,3,2656,186,361,-345
83,3,2663,193,240,-342
83,3,2672,198,140,-339
83,3,2680,169,267,-421
83,3,2688,181,0,-444
83,3,2688,190,0,-414
83,3,2688,197,0,-340
83,3,2688,198,0,-361
87,3,2727,141,429,-257
87,3,2781,171,394,-306
87,3,2784,191,332,-333
87,3,2787,187,343,-359
87,3,2788,191,332,-333
87,3,2791,187,343,-359
41,2,1238,100,500,0
41,2,1248,130,488,-109
41,2,1254,107,500,0
41,2,1255,123,500,0
41,2,1257,143,361,-345
41,2,1258,122,371,-335
41,2,1262,140,361,-345
41,2,1265,107,447,0
41,2,1267,100,421,0
41,2,1273,110,366,-44
41,2,1279,122,65,-43
41,2,1286,81,-149,-182
41,2,1289,107,0,0
41,2,1294,133,-492,-85
41,2,1296,164,-18,-366
41,2,1297,167,17,-340
41,2,1299,149,0,-444
41,2,1299,168,0,-314
41,2,1299,169,7,-314
41,2,1300,138,0,-418
41,2,1300,142,0,-444
41,2,1300,168,-17,-340
41,2,1300,169,0,-314
41,2,1301,138,0,-418
41,2,1301,167,-17,-340
41,2,1301,168,-17,-340
41,2,1302,138,0,-418
41,2,1302,167,-17,-340
41,2,1302,168,-17,-340
41,2,1303,138,0,-418
41,2,1303,168,-17,-340
41,2,1304,138,0,-418
41,2,1304,168,-17,-340
41,2,1305,138,0,-418
41,2,1305,168,-17,-340
41,2,1306,138,0,-418
41,2,1306,157,386,-316
41,2,1306,168,-17,-340
41,2,1307,138,0,-418
41,2,1307,160,-29,-391
41,2,1307,168,-17,-340
41,2,1308,138,0,-418
41,2,1308,155,386,-316
41,2,1308,158,349,-316
41,2,1308,159,332,-333
41,2,1308,164,-18,-366
41,2,1308,168,-17,-340
41,2,1309,134,0,-392
41,2,1309,138,0,-418
41,2,1309,158,349,-316
41,2,1309,168,-17,-340
41,2,1310,138,0,-418
41,2,1310,153,386,-316
41,2,1310,168,-17,-340
41,2,1311,138,0,-418
41,2,1311,168,-17,-340
41,2,1312,138,0,-418
41,2,1312,155,368,-334
41,2,1312,158,340,-325
41,2,1312,159,325,-340
41,2,1312,161,298,-330
41,2,1312,168,-17,-340
41,2,1312,169,0,-314
41,2,1313,138,0,-418
41,2,1313,168,-17,-340
41,2,1314,138,0,-418
41,2,1314,150,386,-316
41,2,1314,150,394,-306
41,2,1314,168,-17,-340
41,2,1315,138,0,-418
41,2,1315,154,351,-351
41,2,1315,159,332,-333
41,2,1315,168,-17,-340
41,2,1316,151,361,-345
41,2,1316,152,371,-335
41,2,1316,159,332,-333
41,2,1316,168,-17,-340
41,2,1317,159,332,-333
41,2,1317,164,225,-320
41,2,1318,155,343,-359
41,2,1319,153,343,-359
41,2,1319,155,343,-359
41,2,1319,159,332,-333
41,2,1319,165,209,-331
41,2,1320,154,351,-351
41,2,1320,155,343,-359
41,2,1320,159,332,-333
41,2,1320,161,232,-348
41,2,1320,162,240,-342
41,2,1322,138,0,-418
41,2,1322,150,335,-371
41,2,1322,156,255,-363
41,2,1322,158,246,-370
41,2,1323,155,343,-359
41,2,1323,158,255,-363
41,2,1323,168,-17,-340
41,2,1324,144,361,-345
41,2,1324,168,-17,-340
41,2,1325,153,270,-384
41,2,1325,153,279,-379
41,2,1329,149,266,-419
41,2,1332,138,0,-418
41,2,1333,168,-17,-340
41,2,1334,121,0,-287
41,2,1335,168,-17,-340
41,2,1336,140,257,-429
41,2,1338,138,0,-418
41,2,1338,165,71,-359
41,2,1339,134,0,-392
41,2,1339,138,0,-418
41,2,1339,157,91,-408
41,2,1339,161,67,-386
41,2,1339,164,62,-360
41,2,1339,167,50,-336
41,2,1339,168,-17,-340
41,2,1340,138,0,-418
41,2,1340,168,-17,-340
41,2,1340,168,41,-337
41,2,1341,138,0,-418
41,2,1341,168,-17,-340
41,2,1342,138,0,-418
41,2,1342,160,28,-391
41,2,1342,164,26,-365
41,2,1342,168,-17,-340
41,2,1343,138,0,-418
41,2,1343,168,-17,-340
41,2,1344,125,35,-472
41,2,1344,138,0,-418
41,2,1344,149,0,-444
41,2,1344,158,0,-414
41,2,1344,165,0,-340
41,2,1344,166,0,-361
41,2,1344,168,-17,-340
41,2,1344,168,0,-340
41,2,1345,168,-17,-340
41,2,1348,129,0,-238
41,2,1348,154,0,-500
41,2,1348,174,0,-500
44,2,1340,107,500,0
44,2,1352,107,498,-48
44,2,1353,107,473,0
44,2,1363,107,421,0
44,2,1363,120,421,-150
44,2,1366,117,400,-132
44,2,1366,117,403,-121
44,2,1367,119,393,-151
44,2,1367,140,327,-342
44,2,1383,156,343,-359
44,2,1384,151,361,-345
44,2,1386,153,345,-361
44,2,1386,154,345,-361
44,2,1387,152,353,-353
44,2,1389,149,345,-361
44,2,1389,150,335,-371
44,2,1389,150,345,-361
44,2,1390,149,345,-361
44,2,1390,157,287,-408
44,2,1391,153,296,-402
44,2,1393,145,345,-361
44,2,1393,146,345,-361
44,2,1394,150,306,-394
44,2,1428,132,0,-316
44,2,1428,143,0,-447
84,2,2741,137,-141,-396
84,2,2745,146,-170,-442
86,2,2742,131,353,-274
86,2,2752,132,0,-421
86,2,2752,136,0,-447
86,2,2752,154,0,-500
86,2,2763,166,132,-482
86,2,2765,161,132,-482
