63,121,2092,3892,-79,107
63,121,2094,3892,217,89
63,121,2097,3886,-230,22
63,121,2098,3892,51,143
63,121,2100,3859,0,0
63,121,2103,3861,186,-252
63,121,2107,3852,-75,20
63,121,2108,3805,0,500
63,121,2108,3809,0,500
63,121,2110,3810,-74,494
63,121,2111,3850,-432,118
63,121,2114,3875,-264,0
63,121,2115,3849,-459,114
63,121,2116,3850,-462,103
63,121,2116,3875,-342,0
63,121,2117,3855,-389,67
63,121,2117,3875,-369,0
63,121,2121,3854,-415,72
63,121,2122,3883,-407,111
63,121,2123,3831,0,500
63,121,2126,3853,-442,66
63,121,2126,3853,-439,87
63,121,2128,3882,-433,108
63,121,2130,3875,-473,0
63,121,2130,3876,-473,0
63,121,2130,3877,-473,0
63,121,2131,3855,0,328
63,121,2132,3816,-353,353
63,121,2133,3875,-473,0
63,121,2133,3875,-447,0
63,121,2134,3818,-361,345
63,121,2134,3876,-500,0
63,121,2135,3845,-488,109
63,121,2135,3846,-441,236
63,121,2135,3847,-490,97
63,121,2137,3823,-236,441
63,121,2137,3875,-500,0
63,121,2138,3875,-500,0
63,121,2140,3835,-500,0
63,121,2140,3836,-361,345
63,121,2143,3875,-500,0
63,121,2146,3875,-500,0
63,121,2146,3879,-500,0
63,121,2149,3875,-500,0
63,121,2151,3875,-500,0
63,121,2153,3875,-500,0
63,121,2157,3875,-500,0
32,15,1133,471,-60,496
32,15,1148,516,-500,0
32,15,1148,516,-478,144
126,71,3967,2282,500,0
126,71,3972,2269,492,-85
126,71,3977,2296,267,421
126,71,3981,2283,473,0
126,71,3981,2286,473,-24
126,71,3981,2288,469,-57
126,71,3981,2301,473,0
126,71,3981,2305,473,0
126,71,3986,2307,447,0
126,71,3987,2272,109,488
126,71,3988,2269,0,500
126,71,3988,2303,417,50
126,71,3993,2315,308,-359
126,71,4006,2286,285,-50
126,71,4016,2283,-4,-25
126,71,4020,2317,263,175
125,68,3923,2204,500,11
125,68,3933,2232,416,-277
125,68,3936,2248,321,-307
125,68,3938,2237,340,-325
125,68,3941,2205,361,-345
125,68,3941,2228,345,-361
125,68,3943,2187,500,0
125,68,3943,2239,351,-351
125,68,3943,2241,351,-351
125,68,3953,2187,447,0
125,68,3961,2167,257,-429
125,68,3976,2256,148,-450
125,68,3986,2253,132,-482
126,69,3968,2209,441,236
126,69,3968,2212,500,0
126,69,3978,2251,212,-451
126,69,3984,2238,203,-457
126,69,3988,2215,5,250
126,69,3988,2215,37,246
126,69,3988,2222,419,-31
126,69,3988,2243,0,-500
125,75,3925,2396,500,0
125,75,3935,2371,500,0
125,75,3938,2370,392,0
125,75,3939,2359,332,332
125,75,3939,2363,332,332
125,75,3939,2371,332,332
125,75,3940,2352,340,325
125,75,3946,2371,500,0
125,75,3976,2347,136,453
125,75,3988,2331,0,500
125,70,3923,2269,500,0
125,70,3927,2270,335,-8
125,70,3928,2283,314,0
125,70,3931,2292,340,0
125,70,3933,2211,500,0
125,70,3943,2227,500,0
125,70,3943,2283,418,0
125,70,3945,2205,500,0
125,70,3948,2292,444,0
125,70,3960,2210,350,233
125,70,3964,2187,500,0
125,70,3969,2224,185,0
125,70,3972,2189,417,223
125,70,3988,2345,0,-500
126,74,3967,2371,500,0
126,74,3968,2371,500,0
126,74,3970,2371,496,60
126,74,3971,2371,494,74
126,74,3982,2361,167,470
126,74,4084,2456,0,-500
125,73,3925,2371,500,0
125,73,3928,2324,314,0
125,73,3928,2333,314,0
125,73,3928,2369,314,0
125,73,3928,2371,314,0
125,73,3928,2373,340,-8
125,73,3931,2313,340,0
125,73,3940,2299,345,361
125,73,3943,2369,418,0
125,73,3943,2371,418,0
125,73,3945,2371,473,0
125,73,3949,2372,471,-24
125,73,3962,2414,290,-374
125,73,3981,2444,74,-494
125,73,3987,2444,11,-500
125,73,3991,2322,348,-187
126,72,3981,2307,473,0
126,72,3981,2324,473,0
126,72,3988,2303,417,50
126,72,3993,2291,299,366
126,72,3994,2290,290,373
109,116,3433,3740,473,0
109,116,3433,3748,473,0
109,116,3436,3704,179,466
109,116,3436,3705,203,457
109,116,3437,3723,473,0
109,116,3437,3725,473,-11
109,116,3437,3726,473,-24
109,116,3437,3736,473,0
109,116,3437,3740,473,0
109,116,3437,3744,473,0
109,116,3437,3745,473,0
109,116,3437,3747,473,0
109,116,3439,3750,235,0
109,116,3441,3730,438,-87
109,116,3441,3743,261,0
109,116,3443,3712,37,498
109,116,3443,3752,358,-309
109,116,3444,3711,0,500
109,116,3444,3743,417,50
109,116,3445,3739,120,-57
109,116,3449,3738,157,0
109,116,3449,3755,308,-359
109,116,3450,3756,299,-366
109,116,3450,3757,290,-374
109,116,3470,3733,-189,219
109,116,3476,3757,263,175
109,116,3476,3758,124,233
108,115,3379,3678,495,48
108,115,3379,3683,500,11
108,115,3379,3709,500,0
108,115,3380,3678,496,60
108,115,3380,3678,498,48
108,115,3381,3669,474,156
108,115,3384,3723,314,0
108,115,3385,3725,340,-8
108,115,3385,3726,340,-17
108,115,3387,3732,340,0
108,115,3391,3740,366,0
108,115,3392,3742,392,-20
108,115,3393,3742,391,-29
108,115,3395,3740,392,0
108,115,3395,3744,389,-47
108,115,3395,3744,391,-38
108,115,3395,3745,389,-47
108,115,3399,3723,418,0
108,115,3401,3658,464,92
108,115,3403,3682,392,8
108,115,3404,3732,444,0
108,115,3406,3659,437,97
108,115,3406,3724,471,-24
108,115,3407,3769,361,-345
108,115,3409,3662,153,30
108,115,3411,3655,417,160
108,115,3411,3684,421,0
108,115,3414,3762,345,-361
108,115,3439,3725,239,106
108,115,3441,3755,167,-470
108,115,3442,3753,132,-482
108,115,3447,3744,365,-257
108,115,3448,3751,404,242
108,115,3449,3755,308,-359
108,115,3452,3730,151,393
108,115,3461,3749,406,111
108,115,3476,3737,0,-314
72,125,2296,3949,470,167
72,125,2296,3950,474,156
72,125,2297,3948,451,212
72,125,2298,3945,408,287
72,125,2299,3947,441,236
72,125,2299,3949,462,191
72,125,2299,3953,492,85
72,125,2300,3950,474,156
72,125,2300,3951,474,156
72,125,2301,3946,421,267
72,125,2301,3950,466,179
72,125,2303,3945,0,500
72,125,2305,3953,492,85
72,125,2308,3939,0,500
72,125,2308,3941,361,345
72,125,2309,3943,326,378
72,125,2309,3943,361,345
72,125,2310,3953,451,212
72,125,2313,3945,361,345
72,125,2314,3939,0,500
72,125,2315,3947,224,447
72,125,2315,3983,0,0
72,125,2318,3957,82,412
72,125,2319,3949,57,469
72,125,2319,3960,76,387
72,125,2320,3949,148,449
72,125,2320,3953,66,442
72,125,2320,3957,62,416
72,125,2321,3960,58,390
72,125,2321,3963,54,364
72,125,2324,3983,35,-39
72,125,2326,3956,-209,0
72,125,2329,3956,-342,327
72,125,2331,3932,-132,482
72,125,2333,3936,-224,447
72,125,2340,3939,0,500
72,125,2408,4014,-205,382
72,125,2411,3992,0,500
72,125,2411,4007,-20,275
72,125,2412,4024,-419,-31
72,125,2413,3993,-74,494
3,30,131,1012,0,0
3,30,131,1012,174,325
3,30,139,1005,-280,-77
3,30,150,1040,-148,-450
3,30,171,1007,-242,160
3,30,171,1043,-287,-408
3,30,174,1041,-345,-361
3,30,174,1047,-287,-408
3,30,175,1042,-345,-361
3,30,175,1042,-335,-371
3,30,177,1052,-287,-408
3,30,178,1045,-335,-371
3,30,178,1046,-335,-371
3,30,179,1043,-361,-345
3,30,181,1049,-345,-361
3,30,182,1040,-345,-361
3,30,183,1047,-361,-345
3,30,196,1003,-317,-131
3,30,199,1051,-344,-359
3,30,202,1055,-325,-340
3,30,203,1017,-414,-171
3,30,214,1016,-484,-121
124,31,3891,1024,500,25
124,31,3891,1027,500,0
124,31,3892,1027,500,0
124,31,3892,1028,500,0
124,31,3894,1041,482,-132
124,31,3895,1028,335,0
124,31,3896,980,314,0
124,31,3896,987,314,0
124,31,3896,988,314,0
124,31,3896,991,314,0
124,31,3896,992,314,0
124,31,3896,993,314,0
124,31,3896,996,314,0
124,31,3896,999,314,0
124,31,3896,1000,314,0
124,31,3896,1001,314,0
124,31,3896,1002,314,0
124,31,3896,1003,314,0
124,31,3896,1004,314,0
124,31,3896,1005,314,0
124,31,3896,1006,314,0
124,31,3896,1007,314,0
124,31,3896,1008,314,0
124,31,3896,1009,314,0
124,31,3896,1010,314,0
124,31,3896,1012,314,0
124,31,3896,1013,314,0
124,31,3896,1014,314,0
124,31,3896,1016,314,0
124,31,3896,1017,314,0
124,31,3896,1018,314,0
124,31,3896,1019,314,0
124,31,3896,1020,314,0
124,31,3896,1021,314,0
124,31,3896,1022,314,0
124,31,3896,1023,314,0
124,31,3896,1024,314,0
124,31,3896,1025,312,23
124,31,3896,1025,314,0
124,31,3896,1025,314,15
124,31,3896,1026,314,0
124,31,3896,1026,314,7
124,31,3896,1027,314,0
124,31,3896,1028,335,0
124,31,3896,1029,340,-8
124,31,3898,1025,340,7
124,31,3899,971,340,0
124,31,3899,1009,340,0
124,31,3900,973,366,-8
124,31,3904,1038,482,-132
124,31,3907,1027,500,0
124,31,3908,1027,500,0
124,31,3911,960,353,353
124,31,3911,1025,418,0
124,31,3911,1026,416,30
124,31,3911,1026,418,0
124,31,3911,1026,418,21
124,31,3911,1027,418,0
124,31,3911,1027,500,0
124,31,3912,1029,444,-22
124,31,3913,973,444,-22
124,31,3913,1027,473,0
124,31,3914,1025,444,22
124,31,3917,1027,473,0
124,31,3920,1027,473,0
124,31,3921,1027,447,0
124,31,3925,1028,414,0
124,31,3928,1028,387,0
124,31,3929,1028,387,0
124,31,3939,1077,159,-358
124,31,3947,981,-462,-191
124,31,3949,945,87,438
124,31,3956,1047,26,1
124,31,3961,972,160,241
2,32,133,1076,0,0
2,32,135,1076,22,12
2,32,139,1081,0,0
2,32,139,1086,0,-26
2,32,147,1071,-33,-219
2,32,150,1104,-148,-450
2,32,150,1104,-137,-453
2,32,151,1108,-144,-478
2,32,184,1090,-492,-85
2,32,185,1086,-418,0
2,32,185,1090,-494,-74
2,32,186,1086,-418,-21
2,32,186,1086,-418,0
2,32,189,1082,-340,-325
2,32,190,1086,-392,-9
2,32,190,1086,-392,0
2,32,190,1087,-392,-9
2,32,191,1087,-392,-9
2,32,191,1091,-494,-74
2,32,192,1092,-492,-85
2,32,193,1085,-500,0
2,32,193,1086,-366,0
2,32,193,1092,-492,-85
2,32,194,1091,-494,-74
2,32,194,1092,-494,-74
2,32,194,1092,-492,-85
2,32,195,1092,-492,-85
1,33,15,1134,76,-441
1,33,60,992,0,500
1,33,145,1094,-167,-470
1,33,146,1095,-167,-470
1,33,147,1099,-179,-466
1,33,156,1085,-500,0
1,33,157,1085,-500,0
1,33,157,1085,-466,-179
1,33,158,1085,-496,-60
1,33,160,1085,-500,0
2,34,133,1132,-323,114
2,34,135,1140,26,0
2,34,138,1133,-17,182
2,34,139,1146,-15,-21
2,34,146,1166,-87,-439
2,34,169,1084,-418,0
2,34,169,1100,-418,0
2,34,169,1118,-418,0
2,34,173,1110,-444,0
2,34,178,1097,-471,23
2,34,178,1101,-471,23
2,34,178,1102,-471,23
2,34,178,1104,-471,23
2,34,178,1112,-471,23
2,34,178,1118,-471,23
2,34,178,1119,-471,23
2,34,178,1120,-471,23
2,34,178,1121,-471,23
2,34,178,1122,-471,23
2,34,178,1123,-471,23
2,34,178,1124,-471,23
2,34,178,1125,-471,23
2,34,178,1127,-471,23
2,34,178,1129,-471,23
2,34,180,1120,-444,0
2,34,183,1100,-444,22
2,34,183,1124,-444,22
2,34,187,1128,-417,30
2,34,191,1137,-392,19
2,34,195,1116,-366,18
2,34,195,1137,-366,18
2,34,196,1139,-340,0
2,34,199,1083,-340,17
2,34,199,1086,-340,17
2,34,199,1090,-340,17
2,34,199,1094,-340,17
2,34,199,1095,-340,17
2,34,199,1096,-340,17
2,34,199,1098,-340,17
2,34,199,1099,-340,17
2,34,199,1100,-340,17
2,34,199,1101,-340,17
2,34,199,1103,-340,17
2,34,199,1105,-340,17
2,34,199,1107,-340,17
2,34,199,1109,-340,17
2,34,199,1111,-340,17
2,34,199,1112,-340,17
2,34,199,1115,-340,17
2,34,199,1116,-340,17
2,34,199,1117,-340,17
2,34,199,1118,-340,17
2,34,199,1119,-340,17
2,34,199,1120,-340,17
2,34,199,1121,-340,17
2,34,199,1122,-340,17
2,34,199,1123,-340,17
2,34,199,1124,-340,17
2,34,199,1125,-340,17
2,34,199,1126,-340,17
2,34,199,1127,-340,17
2,34,199,1128,-340,17
2,34,200,1102,-314,0
2,34,200,1120,-314,0
2,34,200,1124,-314,0
2,34,200,1128,-314,0
1,35,139,1159,0,-500
1,35,141,1129,-98,325
1,35,141,1137,-442,-66
1,35,142,1138,-442,-66
1,35,142,1156,-97,-490
1,35,150,1162,-224,-447
2,36,146,1219,-153,-304
2,36,148,1223,-154,-307
2,36,169,1145,-418,0
2,36,169,1158,-418,0
2,36,169,1162,-418,0
2,36,169,1168,-418,0
2,36,169,1172,-418,0
2,36,169,1176,-418,0
2,36,169,1182,-418,0
2,36,169,1184,-418,0
2,36,173,1160,-444,0
2,36,173,1179,-444,0
2,36,174,1185,-444,0
2,36,174,1187,-447,0
2,36,177,1183,-471,23
2,36,177,1185,-471,23
2,36,177,1186,-471,23
2,36,178,1147,-471,23
2,36,178,1160,-471,23
2,36,178,1162,-471,23
2,36,178,1164,-471,23
2,36,178,1166,-471,23
2,36,178,1168,-471,23
2,36,178,1170,-471,23
2,36,178,1176,-471,23
2,36,178,1180,-471,23
2,36,178,1182,-471,23
2,36,178,1183,-471,23
2,36,178,1185,-471,23
2,36,178,1187,-473,0
2,36,181,1185,-444,22
2,36,182,1185,-444,22
2,36,191,1185,-392,8
2,36,197,1184,-339,25
2,36,197,1185,-340,17
2,36,198,1182,-340,7
2,36,198,1182,-340,17
2,36,198,1183,-340,17
2,36,198,1184,-340,17
2,36,198,1185,-340,7
2,36,199,1144,-340,17
2,36,199,1146,-340,17
2,36,199,1157,-340,17
2,36,199,1159,-340,17
2,36,199,1161,-340,17
2,36,199,1163,-340,17
2,36,199,1165,-340,17
2,36,199,1166,-340,17
2,36,199,1167,-340,17
2,36,199,1168,-340,17
2,36,199,1169,-340,17
2,36,199,1170,-340,17
2,36,199,1171,-340,17
2,36,199,1172,-340,17
2,36,199,1173,-340,17
2,36,199,1174,-340,17
2,36,199,1175,-340,17
2,36,199,1177,-340,17
2,36,199,1178,-340,17
2,36,199,1179,-340,17
2,36,199,1180,-340,17
2,36,199,1181,-340,17
2,36,199,1182,-340,17
2,36,199,1183,-340,17
2,36,199,1184,-340,17
2,36,199,1185,-340,17
2,36,199,1187,-340,-8
2,36,199,1188,-340,-8
2,36,200,1182,-314,0
2,36,200,1185,-340,7
2,36,203,1187,-500,0
2,39,97,1323,-500,0
2,39,147,1239,130,0
2,39,148,1219,-85,492
2,39,155,1190,-441,236
2,39,156,1191,-441,236
2,39,156,1230,-144,306
2,39,159,1238,-248,372
2,39,159,1242,-266,325
2,39,160,1188,-500,0
2,39,162,1255,-447,-10
2,39,165,1188,-500,0
2,39,167,1235,-318,351
2,39,168,1234,-309,358
2,39,169,1236,-327,342
2,39,173,1224,-277,416
2,39,174,1219,-353,353
2,39,174,1220,-353,353
2,39,175,1229,-326,378
2,39,175,1232,-353,353
2,39,179,1216,-287,408
2,39,179,1251,-361,345
2,39,182,1212,-287,408
2,39,182,1225,-361,345
2,39,184,1246,-500,-25
2,39,184,1252,-500,-11
2,39,185,1228,-345,361
2,39,186,1221,-359,343
2,39,186,1236,-345,361
2,39,186,1242,-345,361
2,39,186,1243,-345,361
2,39,187,1244,-345,361
2,39,188,1203,-340,325
2,39,188,1205,-340,325
2,39,188,1206,-340,325
2,39,188,1210,-340,325
2,39,188,1214,-340,325
2,39,188,1218,-340,325
2,39,188,1284,-306,-394
2,39,189,1213,-340,325
2,39,189,1214,-340,325
2,39,189,1214,-316,349
2,39,189,1218,-340,325
2,39,189,1252,-500,0
2,39,190,1218,-340,325
2,39,193,1202,-378,326
2,39,193,1208,-378,326
2,39,193,1212,-378,326
2,39,194,1218,-386,316
2,39,204,1252,-500,0
1,37,51,1266,10,-473
1,37,157,1186,-494,74
1,37,157,1187,-500,0
1,37,157,1187,-494,74
1,37,158,1187,-496,60
1,37,160,1187,-500,0
1,37,160,1188,-500,0
1,37,160,1188,-488,109
1,37,160,1188,-478,144
1,37,160,1189,-484,121
1,37,161,1189,-484,121
1,37,162,1189,-488,109
2,38,124,1195,-25,-5
2,38,124,1195,-8,24
2,38,128,1195,116,-58
2,38,129,1195,16,-20
2,38,132,1195,-26,-3
2,38,134,1195,171,-71
2,38,135,1200,-403,-121
2,38,139,1186,0,26
2,38,178,1190,-446,158
2,38,183,1191,-498,37
2,38,185,1176,-351,351
2,38,185,1177,-351,351
2,38,185,1191,-500,0
2,38,186,1191,-500,25
2,38,188,1173,-340,325
2,38,188,1174,-340,325
2,38,188,1176,-340,325
2,38,188,1177,-340,325
2,38,188,1180,-340,325
2,38,188,1188,-340,325
2,38,189,1177,-340,325
2,38,189,1180,-340,325
2,38,190,1183,-441,53
2,38,190,1185,-392,8
2,38,191,1183,-419,31
2,38,191,1185,-392,8
2,38,191,1185,-392,19
2,38,191,1185,-391,28
2,38,191,1188,-500,0
2,38,192,1185,-321,307
2,38,192,1188,-366,0
2,38,193,1183,-428,51
2,38,193,1185,-366,8
2,38,194,1178,-490,97
2,38,196,1180,-494,74
3,40,153,1206,-156,474
3,40,172,1250,-170,162
3,40,175,1247,-335,371
3,40,176,1220,-277,416
3,40,179,1239,-345,361
3,40,180,1248,-176,194
3,40,182,1222,-335,371
3,40,183,1248,-199,207
3,40,184,1248,-199,207
3,40,201,1258,-400,131
3,40,204,1255,-421,150
3,40,207,1322,-473,0
3,40,215,1221,-333,332
3,40,216,1223,-340,325
3,40,216,1223,-333,332
3,40,217,1223,-340,325
90,7,2987,260,0,-500
90,7,2987,262,0,-500
90,7,2987,263,0,-500
90,7,2990,241,-442,-66
90,7,2990,259,-85,-492
90,7,2991,238,-446,-33
90,7,2993,258,-203,-457
90,7,2993,259,-203,-457
90,7,2995,265,-179,-466
90,7,2997,265,-236,-441
90,7,3004,260,-287,-408
90,7,3004,260,-148,-450
90,7,3008,228,-492,85
91,8,2987,338,0,-287
91,8,2993,360,-85,-492
91,8,2998,359,-156,-474
91,8,3000,328,-179,-380
91,8,3005,313,-332,-74
91,8,3009,324,-378,178
91,8,3016,330,-500,25
91,8,3017,284,-418,0
91,8,3017,289,-418,0
91,8,3018,338,-345,-361
91,8,3020,327,-495,36
91,8,3022,342,-361,-345
91,8,3024,344,-345,-361
91,8,3025,286,-471,-11
91,8,3025,287,-469,-46
91,8,3026,283,-471,23
91,8,3026,284,-471,23
91,8,3026,285,-471,-11
91,8,3026,286,-471,-24
91,8,3026,286,-471,23
91,8,3026,287,-471,23
91,8,3026,288,-471,23
91,8,3026,289,-471,23
91,8,3026,290,-471,23
91,8,3026,291,-471,23
91,8,3026,293,-471,23
91,8,3026,294,-471,23
91,8,3026,295,-471,23
91,8,3026,296,-471,23
91,8,3026,297,-471,23
91,8,3029,252,-335,371
91,8,3030,286,-444,-10
91,8,3031,322,-444,22
91,8,3032,324,-418,0
91,8,3033,244,-345,361
91,8,3033,285,-500,0
91,8,3034,264,-500,0
91,8,3037,249,-371,335
91,8,3039,284,-392,0
91,8,3039,305,-392,19
91,8,3043,284,-366,0
91,8,3043,305,-366,18
91,8,3046,284,-340,0
91,8,3046,287,-340,-8
91,8,3046,288,-339,-25
91,8,3046,288,-312,-23
91,8,3046,289,-339,-33
91,8,3047,282,-340,17
91,8,3047,283,-340,17
91,8,3047,284,-340,0
91,8,3047,284,-340,17
91,8,3047,285,-340,0
91,8,3047,285,-340,17
91,8,3047,286,-340,-17
91,8,3047,286,-340,-8
91,8,3047,286,-340,17
91,8,3047,287,-340,-17
91,8,3047,287,-340,-8
91,8,3047,287,-340,17
91,8,3047,288,-340,17
91,8,3047,289,-340,17
91,8,3047,290,-340,17
91,8,3047,291,-336,-50
91,8,3047,292,-340,17
91,8,3047,292,-335,-58
91,8,3047,293,-340,17
91,8,3047,294,-340,17
91,8,3047,295,-340,17
91,8,3047,296,-340,17
91,8,3048,284,-335,0
91,8,3048,286,-314,-7
91,8,3048,292,-314,0
91,8,3048,296,-314,0
91,8,3048,298,-314,0
91,8,3049,272,-478,144
91,8,3049,285,-340,0
91,8,3049,286,-314,0
91,8,3051,285,-500,0
91,8,3051,286,-444,-22
91,8,3053,285,-500,0
91,8,3053,285,-497,0
91,10,2967,390,-151,238
91,10,2973,416,-361,-345
91,10,2980,299,25,-3
91,10,2981,305,170,-163
91,10,2982,299,23,-12
91,10,2986,306,-7,-78
91,10,3003,393,-342,-327
91,10,3012,377,-446,-159
91,10,3013,335,-392,0
91,10,3017,329,-418,0
91,10,3017,355,-418,0
91,10,3021,391,-447,-224
91,10,3026,310,-471,23
91,10,3026,322,-469,34
91,10,3026,326,-471,23
91,10,3026,331,-471,23
91,10,3026,337,-471,23
91,10,3026,339,-471,23
91,10,3026,341,-471,23
91,10,3026,343,-471,23
91,10,3026,345,-471,23
91,10,3026,351,-471,23
91,10,3026,353,-471,23
91,10,3026,355,-471,23
91,10,3026,357,-471,23
91,10,3026,359,-471,23
91,10,3026,361,-471,23
91,10,3028,323,-444,10
91,10,3030,386,-500,11
91,10,3032,324,-418,0
91,10,3032,387,-500,0
91,10,3033,285,-500,0
91,10,3033,387,-500,0
91,10,3034,387,-500,0
91,10,3040,380,-366,0
91,10,3045,323,-340,0
91,10,3047,305,-340,17
91,10,3047,309,-340,17
91,10,3047,321,-340,17
91,10,3047,325,-340,17
91,10,3047,328,-340,17
91,10,3047,330,-340,17
91,10,3047,334,-340,17
91,10,3047,336,-340,17
91,10,3047,338,-340,17
91,10,3047,342,-340,17
91,10,3047,344,-340,17
91,10,3047,348,-340,17
91,10,3047,350,-340,17
91,10,3047,352,-340,17
91,10,3047,354,-340,17
91,10,3047,356,-340,17
91,10,3047,358,-340,17
91,10,3047,360,-340,17
91,10,3048,307,-314,0
91,10,3048,350,-314,0
90,9,2983,299,-78,0
90,9,2987,312,0,-261
90,9,2987,323,0,-500
90,9,2987,326,-74,-494
90,9,2988,326,-179,-466
90,9,2989,305,-442,-66
90,9,2990,305,-442,-66
90,9,2990,306,-442,-66
90,9,2994,323,-470,-167
90,9,2996,328,-277,-416
90,9,2996,329,-277,-416
90,9,3004,284,-500,0
90,9,3004,285,-500,0
90,9,3004,323,-500,0
90,9,3004,323,-361,-345
90,9,3004,323,-148,-450
90,9,3004,324,-500,0
29,108,888,3434,433,108
29,108,893,3394,349,316
29,108,903,3389,217,326
29,108,909,3387,155,330
29,108,913,3394,353,353
29,108,914,3385,114,319
29,108,917,3385,90,328
29,108,918,3386,82,329
29,108,922,3394,332,332
29,108,923,3393,325,340
29,108,925,3383,23,312
29,108,926,3383,15,314
29,108,927,3383,7,314
29,108,928,3384,17,340
29,108,928,3387,0,340
29,108,932,3378,0,500
29,108,932,3416,0,395
29,108,988,3401,0,473
29,108,992,3383,0,500
29,108,992,3384,0,500
29,108,992,3409,0,447
29,108,1037,3419,-387,271
26,108,796,3444,26,0
26,108,817,3384,25,338
26,108,819,3445,-74,138
26,108,820,3383,0,314
26,108,820,3443,31,126
26,108,827,3395,361,345
26,108,847,3384,25,338
26,108,849,3383,0,314
26,108,863,3383,0,314
26,108,867,3383,0,314
26,108,868,3383,0,314
26,108,873,3384,17,340
26,108,874,3383,0,314
26,108,874,3384,0,314
26,108,875,3383,0,314
26,108,878,3383,0,314
26,108,881,3383,0,314
26,108,888,3383,0,314
26,108,895,3394,-345,361
26,108,900,3416,-366,299
26,108,901,3416,-366,299
26,108,902,3417,-374,290
27,109,884,3434,466,179
27,109,887,3433,361,345
27,109,888,3437,470,167
27,109,906,3422,0,500
27,109,907,3441,0,447
27,109,921,3444,-342,327
27,109,928,3444,-451,212
27,109,932,3442,-478,144
24,109,794,3439,478,144
24,109,811,3471,0,0
24,109,815,3437,-57,469
24,109,819,3441,22,447
24,109,820,3441,0,447
24,109,822,3429,0,500
24,109,823,3432,0,500
24,109,836,3438,-478,144
24,109,840,3444,-500,0
23,108,749,3382,0,500
23,108,790,3398,-351,351
23,108,794,3394,-333,332
23,108,800,3383,0,314
23,108,802,3383,0,314
23,108,804,3398,-351,351
23,108,805,3398,-351,351
23,108,809,3394,-340,325
23,108,809,3398,-351,351
23,108,811,3383,0,314
23,108,813,3383,0,314
23,108,814,3398,-351,351
23,108,816,3423,0,261
23,108,845,3434,-490,97
23,108,845,3435,-437,97
23,108,850,3444,-473,0
21,108,715,3382,0,500
21,108,750,3423,-335,371
21,108,752,3396,-277,416
21,108,753,3428,-442,169
21,108,754,3408,-353,353
21,108,757,3408,-353,353
21,108,758,3398,-335,371
21,108,758,3399,-345,361
21,108,759,3438,-468,70
21,108,760,3424,-361,345
21,108,762,3418,-335,371
21,108,799,3444,-500,0
21,108,801,3443,-494,74
21,108,801,3444,-466,179
20,107,711,3378,478,144
20,107,715,3348,0,500
20,107,715,3353,0,500
20,107,728,3403,-361,345
20,107,730,3407,-192,432
20,107,733,3417,-233,350
20,107,737,3421,-298,297
20,107,741,3418,-323,309
20,107,743,3410,-318,351
20,107,745,3412,-327,342
20,107,755,3392,-287,408
20,107,758,3388,-287,408
20,107,761,3384,-277,416
20,107,763,3420,-345,361
20,107,764,3379,-340,325
20,107,764,3380,-340,325
20,107,764,3389,-340,325
20,107,764,3389,-333,332
20,107,764,3394,-340,325
20,107,765,3379,-340,325
20,107,765,3389,-340,325
20,107,765,3390,-316,349
20,107,765,3394,-340,325
20,107,766,3394,-340,325
20,107,769,3378,-378,326
20,107,769,3388,-378,326
20,107,771,3436,-490,97
20,107,775,3430,-500,-25
20,106,715,3338,0,500
20,106,717,3378,-266,255
20,106,743,3350,-500,-25
20,106,758,3370,-498,-37
20,106,760,3352,-351,351
20,106,761,3351,-351,351
20,106,761,3353,-351,351
20,106,764,3348,-340,325
20,106,764,3348,-333,332
20,106,764,3348,-325,340
20,106,764,3350,-340,325
20,106,765,3342,-340,325
20,106,765,3348,-340,325
20,106,765,3352,-340,325
20,106,769,3347,-378,326
20,106,769,3361,-366,8
20,106,769,3363,-500,0
20,106,770,3364,-500,0
4,68,159,2103,11,500
4,68,160,2122,0,500
4,68,185,2142,-217,226
4,68,187,2144,0,264
4,68,198,2152,-457,125
4,68,201,2150,-474,156
4,68,203,2118,-351,351
4,68,204,2164,78,0
4,68,212,2148,-482,132
4,68,214,2118,-351,351
4,68,215,2118,-351,351
4,68,217,2147,-416,277
4,68,253,2128,-353,353
7,69,249,2160,490,97
7,69,263,2147,0,500
7,69,267,2161,0,447
7,69,275,2161,22,447
7,69,276,2156,0,473
7,69,276,2161,0,447
7,69,276,2167,-203,289
7,69,288,2150,-345,361
7,69,293,2164,-500,0
6,68,187,2148,0,212
6,68,188,2129,0,447
6,68,220,2098,0,500
6,68,224,2106,0,340
6,68,226,2103,-25,500
6,68,238,2103,0,314
6,68,238,2105,-114,319
6,68,239,2104,0,314
6,68,239,2147,0,209
6,68,242,2103,0,314
6,68,249,2104,25,338
6,68,249,2109,-217,326
6,68,250,2108,-225,320
6,68,252,2103,0,314
6,68,260,2103,0,314
6,68,261,2103,0,314
6,68,264,2118,0,418
6,68,265,2132,302,0
6,68,281,2122,462,191
6,68,306,2132,-361,345
9,68,215,2164,392,0
9,68,251,2115,361,345
9,68,254,2118,361,345
9,68,256,2115,353,353
9,68,258,2153,-10,-421
9,68,267,2170,-12,23
9,68,270,2169,-350,233
9,68,271,2169,-285,190
9,68,276,2103,0,314
9,68,277,2103,0,314
9,68,288,2103,0,314
9,68,294,2144,207,198
9,68,295,2145,189,180
9,68,296,2103,0,314
9,68,296,2103,7,314
9,68,296,2110,0,366
9,68,296,2111,314,314
9,68,298,2114,332,332
9,68,298,2148,113,108
9,68,300,2103,0,314
9,68,301,2103,0,314
9,68,302,2103,0,314
9,68,303,2103,0,314
9,68,325,2118,0,418
9,68,329,2103,0,314
9,68,330,2103,0,314
9,68,331,2103,0,314
9,68,370,2109,-189,401
123,35,3873,1098,500,-11
123,35,3874,1096,500,-11
123,35,3882,1094,500,0
123,35,3885,1142,490,-97
123,35,3891,1058,332,332
123,35,3896,1098,433,108
123,35,3900,1098,433,108
123,35,3900,1129,334,-58
123,35,3909,1103,210,-21
123,35,3910,1070,416,277
123,35,3912,1064,361,345
123,35,3913,1064,361,345
123,35,3913,1065,361,345
123,35,3914,1063,345,361
123,35,3914,1072,353,353
123,35,3914,1073,416,277
123,35,3915,1065,353,353
123,35,3916,1079,345,361
123,35,3919,1079,345,361
123,35,3956,1076,0,421
123,35,3956,1083,0,183
123,35,3957,1099,25,-4
123,35,3958,1100,0,157
123,35,3960,1099,170,163
123,35,3962,1099,339,-292
125,32,3935,1027,500,0
125,32,3936,1027,500,0
125,32,3936,1028,500,0
125,32,3937,1027,500,25
125,32,3937,1028,500,0
125,32,3938,1027,496,60
125,32,3939,1027,494,74
125,32,3939,1027,500,0
125,32,3950,1017,167,470
125,32,3982,1035,157,-94
125,32,3983,1035,105,-77
125,32,3984,1035,-7,-104
125,32,3984,1044,-162,302
125,32,3984,1044,-17,182
124,33,3893,1090,496,-60
124,33,3897,1032,500,0
124,33,3898,1084,500,0
124,33,3900,1087,496,-60
124,33,3901,1027,500,0
124,33,3901,1115,482,-132
124,33,3902,1028,405,0
124,33,3903,1027,366,0
124,33,3903,1027,500,0
124,33,3903,1028,387,0
124,33,3903,1028,405,0
124,33,3904,1027,366,0
124,33,3905,1009,321,307
124,33,3905,1010,321,307
124,33,3905,1025,392,8
124,33,3906,1025,392,8
124,33,3906,1026,392,0
124,33,3907,1012,332,332
124,33,3907,1012,340,325
124,33,3907,1013,332,332
124,33,3907,1013,340,325
124,33,3907,1014,332,332
124,33,3907,1016,332,332
124,33,3907,1016,340,325
124,33,3907,1017,332,332
124,33,3907,1019,332,332
124,33,3907,1020,332,332
124,33,3907,1021,332,332
124,33,3907,1023,332,332
124,33,3907,1024,332,332
124,33,3907,1026,332,332
124,33,3907,1027,332,332
124,33,3911,1025,358,343
124,33,3922,1040,353,353
124,33,3923,1037,412,82
124,33,3930,994,361,345
124,33,3948,1031,185,0
124,33,3949,1030,133,0
124,33,3954,1034,73,110
124,33,3956,1029,265,216
124,33,3956,1031,261,19
124,33,3956,1033,25,-1
124,33,3959,1035,-23,-12
124,33,3959,1039,10,-209
124,33,3962,1035,-107,-151
124,33,3963,1035,25,-6
124,33,3969,1035,26,0
124,33,3970,1035,18,17
124,33,3970,1035,25,-5
94,5,3008,264,0,-500
94,5,3066,227,0,-290
94,5,3068,239,0,-447
94,5,3070,206,194,136
94,5,3072,234,0,-418
94,5,3072,238,0,-444
94,5,3072,241,0,-471
94,5,3072,251,-344,-359
94,5,3072,259,0,-500
94,5,3072,261,0,-340
94,5,3072,264,0,-500
94,5,3073,234,0,-418
94,5,3073,264,-17,-340
94,5,3074,234,0,-418
94,5,3074,264,-25,-339
94,5,3074,264,-17,-340
94,5,3075,208,15,156
94,5,3075,234,0,-418
94,5,3075,255,-325,-340
94,5,3075,256,-58,-388
94,5,3075,264,-17,-340
94,5,3076,234,0,-418
94,5,3076,260,-44,-363
94,5,3076,264,-17,-340
94,5,3077,234,0,-418
94,5,3077,264,-17,-340
94,5,3077,265,0,-314
94,5,3078,234,0,-418
94,5,3078,251,-344,-359
94,5,3078,262,-58,-335
94,5,3078,264,-17,-340
94,5,3079,234,0,-418
94,5,3079,264,-17,-340
94,5,3079,265,0,-314
94,5,3080,234,0,-418
94,5,3080,264,-17,-340
94,5,3081,224,0,-366
94,5,3081,234,0,-418
94,5,3081,255,-325,-340
94,5,3081,264,-17,-340
94,5,3081,265,0,-314
94,5,3082,234,0,-418
94,5,3082,251,-344,-359
94,5,3082,264,-17,-340
94,5,3083,210,0,-209
94,5,3083,234,0,-418
94,5,3083,238,-22,-444
94,5,3083,238,0,-471
94,5,3083,251,-344,-359
94,5,3083,264,-17,-340
94,5,3083,265,0,-314
94,5,3084,264,-17,-340
94,5,3085,247,-211,-421
94,5,3085,251,-344,-359
94,5,3085,255,-325,-340
94,5,3085,264,-17,-340
94,5,3086,251,-344,-359
94,5,3086,255,-325,-340
94,5,3087,251,-344,-359
94,5,3088,251,-344,-359
94,5,3088,255,-325,-340
94,5,3089,251,-344,-359
94,5,3089,255,-325,-340
94,5,3090,255,-325,-340
94,5,3091,196,0,0
94,5,3091,251,-344,-359
94,5,3091,255,-325,-340
94,5,3092,250,-351,-351
94,5,3092,255,-325,-340
94,5,3093,251,-344,-359
94,5,3093,263,-173,-323
94,5,3094,251,-344,-359
94,5,3094,255,-325,-340
94,5,3094,261,-180,-319
94,5,3095,251,-344,-359
94,5,3096,251,-344,-359
94,5,3096,255,-325,-340
94,5,3097,251,-344,-359
94,5,3097,255,-325,-340
94,5,3098,251,-344,-359
94,5,3098,255,-325,-340
94,5,3099,255,-325,-340
94,5,3100,255,-325,-340
94,5,3101,255,-325,-340
94,5,3103,248,-386,-316
94,5,3103,251,-369,-334
94,5,3107,251,-386,-316
94,5,3107,254,-350,-316
94,5,3117,213,-432,-119
94,5,3129,243,-353,-353
92,5,2982,235,-48,-244
92,5,2984,235,275,0
92,5,2987,223,0,-26
92,5,2987,227,-18,-19
92,5,2987,239,0,-447
92,5,2987,241,0,-287
92,5,2987,250,0,-500
92,5,3009,227,-335,-371
92,5,3013,235,-287,-408
92,5,3016,235,-335,-371
92,5,3019,238,-345,-361
92,5,3028,244,-353,-353
92,5,3030,233,-335,-371
92,5,3035,211,-381,-105
92,5,3036,214,-396,-141
92,5,3049,218,-470,-167
92,5,3057,217,-484,-121
92,5,3058,203,-473,0
92,5,3058,204,-473,0
92,5,3062,218,-484,-121
92,5,3067,219,-482,-132
92,5,3069,213,-482,-132
92,5,3072,221,-361,-345
92,5,3083,205,-484,-121
109,117,3433,3740,473,0
109,117,3433,3748,473,0
109,117,3437,3742,473,0
109,117,3437,3744,473,0
109,117,3437,3745,473,0
109,117,3437,3746,473,0
109,117,3437,3747,473,0
109,117,3437,3764,473,0
109,117,3438,3748,447,0
109,117,3438,3772,287,-408
109,117,3440,3774,203,-457
109,117,3444,3743,417,50
109,117,3444,3775,0,-444
109,117,3444,3775,0,-418
109,117,3444,3776,0,-500
109,117,3449,3731,299,366
109,117,3451,3763,183,3
109,117,3452,3734,274,353
73,124,2280,3915,358,343
73,124,2280,3935,345,361
73,124,2282,3940,335,371
73,124,2283,3910,376,324
73,124,2289,3956,447,0
73,124,2291,3945,428,129
73,124,2291,3945,457,125
73,124,2294,3941,474,156
73,124,2295,3940,466,179
73,124,2301,3945,431,118
73,124,2304,3933,61,115
73,124,2305,3906,332,332
73,124,2306,3906,332,332
73,124,2307,3906,332,332
73,124,2308,3909,358,343
73,124,2310,3909,358,343
73,124,2312,3938,189,180
73,124,2313,3939,169,162
73,124,2314,3909,358,343
73,124,2314,3939,151,144
73,124,2315,3940,132,126
73,124,2319,3949,-285,-233
73,124,2321,3938,189,180
73,124,2322,3956,103,-80
73,124,2323,3956,-32,126
73,124,2323,3956,-1,26
73,124,2324,3895,0,314
73,124,2327,3906,332,332
73,124,2328,3895,0,314
73,124,2330,3897,82,329
73,124,2330,3898,82,329
73,124,2332,3898,66,333
73,124,2332,3901,80,357
73,124,2332,3939,136,158
73,124,2333,3934,216,226
73,124,2334,3895,53,308
73,124,2334,3898,58,334
73,124,2336,3895,0,314
73,124,2336,3895,30,312
73,124,2336,3895,37,311
73,124,2336,3896,-17,340
73,124,2336,3898,0,340
73,124,2336,3899,54,362
73,124,2336,3902,0,366
73,124,2337,3895,23,312
73,124,2337,3896,33,338
73,124,2337,3939,94,157
73,124,2337,3941,105,149
73,124,2338,3896,33,338
73,124,2338,3898,-33,338
73,124,2338,3898,-25,338
73,124,2338,3941,58,116
73,124,2339,3895,-31,416
73,124,2339,3896,7,340
73,124,2339,3896,17,340
73,124,2340,3889,0,497
73,124,2340,3890,0,500
73,124,2340,3895,0,314
73,124,2340,3896,0,340
73,124,2340,3896,17,340
73,124,2340,3918,0,447
73,124,2346,3905,325,340
73,124,2346,3906,332,332
73,124,2352,3936,207,198
73,124,2353,3937,189,180
73,124,2354,3938,189,180
73,124,2356,3939,136,158
73,124,2368,3932,-198,-242
73,124,2429,3912,-203,457
73,124,2437,3975,212,156
73,124,2438,3976,222,182
73,124,2444,3949,-413,82
73,124,2448,3947,-494,74
69,125,2223,3946,0,500
69,125,2223,3949,57,469
69,125,2223,3957,72,414
69,125,2224,3957,62,416
69,125,2226,3953,33,445
69,125,2227,3948,10,473
69,125,2227,3953,22,447
69,125,2227,3976,27,367
69,125,2228,3953,0,447
69,125,2229,3955,-439,66
69,125,2230,3938,0,500
69,125,2231,3939,0,500
69,125,2233,3938,0,500
69,125,2238,3952,-466,179
69,125,2242,3956,-500,0
69,125,2244,3949,-236,441
69,125,2245,3952,-490,97
69,125,2252,3947,-466,179
69,125,2339,4044,-500,-11
65,124,2123,3946,-26,-2
65,124,2125,3917,-24,473
65,124,2126,3937,-289,-128
65,124,2130,3896,-77,387
65,124,2160,3908,-277,416
65,124,2162,3946,-457,125
65,124,2163,3907,-287,408
65,124,2163,3917,-353,353
65,124,2165,3911,-345,361
65,124,2166,3910,-335,371
65,124,2166,3911,-345,361
65,124,2166,3934,-345,361
65,124,2167,3936,-345,361
65,124,2167,3937,-361,345
65,124,2170,3932,-346,283
65,124,2170,3936,-345,361
65,124,2170,3948,-492,85
65,124,2171,3948,-492,85
65,124,2172,3910,-351,351
65,124,2173,3949,-496,60
65,124,2179,3946,-433,108
65,124,2184,3945,-459,114
65,124,2185,3944,-482,132
65,124,2189,3946,-490,97
64,123,2109,3866,-224,447
64,123,2122,3885,9,418
64,123,2123,3922,-74,-138
64,123,2127,3926,-99,328
64,123,2131,3907,-85,492
64,123,2131,3956,0,0
64,123,2132,3907,-85,492
64,123,2133,3861,-121,484
64,123,2134,3893,-121,484
64,123,2136,3888,-121,484
64,123,2137,3883,-277,416
64,123,2139,3878,-441,236
64,123,2139,3946,244,200
64,123,2140,3935,-201,209
64,123,2142,3916,-230,384
64,123,2142,3921,-283,346
64,123,2143,3930,-266,325
64,123,2144,3876,-500,0
64,123,2144,3925,-257,365
64,123,2144,3927,-266,360
64,123,2144,3927,-257,365
64,123,2144,3956,-26,0
64,123,2145,3940,-195,215
64,123,2145,3956,-26,0
64,123,2146,3927,-283,346
64,123,2146,3933,-304,291
64,123,2146,3951,190,-285
64,123,2147,3921,-345,361
64,123,2147,3923,-309,323
64,123,2147,3948,108,433
64,123,2148,3907,-267,421
64,123,2148,3923,-309,323
64,123,2148,3927,-309,358
64,123,2149,3907,-277,416
64,123,2150,3907,-287,408
64,123,2150,3925,-309,323
64,123,2151,3922,-318,351
64,123,2152,3916,-318,351
64,123,2152,3923,-318,351
64,123,2152,3924,-318,351
64,123,2154,3911,-327,342
64,123,2154,3912,-327,342
64,123,2155,3910,-361,345
64,123,2155,3910,-345,361
64,123,2155,3914,-316,386
64,123,2158,3906,-353,353
64,123,2158,3907,-353,353
64,123,2158,3908,-353,353
64,123,2158,3909,-353,353
64,123,2158,3910,-353,353
64,123,2158,3911,-353,353
64,123,2158,3914,-353,353
64,123,2158,3918,-353,353
64,123,2159,3911,-353,353
64,123,2159,3912,-353,353
64,123,2159,3918,-353,353
64,123,2159,3919,-353,353
64,123,2159,3921,-378,326
64,123,2160,3908,-277,416
64,123,2161,3912,-353,353
64,123,2162,3902,-353,353
64,123,2162,3904,-353,353
64,123,2162,3905,-353,353
64,123,2162,3906,-361,345
64,123,2162,3906,-353,353
64,123,2162,3910,-353,353
64,123,2162,3912,-353,353
64,123,2165,3899,-353,353
64,123,2165,3900,-353,353
64,123,2165,3901,-353,353
64,123,2165,3902,-353,353
64,123,2165,3903,-353,353
64,123,2165,3904,-353,353
64,123,2165,3905,-353,353
64,123,2165,3906,-353,353
64,123,2165,3908,-353,353
64,123,2165,3911,-353,353
64,123,2166,3899,-353,353
64,123,2166,3900,-353,353
64,123,2166,3900,-287,408
64,123,2166,3903,-378,326
64,123,2166,3905,-378,326
64,123,2166,3906,-378,326
64,123,2166,3908,-353,353
64,123,2166,3909,-353,353
64,123,2166,3913,-361,345
64,123,2167,3912,-361,345
64,123,2167,3913,-361,345
64,123,2169,3895,-351,351
64,123,2169,3897,-351,351
64,123,2169,3902,-351,351
64,123,2169,3903,-359,343
64,123,2169,3903,-351,351
64,123,2169,3904,-359,343
64,123,2169,3905,-351,351
64,123,2169,3906,-351,351
64,123,2169,3906,-334,368
64,123,2169,3908,-351,351
64,123,2169,3941,-498,-37
64,123,2170,3909,-359,343
64,123,2171,3909,-359,343
64,123,2171,3932,-345,361
64,123,2172,3891,-340,325
64,123,2172,3892,-340,325
64,123,2172,3893,-340,325
64,123,2172,3894,-340,325
64,123,2172,3895,-340,325
64,123,2172,3896,-340,325
64,123,2172,3897,-340,325
64,123,2172,3898,-340,325
64,123,2172,3899,-340,325
64,123,2172,3900,-340,325
64,123,2172,3901,-340,325
64,123,2172,3902,-340,325
64,123,2172,3903,-340,325
64,123,2172,3904,-340,325
64,123,2172,3905,-340,325
64,123,2172,3906,-340,325
64,123,2172,3919,-345,361
64,123,2173,3891,-340,325
64,123,2173,3892,-340,325
64,123,2173,3893,-340,325
64,123,2173,3894,-340,325
64,123,2173,3895,-340,325
64,123,2173,3896,-340,325
64,123,2173,3897,-340,325
64,123,2173,3898,-340,325
64,123,2173,3899,-340,325
64,123,2173,3900,-340,325
64,123,2173,3901,-340,325
64,123,2173,3902,-340,325
64,123,2173,3902,-316,349
64,123,2173,3903,-340,325
64,123,2173,3904,-340,325
64,123,2173,3905,-340,325
64,123,2173,3906,-340,325
64,123,2173,3913,-402,296
64,123,2173,3940,-500,0
64,123,2174,3906,-350,316
64,123,2174,3906,-340,325
64,123,2174,3942,-498,-37
64,123,2175,3892,-321,307
64,123,2175,3905,-350,316
64,123,2175,3905,-340,325
64,123,2175,3906,-340,325
64,123,2176,3899,-321,307
64,123,2176,3900,-321,307
64,123,2176,3902,-321,307
64,123,2176,3903,-321,307
64,123,2177,3890,-378,326
64,123,2177,3891,-378,326
64,123,2177,3893,-378,326
64,123,2177,3894,-378,326
64,123,2177,3895,-378,326
64,123,2177,3896,-378,326
64,123,2177,3897,-378,326
64,123,2177,3900,-378,326
64,123,2177,3910,-402,296
64,123,2178,3905,-386,316
64,123,2178,3909,-402,296
64,123,2178,3940,-500,0
64,123,2179,3909,-402,296
64,123,2179,3910,-408,287
64,123,2180,3909,-402,296
64,123,2183,3940,-500,0
64,123,2183,3942,-500,-25
64,123,2188,3940,-500,0
64,123,2189,3943,-498,-37
70,124,2216,3926,323,309
70,124,2222,3938,0,209
70,124,2223,3932,0,287
70,124,2228,3895,0,314
70,124,2229,3895,0,314
70,124,2230,3895,0,314
70,124,2230,3935,0,235
70,124,2231,3895,0,314
70,124,2233,3895,0,314
70,124,2234,3895,0,314
70,124,2236,3895,0,314
70,124,2237,3895,0,314
70,124,2239,3895,0,314
70,124,2239,3897,7,340
70,124,2240,3895,0,314
70,124,2240,3907,353,353
70,124,2245,3895,0,314
70,124,2246,3900,225,320
70,124,2247,3901,217,326
70,124,2248,3895,0,314
70,124,2248,3901,209,330
70,124,2248,3932,0,287
70,124,2249,3895,0,314
70,124,2250,3895,0,314
70,124,2251,3895,0,314
70,124,2252,3895,0,314
70,124,2253,3895,0,314
70,124,2254,3895,0,314
70,124,2254,3933,0,261
70,124,2254,3934,0,261
70,124,2254,3940,0,183
70,124,2255,3895,0,314
70,124,2256,3895,0,314
70,124,2256,3929,0,157
70,124,2257,3895,0,314
70,124,2258,3895,0,314
70,124,2259,3895,0,314
70,124,2260,3895,0,314
70,124,2261,3895,0,314
70,124,2264,3933,186,252
70,124,2271,3895,20,414
70,124,2271,3941,28,127
70,124,2272,3895,0,314
70,124,2272,3898,0,340
70,124,2272,3898,0,361
70,124,2272,3899,0,340
70,124,2272,3902,0,366
70,124,2275,3895,0,314
70,124,2276,3895,0,314
70,124,2281,3895,0,314
70,124,2282,3895,0,314
70,124,2286,3906,0,392
70,124,2295,3895,0,314
70,124,2296,3895,0,314
70,124,2296,3937,0,209
70,124,2297,3895,0,314
70,124,2299,3896,25,338
70,124,2301,3895,0,314
70,124,2303,3895,0,314
70,124,2303,3934,0,261
70,124,2305,3895,0,314
70,124,2305,3910,-361,345
70,124,2307,3895,0,314
70,124,2313,3895,0,314
70,124,2314,3895,0,314
70,124,2315,3895,0,314
70,124,2316,3979,35,-98
70,124,2319,3956,157,0
70,124,2324,3956,290,0
70,124,2334,3955,-342,7
70,124,2336,3910,0,440
70,124,2337,3908,-25,500
70,124,2337,3909,-25,500
70,124,2338,3956,-287,0
70,124,2346,3949,-359,71
70,124,2363,3953,-484,121
70,124,2368,3955,-500,25
70,124,2372,3932,-402,296
70,124,2381,3956,-500,0
67,124,2177,3934,-217,226
67,124,2195,3910,-351,351
67,124,2197,3941,-136,158
67,124,2198,3910,-351,351
67,124,2200,3896,26,364
67,124,2201,3910,-351,351
67,124,2204,3910,-351,351
67,124,2207,3910,-351,351
67,124,2208,3895,0,314
67,124,2208,3898,0,340
67,124,2208,3899,0,340
67,124,2208,3904,0,340
67,124,2209,3898,-17,340
67,124,2209,3899,-17,340
67,124,2210,3898,-25,338
67,124,2210,3910,-351,351
67,124,2211,3895,0,314
67,124,2211,3898,-33,338
67,124,2212,3895,0,314
67,124,2213,3895,0,314
67,124,2213,3898,-58,334
67,124,2214,3895,0,314
67,124,2214,3905,-325,340
67,124,2215,3895,0,314
67,124,2216,3896,25,338
67,124,2217,3895,0,314
67,124,2217,3896,25,338
67,124,2218,3895,0,314
67,124,2219,3895,0,314
67,124,2220,3897,-98,325
67,124,2220,3959,160,361
67,124,2221,3957,78,0
67,124,2222,3939,0,209
67,124,2223,3934,0,261
67,124,2224,3937,0,235
67,124,2224,3938,0,183
67,124,2225,3910,-351,351
67,124,2226,3899,26,364
67,124,2226,3910,-351,351
67,124,2226,3934,-217,226
67,124,2227,3898,0,340
67,124,2227,3899,0,340
67,124,2227,3910,-351,351
67,124,2228,3898,0,340
67,124,2228,3899,0,340
67,124,2228,3956,290,0
67,124,2228,3959,0,0
67,124,2228,3959,46,-233
67,124,2228,3959,167,-204
67,124,2228,3960,268,-111
67,124,2228,3962,12,23
67,124,2228,3962,394,-262
67,124,2228,3962,445,43
67,124,2229,3903,-314,314
67,124,2231,3910,-351,351
67,124,2235,3910,-351,351
67,124,2236,3910,-351,351
67,124,2239,3906,-345,361
67,124,2239,3956,-26,0
67,124,2240,3906,-333,332
67,124,2241,3954,312,-167
67,124,2242,3956,-26,0
67,124,2264,3917,-361,345
67,124,2286,3956,-500,0
67,125,2206,3956,500,0
67,125,2217,3956,-418,223
67,125,2218,3956,229,229
67,125,2220,3960,-29,393
67,125,2220,3988,38,71
67,125,2222,3949,-46,471
67,125,2223,3957,-62,416
67,125,2228,3935,0,500
67,125,2228,3937,0,500
67,125,2241,3945,-394,306
67,125,2243,3951,-474,156
67,125,2248,3956,-500,0
64,122,2122,3843,-224,447
64,122,2125,3885,-71,199
64,122,2126,3917,112,67
64,122,2128,3886,-117,62
64,122,2134,3880,-238,0
64,122,2135,3886,-341,141
64,122,2136,3846,-144,478
64,122,2136,3905,327,164
64,122,2137,3881,-264,0
64,122,2147,3875,-488,109
64,122,2155,3860,-497,-11
64,122,2157,3881,-428,129
64,122,2160,3862,-471,-11
64,122,2169,3863,-359,343
64,122,2169,3864,-359,343
64,122,2169,3864,-351,351
64,122,2169,3865,-359,343
64,122,2169,3865,-351,351
64,122,2169,3866,-359,343
64,122,2169,3866,-351,351
64,122,2169,3867,-359,343
64,122,2169,3869,-418,0
64,122,2170,3883,-492,85
64,122,2172,3860,-340,325
64,122,2172,3861,-340,325
64,122,2172,3862,-340,325
64,122,2172,3863,-340,325
64,122,2172,3863,-333,332
64,122,2172,3864,-340,325
64,122,2172,3865,-340,325
64,122,2172,3866,-340,325
64,122,2172,3867,-340,325
64,122,2172,3868,-340,325
64,122,2172,3869,-340,325
64,122,2172,3870,-340,325
64,122,2172,3871,-340,325
64,122,2172,3872,-340,325
64,122,2172,3873,-340,325
64,122,2172,3876,-340,325
64,122,2172,3878,-340,325
64,122,2172,3880,-340,325
64,122,2172,3881,-340,325
64,122,2172,3881,-333,332
64,122,2172,3882,-340,325
64,122,2172,3882,-333,332
64,122,2172,3883,-340,325
64,122,2172,3884,-340,325
64,122,2172,3886,-340,325
64,122,2172,3888,-340,325
64,122,2173,3860,-340,325
64,122,2173,3861,-340,325
64,122,2173,3862,-340,325
64,122,2173,3863,-340,325
64,122,2173,3864,-340,325
64,122,2173,3865,-340,325
64,122,2173,3867,-340,325
64,122,2173,3869,-340,325
64,122,2173,3872,-340,325
64,122,2173,3873,-340,325
64,122,2173,3875,-340,325
64,122,2173,3877,-340,325
64,122,2173,3880,-340,325
64,122,2173,3881,-340,325
64,122,2173,3884,-340,325
64,122,2173,3885,-340,325
64,122,2173,3886,-340,325
64,122,2174,3871,-441,53
64,122,2174,3872,-392,0
64,122,2174,3873,-392,8
64,122,2174,3874,-371,335
64,122,2175,3873,-391,28
64,122,2176,3865,-321,307
64,122,2176,3868,-321,307
64,122,2176,3869,-321,307
64,122,2176,3876,-366,0
64,122,2176,3880,-321,307
64,122,2177,3861,-378,326
64,122,2177,3862,-378,326
64,122,2177,3871,-378,326
64,122,2177,3872,-378,326
64,122,2177,3873,-366,8
64,122,2177,3874,-366,0
64,122,2177,3875,-500,0
64,122,2178,3866,-490,97
64,122,2178,3873,-366,8
64,122,2183,3880,-500,0
64,122,2188,3932,-500,0
125,30,3949,972,464,92
125,30,3953,960,97,490
125,30,3953,973,438,87
125,30,3953,991,97,-490
124,29,3892,931,392,-38
124,29,3893,925,500,0
124,29,3895,926,335,0
124,29,3896,928,314,0
124,29,3896,931,314,0
124,29,3896,932,314,0
124,29,3896,934,314,0
124,29,3896,941,314,0
124,29,3896,942,314,0
124,29,3896,943,314,0
124,29,3896,944,314,0
124,29,3896,946,314,0
124,29,3896,947,314,0
124,29,3896,950,314,0
124,29,3896,954,314,0
124,29,3896,956,314,0
124,29,3896,957,314,0
124,29,3896,958,314,0
124,29,3896,959,314,0
124,29,3896,961,314,0
124,29,3896,962,314,0
124,29,3896,963,314,0
124,29,3896,964,314,0
124,29,3896,966,314,0
124,29,3896,967,314,0
124,29,3896,968,314,0
124,29,3896,969,314,0
124,29,3896,970,314,0
124,29,3896,971,314,0
124,29,3896,976,314,0
124,29,3897,925,340,0
124,29,3897,926,340,0
124,29,3897,927,340,-8
124,29,3905,999,353,-353
124,29,3907,961,392,0
124,29,3908,996,353,-353
124,29,3911,961,418,0
124,29,3911,962,418,0
124,29,3911,963,418,0
124,29,3911,964,418,0
124,29,3911,966,418,0
124,29,3911,967,418,0
124,29,3911,968,418,0
124,29,3911,969,418,0
124,29,3911,970,418,0
124,29,3911,971,418,0
124,29,3912,992,353,-353
124,29,3956,986,16,-20
124,29,3957,974,17,182
124,29,3957,975,-7,314
125,28,3933,923,478,-144
125,28,3935,926,498,-37
125,28,3936,924,478,-144
125,28,3936,924,500,0
125,28,3936,925,500,0
125,28,3937,925,500,0
125,28,3937,927,408,-287
125,28,3938,925,496,-60
125,28,3939,925,500,0
125,28,3940,925,500,0
125,28,3944,922,441,-236
125,28,3950,934,167,-470
125,28,3956,907,64,157
125,28,3980,907,0,0
125,28,3984,916,83,62
125,28,3987,912,-113,108
124,27,3903,925,500,0
124,27,3903,926,387,-9
124,27,3903,928,431,-32
124,27,3904,926,392,0
124,27,3904,927,391,-29
124,27,3904,931,494,-74
124,27,3904,936,321,-307
124,27,3904,938,321,-307
124,27,3904,943,321,-307
124,27,3905,926,391,-29
124,27,3905,926,392,-9
124,27,3905,926,392,0
124,27,3905,927,391,-29
124,27,3905,927,392,-9
124,27,3905,928,429,-42
124,27,3906,924,392,0
124,27,3906,925,392,0
124,27,3906,927,392,-9
124,27,3907,924,392,0
124,27,3907,925,392,0
124,27,3907,926,392,0
124,27,3907,926,414,-21
124,27,3908,928,362,-54
124,27,3908,933,340,-325
124,27,3908,937,340,-325
124,27,3908,940,340,-325
124,27,3909,926,418,0
124,27,3909,930,494,-74
124,27,3911,920,351,-351
124,27,3911,929,351,-351
124,27,3911,931,351,-351
124,27,3911,933,351,-351
124,27,3911,936,351,-351
124,27,3915,933,361,-345
124,27,3916,919,453,-137
124,27,3919,912,353,-353
124,27,3923,918,428,-129
124,27,3926,845,294,217
124,27,3929,862,282,55
124,27,3930,936,325,-340
124,27,3932,853,-114,-348
124,27,3935,867,20,75
124,27,3936,864,212,451
124,27,3937,853,315,232
124,27,3937,916,26,44
124,27,3944,948,156,-474
124,27,3947,886,167,356
124,27,3954,911,-121,202
124,27,3955,907,-87,-164
124,27,3961,910,-53,-178
124,27,3962,916,-212,301
124,27,3962,916,-46,23
124,27,3962,916,-26,1
124,27,3963,916,-330,165
124,27,3964,916,-23,11
124,26,3891,859,500,11
124,26,3891,859,500,25
124,26,3891,860,500,11
124,26,3894,856,498,37
124,26,3895,856,498,48
124,26,3895,857,498,48
124,26,3896,857,500,25
124,26,3898,889,421,-267
124,26,3900,836,492,-85
124,26,3900,840,500,0
124,26,3901,837,496,-60
124,26,3901,890,408,-287
124,26,3901,893,408,-287
124,26,3902,893,386,-316
124,26,3904,859,500,0
124,26,3904,894,349,-316
124,26,3904,900,321,-307
124,26,3905,894,349,-316
124,26,3906,893,340,-325
124,26,3906,894,349,-316
124,26,3907,893,340,-325
124,26,3907,897,325,-340
124,26,3908,845,466,-179
124,26,3909,890,358,-344
124,26,3910,884,345,-361
124,26,3910,890,358,-344
124,26,3911,892,351,-351
124,26,3911,893,351,-351
124,26,3911,894,351,-351
124,26,3911,898,351,-351
124,26,3911,901,351,-351
124,26,3911,904,351,-351
124,26,3914,880,353,-353
124,26,3914,897,287,-408
124,26,3915,892,361,-345
124,26,3924,843,308,195
124,26,3926,860,209,0
124,26,3926,881,316,-386
124,26,3928,862,444,10
124,26,3929,876,345,-361
124,26,3931,872,291,-339
124,26,3932,877,281,-381
124,26,3935,875,271,-387
124,26,3936,829,-67,-386
124,26,3937,874,239,-377
124,26,3940,921,441,-236
124,26,3944,912,121,-484
124,26,3945,907,121,-484
124,26,3946,938,121,-484
124,26,3947,875,-174,-116
124,26,3947,898,114,-459
124,26,3948,886,361,-72
124,26,3949,866,21,286
124,26,3951,842,-105,-295
124,26,3954,856,-112,-210
124,26,3955,856,-162,-303
124,26,3956,876,211,394
124,26,3956,877,74,138
124,26,3956,877,86,57
124,26,3956,883,0,0
124,26,3956,940,0,-500
123,25,3878,857,478,-144
123,25,3879,836,418,0
123,25,3881,863,457,-203
123,25,3881,864,466,-179
123,25,3884,876,345,-361
123,25,3885,837,473,0
123,25,3887,863,361,-345
123,25,3889,843,447,0
123,25,3891,836,421,0
123,25,3891,852,437,-98
123,25,3891,856,407,-244
123,25,3893,858,411,-170
123,25,3894,853,400,-132
123,25,3894,853,403,-121
123,25,3897,850,382,-96
123,25,3897,851,381,-105
123,25,3898,853,371,-132
123,25,3899,888,353,-353
123,25,3907,852,437,-98
123,25,3913,881,353,-353
123,25,3914,889,345,-361
123,25,3914,890,345,-361
123,25,3916,870,361,-345
123,25,3918,876,345,-361
123,25,3918,893,287,-408
123,25,3919,889,296,-402
123,25,3921,881,345,-361
123,25,3921,882,345,-361
123,25,3921,882,353,-353
123,25,3922,886,306,-394
123,25,3923,885,287,-408
123,25,3932,855,139,313
123,25,3935,854,371,-199
123,25,3946,872,65,-171
123,25,3954,878,33,-446
123,25,3954,882,23,-473
123,25,3954,885,32,-443
123,25,3956,846,49,92
123,25,3956,847,49,92
123,25,3956,849,82,-101
123,25,3956,852,21,14
123,25,3956,857,0,-290
123,25,3956,879,0,-447
123,25,3956,886,0,-500
123,25,3956,904,0,-500
123,25,3987,854,77,74
108,118,3377,3808,500,11
108,118,3378,3811,500,0
108,118,3379,3811,500,0
108,118,3381,3811,500,0
108,118,3382,3811,500,0
108,118,3382,3824,482,-132
108,118,3382,3825,482,-132
108,118,3383,3809,498,-48
108,118,3384,3772,314,0
108,118,3384,3773,314,0
108,118,3384,3783,314,0
108,118,3384,3787,314,0
108,118,3384,3791,314,0
108,118,3384,3795,314,0
108,118,3384,3796,314,0
108,118,3384,3797,314,0
108,118,3384,3798,314,0
108,118,3384,3799,314,0
108,118,3384,3800,314,0
108,118,3384,3802,314,0
108,118,3384,3803,314,0
108,118,3384,3805,314,0
108,118,3384,3808,314,0
108,118,3384,3809,314,0
108,118,3384,3810,314,0
108,118,3384,3811,314,0
108,118,3384,3813,340,-8
108,118,3385,3806,340,-8
108,118,3385,3807,340,-17
108,118,3386,3809,340,7
108,118,3387,3804,340,0
108,118,3392,3813,392,-9
108,118,3396,3739,345,361
108,118,3396,3811,500,0
108,118,3399,3809,418,0
108,118,3399,3810,418,0
108,118,3399,3811,418,0
108,118,3399,3811,500,0
108,118,3402,3809,444,22
108,118,3402,3809,500,25
108,118,3405,3811,473,0
108,118,3405,3812,471,-24
108,118,3410,3810,466,-81
108,118,3414,3812,418,0
108,118,3416,3811,395,0
108,118,3433,3811,316,0
108,118,3439,3730,132,482
109,119,3420,3815,494,74
109,119,3423,3811,500,0
109,119,3424,3811,500,0
109,119,3426,3811,496,60
109,119,3427,3811,494,74
109,119,3427,3811,500,0
109,119,3428,3804,492,-85
109,119,3428,3804,500,0
109,119,3435,3850,203,-457
109,119,3438,3801,167,470
109,119,3445,3822,198,371
109,119,3446,3819,108,203
109,119,3457,3822,371,132
108,120,3386,3869,500,0
108,120,3388,3815,500,0
108,120,3388,3828,500,0
108,120,3391,3811,366,0
108,120,3391,3811,500,0
108,120,3391,3817,500,0
108,120,3392,3811,366,0
108,120,3393,3797,321,307
108,120,3394,3809,392,8
108,120,3394,3810,392,0
108,120,3395,3797,332,332
108,120,3395,3800,332,332
108,120,3395,3800,340,325
108,120,3395,3805,332,332
108,120,3395,3809,332,332
108,120,3395,3810,332,332
108,120,3395,3811,332,332
108,120,3395,3814,332,332
108,120,3395,3815,340,325
108,120,3399,3804,418,0
108,120,3399,3805,418,0
108,120,3418,3795,500,0
108,120,3426,3892,238,0
108,120,3433,3764,121,484
108,120,3434,3816,212,0
108,120,3435,3817,185,0
108,120,3438,3814,159,0
108,120,3444,3763,0,500
108,120,3447,3819,-37,-498
108,120,3450,3819,25,-3
108,120,3452,3819,25,-3
108,120,3469,3820,-105,-149
107,122,3350,3877,470,167
107,122,3358,3885,474,156
107,122,3360,3885,470,167
107,122,3366,3890,492,85
107,122,3367,3892,500,0
107,122,3371,3852,353,353
107,122,3371,3891,484,121
107,122,3375,3871,417,223
107,122,3375,3877,470,167
107,122,3379,3842,332,332
107,122,3379,3892,421,0
107,122,3383,3873,384,230
107,122,3384,3885,385,86
107,122,3398,3854,416,277
107,122,3400,3848,361,345
107,122,3401,3848,361,345
107,122,3401,3849,361,345
107,122,3401,3859,345,361
107,122,3402,3857,416,277
107,122,3402,3859,345,361
107,122,3403,3849,353,353
107,122,3403,3856,353,353
107,122,3403,3863,345,361
107,122,3404,3863,345,361
107,122,3410,3849,353,353
107,122,3415,3891,-162,-86
107,122,3444,3827,0,500
107,122,3444,3880,25,-6
19,77,737,2478,-496,-60
19,80,690,2641,-92,-464
19,80,722,2531,-361,345
19,80,734,2631,-353,-353
22,76,696,2510,0,-447
22,76,793,2372,-316,386
33,16,1138,465,-87,438
33,16,1170,514,-469,34
33,16,1172,515,-444,10
33,16,1176,479,-345,361
33,16,1189,515,-340,0
33,16,1191,513,-340,17
33,14,1170,443,-471,23
33,14,1170,445,-473,0
33,14,1170,446,-471,-24
33,14,1185,445,-500,0
33,14,1190,447,-340,-8
33,14,1191,442,-340,17
33,14,1191,443,-340,17
32,13,1141,415,-345,361
32,13,1149,445,-500,0
32,13,1149,445,-466,-179
32,13,1150,443,-500,0
33,12,1175,445,-500,0
33,12,1177,450,-494,-74
33,12,1187,452,-492,-85
33,11,1147,437,-156,-474
33,11,1154,392,-283,-346
33,11,1156,389,-309,-323
33,11,1180,407,-353,-353
33,11,1180,417,-316,-350
33,11,1181,413,-340,-325
33,11,1181,420,-340,-325
33,11,1185,363,-500,0
36,10,1221,394,0,-418
36,10,1222,394,0,-418
36,10,1222,424,-17,-340
36,10,1223,394,0,-418
36,10,1223,424,-17,-340
36,10,1224,424,-17,-340
36,10,1225,424,-17,-340
36,10,1248,363,-264,0
36,10,1256,373,-433,-108
34,10,1139,414,-167,-470
34,10,1142,423,-156,-474
34,10,1160,395,-335,-371
34,10,1231,363,-500,0
1,65,116,2100,0,0
1,65,124,2017,0,500
1,65,127,2058,-432,118
1,65,131,2057,-459,114
1,65,132,2058,-462,103
1,65,136,2056,-484,121
1,65,141,2055,-484,121
1,65,142,2090,-433,108
1,65,144,2035,-441,236
1,65,146,2084,-473,0
1,65,146,2085,-473,0
1,65,146,2088,-473,0
1,65,150,2084,-500,0
1,65,151,2054,-441,236
1,65,155,2083,-500,0
2,66,117,2069,-141,396
2,66,124,2069,0,421
2,66,135,2080,-136,226
2,66,148,2098,-230,57
2,66,174,2141,-264,0
2,66,185,2089,-500,-25
2,66,185,2089,-500,0
2,66,188,2082,-340,325
2,66,188,2085,-340,325
2,66,188,2089,-340,325
2,66,188,2092,-340,325
2,66,189,2083,-340,325
2,66,189,2085,-340,325
2,66,189,2089,-340,325
2,66,189,2092,-340,325
2,66,190,2084,-471,0
2,66,191,2081,-391,28
2,66,191,2084,-497,0
2,66,192,2084,-366,0
2,66,193,2081,-378,326
2,66,193,2081,-366,8
2,66,193,2082,-366,0
2,66,194,2074,-490,97
2,66,194,2076,-492,85
2,67,135,2068,60,496
2,67,139,2097,0,447
2,67,145,2132,-82,412
2,67,147,2114,-85,492
2,67,147,2115,-85,492
2,67,148,2115,-97,490
2,67,148,2115,-85,492
2,67,149,2105,-121,484
2,67,149,2105,-97,490
2,67,150,2101,-121,484
2,67,150,2106,-132,482
2,67,152,2096,-121,484
2,67,153,2090,-277,416
2,67,153,2091,-277,416
2,67,155,2086,-441,236
2,67,155,2098,-156,474
2,67,160,2084,-500,0
2,67,160,2084,-478,144
2,67,165,2084,-500,0
2,67,179,2147,-361,345
2,67,188,2099,-340,325
2,67,188,2114,-340,325
2,67,189,2110,-316,349
2,67,190,2114,-340,325
91,6,2980,244,0,369
91,6,2980,244,21,14
91,6,2981,237,-263,175
91,6,2981,237,-258,181
91,6,2987,239,-242,160
91,6,2987,275,0,-340
91,6,2989,240,-95,-189
91,6,2994,289,-132,-482
91,6,2995,289,-132,-482
91,6,2996,264,-132,-400
91,6,2996,294,-132,-482
91,6,2996,294,-121,-484
91,6,2998,268,-140,-425
91,6,2999,272,-148,-450
91,6,3021,276,-361,-345
91,6,3022,253,-361,-345
91,6,3023,256,-412,-233
91,6,3024,280,-361,-345
91,6,3025,216,-457,-126
91,6,3025,265,-353,-353
91,6,3025,275,-361,-345
91,6,3029,269,-361,-345
91,6,3030,269,-361,-345
91,6,3033,262,-359,-344
91,6,3033,263,-359,-344
91,6,3033,263,-351,-351
91,6,3033,264,-359,-344
91,6,3033,273,-359,-344
91,6,3035,272,-371,-335
91,6,3036,247,-353,-353
91,6,3036,251,-345,-361
91,6,3036,267,-333,-333
91,6,3036,276,-333,-333
91,6,3037,253,-340,-325
91,6,3037,259,-340,-325
91,6,3037,261,-340,-325
91,6,3037,265,-340,-325
91,6,3037,266,-340,-325
91,6,3037,267,-340,-325
91,6,3037,276,-340,-325
91,6,3053,228,-500,0
72,16,2324,590,0,-447
72,16,2333,600,-296,-402
72,16,2336,587,-500,0
72,16,2336,604,-306,-394
73,17,2303,633,361,-345
73,17,2335,629,22,-444
73,17,2335,646,7,-340
73,17,2336,649,0,-366
73,17,2337,618,0,-418
73,17,2338,648,-17,-340
73,17,2386,618,0,-418
73,17,2387,618,0,-418
73,17,2387,648,-17,-340
73,17,2388,618,0,-418
73,17,2388,648,-17,-340
73,17,2389,618,0,-418
73,17,2389,648,-17,-340
73,17,2390,622,0,-444
73,17,2390,648,-17,-340
73,17,2391,648,-17,-340
73,17,2438,599,-457,-126
73,17,2439,598,-333,-188
74,16,2391,587,500,0
74,16,2395,590,492,-85
74,16,2402,600,267,-421
74,16,2444,581,-374,-290
76,16,2411,588,267,-421
76,16,2417,580,394,-262
76,16,2422,578,360,-266
76,16,2457,587,-314,-30
77,17,2419,587,421,0
77,17,2422,597,400,-132
77,17,2476,639,-48,-498
78,18,2419,604,500,11
78,18,2462,607,-291,-304
78,18,2473,651,121,-484
78,18,2476,644,-277,-416
78,19,2433,670,391,-29
78,19,2434,668,392,0
78,19,2435,668,392,0
78,19,2439,634,500,0
78,19,2440,692,358,-344
78,19,2445,612,473,0
78,19,2449,669,492,-11
78,19,2586,683,-500,-11
