52,1,1654,98,360,-266
52,1,1663,114,10,-473
52,1,1667,115,203,-457
52,1,1684,110,0,-447
3,124,139,3946,0,264
3,124,141,3917,-24,473
3,124,152,3910,-144,478
3,124,155,3943,-106,-298
3,124,160,3955,130,-26
3,124,167,3940,-134,163
3,124,169,3952,-79,-167
3,124,170,3946,-188,-255
3,124,171,3955,-131,-26
3,124,175,3935,-335,371
3,124,176,3908,-277,416
3,124,176,3931,-345,361
3,124,178,3924,-345,361
3,124,178,3938,-116,141
3,124,179,3924,-345,361
3,124,180,3936,-176,194
3,124,181,3911,-345,361
3,124,181,3937,-176,194
3,124,182,3910,-335,371
3,124,182,3911,-345,361
3,124,182,3923,-335,371
3,124,183,3927,-345,361
3,124,184,3918,-345,361
3,124,184,3936,-199,207
3,124,186,3949,-309,145
3,124,200,3946,-464,92
3,124,201,3946,-403,121
3,124,201,3946,-400,131
3,124,202,3940,-400,200
3,124,204,3943,-421,150
3,124,204,3945,-428,129
3,124,205,3945,-428,129
3,124,211,3944,-457,125
3,124,216,3911,-333,332
3,124,217,3920,-402,296
3,124,218,3976,-500,0
73,124,2335,3916,330,209
73,124,2365,3911,-296,402
73,124,2373,3919,-484,121
73,124,2376,3917,-474,156
78,124,2519,3915,466,179
78,124,2527,3924,500,0
78,124,2528,3924,500,0
75,124,2431,3907,316,386
75,124,2435,3924,74,248
75,124,2442,3902,0,500
75,124,2443,3921,0,447
38,124,1148,3939,433,217
38,124,1158,3924,466,179
38,124,1160,3925,466,179
38,124,1160,3938,404,155
38,124,1161,3920,361,345
38,124,1162,3920,361,345
38,124,1162,3947,464,92
38,124,1162,3956,471,0
38,124,1167,3957,235,0
38,124,1169,3933,500,0
38,124,1169,3938,340,170
38,124,1175,3945,396,141
38,124,1185,3908,368,333
38,124,1185,3948,300,133
38,124,1193,3898,180,319
38,124,1194,3937,175,194
38,124,1201,3894,123,344
38,124,1201,3896,25,338
38,124,1204,3895,0,314
38,124,1204,3896,0,314
38,124,1207,3895,0,314
38,124,1208,3898,66,333
38,124,1208,3936,207,198
38,124,1210,3895,0,314
38,124,1211,3899,62,360
38,124,1213,3895,23,312
38,124,1215,3895,7,314
38,124,1215,3946,494,74
38,124,1216,3895,0,314
38,124,1216,3898,0,340
38,124,1216,3898,0,361
38,124,1216,3899,0,340
38,124,1216,3920,386,316
38,124,1217,3906,332,332
38,124,1219,3895,0,314
38,124,1220,3939,80,103
38,124,1223,3895,0,314
38,124,1228,3938,153,178
38,124,1233,3895,0,314
38,124,1234,3937,175,194
38,124,1235,3906,332,332
38,124,1241,3895,0,314
38,124,1247,3895,0,314
41,124,1236,3956,500,0
41,124,1237,3956,500,0
41,124,1238,3950,496,60
41,124,1239,3956,500,0
41,124,1249,3953,492,85
41,124,1252,3953,488,109
41,124,1252,3954,492,85
41,124,1282,3955,181,40
41,124,1283,3954,204,56
41,124,1284,3955,131,22
41,124,1291,3913,353,353
41,124,1291,3956,348,-187
41,124,1292,3931,345,361
41,124,1296,3956,147,60
41,124,1301,3900,306,394
41,124,1302,3901,306,394
41,124,1303,3901,306,394
41,124,1332,3891,0,500
41,124,1332,3928,0,395
41,124,1332,3951,189,-163
41,124,1332,3954,78,-61
74,123,2331,3910,445,158
74,123,2333,3913,431,118
74,123,2364,3858,0,500
74,123,2364,3867,0,500
74,123,2364,3896,0,395
74,123,2368,3863,0,314
74,123,2368,3866,0,340
74,123,2384,3863,0,314
74,123,2384,3902,0,261
74,123,2385,3863,0,314
74,123,2385,3908,0,183
74,123,2392,3885,-92,464
74,123,2396,3863,0,314
74,123,2397,3863,0,314
74,123,2398,3863,0,314
74,123,2408,3909,0,183
74,123,2411,3863,0,314
74,123,2417,3863,0,314
74,123,2419,3863,0,314
74,123,2420,3863,0,314
74,123,2423,3863,0,314
74,123,2433,3863,0,314
80,123,2494,3920,494,74
80,123,2497,3921,492,85
80,123,2505,3924,473,0
80,123,2507,3923,482,132
80,123,2510,3924,381,281
80,123,2519,3913,458,114
80,123,2524,3914,433,108
80,123,2534,3923,130,28
77,123,2409,3888,361,345
77,123,2410,3886,353,353
77,123,2440,3904,207,198
77,123,2463,3874,332,332
77,123,2465,3870,264,323
77,123,2470,3868,225,320
77,123,2493,3904,116,262
77,123,2499,3881,10,473
71,123,2273,3892,485,0
71,123,2274,3873,224,447
71,123,2283,3879,0,500
71,123,2318,3900,-29,43
71,123,2326,3868,-287,408
71,123,2332,3873,-325,340
71,123,2356,3932,0,-26
71,123,2374,3877,-123,372
71,123,2374,3881,-130,397
71,123,2375,3879,-150,390
71,123,2383,3883,-335,371
71,123,2383,3883,-326,378
71,123,2384,3886,-378,326
71,123,2392,3884,-361,345
71,123,2393,3884,-361,345
71,123,2408,3916,-490,97
42,123,1281,3905,340,325
42,123,1281,3906,340,325
42,123,1281,3953,492,85
42,123,1282,3906,340,325
42,123,1283,3891,340,325
42,123,1283,3894,332,332
42,123,1283,3899,332,332
42,123,1283,3900,332,332
42,123,1283,3902,332,332
42,123,1283,3903,316,349
42,123,1283,3903,332,332
42,123,1283,3905,332,332
42,123,1283,3906,340,325
42,123,1283,3917,353,353
42,123,1284,3906,332,332
42,123,1286,3956,500,0
42,123,1287,3885,358,343
42,123,1288,3955,494,74
42,123,1289,3932,473,0
42,123,1291,3905,353,353
42,123,1293,3956,473,0
42,123,1298,3891,342,327
42,123,1304,3897,323,309
42,123,1307,3900,304,291
42,123,1307,3901,312,282
42,123,1308,3900,304,291
42,123,1308,3924,291,304
42,123,1310,3922,291,304
42,123,1313,3956,290,0
42,123,1319,3918,-425,175
42,123,1323,3865,121,484
42,123,1323,3917,-298,168
42,123,1335,3915,-25,-5
42,123,1335,3920,-109,-182
2,123,144,3918,0,-130
2,123,147,3906,-114,458
2,123,148,3907,-85,492
2,123,153,3889,-144,478
2,123,155,3878,-441,236
2,123,155,3915,-179,466
2,123,156,3879,-441,236
2,123,157,3929,-233,350
2,123,158,3916,-230,384
2,123,159,3916,-58,334
2,123,160,3876,-500,0
2,123,160,3925,-257,365
2,123,161,3925,-266,360
2,123,161,3928,-283,346
2,123,163,3931,-291,304
2,123,164,3907,-267,421
2,123,165,3876,-500,0
2,123,165,3930,-316,316
2,123,167,3917,-306,394
2,123,167,3918,-361,345
2,123,167,3922,-318,351
2,123,168,3924,-318,351
2,123,171,3910,-345,361
2,123,171,3911,-345,361
2,123,171,3916,-345,361
2,123,171,3919,-345,361
2,123,171,3937,-421,0
2,123,172,3961,-91,-408
2,123,174,3907,-353,353
2,123,174,3910,-353,353
2,123,174,3911,-353,353
2,123,174,3914,-353,353
2,123,174,3917,-353,353
2,123,174,3919,-353,353
2,123,175,3929,-447,0
2,123,176,3920,-361,345
2,123,178,3904,-500,0
2,123,178,3906,-353,353
2,123,178,3910,-353,353
2,123,178,3912,-361,345
2,123,178,3912,-353,353
2,123,179,3904,-287,408
2,123,180,3945,-316,386
2,123,180,3946,-361,345
2,123,181,3899,-353,353
2,123,181,3900,-353,353
2,123,181,3902,-353,353
2,123,181,3903,-353,353
2,123,181,3904,-353,353
2,123,181,3910,-353,353
2,123,181,3912,-353,353
2,123,182,3900,-287,408
2,123,182,3902,-353,353
2,123,182,3913,-361,345
2,123,182,3939,-316,386
2,123,182,3940,-316,386
2,123,184,3936,-345,361
2,123,184,3950,-490,97
2,123,185,3896,-277,416
2,123,185,3903,-351,351
2,123,185,3905,-351,351
2,123,185,3906,-334,368
2,123,185,3907,-351,351
2,123,185,3916,-345,361
2,123,186,3909,-359,343
2,123,186,3930,-345,361
2,123,186,3931,-345,361
2,123,186,3962,-466,-179
2,123,188,3891,-340,325
2,123,188,3892,-340,325
2,123,188,3893,-340,325
2,123,188,3895,-340,325
2,123,188,3896,-340,325
2,123,188,3897,-340,325
2,123,188,3898,-340,325
2,123,188,3900,-340,325
2,123,188,3901,-340,325
2,123,188,3902,-340,325
2,123,188,3903,-340,325
2,123,188,3904,-340,325
2,123,188,3905,-340,325
2,123,188,3906,-340,325
2,123,188,3913,-345,361
2,123,188,3925,-345,361
2,123,189,3891,-340,325
2,123,189,3892,-340,325
2,123,189,3895,-340,325
2,123,189,3896,-340,325
2,123,189,3897,-340,325
2,123,189,3900,-340,325
2,123,189,3900,-325,340
2,123,189,3901,-340,325
2,123,189,3902,-340,325
2,123,189,3902,-316,349
2,123,189,3903,-340,325
2,123,189,3906,-340,325
2,123,189,3940,-500,0
2,123,190,3906,-340,325
2,123,191,3905,-350,316
2,123,192,3901,-321,307
2,123,192,3902,-321,307
2,123,193,3890,-378,326
2,123,193,3891,-378,326
2,123,193,3894,-378,326
2,123,193,3896,-378,326
2,123,193,3900,-378,326
2,123,194,3906,-386,316
2,123,194,3940,-500,0
2,123,199,3940,-500,0
2,123,203,3939,-500,0
2,123,204,3940,-500,0
2,123,204,3947,-492,85
2,123,205,3943,-498,-37
2,123,205,3947,-492,85
124,123,3905,3906,340,325
124,123,3905,3906,349,316
124,123,3906,3906,340,325
124,123,3907,3891,332,332
124,123,3907,3894,332,332
124,123,3907,3895,332,332
124,123,3907,3898,332,332
124,123,3908,3904,325,340
124,123,3910,3909,358,343
124,123,3932,3943,342,-8
124,123,3933,3925,291,304
124,123,3936,3876,500,0
124,123,3937,3921,-97,490
124,123,3940,3878,441,236
124,123,3943,3882,277,416
124,123,3944,3887,109,488
124,123,3944,3887,148,449
124,123,3945,3934,-104,0
124,123,3946,3891,139,424
124,123,3948,3929,58,334
124,123,3956,3923,167,-251
2,122,124,3883,-360,-80
2,122,124,3883,-25,-5
2,122,124,3883,-8,24
2,122,125,3883,9,-78
2,122,127,3883,25,-128
2,122,127,3883,26,0
2,122,127,3888,-185,-4
2,122,128,3883,22,-13
2,122,128,3883,26,0
2,122,128,3883,79,-97
2,122,128,3883,116,-58
2,122,129,3883,16,-20
2,122,129,3883,24,-10
2,122,133,3883,167,-130
2,122,136,3883,0,0
2,122,137,3891,-59,-51
2,122,137,3891,155,34
2,122,145,3879,26,1
2,122,159,3905,360,80
2,122,160,3905,14,287
2,122,173,3881,-428,129
2,122,182,3878,-498,37
2,122,185,3879,-500,0
2,122,185,3880,-500,0
2,122,186,3880,-500,-25
2,122,186,3881,-500,0
2,122,187,3868,-490,97
2,122,189,3874,-392,0
2,122,189,3875,-392,0
2,122,190,3871,-441,53
2,122,190,3873,-392,8
2,122,191,3871,-419,31
2,122,191,3873,-392,8
2,122,191,3873,-392,19
2,122,191,3873,-391,28
2,122,192,3867,-492,85
2,122,192,3876,-366,0
2,122,193,3867,-490,97
2,122,193,3871,-428,51
2,122,193,3873,-366,8
2,122,193,3874,-366,8
2,122,193,3875,-500,0
2,122,194,3866,-490,97
2,122,194,3868,-492,85
2,122,194,3875,-500,0
2,122,196,3868,-494,74
2,122,204,3932,-500,0
69,122,2268,3827,0,500
69,122,2286,3837,-74,494
69,122,2291,3847,-500,0
69,122,2295,3855,-159,445
69,122,2295,3855,-148,449
69,122,2300,3847,-353,353
69,122,2308,3924,-316,0
69,122,2311,3864,-323,309
69,122,2345,3904,-472,-35
69,122,2348,3908,-500,0
124,122,3902,3874,366,0
124,122,3902,3876,405,0
124,122,3903,3875,366,0
124,122,3903,3876,387,0
124,122,3906,3873,392,8
124,122,3906,3874,392,0
124,122,3907,3862,332,332
124,122,3907,3867,332,332
124,122,3907,3868,332,332
124,122,3907,3869,332,332
124,122,3907,3873,332,332
124,122,3907,3875,332,332
124,122,3911,3856,371,288
124,122,3911,3870,358,343
124,122,3911,3879,358,343
124,122,3923,3885,412,82
124,122,3936,3906,-54,308
124,122,3944,3899,-395,0
124,122,3948,3879,185,0
124,122,3966,3881,-54,-444
1,121,145,3865,-167,470
1,121,156,3875,-500,0
1,121,156,3875,-381,281
1,121,157,3874,-494,74
1,121,157,3875,-494,74
1,121,158,3875,-500,0
1,121,158,3875,-496,60
1,121,159,3876,-478,144
1,121,159,3879,-488,109
1,121,160,3874,-386,316
1,121,160,3875,-500,0
1,121,160,3876,-500,0
1,121,160,3876,-488,109
1,121,160,3879,-492,85
1,121,160,3899,-474,-156
1,121,161,3876,-482,132
1,121,161,3877,-484,121
1,121,161,3878,-490,97
1,121,161,3878,-484,121
1,121,161,3879,-492,85
1,121,162,3878,-490,97
1,121,163,3876,-484,121
1,121,163,3878,-490,97
1,121,164,3878,-490,97
42,121,1267,3875,500,0
42,121,1271,3876,335,0
42,121,1272,3860,314,0
42,121,1272,3869,311,37
42,121,1272,3869,314,0
42,121,1272,3871,312,30
42,121,1272,3872,312,23
42,121,1272,3873,314,15
42,121,1272,3874,314,7
42,121,1272,3875,314,0
42,121,1272,3877,340,-8
42,121,1273,3873,340,7
42,121,1273,3873,340,17
42,121,1275,3851,340,0
42,121,1275,3865,329,82
42,121,1275,3869,335,50
42,121,1275,3875,340,0
42,121,1279,3843,323,264
42,121,1283,3838,340,325
42,121,1284,3876,444,0
42,121,1289,3876,473,0
42,121,1293,3903,261,0
42,121,1297,3942,381,-281
42,121,1298,3818,353,353
42,121,1305,3924,375,-113
42,121,1305,3933,355,-225
42,121,1305,3943,316,-316
42,121,1312,3892,212,0
42,121,1330,3804,167,470
42,121,1331,3806,74,494
125,121,3949,3860,473,0
125,121,3949,3861,473,0
125,121,3949,3862,473,0
125,121,3949,3865,473,0
125,121,3949,3866,473,0
125,121,3949,3867,473,0
125,121,3949,3869,473,0
125,121,3949,3870,473,0
125,121,3949,3872,473,0
125,121,3949,3874,473,0
125,121,3949,3875,473,0
125,121,3949,3876,473,0
125,121,3953,3853,438,87
125,121,3955,3876,421,0
125,121,3975,3851,-390,161
125,121,3980,3854,-167,204
125,121,3984,3855,-208,-20
125,121,3988,3821,0,104
2,120,25,3827,299,366
2,120,28,3830,274,353
2,120,139,3825,-74,-138
2,120,140,3817,-26,0
2,120,140,3822,-16,-314
2,120,140,3823,-369,-198
2,120,140,3824,-374,-188
2,120,142,3837,239,159
2,120,151,3775,-441,236
2,120,169,3832,-418,0
2,120,169,3835,-418,0
2,120,169,3837,-418,0
2,120,169,3843,-418,0
2,120,169,3846,-418,0
2,120,169,3860,-418,0
2,120,169,3864,-418,0
2,120,169,3867,-418,0
2,120,169,3870,-418,0
2,120,172,3874,-444,0
2,120,174,3873,-444,0
2,120,177,3871,-471,23
2,120,178,3829,-471,23
2,120,178,3831,-471,23
2,120,178,3833,-471,23
2,120,178,3835,-471,23
2,120,178,3836,-471,23
2,120,178,3837,-471,23
2,120,178,3838,-471,23
2,120,178,3839,-471,23
2,120,178,3840,-471,23
2,120,178,3841,-471,23
2,120,178,3842,-471,23
2,120,178,3843,-471,23
2,120,178,3844,-471,23
2,120,178,3845,-471,23
2,120,178,3846,-471,23
2,120,178,3847,-471,23
2,120,178,3848,-471,23
2,120,178,3849,-471,23
2,120,178,3850,-471,23
2,120,178,3851,-471,23
2,120,178,3852,-471,23
2,120,178,3853,-471,23
2,120,178,3854,-471,23
2,120,178,3855,-471,23
2,120,178,3856,-471,23
2,120,178,3857,-471,23
2,120,178,3858,-471,23
2,120,178,3859,-471,23
2,120,178,3860,-471,23
2,120,178,3861,-471,23
2,120,178,3862,-471,23
2,120,178,3864,-471,23
2,120,178,3866,-471,23
2,120,178,3867,-471,23
2,120,178,3868,-471,23
2,120,178,3870,-471,23
2,120,178,3871,-471,23
2,120,178,3872,-471,23
2,120,178,3873,-471,23
2,120,178,3875,-473,0
2,120,182,3873,-500,11
2,120,182,3873,-444,22
2,120,182,3875,-500,0
2,120,183,3839,-444,22
2,120,183,3862,-444,22
2,120,184,3808,-353,353
2,120,185,3874,-418,0
2,120,187,3827,-417,30
2,120,188,3876,-500,-25
2,120,189,3876,-496,-60
2,120,190,3877,-495,-37
2,120,192,3876,-497,-11
2,120,195,3826,-366,18
2,120,195,3864,-366,18
2,120,196,3873,-340,17
2,120,196,3876,-471,-24
2,120,197,3872,-339,25
2,120,197,3873,-340,17
2,120,197,3873,-339,25
2,120,198,3870,-340,7
2,120,198,3870,-340,17
2,120,198,3871,-340,17
2,120,198,3873,-340,7
2,120,198,3873,-340,17
2,120,199,3825,-340,17
2,120,199,3827,-340,17
2,120,199,3828,-340,17
2,120,199,3829,-340,17
2,120,199,3830,-340,17
2,120,199,3831,-340,17
2,120,199,3832,-340,17
2,120,199,3833,-340,17
2,120,199,3834,-340,17
2,120,199,3835,-340,17
2,120,199,3836,-340,17
2,120,199,3837,-340,17
2,120,199,3838,-340,17
2,120,199,3839,-340,17
2,120,199,3840,-340,17
2,120,199,3841,-340,17
2,120,199,3842,-340,17
2,120,199,3843,-340,17
2,120,199,3844,-340,17
2,120,199,3845,-340,17
2,120,199,3846,-340,17
2,120,199,3847,-340,17
2,120,199,3848,-340,17
2,120,199,3849,-340,17
2,120,199,3850,-340,17
2,120,199,3851,-340,17
2,120,199,3852,-340,17
2,120,199,3853,-340,17
2,120,199,3854,-340,17
2,120,199,3855,-340,17
2,120,199,3856,-340,17
2,120,199,3857,-340,17
2,120,199,3858,-340,17
2,120,199,3859,-340,17
2,120,199,3860,-340,17
2,120,199,3861,-340,17
2,120,199,3863,-340,17
2,120,199,3864,-340,17
2,120,199,3865,-340,17
2,120,199,3866,-340,17
2,120,199,3867,-340,17
2,120,199,3868,-340,17
2,120,199,3869,-340,17
2,120,199,3870,-340,17
2,120,199,3871,-340,17
2,120,199,3872,-340,17
2,120,199,3873,-340,-8
2,120,199,3873,-340,17
2,120,200,3830,-314,0
2,120,200,3842,-314,0
2,120,200,3848,-314,0
2,120,200,3870,-314,0
2,120,200,3874,-314,0
2,120,200,3877,-444,-22
2,120,203,3875,-500,0
2,120,204,3874,-500,0
43,120,1308,3867,478,-144
43,120,1316,3875,500,0
43,120,1316,3876,488,109
43,120,1321,3858,500,11
43,120,1325,3830,473,0
43,120,1325,3832,473,0
43,120,1325,3836,473,0
43,120,1325,3837,473,0
43,120,1325,3838,473,0
43,120,1325,3840,473,0
43,120,1325,3841,473,0
43,120,1325,3843,473,0
43,120,1325,3847,473,0
43,120,1325,3855,469,57
43,120,1325,3855,471,46
43,120,1325,3856,471,35
43,120,1325,3857,473,23
43,120,1325,3859,473,0
43,120,1325,3860,473,0
43,120,1329,3851,437,97
43,120,1329,3853,438,87
43,120,1330,3854,442,66
43,120,1332,3866,0,-302
43,120,1336,3850,393,151
43,120,1345,3813,212,423
43,120,1353,3860,23,10
43,120,1357,3860,86,161
43,120,1358,3860,157,94
43,119,1320,3775,441,236
43,119,1321,3804,473,0
43,119,1324,3768,179,466
43,119,1324,3769,203,457
43,119,1325,3796,473,0
43,119,1325,3797,473,0
43,119,1325,3798,473,0
43,119,1325,3802,473,0
43,119,1325,3803,473,0
43,119,1325,3806,473,0
43,119,1325,3809,473,0
43,119,1325,3818,473,0
43,119,1325,3819,473,0
43,119,1325,3827,473,0
43,119,1325,3828,473,0
43,119,1325,3831,473,0
43,119,1329,3789,438,87
43,119,1332,3804,411,-92
43,119,1344,3838,212,-451
43,119,1345,3833,223,-418
43,119,1356,3790,469,57
43,119,1364,3795,104,23
43,119,1377,3789,314,38
43,119,1381,3795,132,-7
43,119,1384,3790,393,38
43,119,1395,3787,-25,-8
2,119,116,3785,-200,244
2,119,126,3779,-372,-199
2,119,128,3766,-403,-121
2,119,128,3773,-332,-300
2,119,132,3786,-41,-419
2,119,133,3780,74,-494
2,119,137,3792,-17,-182
2,119,138,3795,-29,-43
2,119,138,3795,-23,-12
2,119,143,3800,-159,-239
2,119,144,3762,-156,474
2,119,145,3793,263,25
2,119,167,3791,-298,297
2,119,169,3796,-418,0
2,119,169,3797,-418,0
2,119,169,3800,-418,0
2,119,169,3809,-418,0
2,119,174,3843,-447,0
2,119,176,3800,-471,0
2,119,178,3795,-471,23
2,119,178,3796,-471,23
2,119,178,3797,-471,23
2,119,178,3799,-471,23
2,119,178,3800,-471,23
2,119,178,3801,-471,23
2,119,178,3803,-471,23
2,119,178,3804,-471,23
2,119,178,3805,-471,23
2,119,178,3806,-471,23
2,119,178,3807,-471,23
2,119,178,3808,-471,23
2,119,178,3809,-471,23
2,119,178,3810,-471,23
2,119,178,3811,-471,23
2,119,178,3812,-471,23
2,119,178,3813,-471,23
2,119,178,3814,-471,23
2,119,178,3815,-471,23
2,119,178,3816,-471,23
2,119,178,3817,-471,23
2,119,178,3818,-471,23
2,119,178,3819,-471,23
2,119,178,3820,-471,23
2,119,178,3821,-471,23
2,119,178,3822,-471,23
2,119,178,3823,-471,23
2,119,178,3824,-471,23
2,119,178,3825,-471,23
2,119,178,3826,-471,23
2,119,178,3827,-471,23
2,119,178,3828,-471,23
2,119,178,3829,-471,23
2,119,178,3839,-471,23
2,119,178,3841,-471,23
2,119,178,3842,-471,23
2,119,178,3843,-471,23
2,119,178,3845,-471,23
2,119,180,3800,-444,0
2,119,180,3875,-500,0
2,119,183,3803,-444,22
2,119,183,3804,-444,22
2,119,184,3773,-444,0
2,119,184,3840,-353,-353
2,119,185,3773,-500,0
2,119,185,3774,-500,0
2,119,186,3841,-353,-353
2,119,187,3844,-345,-361
2,119,188,3844,-361,-345
2,119,188,3845,-353,-353
2,119,190,3846,-353,-353
2,119,190,3847,-353,-353
2,119,191,3802,-392,19
2,119,191,3847,-353,-353
2,119,192,3847,-353,-353
2,119,199,3793,-340,17
2,119,199,3794,-340,17
2,119,199,3795,-340,17
2,119,199,3796,-340,17
2,119,199,3797,-340,17
2,119,199,3798,-340,17
2,119,199,3799,-340,17
2,119,199,3800,-340,17
2,119,199,3801,-340,17
2,119,199,3802,-340,17
2,119,199,3803,-340,17
2,119,199,3804,-340,17
2,119,199,3805,-340,17
2,119,199,3806,-340,17
2,119,199,3807,-340,17
2,119,199,3808,-340,17
2,119,199,3809,-340,17
2,119,199,3810,-340,17
2,119,199,3811,-340,17
2,119,199,3812,-340,17
2,119,199,3813,-340,17
2,119,199,3814,-340,17
2,119,199,3815,-340,17
2,119,199,3816,-340,17
2,119,199,3817,-340,17
2,119,199,3818,-340,17
2,119,199,3819,-340,17
2,119,199,3820,-340,17
2,119,199,3821,-340,17
2,119,199,3822,-340,17
2,119,199,3823,-340,17
2,119,199,3824,-340,17
2,119,199,3825,-340,17
2,119,199,3826,-340,17
2,119,199,3827,-340,17
2,119,199,3828,-340,17
2,119,199,3836,-340,17
2,119,199,3838,-340,17
2,119,199,3839,-340,17
2,119,199,3840,-340,17
2,119,199,3841,-340,17
2,119,199,3842,-340,17
2,119,199,3844,-340,17
2,119,200,3795,-314,0
2,119,200,3797,-314,0
2,119,200,3800,-314,0
2,119,200,3802,-314,0
2,119,200,3812,-314,0
2,119,200,3813,-314,0
2,119,200,3814,-314,0
2,119,200,3823,-314,0
2,119,200,3846,-314,0
125,119,3944,3872,441,-236
125,119,3949,3819,473,0
125,119,3949,3837,473,0
125,119,3949,3845,473,0
125,119,3949,3846,473,0
125,119,3949,3847,473,0
125,119,3949,3849,473,0
125,119,3949,3850,473,0
125,119,3949,3851,473,0
125,119,3954,3844,447,0
125,119,3985,3851,-289,-28
125,119,3986,3854,-111,268
125,119,3991,3854,182,191
1,118,139,3735,0,500
1,118,139,3739,0,433
1,118,146,3740,-223,444
1,118,146,3773,-473,0
1,118,146,3795,-473,0
1,118,146,3796,-473,0
1,118,148,3804,-386,-316
1,118,150,3772,-500,0
1,118,156,3811,-361,-345
1,118,156,3811,-306,-394
1,118,156,3811,-287,-408
1,118,156,3811,-224,-447
124,118,3896,3807,314,0
124,118,3896,3809,314,0
124,118,3896,3810,314,0
124,118,3896,3811,314,0
124,118,3896,3812,314,0
124,118,3896,3813,314,0
124,118,3896,3814,314,0
124,118,3896,3815,314,0
124,118,3896,3816,314,0
124,118,3896,3819,314,0
124,118,3905,3847,353,-353
124,118,3908,3844,353,-353
124,118,3911,3809,418,0
124,118,3911,3810,418,0
124,118,3911,3811,418,0
124,118,3911,3812,418,0
124,118,3911,3813,418,0
124,118,3911,3814,418,0
124,118,3911,3815,418,0
124,118,3911,3816,418,0
124,118,3911,3819,418,0
124,118,3912,3840,353,-353
124,118,3956,3858,0,-473
125,117,3935,3773,500,0
125,117,3935,3774,498,-37
125,117,3936,3772,500,0
125,117,3938,3773,496,-60
125,117,3950,3782,167,-470
125,117,3956,3773,267,-421
125,117,3985,3756,-14,-22
42,117,1267,3773,500,0
42,117,1268,3742,496,60
42,117,1268,3742,498,48
42,117,1269,3741,496,60
42,117,1270,3744,498,37
42,117,1271,3774,335,0
42,117,1272,3778,314,0
42,117,1272,3781,314,0
42,117,1272,3782,314,0
42,117,1272,3783,314,0
42,117,1272,3786,314,0
42,117,1272,3787,314,0
42,117,1274,3775,340,-8
42,117,1275,3796,340,0
42,117,1280,3805,392,0
42,117,1280,3806,392,-20
42,117,1281,3806,391,-29
42,117,1281,3806,392,-20
42,117,1283,3781,392,0
42,117,1283,3804,392,0
42,117,1287,3778,418,0
42,117,1287,3781,418,0
42,117,1287,3782,418,0
42,117,1287,3783,418,0
42,117,1287,3786,418,0
42,117,1287,3787,418,0
42,117,1292,3796,444,0
42,117,1295,3837,345,-361
42,117,1298,3700,482,132
42,117,1302,3826,345,-361
42,117,1303,3738,389,161
42,117,1304,3743,328,98
42,117,1309,3841,306,-394
42,117,1312,3837,306,-394
42,117,1313,3716,296,219
42,117,1316,3688,500,0
42,117,1320,3695,148,449
42,117,1324,3714,311,242
42,117,1326,3803,-41,416
124,116,3892,3716,500,0
124,116,3897,3706,500,0
124,116,3902,3773,500,0
124,116,3903,3772,366,0
124,116,3903,3774,387,-9
124,116,3904,3775,391,-29
124,116,3904,3781,321,-307
124,116,3904,3784,321,-307
124,116,3904,3786,321,-307
124,116,3904,3791,321,-307
124,116,3905,3774,391,-29
124,116,3905,3774,392,0
124,116,3906,3772,392,0
124,116,3907,3772,392,0
124,116,3907,3773,392,0
124,116,3908,3785,340,-325
124,116,3908,3788,340,-325
124,116,3911,3767,351,-351
124,116,3911,3770,351,-351
124,116,3911,3772,351,-351
124,116,3911,3774,351,-351
124,116,3911,3777,351,-351
124,116,3911,3779,351,-351
124,116,3911,3781,351,-351
124,116,3911,3784,351,-351
124,116,3915,3772,444,0
124,116,3924,3689,167,470
124,116,3924,3773,498,-48
124,116,3924,3774,497,-11
124,116,3926,3722,317,351
124,116,3944,3796,156,-474
124,116,3962,3757,-107,-75
124,116,3962,3764,212,156
2,116,107,3765,0,0
2,116,124,3779,-357,89
2,116,125,3784,-408,101
2,116,129,3762,-89,357
2,116,130,3774,-107,353
2,116,131,3780,-298,297
2,116,132,3760,-162,302
2,116,132,3764,8,369
2,116,132,3767,95,382
2,116,132,3777,-161,389
2,116,133,3662,-76,384
2,116,133,3757,-263,175
2,116,133,3771,80,360
2,116,133,3773,-98,355
2,116,134,3757,-220,146
2,116,134,3763,36,299
2,116,134,3770,35,367
2,116,134,3777,-171,414
2,116,135,3782,-305,250
2,116,136,3756,-210,112
2,116,136,3780,-212,423
2,116,137,3756,-182,108
2,116,148,3671,0,-130
2,116,150,3792,-137,-453
2,116,151,3796,-144,-478
2,116,158,3683,-208,-20
2,116,159,3706,-203,457
2,116,162,3765,-361,-160
2,116,165,3686,-160,176
2,116,171,3693,-217,144
2,116,173,3688,-374,290
2,116,174,3767,-482,-132
2,116,175,3710,-232,34
2,116,179,3767,-232,-232
2,116,185,3780,-359,-344
2,116,185,3781,-359,-344
2,116,185,3783,-359,-344
2,116,185,3783,-351,-351
2,116,185,3784,-359,-344
2,116,186,3762,-359,-344
2,116,188,3764,-333,-333
2,116,188,3765,-340,-325
2,116,188,3765,-333,-333
2,116,188,3776,-333,-333
2,116,188,3778,-333,-333
2,116,188,3787,-333,-333
2,116,189,3764,-340,-325
2,116,189,3765,-340,-325
2,116,189,3769,-340,-325
2,116,189,3774,-340,-325
2,116,189,3775,-340,-325
2,116,189,3776,-340,-325
2,116,189,3777,-340,-325
2,116,189,3778,-340,-325
2,116,189,3779,-340,-325
2,116,189,3782,-340,-325
2,116,189,3783,-340,-325
2,116,189,3784,-340,-325
2,116,189,3786,-340,-325
2,116,189,3787,-340,-325
2,116,190,3772,-392,0
2,116,191,3772,-392,0
2,116,192,3788,-321,-307
2,116,193,3772,-387,0
2,116,193,3773,-500,0
2,116,204,3716,-500,0
2,115,137,3786,48,-498
2,115,139,3729,74,138
2,115,145,3727,-48,-498
2,115,145,3732,-60,-496
2,115,145,3734,-96,-383
2,115,145,3772,-121,-484
2,115,146,3732,-85,-492
2,115,146,3772,-132,-482
2,115,147,3641,-114,378
2,115,147,3736,-74,-494
2,115,148,3782,-132,-482
2,115,149,3786,-121,-484
2,115,149,3787,-132,-482
2,115,150,3712,-111,-445
2,115,152,3657,-154,26
2,115,152,3715,-148,-450
2,115,152,3765,-277,-416
2,115,155,3702,-201,-400
2,115,155,3757,-156,-474
2,115,155,3769,-441,-236
2,115,156,3700,-230,-384
2,115,156,3700,-211,-395
2,115,157,3707,-212,-451
2,115,157,3721,-441,-236
2,115,158,3703,-233,-412
2,115,158,3710,-212,-451
2,115,159,3703,-244,-407
2,115,159,3704,-233,-412
2,115,159,3706,-236,-441
2,115,159,3709,-236,-441
2,115,160,3772,-500,0
2,115,161,3708,-236,-441
2,115,161,3709,-246,-435
2,115,162,3772,-500,0
2,115,164,3714,-246,-435
2,115,164,3772,-500,0
2,115,165,3772,-500,0
2,115,166,3667,-312,23
2,115,166,3727,-236,-441
2,115,168,3721,-246,-435
2,115,171,3734,-361,-345
2,115,173,3684,-473,0
2,115,174,3684,-447,0
2,115,181,3709,-361,-345
2,115,182,3744,-361,-345
2,115,182,3747,-361,-345
2,115,182,3747,-287,-408
2,115,185,3646,-345,361
2,115,185,3707,-500,11
2,115,186,3702,-500,11
2,115,186,3738,-359,-344
2,115,186,3744,-335,-371
2,115,188,3744,-325,-340
2,115,188,3744,-316,-350
2,115,188,3745,-316,-350
2,115,189,3741,-340,-325
2,115,189,3742,-340,-325
2,115,189,3744,-340,-325
2,115,189,3745,-340,-325
2,115,189,3748,-340,-325
2,115,189,3750,-340,-325
2,115,189,3751,-340,-325
2,115,189,3753,-340,-325
2,115,189,3754,-340,-325
2,115,190,3686,-495,-37
2,115,190,3733,-416,-277
2,115,190,3741,-340,-325
2,115,190,3742,-350,-316
2,115,190,3742,-340,-325
2,115,191,3639,-353,353
2,115,191,3742,-350,-316
2,115,194,3735,-416,-277
2,115,196,3738,-408,-287
2,115,202,3691,-500,0
2,115,203,3684,-500,0
2,115,204,3716,-500,0
2,115,205,3706,-500,11
2,115,206,3707,-500,11
124,115,3893,3709,500,0
124,115,3894,3708,500,0
124,115,3895,3705,498,48
124,115,3900,3736,416,-277
124,115,3901,3738,408,-287
124,115,3901,3740,408,-287
124,115,3905,3742,349,-316
124,115,3906,3741,340,-325
124,115,3906,3742,349,-316
124,115,3907,3741,340,-325
124,115,3907,3745,325,-340
124,115,3910,3738,358,-344
124,115,3911,3740,351,-351
124,115,3911,3741,351,-351
124,115,3911,3742,351,-351
124,115,3911,3747,351,-351
124,115,3914,3745,287,-408
124,115,3923,3707,421,0
124,115,3924,3680,0,500
124,115,3924,3691,0,183
124,115,3929,3724,345,-361
124,115,3929,3729,345,-361
124,115,3944,3760,148,-450
124,115,3945,3755,121,-484
124,115,3946,3786,121,-484
124,115,3947,3746,114,-459
124,115,3956,3724,211,394
123,114,3876,3682,482,-132
123,114,3891,3684,421,0
123,114,3891,3704,421,-150
123,114,3894,3701,400,-132
123,114,3894,3701,403,-121
123,114,3897,3698,382,-96
123,114,3897,3699,381,-105
123,114,3898,3701,371,-132
123,114,3911,3661,-413,-82
123,114,3911,3733,353,-353
123,114,3914,3737,345,-361
123,114,3914,3738,345,-361
123,114,3918,3741,287,-408
123,114,3919,3737,296,-402
123,114,3921,3730,345,-361
123,114,3922,3734,306,-394
123,114,3923,3733,287,-408
123,114,3940,3727,0,-447
123,114,3956,3705,24,-10
123,114,3956,3727,0,-447
123,88,3861,2817,393,-38
123,88,3864,2804,314,0
123,88,3864,2819,314,0
123,88,3864,2830,314,0
123,88,3864,2832,314,0
123,88,3864,2834,314,0
123,88,3864,2840,314,0
123,88,3864,2842,314,0
123,88,3864,2843,314,0
123,88,3864,2844,314,0
123,88,3864,2845,314,0
123,88,3864,2847,314,0
123,88,3864,2851,314,0
123,88,3864,2859,314,0
123,88,3865,2814,340,-8
123,88,3865,2815,340,-17
123,88,3865,2842,340,7
123,88,3865,2861,340,-8
123,88,3867,2812,340,0
123,88,3867,2859,340,0
123,88,3871,2859,366,0
123,88,3875,2859,392,0
123,88,3879,2781,500,0
123,88,3879,2851,418,0
123,88,3879,2883,500,0
123,88,3880,2848,353,-353
123,88,3901,2877,-82,-248
123,88,3904,2890,239,-377
123,88,3912,2881,181,-321
123,88,3915,2883,169,-267
123,88,3916,2860,18,366
123,88,3918,2869,107,0
123,88,3918,2878,141,-223
123,88,4060,2868,0,-500
124,86,3903,2805,500,0
124,86,3903,2809,500,0
124,86,3904,2812,421,-267
124,86,3904,2812,500,0
124,86,3908,2810,466,-179
124,86,3908,2819,148,-450
124,86,3922,2801,442,-66
124,86,4017,2842,-74,-494
123,85,3860,2750,496,60
123,85,3860,2750,498,48
123,85,3865,2751,496,60
123,85,3870,2751,498,48
123,85,3872,2794,321,-307
123,85,3872,2795,321,-307
123,85,3876,2772,340,-325
123,85,3876,2773,340,-325
123,85,3879,2769,351,-351
123,85,3879,2770,351,-351
123,85,3879,2779,351,-351
123,85,3879,2787,351,-351
123,85,3879,2788,351,-351
123,85,3879,2792,351,-351
123,85,3907,2802,203,-457
123,85,3924,2772,21,421
123,85,3924,2807,0,-287
123,85,3924,2808,0,-500
123,85,3924,2813,0,-500
122,83,3858,2721,335,-371
122,83,3859,2737,386,-316
122,83,3860,2751,332,-333
122,83,3863,2734,386,-316
122,83,3864,2733,386,-316
122,83,3867,2702,-197,311
122,83,3867,2743,353,-353
122,83,3868,2730,386,-316
122,83,3878,2696,-315,23
122,83,3881,2736,353,-353
122,83,3882,2745,345,-361
122,83,3882,2746,345,-361
122,83,3885,2692,-191,-183
122,83,3889,2738,345,-361
122,83,3889,2738,353,-353
122,83,3891,2697,-87,-164
122,83,3896,2733,296,-402
122,83,3924,2727,0,-395
122,83,3924,2738,0,-473
122,83,3924,2755,0,-500
122,83,3930,2708,-26,1
118,83,3743,2745,361,-345
118,83,3773,2730,0,-418
118,83,3774,2730,0,-418
118,83,3774,2760,-17,-340
118,83,3775,2730,0,-418
118,83,3775,2760,-17,-340
118,83,3776,2730,0,-418
118,83,3776,2734,0,-444
118,83,3776,2741,0,-444
118,83,3776,2757,0,-340
118,83,3776,2760,-17,-340
118,83,3777,2730,0,-418
118,83,3777,2760,-17,-340
118,83,3778,2760,-25,-339
118,83,3778,2760,-17,-340
118,83,3781,2730,0,-418
118,83,3782,2730,0,-418
118,83,3782,2760,-17,-340
118,83,3783,2713,0,-287
118,83,3783,2760,-17,-340
118,83,3784,2760,-17,-340
118,83,3789,2760,-17,-340
118,83,3791,2760,-17,-340
118,83,3793,2730,0,-418
118,83,3794,2730,0,-418
118,83,3794,2760,-17,-340
118,83,3795,2760,-17,-340
118,83,3796,2760,-17,-340
118,83,3797,2760,-17,-340
118,83,3798,2730,0,-418
118,83,3799,2760,-17,-340
118,83,3801,2760,-17,-340
118,83,3808,2760,-17,-340
118,83,3810,2730,0,-418
118,83,3811,2760,-17,-340
118,83,3817,2713,0,-287
118,83,3818,2760,-17,-340
118,83,3841,2760,-17,-340
118,83,3844,2735,0,-447
118,83,3844,2766,0,-500
118,83,3846,2704,312,-30
121,82,3831,2699,500,0
121,82,3832,2699,498,-48
121,82,3842,2712,267,-421
121,82,3876,2717,335,-371
121,82,3879,2713,335,-371
121,82,3879,2714,345,-361
121,82,3883,2703,462,-191
121,82,3892,2693,0,-282
121,82,3892,2700,60,-269
121,82,3893,2699,60,-269
121,82,3905,2699,-466,0
116,82,3698,2683,299,-258
116,82,3708,2703,0,-447
116,82,3764,2691,0,-104
116,82,3764,2702,0,-447
116,82,3773,2719,-224,-447
116,82,3774,2719,-224,-447
124,55,3891,1790,500,0
124,55,3891,1796,500,0
124,55,3899,1789,500,0
124,55,3906,1769,353,353
124,55,3907,1732,332,332
124,55,3907,1736,332,332
124,55,3907,1740,332,332
124,55,3907,1744,332,332
124,55,3907,1748,332,332
124,55,3907,1752,332,332
124,55,3907,1756,332,332
124,55,3907,1762,332,332
124,55,3909,1772,353,353
124,55,3911,1758,358,343
124,55,3912,1732,440,0
124,55,3915,1732,466,0
124,55,3916,1732,466,0
124,55,3917,1732,466,0
124,55,3918,1732,471,-11
124,55,3918,1789,302,0
124,55,3919,1791,445,43
124,55,3921,1732,492,0
124,55,3922,1732,492,0
124,55,3923,1796,421,0
124,55,3924,1781,334,-335
124,55,3927,1763,339,291
124,55,3932,1732,500,0
124,55,3947,1737,277,416
124,55,3954,1706,361,345
124,55,3969,1865,-74,-494
124,55,3977,1818,441,236
124,55,3999,1826,285,221
124,54,3891,1731,500,0
124,54,3894,1731,366,0
124,54,3895,1732,335,0
124,54,3896,1716,314,0
124,54,3896,1725,314,0
124,54,3896,1727,312,30
124,54,3896,1729,312,23
124,54,3896,1730,314,7
124,54,3896,1731,314,0
124,54,3896,1732,335,0
124,54,3896,1733,340,-8
124,54,3899,1721,329,82
124,54,3899,1724,334,58
124,54,3900,1709,366,-8
124,54,3922,1674,361,345
124,54,3935,1790,152,-304
124,54,3937,1726,298,98
124,54,3958,1709,152,-101
125,53,3936,1725,451,-212
125,53,3940,1693,361,345
125,53,3940,1731,500,0
125,53,3953,1709,438,87
124,52,3896,1679,314,0
124,52,3896,1680,314,0
124,52,3896,1681,314,0
124,52,3896,1685,314,0
124,52,3896,1687,314,0
124,52,3896,1689,314,0
124,52,3896,1693,314,0
124,52,3896,1697,314,0
124,52,3896,1700,314,0
124,52,3896,1701,314,0
124,52,3896,1704,314,0
124,52,3896,1705,314,0
124,52,3896,1706,314,0
124,52,3896,1707,314,0
124,52,3911,1697,418,0
124,52,3911,1701,418,0
124,52,3911,1704,418,0
124,52,3911,1707,418,0
124,52,3911,1731,500,0
124,52,3912,1732,440,0
124,52,3926,1732,346,-283
124,52,3958,1709,101,152
125,51,3940,1667,148,-450
125,51,3945,1628,473,0
125,51,3949,1651,473,0
125,51,3949,1652,473,0
125,51,3984,1652,83,62
125,49,3936,1628,478,-144
125,49,3936,1628,500,0
125,49,3959,1637,339,-292
125,49,3962,1644,299,-366
125,49,3963,1645,281,-381
125,49,3992,1614,209,200
125,49,3994,1620,-190,285
124,48,3891,1564,500,11
124,48,3900,1561,500,0
124,48,3904,1540,474,156
124,48,3921,1564,447,0
124,48,3924,1563,421,21
124,48,3947,1638,132,-482
124,48,3949,1633,132,-482
123,47,3877,1527,492,85
123,47,3887,1558,457,-126
123,47,3891,1544,421,0
123,47,3892,1534,342,-327
123,47,3894,1530,316,-316
123,47,3894,1557,400,-132
123,47,3894,1557,403,-121
123,47,3915,1550,232,-52
123,47,3922,1554,-134,128
8,46,271,1427,0,421
8,46,272,1421,0,473
8,46,307,1425,22,447
8,46,308,1425,0,447
6,45,237,1409,-176,194
6,45,256,1368,0,500
6,45,256,1370,0,340
6,45,257,1370,-17,340
6,45,262,1367,0,314
6,45,262,1370,-66,333
6,45,263,1382,-351,351
6,45,265,1367,0,314
6,45,266,1382,-351,351
6,45,267,1367,0,314
6,45,270,1405,0,261
6,45,277,1418,-227,216
6,45,281,1375,-290,337
10,45,308,1367,0,314
10,45,312,1367,0,314
10,45,318,1367,0,314
10,45,319,1367,0,314
10,45,320,1367,0,314
10,45,321,1367,0,314
10,45,323,1367,0,314
10,45,324,1367,0,314
10,45,325,1367,0,314
10,45,326,1367,0,314
10,45,327,1409,189,180
10,45,330,1367,0,314
10,45,333,1367,0,314
10,45,334,1367,0,314
10,45,388,1385,0,473
3,44,177,1387,-46,471
3,44,177,1392,-76,440
3,44,177,1392,-57,469
3,44,178,1383,-85,492
3,44,178,1389,-74,494
3,44,178,1429,319,274
3,44,181,1333,-121,484
3,44,183,1359,-121,484
3,44,183,1359,-109,488
3,44,184,1354,-277,416
3,44,184,1360,-121,484
3,44,185,1354,-277,416
3,44,185,1355,-277,416
3,44,185,1361,-144,478
3,44,187,1350,-441,236
3,44,188,1351,-441,236
3,44,191,1428,190,285
3,44,192,1348,-500,0
3,44,195,1392,-292,339
3,44,197,1402,-316,316
3,44,214,1372,-287,408
3,44,217,1366,-351,351
3,44,220,1363,-340,325
3,44,220,1378,-340,325
3,44,221,1363,-340,325
3,44,221,1374,-316,349
3,44,221,1378,-340,325
3,44,222,1378,-340,325
3,44,225,1362,-378,326
3,43,141,1353,-39,258
3,43,148,1346,-44,27
3,43,171,1322,0,500
3,43,213,1350,-500,0
3,43,220,1338,-340,325
3,43,220,1345,-340,325
3,43,220,1353,-340,325
3,43,220,1357,-340,325
3,43,221,1347,-392,0
3,43,221,1353,-340,325
3,43,221,1354,-340,325
3,43,222,1343,-441,53
3,43,223,1345,-391,28
3,43,224,1346,-391,28
3,43,224,1348,-366,0
3,43,224,1354,-321,307
3,43,225,1345,-366,8
2,42,169,1348,-421,0
2,42,172,1307,-224,447
2,42,174,1325,-442,66
2,42,174,1325,-439,87
2,42,178,1348,-473,0
2,42,178,1349,-473,-11
2,42,179,1302,-203,457
2,42,182,1348,-500,0
3,40,175,1302,-30,312
3,40,205,1286,-444,0
3,40,210,1267,-471,23
3,40,210,1269,-471,23
3,40,210,1271,-471,23
3,40,210,1272,-471,23
3,40,210,1274,-471,23
3,40,210,1276,-471,23
3,40,210,1277,-471,23
3,40,210,1278,-471,23
3,40,210,1279,-471,23
3,40,210,1280,-471,23
3,40,210,1281,-471,23
3,40,210,1282,-471,23
3,40,210,1297,-471,23
3,40,210,1310,-471,23
3,40,210,1312,-471,23
3,40,210,1317,-471,23
3,40,210,1319,-471,23
3,40,210,1321,-471,23
3,40,215,1245,-471,0
3,40,215,1279,-444,22
3,40,215,1313,-444,22
3,40,216,1255,-353,353
3,40,218,1347,-500,0
3,40,223,1248,-353,353
3,40,231,1265,-340,17
3,40,231,1266,-340,17
3,40,231,1268,-340,17
3,40,231,1270,-340,17
3,40,231,1271,-340,17
3,40,231,1273,-340,17
3,40,231,1274,-340,17
3,40,231,1275,-340,17
3,40,231,1276,-340,17
3,40,231,1277,-340,17
3,40,231,1278,-340,17
3,40,231,1279,-340,17
3,40,231,1280,-340,17
3,40,231,1281,-340,17
3,40,231,1285,-340,17
3,40,231,1294,-340,17
3,40,231,1296,-340,17
3,40,231,1306,-340,17
3,40,231,1307,-340,17
3,40,231,1309,-340,17
3,40,231,1311,-340,17
3,40,231,1312,-340,17
3,40,231,1314,-340,17
3,40,231,1315,-340,17
3,40,231,1316,-340,17
3,40,231,1318,-340,17
3,40,231,1319,-340,17
3,40,231,1320,-340,17
3,40,232,1280,-314,0
3,40,232,1296,-314,0
124,11,3893,388,500,0
124,11,3896,404,500,0
124,11,3901,327,408,287
124,11,3902,326,402,296
124,11,3905,321,340,325
124,11,3905,322,340,325
124,11,3906,322,340,325
124,11,3906,404,500,0
124,11,3907,307,332,332
124,11,3907,309,332,332
124,11,3907,310,332,332
124,11,3907,313,332,332
124,11,3907,313,340,325
124,11,3907,314,332,332
124,11,3907,317,332,332
124,11,3907,318,332,332
124,11,3907,320,325,340
124,11,3907,328,353,353
124,11,3908,317,326,378
124,11,3908,320,316,349
124,11,3908,320,325,340
124,11,3922,410,414,-171
124,11,3932,292,500,0
124,11,3932,340,291,304
124,11,3932,406,361,-160
124,11,3934,338,291,304
124,11,3934,339,291,304
124,11,3940,294,441,236
124,11,3944,303,109,488
124,11,3944,354,136,453
124,11,3947,357,108,433
124,11,3948,354,-58,116
124,11,3956,275,0,500
124,11,3956,336,0,0
124,11,3956,337,46,-25
124,11,3964,434,0,-473
2,11,145,336,-57,469
2,11,145,340,-57,469
2,11,149,340,-114,458
2,11,151,303,-121,484
2,11,151,303,-109,488
2,11,152,305,-132,482
2,11,153,298,-277,416
2,11,153,299,-277,416
2,11,155,294,-441,236
2,11,155,367,-207,366
2,11,156,295,-441,236
2,11,159,360,-244,407
2,11,163,292,-500,0
2,11,164,323,-267,421
2,11,164,341,-224,447
2,11,170,393,151,144
2,11,174,322,-353,353
2,11,175,359,-457,125
2,11,179,326,-316,386
2,11,179,423,-500,0
2,11,182,329,-361,345
2,11,183,357,-361,345
2,11,184,331,-345,361
2,11,185,318,-316,386
2,11,185,325,-359,343
2,11,188,307,-340,325
2,11,188,308,-340,325
2,11,188,310,-340,325
2,11,188,314,-316,386
2,11,188,319,-325,340
2,11,188,320,-325,340
2,11,188,320,-316,349
2,11,188,322,-340,325
2,11,189,307,-340,325
2,11,189,308,-340,325
2,11,189,318,-316,349
2,11,189,320,-325,340
2,11,189,322,-340,325
2,11,190,322,-350,316
2,11,190,322,-340,325
2,11,192,319,-321,307
2,11,193,306,-378,326
2,11,203,356,-500,0
2,10,124,299,-25,-5
2,10,124,299,-8,24
2,10,129,299,16,-20
2,10,141,300,-77,280
2,10,170,360,-166,-401
2,10,184,294,-500,0
2,10,185,295,-500,0
2,10,185,296,-500,0
2,10,188,299,-340,325
2,10,189,291,-392,0
2,10,189,299,-340,325
2,10,190,289,-392,8
2,10,191,289,-392,19
2,10,191,289,-391,28
2,10,192,283,-492,85
2,10,192,292,-366,0
2,10,193,287,-428,51
2,10,193,289,-366,8
2,10,193,290,-366,0
2,10,194,282,-490,97
2,10,196,284,-494,74
2,10,201,349,-500,0
124,10,3902,290,366,0
124,10,3902,292,387,0
124,10,3902,292,405,0
124,10,3903,291,366,0
124,10,3903,292,387,0
124,10,3904,292,387,0
124,10,3904,292,500,0
124,10,3906,290,392,0
124,10,3906,292,414,0
124,10,3906,297,340,325
124,10,3906,298,340,325
124,10,3907,290,332,332
124,10,3907,291,332,332
124,10,3907,294,332,332
124,10,3907,294,340,325
124,10,3907,298,332,332
124,10,3907,298,340,325
124,10,3907,304,332,332
124,10,3908,298,340,325
124,10,3911,294,358,343
124,10,3911,301,358,343
124,10,3912,301,351,351
124,10,3917,333,255,362
124,10,3923,301,412,82
124,10,3926,286,462,191
124,10,3930,348,157,0
124,10,3943,273,160,417
124,10,3944,267,148,449
124,10,3947,297,185,0
124,10,3948,295,185,0
124,10,3948,329,-75,72
124,10,3950,294,159,0
124,10,3952,283,399,253
124,10,3957,307,56,-54
124,10,3963,293,-217,-362
124,10,3964,278,291,339
124,10,3972,283,325,-174
124,10,3973,307,-233,-125
124,10,3988,284,0,104
1,9,46,368,85,-492
1,9,46,373,85,-492
1,9,145,281,-167,470
1,9,149,331,-212,-451
1,9,157,291,-494,74
1,9,160,291,-500,0
1,9,160,292,-500,0
1,9,160,292,-488,109
1,9,160,293,-484,121
1,9,161,291,-500,0
85,9,2793,370,0,-473
85,9,2805,299,-251,-82
85,9,2824,337,-498,-48
85,9,2827,323,-421,0
85,9,2833,368,-248,-274
85,9,2834,299,-473,0
85,9,2834,313,-473,0
85,9,2834,323,-473,0
85,9,2835,332,-10,-447
85,9,2838,323,-500,0
85,9,2839,289,-416,277
85,9,2842,328,-160,-361
85,9,2844,285,-148,449
85,9,2848,292,-500,0
85,9,2848,292,-492,85
125,9,3949,291,473,0
125,9,3949,292,473,0
125,9,3949,293,473,0
125,9,3950,292,447,0
125,9,3952,318,203,-457
125,9,3956,290,67,165
125,9,3958,281,339,291
125,9,3960,290,395,0
125,9,3971,308,23,-12
125,9,3985,305,123,96
86,8,2795,338,0,-473
86,8,2826,329,-342,-327
86,8,2827,335,-371,-335
86,8,2833,318,-289,28
86,8,2839,336,-148,-450
86,8,2844,338,-191,-462
86,8,2857,265,-418,0
86,8,2857,281,-418,0
86,8,2859,291,-335,-335
86,8,2863,206,-371,335
86,8,2865,219,-470,167
86,8,2866,287,-471,23
86,8,2866,289,-471,23
86,8,2866,290,-469,34
86,8,2866,291,-471,23
86,8,2866,293,-471,23
86,8,2866,295,-471,23
86,8,2866,297,-471,23
86,8,2869,322,-444,10
86,8,2872,220,-500,0
86,8,2872,292,-418,0
86,8,2872,323,-500,0
86,8,2873,221,-500,0
86,8,2878,306,-392,8
86,8,2879,289,-391,28
86,8,2879,312,-392,19
86,8,2882,306,-366,8
86,8,2884,291,-340,0
86,8,2885,291,-340,0
86,8,2886,296,-340,-8
86,8,2886,299,-490,97
86,8,2887,264,-340,17
86,8,2887,265,-340,17
86,8,2887,280,-340,17
86,8,2887,284,-340,17
86,8,2887,286,-340,17
86,8,2887,287,-340,0
86,8,2887,288,-340,17
86,8,2887,289,-340,17
86,8,2887,290,-340,17
86,8,2887,292,-340,17
86,8,2887,294,-340,17
86,8,2887,296,-340,17
86,8,2888,282,-314,0
86,8,2888,290,-314,0
86,8,2888,292,-314,0
125,8,3945,245,-47,483
125,8,3945,292,473,0
125,8,3949,267,473,0
125,8,3949,268,473,0
125,8,3949,291,473,0
125,8,3955,290,421,0
125,8,3961,299,308,-359
125,8,3969,268,421,-10
125,8,3984,267,-75,-132
125,8,3987,268,-99,-185
125,8,4062,361,203,-457
2,8,146,289,-235,0
2,8,169,289,-418,0
2,8,171,289,-392,-9
2,8,171,291,-444,0
2,8,171,291,-421,0
2,8,173,275,-444,0
2,8,174,289,-444,0
2,8,177,287,-471,23
2,8,178,270,-471,23
2,8,178,272,-471,23
2,8,178,273,-471,23
2,8,178,274,-471,23
2,8,178,275,-471,23
2,8,178,276,-471,23
2,8,178,279,-471,23
2,8,178,287,-471,23
2,8,178,289,-471,23
2,8,183,274,-444,22
2,8,183,276,-444,22
2,8,183,283,-444,22
2,8,185,291,-418,9
2,8,185,292,-498,-37
2,8,188,292,-500,-25
2,8,191,292,-497,0
2,8,197,289,-340,17
2,8,197,291,-340,7
2,8,198,286,-340,7
2,8,198,288,-340,17
2,8,198,289,-340,7
2,8,199,267,-340,17
2,8,199,269,-340,17
2,8,199,270,-340,17
2,8,199,271,-340,17
2,8,199,272,-340,17
2,8,199,273,-340,17
2,8,199,274,-340,17
2,8,199,275,-340,17
2,8,199,276,-340,17
2,8,199,278,-340,17
2,8,199,280,-340,17
2,8,199,283,-340,17
2,8,199,284,-340,17
2,8,199,285,-340,17
2,8,199,286,-340,17
2,8,199,288,-340,17
2,8,199,289,-340,17
2,8,199,292,-340,-8
2,8,200,278,-314,0
2,8,200,286,-314,0
2,8,200,288,-314,0
2,8,200,293,-444,-22
2,8,201,292,-444,0
2,8,204,292,-500,0
124,7,3896,212,314,0
124,7,3896,215,314,0
124,7,3896,218,314,0
124,7,3896,221,314,0
124,7,3896,222,314,0
124,7,3896,226,314,0
124,7,3896,227,314,0
124,7,3897,215,340,-17
124,7,3898,214,340,-8
124,7,3908,260,353,-353
124,7,3911,189,500,0
124,7,3912,256,353,-353
124,7,3925,282,309,-146
124,7,3951,177,66,442
124,7,3958,205,152,-101
124,7,3959,210,325,-174
124,7,3962,203,23,-12
124,7,3962,203,26,0
124,7,3988,203,21,14
1,7,107,203,-26,-2
1,7,109,205,110,-269
1,7,115,212,-238,0
1,7,134,227,-395,0
1,7,143,222,-446,43
1,7,146,212,-473,0
1,7,146,217,-473,0
1,7,146,219,-473,0
1,7,146,221,-473,0
1,7,146,224,-473,10
1,7,146,227,-473,0
1,7,146,244,-473,0
86,6,2819,240,-176,294
86,6,2821,237,-263,175
86,6,2827,255,0,-26
86,6,2827,274,0,-473
86,6,2828,251,-303,91
86,6,2845,233,-233,-172
86,6,2858,274,-361,-345
86,6,2858,274,-345,-361
86,6,2858,274,-335,-371
86,6,2862,278,-345,-361
86,6,2864,280,-353,-353
86,6,2869,269,-361,-345
86,6,2870,269,-361,-345
86,6,2873,260,-359,-344
86,6,2873,263,-351,-351
86,6,2873,264,-359,-344
86,6,2873,273,-359,-344
86,6,2876,260,-333,-333
86,6,2876,263,-333,-333
86,6,2876,267,-333,-333
86,6,2877,252,-340,-325
86,6,2877,256,-340,-325
86,6,2877,260,-340,-325
86,6,2877,263,-340,-325
86,6,2877,267,-340,-325
86,6,2877,273,-340,-325
86,6,2884,245,-340,0
86,6,2891,188,-494,74
86,6,2892,220,-500,0
125,6,3940,189,500,0
125,6,3940,227,148,-450
125,6,3949,209,473,23
125,6,3954,209,442,-66
125,6,3956,222,0,-500
125,6,3956,226,0,-500
125,6,3956,227,0,-500
125,6,3977,203,13,-22
124,5,3892,194,392,-38
124,5,3895,190,335,-8
124,5,3895,190,335,0
124,5,3896,190,314,0
124,5,3896,194,314,0
124,5,3896,197,314,0
124,5,3896,201,314,0
124,5,3896,202,314,0
124,5,3896,203,314,0
124,5,3896,209,314,0
124,5,3897,189,340,0
124,5,3897,190,340,-8
124,5,3899,212,340,0
124,5,3900,214,366,-8
124,5,3901,214,366,-8
124,5,3901,217,315,-233
124,5,3903,212,366,0
124,5,3904,214,392,-9
124,5,3907,194,392,0
124,5,3907,201,392,0
124,5,3911,194,418,0
124,5,3911,197,418,0
124,5,3911,202,418,0
124,5,3911,203,418,0
124,5,3919,229,471,10
124,5,3926,242,345,-361
124,5,3932,189,369,0
124,5,3958,205,101,152
124,5,3958,207,20,208
124,5,3960,212,23,10
124,5,3963,212,-25,8
124,5,4043,113,0,447
1,5,118,216,-249,-89
1,5,141,209,-442,-66
1,5,142,209,-442,-66
1,5,146,202,-473,0
1,5,146,203,-473,0
1,5,156,227,-148,-450
86,4,2827,180,0,-133
86,4,2827,194,0,-261
86,4,2827,206,0,-447
86,4,2827,210,0,-473
86,4,2827,229,0,-500
86,4,2828,162,75,141
86,4,2834,225,-132,-482
86,4,2836,201,-132,-400
86,4,2836,205,-119,-432
86,4,2836,206,-108,-433
86,4,2836,230,-132,-482
86,4,2838,209,-137,-453
86,4,2839,212,-144,-478
86,4,2840,210,-159,-446
86,4,2840,216,-144,-478
86,4,2844,221,-361,-345
86,4,2862,213,-361,-345
86,4,2863,217,-353,-353
86,4,2865,216,-361,-345
86,4,2873,173,-345,-361
2,4,125,191,-182,408
2,4,129,187,25,500
2,4,132,180,0,369
2,4,133,173,-263,175
2,4,140,194,-257,-429
2,4,146,196,-105,-381
2,4,150,208,-137,-453
2,4,151,212,-144,-478
2,4,185,189,-497,0
2,4,185,196,-359,-344
2,4,185,197,-359,-344
2,4,185,198,-359,-344
2,4,185,199,-351,-351
2,4,185,200,-359,-344
2,4,188,195,-333,-333
2,4,188,203,-333,-333
2,4,189,190,-392,0
2,4,189,194,-340,-325
2,4,189,195,-340,-325
2,4,189,199,-340,-325
2,4,189,200,-340,-325
2,4,189,201,-340,-325
2,4,189,203,-340,-325
2,4,190,190,-392,0
2,4,192,206,-321,-307
57,3,1800,176,148,-450
57,3,1803,198,132,-482
57,3,1812,164,0,-316
91,3,2871,163,346,-283
91,3,2897,145,-111,110
91,3,2897,199,203,-457
91,3,2902,140,-335,138
91,3,2908,175,0,-447
91,3,2912,172,0,-444
91,3,2912,181,0,-466
91,3,2912,190,0,-414
91,3,2912,197,0,-340
91,3,2912,198,0,-361
91,3,2913,200,-17,-340
91,3,2914,200,-17,-340
91,3,2916,200,-17,-340
91,3,2919,200,-17,-340
91,3,2920,200,-17,-340
91,3,2923,200,-17,-340
91,3,2925,170,0,-418
91,3,2926,200,-17,-340
91,3,2928,200,-17,-340
91,3,2930,170,0,-418
91,3,2930,201,0,-314
91,3,2931,170,0,-418
91,3,2931,200,-17,-340
91,3,2932,200,-17,-340
91,3,2933,200,-17,-340
91,3,2937,174,0,-444
91,3,2938,200,-17,-340
91,3,2947,170,0,-418
91,3,2948,170,0,-418
91,3,2948,200,-17,-340
91,3,2949,200,-17,-340
91,3,2951,170,0,-418
91,3,2951,200,-17,-340
91,3,2952,170,0,-418
91,3,2952,200,-17,-340
91,3,2953,200,-17,-340
91,3,2954,170,0,-418
91,3,2954,200,-17,-340
91,3,2955,198,0,-340
91,3,2955,200,-17,-340
91,3,2957,200,-17,-340
91,3,2958,201,0,-314
91,3,2959,170,0,-418
91,3,2959,200,-17,-340
91,3,2960,200,-17,-340
91,3,2961,200,-17,-340
91,3,2963,200,-17,-340
91,3,2964,200,-17,-340
91,3,2965,201,0,-314
91,3,2969,170,0,-418
91,3,2969,200,-17,-340
91,3,2970,170,0,-418
91,3,2970,200,-17,-340
91,3,2970,200,25,-339
91,3,2971,170,0,-418
91,3,2971,200,-17,-340
91,3,2972,200,25,-339
91,3,2972,201,0,-314
91,3,2973,170,0,-418
91,3,2973,174,0,-444
91,3,2974,170,0,-418
91,3,2974,200,-17,-340
91,3,2975,170,0,-418
91,3,2975,200,-17,-340
91,3,2976,170,0,-418
91,3,2976,174,0,-444
91,3,2976,200,-17,-340
91,3,2977,170,0,-418
91,3,2977,192,-20,-392
91,3,2977,200,-17,-340
91,3,2978,170,0,-418
91,3,2978,200,-25,-339
91,3,2978,200,-17,-340
91,3,2979,170,0,-418
91,3,2979,200,-17,-340
91,3,2980,200,-17,-340
91,3,2981,170,0,-418
91,3,2981,200,-17,-340
91,3,2982,200,-17,-340
91,3,2988,181,-371,-335
91,3,3009,187,-361,-345
91,3,3012,188,-361,-345
91,3,3013,190,-361,-345
87,3,2827,143,-208,-80
87,3,2827,149,0,78
87,3,2827,175,0,-447
87,3,2827,184,0,-500
87,3,2829,163,-57,-230
87,3,2836,173,-119,-432
87,3,2836,174,-108,-433
87,3,2870,169,-335,-371
87,3,2888,172,-327,-342
124,3,3891,124,500,11
124,3,3904,175,321,-307
124,3,3906,157,340,-325
124,3,3908,169,340,-325
124,3,3908,170,340,-325
124,3,3908,171,340,-325
124,3,3908,172,340,-325
124,3,3911,159,351,-351
124,3,3911,164,351,-351
124,3,3911,165,351,-351
124,3,3911,166,351,-351
124,3,3911,167,351,-351
124,3,3911,168,351,-351
124,3,3911,177,351,-351
124,3,3914,144,353,-353
124,3,3914,161,287,-408
124,3,3915,174,361,-345
124,3,3923,123,421,9
124,3,3929,120,-158,-443
124,3,3943,124,323,-309
124,3,3944,176,148,-450
124,3,3947,198,132,-482
124,3,3949,193,132,-482
124,3,3956,164,0,-316
124,3,3962,148,-212,301
124,3,3962,148,-23,11
124,3,3962,148,-6,51
124,3,3962,148,0,0
124,3,3963,148,-23,10
2,3,139,192,0,-500
2,3,139,199,0,-500
2,3,149,202,-121,-484
2,3,168,138,-327,-342
2,3,168,145,-306,-394
2,3,171,143,-361,-345
2,3,174,151,-361,-345
2,3,178,150,-361,-345
2,3,178,155,-361,-345
2,3,178,157,-361,-345
2,3,178,161,-361,-345
2,3,180,160,-287,-408
2,3,181,153,-345,-361
2,3,182,150,-361,-345
2,3,182,158,-361,-345
2,3,185,135,-361,-345
2,3,185,154,-359,-344
2,3,186,154,-359,-344
2,3,186,168,-287,-408
2,3,188,161,-316,-350
2,3,189,157,-340,-325
2,3,189,158,-340,-325
2,3,189,159,-340,-325
2,3,189,160,-340,-325
2,3,189,165,-340,-325
2,3,189,166,-340,-325
2,3,189,167,-340,-325
2,3,189,171,-340,-325
2,3,190,157,-340,-325
2,3,191,151,-408,-287
2,3,191,158,-350,-316
2,3,195,154,-408,-287
2,3,195,156,-408,-287
47,2,1557,116,-464,-92
47,2,1559,125,-427,-201
47,2,1561,156,-344,-359
47,2,1561,157,-344,-359
47,2,1563,137,-351,-318
47,2,1576,119,-482,-132
47,2,1581,155,-344,-359
47,2,1584,159,-325,-340
47,2,1592,155,-344,-359
47,2,1595,159,-325,-340
47,2,1601,130,-361,-345
47,2,1603,155,-344,-359
47,2,1637,107,-500,0
49,2,1563,133,279,-279
49,2,1568,123,298,-98
49,2,1618,138,0,-418
49,2,1619,138,0,-418
49,2,1619,168,-17,-340
49,2,1620,138,0,-418
49,2,1620,168,-17,-340
49,2,1621,138,0,-418
49,2,1621,168,-17,-340
49,2,1622,138,0,-418
49,2,1622,168,-17,-340
49,2,1623,138,0,-418
49,2,1623,168,-17,-340
49,2,1624,138,0,-418
49,2,1624,168,-17,-340
49,2,1625,138,0,-418
49,2,1625,168,-17,-340
49,2,1626,168,-17,-340
49,2,1627,168,-17,-340
49,2,1633,159,-333,-333
49,2,1645,155,-344,-359
49,2,1688,149,-361,-345
49,2,1689,146,-361,-345
53,2,1643,107,497,0
53,2,1646,140,361,-345
53,2,1690,157,332,-333
53,2,1726,168,25,-339
53,2,1728,158,0,-414
53,2,1728,166,0,-361
53,2,1802,136,-342,-327
56,2,1750,117,400,-132
56,2,1812,143,0,-447
56,2,1917,102,-361,-345
88,2,2845,156,316,-386
88,2,2850,163,191,-462
88,2,2859,133,0,-157
88,2,2875,162,-224,-447
88,2,2890,124,-395,-211
88,2,2895,138,-62,-416
88,2,2896,111,181,-41
88,2,2896,143,-76,-441
88,2,2908,158,0,-500
88,2,2908,161,0,-500
88,2,2912,140,-500,-25
88,2,2912,157,0,-500
123,2,3886,123,500,0
123,2,3886,152,353,-353
123,2,3891,100,418,0
123,2,3891,118,424,-140
123,2,3893,110,260,-19
123,2,3894,117,400,-132
123,2,3894,117,403,-121
123,2,3914,153,345,-361
123,2,3914,154,345,-361
123,2,3918,157,287,-408
123,2,3919,130,335,-371
123,2,3921,145,345,-361
123,2,3921,146,345,-361
123,2,3922,111,85,-135
123,2,3922,150,306,-394
123,2,3923,149,287,-408
123,2,3933,150,345,-361
123,2,3935,118,371,-199
123,2,3946,118,309,-323
123,2,3954,153,121,-484
123,2,3956,110,49,92
123,2,3956,143,0,-447
3,2,139,143,0,-447
3,2,139,145,0,-287
3,2,161,131,-335,-371
3,2,165,139,-287,-408
3,2,168,139,-335,-371
54,1,1751,115,466,-179
54,1,1751,116,466,-179
54,1,1766,110,441,-236
54,1,1766,110,451,-212
54,1,1774,98,66,-442
54,1,1810,52,-200,44
50,1,1625,120,416,-277
50,1,1643,110,0,-447
50,1,1658,110,-192,-433
