1,76,100,2476,144,67
1,76,100,2484,21,14
1,76,100,2484,23,10
1,76,100,2484,23,11
1,76,101,2477,-263,175
1,76,101,2484,259,130
1,76,106,2484,-22,13
1,76,107,2478,-157,-142
1,76,107,2498,0,-26
1,76,107,2514,0,-473
1,76,107,2527,0,-500
1,76,114,2529,-132,-482
1,76,116,2534,-132,-482
1,76,117,2508,-140,-425
1,76,118,2508,-140,-425
1,76,119,2512,-148,-450
1,76,139,2442,-267,421
1,76,146,2495,-361,-345
1,76,149,2509,-361,-345
1,76,150,2498,-361,-345
1,76,150,2509,-361,-345
1,76,152,2426,-242,343
1,76,153,2500,-359,-344
1,76,153,2502,-359,-344
1,76,153,2503,-351,-351
1,76,153,2504,-359,-344
1,76,153,2512,-351,-351
1,76,153,2513,-359,-344
1,76,156,2505,-333,-333
1,76,156,2507,-333,-333
1,76,157,2460,-500,0
1,76,157,2503,-340,-325
1,76,157,2505,-340,-325
1,76,157,2506,-340,-325
1,76,157,2507,-340,-325
1,76,157,2516,-340,-325
1,76,160,2510,-321,-307
1,76,172,2460,-500,11
37,22,1227,764,0,-26
37,22,1253,779,-287,-408
37,22,1255,777,-335,-371
37,22,1256,779,-335,-371
37,22,1285,759,-482,-132
37,22,1294,748,-447,0
37,22,1303,748,-500,0
126,79,3981,2531,473,0
126,79,3988,2562,0,-500
126,79,3990,2521,339,291
126,79,3996,2518,274,353
126,75,3980,2392,179,466
126,75,3986,2449,442,-66
126,75,3988,2468,0,-500
126,75,3988,2470,0,-500
125,74,3934,2429,444,-10
125,74,3935,2429,500,0
125,74,3936,2428,500,0
125,74,3937,2428,500,0
125,74,3937,2430,391,-29
125,74,3939,2429,392,0
125,74,3945,2428,290,0
125,74,3976,2452,156,-474
125,74,3988,2453,0,-500
124,72,3918,2363,500,0
124,72,3926,2357,400,-132
124,72,3988,2383,0,-447
124,72,3988,2390,144,-478
125,80,3935,2531,500,0
125,80,3938,2529,392,8
125,80,3938,2530,392,0
125,80,3943,2523,418,0
125,80,3962,2636,299,-366
125,80,3976,2507,148,449
125,80,3980,2535,185,0
125,73,3923,2364,500,11
125,73,3977,2411,121,-484
125,73,3978,2442,121,-484
125,73,3988,2438,0,-500
126,78,3981,2507,473,0
126,78,3981,2531,473,0
5,112,188,3556,-170,162
5,112,190,3551,-199,207
5,112,209,3526,-351,351
5,112,210,3526,-351,351
5,112,220,3526,-351,351
5,112,220,3544,0,395
5,112,221,3526,-351,351
5,112,222,3526,-351,351
5,112,224,3511,0,314
5,112,224,3514,0,340
5,112,224,3515,0,340
5,112,225,3511,0,314
5,112,226,3511,0,314
5,112,227,3511,0,314
5,112,228,3511,0,314
5,112,230,3511,0,314
5,112,230,3514,-66,333
5,112,231,3511,0,314
5,112,232,3511,0,314
5,112,233,3511,0,314
5,112,234,3511,0,314
5,112,235,3511,0,314
5,112,236,3513,-98,325
5,112,238,3517,-159,358
5,112,238,3556,0,130
5,112,240,3528,0,418
5,112,240,3552,0,235
5,112,240,3553,0,235
5,112,242,3514,0,340
5,112,242,3580,209,10
5,112,246,3526,-351,351
5,112,247,3526,-351,351
5,112,248,3526,-351,351
5,112,250,3526,-351,351
5,112,251,3526,-351,351
5,112,252,3526,-351,351
5,112,263,3598,-30,175
5,112,269,3563,-437,97
5,112,278,3569,-345,361
118,117,3711,3773,500,0
118,117,3711,3774,498,-37
118,117,3712,3772,478,-144
118,117,3712,3772,500,0
118,117,3712,3773,500,0
118,117,3714,3773,496,-60
118,117,3714,3773,500,0
118,117,3716,3770,466,-179
118,117,3716,3773,492,-85
118,117,3721,3733,224,447
118,117,3721,3759,471,46
118,117,3726,3782,167,-470
118,117,3732,3740,0,500
118,117,3732,3741,0,500
118,117,3732,3742,0,500
118,117,3732,3778,0,-500
118,117,3752,3764,22,13
118,117,3755,3764,-13,22
118,117,3759,3764,154,97
118,117,3760,3764,83,62
117,118,3671,3774,335,0
117,118,3672,3791,314,0
117,118,3672,3792,314,0
117,118,3672,3794,314,0
117,118,3672,3795,314,0
117,118,3672,3799,314,0
117,118,3672,3803,314,0
117,118,3672,3808,314,0
117,118,3672,3809,314,0
117,118,3672,3810,314,0
117,118,3672,3811,314,0
117,118,3672,3812,314,0
117,118,3672,3813,314,0
117,118,3672,3814,314,0
117,118,3672,3815,314,0
117,118,3672,3816,314,0
117,118,3672,3817,314,0
117,118,3672,3818,314,0
117,118,3672,3819,314,0
117,118,3673,3775,340,-17
117,118,3675,3773,340,0
117,118,3675,3774,340,-17
117,118,3675,3774,340,-8
117,118,3681,3847,353,-353
117,118,3683,3816,392,0
117,118,3684,3844,353,-353
117,118,3687,3808,418,0
117,118,3687,3809,418,0
117,118,3687,3810,418,0
117,118,3687,3811,418,0
117,118,3687,3812,418,0
117,118,3687,3814,418,0
117,118,3687,3815,418,0
117,118,3687,3816,418,0
117,118,3687,3817,418,0
117,118,3687,3818,418,0
117,118,3687,3819,418,0
117,118,3688,3840,353,-353
117,118,3701,3775,416,-31
117,118,3704,3773,395,0
117,118,3715,3724,181,438
117,118,3722,3854,118,-432
117,118,3723,3823,-269,110
117,118,3733,3820,2,25
117,118,3733,3825,7,340
117,118,3733,3825,27,286
117,118,3734,3821,101,152
117,118,3734,3821,116,173
117,118,3734,3828,-45,26
118,119,3725,3820,464,92
118,119,3728,3840,156,-474
118,119,3729,3821,438,87
118,119,3729,3839,97,-490
118,119,3732,3830,94,-313
117,120,3666,3875,500,0
117,120,3667,3874,500,0
117,120,3667,3874,500,11
117,120,3667,3875,500,0
117,120,3668,3875,485,0
117,120,3668,3875,500,0
117,120,3668,3876,500,0
117,120,3669,3875,500,0
117,120,3670,3873,498,37
117,120,3670,3875,500,0
117,120,3670,3876,340,0
117,120,3670,3876,350,0
117,120,3670,3889,482,-132
117,120,3671,3876,335,0
117,120,3671,3876,340,0
117,120,3672,3828,314,0
117,120,3672,3831,314,0
117,120,3672,3834,314,0
117,120,3672,3837,314,0
117,120,3672,3840,314,0
117,120,3672,3841,314,0
117,120,3672,3843,314,0
117,120,3672,3844,314,0
117,120,3672,3847,314,0
117,120,3672,3853,314,0
117,120,3672,3857,314,0
117,120,3672,3858,314,0
117,120,3672,3861,314,0
117,120,3672,3862,314,0
117,120,3672,3863,314,0
117,120,3672,3864,314,0
117,120,3672,3866,314,0
117,120,3672,3867,314,0
117,120,3672,3868,314,0
117,120,3672,3869,314,0
117,120,3672,3870,314,0
117,120,3672,3872,314,0
117,120,3672,3873,312,23
117,120,3672,3873,314,0
117,120,3672,3873,314,15
117,120,3672,3874,314,7
117,120,3672,3875,314,0
117,120,3672,3875,340,0
117,120,3672,3876,335,0
117,120,3672,3877,340,-8
117,120,3674,3873,340,7
117,120,3674,3876,340,0
117,120,3675,3819,340,0
117,120,3675,3854,366,0
117,120,3675,3862,340,0
117,120,3675,3870,340,0
117,120,3675,3872,338,25
117,120,3675,3876,361,0
117,120,3676,3821,366,-8
117,120,3677,3821,366,-18
117,120,3679,3876,387,0
117,120,3680,3886,482,-132
117,120,3683,3875,500,0
117,120,3686,3875,500,0
117,120,3687,3872,418,0
117,120,3687,3873,416,30
117,120,3687,3873,418,0
117,120,3687,3874,416,30
117,120,3687,3874,418,21
117,120,3687,3875,418,0
117,120,3687,3875,500,0
117,120,3688,3875,500,0
117,120,3691,3876,444,0
117,120,3693,3875,473,0
117,120,3693,3876,471,-24
117,120,3696,3876,440,0
117,120,3697,3875,447,0
117,120,3700,3876,418,0
117,120,3701,3876,414,0
117,120,3704,3876,387,0
117,120,3705,3837,378,-114
117,120,3705,3876,387,0
117,120,3715,3922,203,-457
117,120,3718,3913,100,-212
117,120,3720,3920,148,-450
117,120,3725,3793,87,438
117,120,3729,3879,173,260
117,120,3729,3891,83,-275
117,120,3730,3884,177,-53
117,120,3732,3900,3,-26
117,120,3734,3821,152,-101
117,120,3734,3892,25,2
117,120,3735,3826,325,-174
118,121,3711,3875,500,0
118,121,3712,3875,500,0
118,121,3712,3876,500,0
118,121,3713,3876,500,0
118,121,3714,3875,496,60
118,121,3715,3875,494,74
118,121,3715,3875,500,0
118,121,3716,3875,500,0
118,121,3720,3913,246,-435
118,121,3728,3902,203,-457
118,121,3732,3869,0,500
118,121,3735,3884,242,179
118,121,3754,3892,0,209
118,121,3754,3892,12,22
118,121,3760,3883,-7,-104
118,121,3760,3892,-162,302
117,122,3667,3933,500,0
117,122,3668,3932,500,0
117,122,3669,3914,500,0
117,122,3677,3875,500,0
117,122,3677,3876,500,0
117,122,3678,3876,387,0
117,122,3678,3876,405,0
117,122,3678,3876,500,0
117,122,3679,3875,366,0
117,122,3679,3875,444,0
117,122,3679,3875,500,0
117,122,3679,3876,387,0
117,122,3679,3876,405,0
117,122,3679,3876,407,0
117,122,3679,3876,500,0
117,122,3680,3875,366,0
117,122,3680,3876,387,0
117,122,3681,3861,321,307
117,122,3681,3873,392,8
117,122,3682,3874,392,0
117,122,3682,3876,419,0
117,122,3683,3862,332,332
117,122,3683,3864,332,332
117,122,3683,3866,332,332
117,122,3683,3868,332,332
117,122,3683,3870,332,332
117,122,3683,3872,332,332
117,122,3683,3873,332,332
117,122,3683,3874,332,332
117,122,3683,3875,332,332
117,122,3683,3876,332,332
117,122,3683,3879,332,332
117,122,3683,3881,332,332
117,122,3685,3880,488,109
117,122,3691,3867,353,353
117,122,3692,3932,261,0
117,122,3695,3961,378,-326
117,122,3696,3862,471,0
117,122,3697,3876,498,0
117,122,3699,3885,412,82
117,122,3699,3933,498,-48
117,122,3705,3950,348,-232
117,122,3714,3934,159,-90
117,122,3720,3851,136,453
117,122,3723,3881,185,0
117,122,3724,3879,185,0
117,122,3725,3878,133,0
117,122,3725,3878,159,0
117,122,3732,3891,50,-14
117,122,3733,3888,74,-138
117,122,3733,3891,56,-54
117,122,3735,3883,-26,0
117,122,3735,3884,228,-219
117,122,3735,3891,131,22
117,122,3737,3885,254,-188
117,122,3738,3883,-26,-1
117,122,3741,3883,26,-1
117,122,3741,3889,-86,161
117,122,3742,3883,-117,-58
117,122,3745,3883,-9,-78
117,122,3746,3883,0,0
117,122,3746,3883,18,17
117,122,3746,3883,25,-5
117,122,3746,3890,-76,197
116,124,3636,3976,500,0
116,124,3637,3979,500,0
116,124,3638,3971,498,48
116,124,3640,3976,500,0
116,124,3650,3943,500,-11
116,124,3650,3944,500,-11
116,124,3653,3946,500,-25
116,124,3654,3942,500,0
116,124,3654,3943,500,-25
116,124,3657,3940,366,-8
116,124,3657,3946,464,92
116,124,3658,3942,498,-37
116,124,3658,3986,439,-66
116,124,3660,3972,263,19
116,124,3661,3990,490,-97
116,124,3661,3991,492,-85
116,124,3662,3942,484,121
116,124,3664,3940,438,181
116,124,3664,3976,447,0
116,124,3667,3964,421,0
116,124,3667,3972,421,0
116,124,3667,3976,421,0
116,124,3669,3948,411,92
116,124,3671,3945,458,114
116,124,3671,3978,391,-38
116,124,3672,3946,433,108
116,124,3674,3943,453,136
116,124,3675,3942,445,158
116,124,3676,3946,433,108
116,124,3676,3948,438,87
116,124,3684,3948,323,143
116,124,3684,3958,182,-17
116,124,3689,3916,353,353
116,124,3690,3912,345,361
116,124,3691,3913,353,353
116,124,3692,3931,345,361
116,124,3696,3955,189,-140
116,124,3710,3945,-17,-342
116,124,3715,3929,-266,325
116,124,3717,3955,-112,71
116,124,3720,4037,162,208
116,124,3723,3922,-405,-39
116,124,3732,3928,0,395
116,124,3732,3947,25,-3
116,124,3732,3950,0,0
9,4,356,180,0,369
9,4,356,180,3,25
9,4,356,180,21,13
9,4,356,180,23,11
9,4,357,173,-263,175
9,4,357,180,5,51
9,4,359,172,-117,62
9,4,363,185,0,0
9,4,364,171,208,-20
9,4,370,225,-132,-482
9,4,372,230,-132,-482
9,4,372,230,-121,-484
9,4,374,204,-140,-425
9,4,375,208,-148,-450
9,4,389,142,-208,-20
9,4,399,152,-366,0
9,4,405,205,-361,-345
9,4,406,205,-361,-345
9,4,407,162,-361,-345
9,4,409,199,-359,-344
9,4,409,199,-351,-351
9,4,409,200,-359,-344
9,4,409,208,-351,-351
9,4,409,209,-359,-344
9,4,412,183,-353,-353
9,4,412,203,-333,-333
9,4,412,212,-333,-333
9,4,413,174,-353,-353
9,4,413,189,-340,-325
9,4,413,194,-340,-325
9,4,413,202,-340,-325
9,4,413,203,-340,-325
9,4,413,212,-340,-325
9,4,426,172,-500,0
8,5,332,176,-217,96
8,5,333,180,0,0
8,5,341,178,-235,35
8,5,363,151,0,500
8,5,363,196,0,-500
8,5,363,197,0,-500
8,5,363,198,0,-500
8,5,366,177,-442,-66
8,5,367,174,-446,-33
8,5,369,194,-203,-457
8,5,371,175,-457,-126
8,5,373,201,-236,-441
8,5,384,220,-500,0
9,6,353,244,24,9
9,6,359,241,-110,266
9,6,362,237,-20,208
9,6,363,246,-14,21
9,6,363,249,-296,167
9,6,369,251,372,248
9,6,378,168,-294,217
9,6,383,158,-169,69
9,6,393,172,-411,92
9,6,393,226,-418,0
9,6,393,230,-418,0
9,6,397,222,-444,-10
9,6,397,222,-444,0
9,6,397,277,-353,-353
9,6,398,278,-353,-353
9,6,400,280,-353,-353
9,6,401,220,-471,0
9,6,401,281,-353,-353
9,6,401,281,-345,-361
9,6,402,219,-471,23
9,6,402,220,-471,23
9,6,402,222,-471,-24
9,6,402,222,-471,23
9,6,402,223,-471,23
9,6,402,224,-471,23
9,6,402,226,-471,23
9,6,402,227,-471,23
9,6,402,228,-471,23
9,6,402,229,-471,23
9,6,402,230,-471,23
9,6,402,231,-471,23
9,6,402,232,-471,23
9,6,402,233,-471,23
9,6,404,230,-444,0
9,6,407,225,-444,22
9,6,415,241,-392,19
9,6,419,224,-366,18
9,6,419,241,-366,18
9,6,420,243,-340,0
9,6,421,222,-340,-8
9,6,422,220,-340,0
9,6,422,223,-340,-8
9,6,422,224,-339,-25
9,6,422,225,-339,-33
9,6,423,218,-340,17
9,6,423,219,-340,17
9,6,423,220,-340,17
9,6,423,221,-340,17
9,6,423,222,-340,-8
9,6,423,222,-340,17
9,6,423,223,-340,-17
9,6,423,223,-340,-8
9,6,423,223,-340,17
9,6,423,224,-340,17
9,6,423,224,-339,-25
9,6,423,225,-340,17
9,6,423,226,-340,17
9,6,423,227,-340,17
9,6,423,227,-336,-50
9,6,423,228,-340,17
9,6,423,229,-340,17
9,6,423,230,-340,17
9,6,423,231,-340,17
9,6,423,232,-340,17
9,6,423,235,-340,-8
9,6,424,220,-335,0
9,6,424,226,-314,0
9,6,424,227,-314,0
9,6,424,228,-314,0
9,6,424,230,-314,0
9,6,424,234,-314,0
9,6,424,235,-323,-106
9,6,425,208,-478,144
9,6,427,209,-482,132
8,10,376,327,-367,100
8,10,381,322,-494,74
8,10,381,323,-494,74
8,10,382,323,-496,60
8,10,384,323,-500,0
8,10,384,324,-500,0
8,10,384,324,-488,109
8,10,384,324,-478,144
8,10,384,325,-484,121
8,10,384,327,-492,85
8,10,385,322,-498,37
8,10,387,326,-490,97
10,13,346,484,51,-259
10,13,366,397,-425,139
10,13,391,391,-190,-285
10,13,391,400,193,-86
10,13,399,383,-335,371
10,13,400,356,-277,416
10,13,403,372,-345,361
10,13,404,384,-176,194
10,13,406,358,-335,371
10,13,406,375,-335,371
10,13,412,384,26,73
10,13,425,394,-400,131
10,13,430,389,-438,181
10,13,437,357,-334,368
10,13,439,358,-333,332
10,13,441,436,-97,487
10,13,447,390,-500,-25
125,18,3934,637,500,0
125,18,3935,637,500,0
125,18,3935,638,498,-37
125,18,3935,638,500,0
125,18,3936,636,478,-144
125,18,3936,636,500,0
125,18,3936,640,335,-371
125,18,3938,637,494,-74
125,18,3938,637,496,-60
125,18,3938,637,500,0
125,18,3940,637,361,-345
125,18,3950,646,167,-470
125,18,3956,622,419,-31
125,18,3956,637,0,-500
125,18,3982,623,403,190
125,18,3986,620,151,49
125,18,3986,621,-74,-111
125,18,4075,664,0,-500
124,24,3897,744,500,0
124,24,3902,740,405,0
124,24,3903,739,366,0
124,24,3903,740,387,0
124,24,3903,740,405,0
124,24,3904,738,500,11
124,24,3904,739,366,0
124,24,3904,740,387,0
124,24,3906,738,392,0
124,24,3907,726,332,332
124,24,3907,729,332,332
124,24,3907,729,340,325
124,24,3907,732,332,332
124,24,3907,733,332,332
124,24,3907,735,332,332
124,24,3907,737,332,332
124,24,3907,738,332,332
124,24,3907,739,332,332
124,24,3923,749,412,82
124,24,3924,740,345,361
124,24,3936,774,26,0
124,24,3946,723,121,403
124,24,3946,743,212,0
124,24,3948,745,185,0
124,24,3966,747,-117,-58
124,24,3970,747,18,17
124,24,3970,747,25,6
125,23,3935,739,500,0
125,23,3936,739,500,0
125,23,3936,740,500,0
125,23,3937,740,500,0
125,23,3938,739,496,60
125,23,3939,739,494,74
125,23,3940,739,500,0
125,23,3984,756,-162,302
125,23,4043,789,-2,-26
124,22,3891,739,500,0
124,22,3894,753,482,-132
124,22,3895,736,500,25
124,22,3895,740,335,0
124,22,3896,692,314,0
124,22,3896,694,314,0
124,22,3896,696,314,0
124,22,3896,697,314,0
124,22,3896,698,314,0
124,22,3896,699,314,0
124,22,3896,700,314,0
124,22,3896,701,314,0
124,22,3896,702,314,0
124,22,3896,705,314,0
124,22,3896,706,314,0
124,22,3896,707,314,0
124,22,3896,710,314,0
124,22,3896,711,314,0
124,22,3896,712,314,0
124,22,3896,715,314,0
124,22,3896,719,314,0
124,22,3896,720,314,0
124,22,3896,723,314,0
124,22,3896,724,314,0
124,22,3896,728,314,0
124,22,3896,737,314,0
124,22,3896,737,314,15
124,22,3896,739,314,0
124,22,3896,740,335,0
124,22,3896,741,340,-8
124,22,3898,740,340,0
124,22,3899,683,340,0
124,22,3900,685,366,-8
124,22,3901,685,366,-18
124,22,3904,750,482,-132
124,22,3909,685,418,-21
124,22,3911,737,418,0
124,22,3911,739,418,0
124,22,3911,739,500,0
124,22,3913,739,473,0
124,22,3916,719,-43,442
124,22,3917,740,471,-24
124,22,3920,738,471,0
124,22,3925,739,421,0
124,22,3925,740,414,0
124,22,3946,637,203,457
124,22,3946,663,-419,-41
124,22,3954,659,31,419
124,22,3958,685,152,-101
124,22,3959,690,325,-174
124,22,3960,683,0,0
125,21,3953,685,438,87
125,21,3953,703,97,-490
125,21,3954,686,442,66
125,21,3956,706,0,-500
125,21,3983,692,83,62
125,21,3984,692,83,62
124,20,3892,637,500,0
124,20,3895,638,335,0
124,20,3896,637,314,0
124,20,3896,638,314,0
124,20,3896,639,314,0
124,20,3896,641,314,0
124,20,3896,643,314,0
124,20,3896,644,314,0
124,20,3896,647,314,0
124,20,3896,650,314,0
124,20,3896,653,314,0
124,20,3896,661,314,0
124,20,3896,674,314,0
124,20,3896,675,314,0
124,20,3896,676,314,0
124,20,3896,679,314,0
124,20,3896,680,314,0
124,20,3896,681,314,0
124,20,3896,682,314,0
124,20,3896,683,314,0
124,20,3897,638,340,0
124,20,3897,639,340,-17
124,20,3897,639,340,-8
124,20,3898,639,340,-8
124,20,3899,680,340,0
124,20,3903,700,366,0
124,20,3905,711,353,-353
124,20,3907,679,392,0
124,20,3908,708,353,-353
124,20,3911,636,490,97
124,20,3911,675,418,0
124,20,3911,676,418,0
124,20,3911,680,418,0
124,20,3911,682,418,0
124,20,3911,683,418,0
124,20,3912,704,353,-353
124,20,3920,674,471,0
124,20,3956,591,0,444
124,20,3956,699,4,-25
124,20,3957,690,-87,-58
124,20,3958,685,116,173
124,20,3972,625,314,15
124,17,3895,568,498,48
124,17,3901,602,408,-287
124,17,3902,600,408,-287
124,17,3904,612,321,-307
124,17,3904,613,321,-307
124,17,3904,614,321,-307
124,17,3904,616,321,-307
124,17,3904,617,321,-307
124,17,3904,618,321,-307
124,17,3904,619,321,-307
124,17,3904,623,321,-307
124,17,3905,606,340,-325
124,17,3905,606,349,-316
124,17,3906,605,340,-325
124,17,3906,606,340,-325
124,17,3906,606,349,-316
124,17,3907,605,340,-325
124,17,3908,609,340,-325
124,17,3908,611,340,-325
124,17,3908,619,340,-325
124,17,3908,620,340,-325
124,17,3909,602,358,-344
124,17,3910,596,345,-361
124,17,3910,602,358,-344
124,17,3911,604,351,-351
124,17,3911,605,351,-351
124,17,3911,606,351,-351
124,17,3911,607,351,-351
124,17,3911,609,351,-351
124,17,3911,610,351,-351
124,17,3911,611,351,-351
124,17,3911,612,351,-351
124,17,3911,614,351,-351
124,17,3911,615,351,-351
124,17,3911,616,351,-351
124,17,3914,592,353,-353
124,17,3914,609,287,-408
124,17,3915,601,361,-345
124,17,3925,626,361,-345
124,17,3926,556,208,218
124,17,3944,624,148,-450
124,17,3949,590,337,-150
124,17,3958,605,-38,393
124,17,3962,595,-8,369
124,17,3963,592,153,306
124,17,3970,611,335,-180
124,17,4075,582,0,-500
123,16,3886,603,343,-359
123,16,3891,548,421,0
123,16,3891,555,421,0
123,16,3897,562,382,-96
123,16,3897,563,381,-105
123,16,3899,599,353,-353
123,16,3899,600,353,-353
123,16,3910,522,0,-104
123,16,3914,593,353,-353
123,16,3914,601,345,-361
123,16,3914,602,345,-361
123,16,3918,605,287,-408
123,16,3919,601,296,-402
123,16,3921,594,345,-361
123,16,3922,598,306,-394
123,16,3934,570,386,-272
123,16,3944,596,156,-474
123,16,3956,576,328,219
123,16,3956,594,0,-473
9,9,363,260,-233,-316
9,9,375,269,490,-97
9,9,375,368,-148,-450
9,9,378,374,-232,-348
9,9,393,286,-418,0
9,9,393,298,-418,0
9,9,393,305,-418,0
9,9,397,301,-444,0
9,9,397,306,-444,0
9,9,397,307,-444,0
9,9,397,321,-444,0
9,9,398,321,-444,0
9,9,399,323,-447,0
9,9,401,319,-471,23
9,9,401,321,-471,23
9,9,402,280,-471,23
9,9,402,282,-471,23
9,9,402,288,-471,23
9,9,402,289,-471,23
9,9,402,290,-471,23
9,9,402,291,-471,23
9,9,402,292,-471,23
9,9,402,293,-471,23
9,9,402,303,-471,23
9,9,402,305,-471,23
9,9,402,306,-471,23
9,9,402,307,-471,23
9,9,402,308,-471,23
9,9,402,309,-471,23
9,9,402,310,-471,23
9,9,402,311,-471,23
9,9,402,312,-471,23
9,9,402,313,-471,23
9,9,402,314,-471,23
9,9,402,316,-471,23
9,9,402,318,-471,23
9,9,402,320,-471,23
9,9,402,321,-471,23
9,9,406,321,-500,11
9,9,406,323,-500,0
9,9,406,324,-500,0
9,9,409,323,-498,-48
9,9,415,318,-392,19
9,9,415,321,-392,8
9,9,419,318,-366,18
9,9,419,323,-444,0
9,9,419,325,-469,-35
9,9,421,323,-340,0
9,9,422,318,-340,7
9,9,422,318,-340,17
9,9,422,319,-340,17
9,9,422,320,-340,17
9,9,422,321,-340,7
9,9,423,276,-340,17
9,9,423,277,-340,17
9,9,423,279,-340,17
9,9,423,280,-340,17
9,9,423,281,-340,17
9,9,423,285,-340,17
9,9,423,287,-340,17
9,9,423,288,-340,17
9,9,423,289,-340,17
9,9,423,290,-340,17
9,9,423,291,-340,17
9,9,423,292,-340,17
9,9,423,294,-340,17
9,9,423,297,-340,17
9,9,423,300,-340,17
9,9,423,302,-340,17
9,9,423,303,-340,17
9,9,423,304,-340,17
9,9,423,305,-340,17
9,9,423,306,-340,17
9,9,423,307,-340,17
9,9,423,308,-340,17
9,9,423,309,-340,17
9,9,423,310,-340,17
9,9,423,311,-340,17
9,9,423,312,-340,17
9,9,423,313,-340,17
9,9,423,315,-340,17
9,9,423,316,-340,17
9,9,423,317,-340,17
9,9,423,318,-340,17
9,9,423,319,-340,17
9,9,423,320,-340,17
9,9,423,321,-340,-8
9,9,423,321,-340,17
9,9,424,299,-314,0
9,9,424,318,-314,0
9,9,424,319,-314,0
9,9,424,320,-314,0
9,9,425,324,-459,0
9,9,427,323,-500,0
9,11,348,331,-8,24
9,11,349,331,-59,-51
9,11,350,333,-19,-17
9,11,351,331,25,-128
9,11,351,338,-235,0
9,11,358,331,24,-10
9,11,359,335,-442,-66
9,11,359,336,-403,-121
9,11,398,332,-437,97
9,11,407,327,-498,37
9,11,409,313,-351,351
9,11,409,327,-500,0
9,11,409,328,-500,0
9,11,410,327,-500,25
9,11,412,310,-340,325
9,11,412,315,-340,325
9,11,413,312,-340,325
9,11,413,315,-340,325
9,11,414,319,-441,53
9,11,414,321,-392,8
9,11,415,319,-419,31
9,11,415,321,-392,19
9,11,415,321,-391,28
9,11,416,322,-391,28
9,11,416,324,-366,0
9,11,417,321,-366,8
9,11,417,324,-500,0
9,11,418,314,-490,97
9,11,418,316,-492,85
9,11,418,324,-500,0
9,11,420,316,-494,74
9,11,428,382,-500,-25
9,12,364,354,-15,20
9,12,370,359,-85,492
9,12,371,355,-85,492
9,12,373,309,-121,484
9,12,374,341,-121,484
9,12,375,335,-159,445
9,12,376,330,-277,416
9,12,376,336,-121,484
9,12,377,331,-277,416
9,12,383,373,-248,372
9,12,383,379,-275,319
9,12,384,324,-500,0
9,12,385,379,-283,312
9,12,385,381,-304,291
9,12,391,371,-318,351
9,12,391,402,-342,-240
9,12,393,372,-327,342
9,12,395,373,-351,317
9,12,398,358,-353,353
9,12,398,359,-353,353
9,12,402,359,-353,353
9,12,402,383,-473,0
9,12,404,394,-316,386
9,12,405,349,-353,353
9,12,406,348,-287,408
9,12,407,388,-361,345
9,12,409,345,-351,351
9,12,409,352,-359,343
9,12,409,357,-359,343
9,12,409,375,-345,361
9,12,410,378,-345,361
9,12,410,380,-500,0
9,12,412,339,-340,325
9,12,412,340,-340,325
9,12,412,342,-340,325
9,12,412,344,-340,325
9,12,412,345,-340,325
9,12,412,349,-340,325
9,12,412,350,-340,325
9,12,412,352,-340,325
9,12,412,353,-340,325
9,12,412,354,-340,325
9,12,413,339,-340,325
9,12,413,340,-340,325
9,12,413,349,-340,325
9,12,413,350,-340,325
9,12,413,350,-316,349
9,12,413,354,-340,325
9,12,413,388,-500,0
9,12,414,354,-340,325
9,12,415,353,-350,316
9,12,415,353,-340,325
9,12,416,351,-321,307
9,12,417,338,-378,326
9,12,418,354,-386,316
9,12,422,395,-482,132
9,12,426,385,-496,-60
9,12,427,387,-500,0
9,12,428,388,-500,-11
9,12,428,388,-500,0
1,109,112,3508,-38,393
1,109,127,3502,-328,90
1,109,145,3481,-167,470
1,109,146,3492,-473,0
1,109,150,3492,-500,0
1,109,154,3495,-492,85
1,109,156,3491,-500,0
1,109,156,3491,-381,281
1,109,157,3490,-494,74
1,109,157,3491,-494,74
1,109,158,3491,-496,60
1,109,159,3496,-494,74
1,109,160,3491,-500,0
1,109,160,3491,-498,48
1,109,160,3492,-500,0
1,109,160,3492,-488,109
1,109,160,3492,-478,144
1,109,160,3493,-484,121
1,109,161,3493,-484,121
2,108,139,3382,0,500
2,108,139,3428,-22,13
2,108,139,3441,-74,-138
2,108,150,3380,-121,484
2,108,165,3458,-277,416
2,108,169,3445,-418,0
2,108,169,3452,-418,0
2,108,169,3456,-418,0
2,108,169,3476,-418,0
2,108,169,3481,-418,0
2,108,169,3482,-418,0
2,108,169,3486,-418,0
2,108,171,3485,-444,0
2,108,173,3469,-444,0
2,108,174,3489,-444,0
2,108,175,3491,-447,0
2,108,177,3489,-471,23
2,108,177,3490,-471,23
2,108,178,3444,-471,23
2,108,178,3445,-471,23
2,108,178,3446,-471,23
2,108,178,3447,-471,23
2,108,178,3448,-471,23
2,108,178,3449,-471,23
2,108,178,3450,-471,23
2,108,178,3451,-471,23
2,108,178,3452,-471,23
2,108,178,3453,-471,23
2,108,178,3454,-471,23
2,108,178,3455,-471,23
2,108,178,3457,-471,23
2,108,178,3458,-471,23
2,108,178,3459,-471,23
2,108,178,3460,-471,23
2,108,178,3461,-471,23
2,108,178,3462,-471,23
2,108,178,3463,-471,23
2,108,178,3464,-471,23
2,108,178,3465,-471,23
2,108,178,3466,-471,23
2,108,178,3467,-471,23
2,108,178,3468,-471,23
2,108,178,3469,-471,23
2,108,178,3470,-471,23
2,108,178,3471,-471,23
2,108,178,3473,-471,23
2,108,178,3476,-471,23
2,108,178,3478,-471,23
2,108,178,3479,-471,23
2,108,178,3480,-471,23
2,108,178,3481,-471,23
2,108,178,3482,-471,23
2,108,178,3483,-471,23
2,108,178,3484,-471,23
2,108,178,3486,-471,23
2,108,178,3487,-471,23
2,108,178,3488,-471,23
2,108,178,3489,-471,23
2,108,178,3491,-473,0
2,108,181,3489,-444,22
2,108,182,3489,-444,22
2,108,182,3491,-500,0
2,108,183,3449,-444,22
2,108,183,3458,-444,22
2,108,183,3465,-444,22
2,108,184,3423,-345,361
2,108,196,3494,-469,-35
2,108,197,3491,-340,7
2,108,198,3487,-340,17
2,108,198,3488,-340,17
2,108,198,3489,-340,7
2,108,199,3441,-340,17
2,108,199,3442,-340,17
2,108,199,3443,-340,17
2,108,199,3444,-340,17
2,108,199,3445,-340,17
2,108,199,3446,-340,17
2,108,199,3447,-340,17
2,108,199,3448,-340,17
2,108,199,3449,-340,17
2,108,199,3450,-340,17
2,108,199,3451,-340,17
2,108,199,3452,-340,17
2,108,199,3453,-340,17
2,108,199,3454,-340,17
2,108,199,3455,-340,17
2,108,199,3456,-340,17
2,108,199,3457,-340,17
2,108,199,3458,-340,17
2,108,199,3459,-340,17
2,108,199,3460,-340,17
2,108,199,3461,-340,17
2,108,199,3462,-340,17
2,108,199,3463,-340,17
2,108,199,3464,-340,17
2,108,199,3465,-340,17
2,108,199,3466,-340,17
2,108,199,3467,-340,17
2,108,199,3468,-340,17
2,108,199,3469,-340,17
2,108,199,3470,-340,17
2,108,199,3472,-340,17
2,108,199,3473,-340,17
2,108,199,3475,-340,17
2,108,199,3476,-340,17
2,108,199,3477,-340,17
2,108,199,3478,-340,17
2,108,199,3479,-340,17
2,108,199,3480,-340,17
2,108,199,3481,-340,17
2,108,199,3482,-340,17
2,108,199,3483,-340,17
2,108,199,3484,-340,17
2,108,199,3485,-340,17
2,108,199,3486,-340,17
2,108,199,3487,-340,17
2,108,199,3488,-340,17
2,108,199,3489,-340,17
2,108,199,3492,-340,-8
2,108,200,3443,-314,0
2,108,200,3447,-314,0
2,108,200,3448,-314,0
2,108,200,3466,-314,0
2,108,200,3480,-314,0
2,108,200,3485,-314,0
2,108,200,3486,-314,0
2,108,200,3487,-314,0
2,108,200,3489,-314,0
2,108,200,3490,-314,0
124,25,3891,797,500,0
124,25,3891,804,500,0
124,25,3902,774,402,296
124,25,3905,770,340,325
124,25,3906,770,340,325
124,25,3907,755,332,332
124,25,3907,760,332,332
124,25,3907,760,340,325
124,25,3907,762,332,332
124,25,3907,763,332,332
124,25,3907,766,332,332
124,25,3907,767,332,332
124,25,3907,769,332,332
124,25,3907,776,353,353
124,25,3908,768,325,340
124,25,3910,795,361,345
124,25,3917,804,473,0
124,25,3926,803,421,0
124,25,3931,803,316,-7
124,25,3934,786,291,304
124,25,3934,806,316,-7
124,25,3944,751,109,488
124,25,3945,804,125,457
124,25,3946,725,121,484
124,25,3947,803,-75,72
124,25,3956,730,0,500
41,1,1315,114,0,-473
41,1,1316,114,-11,-473
41,1,1353,122,-351,-351
41,1,1362,87,-457,-126
41,1,1370,123,-344,-359
41,1,1372,111,0,-447
41,1,1373,127,-325,-340
41,1,1375,137,0,-314
41,1,1376,106,-435,-246
41,1,1376,111,0,-444
41,1,1376,117,0,-500
41,1,1377,136,-17,-340
41,1,1377,136,25,-339
41,1,1378,136,-17,-340
41,1,1379,106,0,-418
41,1,1380,106,0,-418
41,1,1380,136,-17,-340
41,1,1381,106,0,-418
41,1,1381,123,-344,-359
41,1,1381,136,-17,-340
41,1,1382,106,0,-418
41,1,1382,136,-17,-340
41,1,1383,106,0,-418
41,1,1383,123,-344,-359
41,1,1383,136,-17,-340
41,1,1384,106,0,-418
41,1,1384,127,-325,-340
41,1,1384,136,-17,-340
41,1,1385,106,0,-418
41,1,1385,136,-17,-340
41,1,1386,106,0,-418
41,1,1386,124,30,-417
41,1,1386,136,-17,-340
41,1,1387,106,0,-418
41,1,1387,136,-17,-340
41,1,1388,75,161,-86
41,1,1388,124,30,-417
41,1,1388,136,-17,-340
41,1,1389,75,161,-86
41,1,1389,95,0,-500
41,1,1389,136,-17,-340
41,1,1390,75,161,-86
41,1,1392,123,-344,-359
41,1,1392,124,30,-417
41,1,1393,123,-344,-359
41,1,1393,124,30,-417
41,1,1395,123,-344,-359
41,1,1395,127,-325,-340
41,1,1396,127,-325,-340
41,1,1398,127,-325,-340
41,1,1400,123,-344,-359
41,1,1401,123,-344,-359
41,1,1403,127,-325,-340
41,1,1404,127,-325,-340
41,1,1416,85,-433,-108
41,1,1417,93,-427,-201
117,116,3669,3752,500,0
117,116,3677,3777,431,-32
117,116,3678,3772,500,0
117,116,3678,3773,500,0
117,116,3679,3772,366,0
117,116,3679,3773,500,0
117,116,3679,3776,431,-32
117,116,3680,3774,392,0
117,116,3680,3775,391,-29
117,116,3680,3777,444,-33
117,116,3680,3791,321,-307
117,116,3681,3774,391,-29
117,116,3681,3774,392,0
117,116,3681,3775,391,-29
117,116,3681,3775,392,-9
117,116,3682,3772,392,0
117,116,3682,3775,392,-9
117,116,3683,3772,392,0
117,116,3683,3773,392,0
117,116,3683,3773,500,0
117,116,3684,3692,500,0
117,116,3684,3695,378,-326
117,116,3684,3752,500,0
117,116,3684,3785,340,-325
117,116,3684,3787,340,-325
117,116,3684,3788,340,-325
117,116,3685,3774,418,0
117,116,3687,3778,418,0
117,116,3687,3779,351,-351
117,116,3687,3781,351,-351
117,116,3687,3783,351,-351
117,116,3687,3784,351,-351
117,116,3696,3682,390,288
117,116,3698,3674,-210,270
117,116,3698,3692,411,92
117,116,3704,3686,283,133
117,116,3713,3686,168,124
117,116,3713,3751,-344,194
117,116,3720,3796,156,-474
117,116,3722,3789,129,-428
117,116,3727,3757,-236,11
117,116,3731,3754,-75,-141
117,116,3731,3755,-87,-164
117,116,3732,3772,0,0
117,116,3732,3791,0,-447
117,116,3736,3655,361,345
117,116,3736,3764,-210,112
117,116,3737,3757,258,181
117,116,3738,3763,-8,369
117,116,3738,3764,-330,165
117,116,3738,3764,-6,51
117,116,3738,3764,-5,51
117,116,3739,3759,-240,135
117,116,3740,3764,-23,10
2,105,124,3293,0,500
2,105,135,3412,26,0
2,105,161,3432,-500,0
2,105,170,3442,-345,-361
2,105,173,3387,-444,0
2,105,173,3445,-353,-353
2,105,174,3389,-444,0
2,105,174,3390,-444,-22
2,105,174,3391,-444,-22
2,105,174,3391,-443,-33
2,105,174,3392,-443,-33
2,105,174,3446,-361,-345
2,105,174,3446,-353,-353
2,105,174,3447,-353,-353
2,105,175,3389,-473,0
2,105,176,3448,-353,-353
2,105,177,3388,-471,0
2,105,177,3391,-469,-46
2,105,177,3448,-353,-353
2,105,177,3449,-345,-361
2,105,178,3387,-471,23
2,105,178,3388,-471,23
2,105,178,3389,-471,-24
2,105,178,3389,-471,-11
2,105,178,3390,-471,23
2,105,178,3390,-469,-46
2,105,178,3391,-471,23
2,105,178,3392,-471,23
2,105,178,3393,-471,23
2,105,178,3394,-471,23
2,105,178,3395,-471,23
2,105,178,3396,-471,23
2,105,178,3397,-471,23
2,105,178,3398,-471,23
2,105,178,3399,-471,23
2,105,178,3400,-471,23
2,105,178,3401,-471,23
2,105,178,3449,-353,-353
2,105,178,3450,-345,-361
2,105,180,3396,-447,-147
2,105,180,3402,-444,0
2,105,184,3398,-422,-139
2,105,185,3389,-500,-11
2,105,185,3389,-418,0
2,105,185,3390,-418,-21
2,105,191,3391,-392,-20
2,105,191,3409,-392,19
2,105,192,3388,-387,0
2,105,195,3391,-366,-18
2,105,195,3391,-365,-27
2,105,195,3409,-366,18
2,105,196,3388,-361,0
2,105,196,3411,-340,0
2,105,198,3388,-340,0
2,105,198,3391,-340,-8
2,105,198,3392,-339,-25
2,105,198,3393,-339,-33
2,105,199,3386,-340,17
2,105,199,3387,-340,17
2,105,199,3388,-340,17
2,105,199,3389,-340,0
2,105,199,3389,-340,17
2,105,199,3390,-340,-17
2,105,199,3390,-340,-8
2,105,199,3390,-340,17
2,105,199,3391,-340,-17
2,105,199,3391,-340,-8
2,105,199,3391,-340,17
2,105,199,3392,-340,17
2,105,199,3392,-339,-25
2,105,199,3393,-340,17
2,105,199,3393,-339,-33
2,105,199,3393,-337,-41
2,105,199,3394,-340,17
2,105,199,3394,-337,-41
2,105,199,3395,-340,17
2,105,199,3395,-337,-41
2,105,199,3396,-340,17
2,105,199,3396,-335,-58
2,105,199,3397,-340,17
2,105,199,3398,-340,17
2,105,199,3399,-340,17
2,105,199,3400,-340,17
2,105,199,3401,-356,-98
2,105,200,3388,-335,0
2,105,200,3389,-340,0
2,105,200,3389,-314,0
2,105,200,3390,-314,-16
2,105,200,3392,-312,-23
2,105,200,3398,-314,0
2,105,200,3399,-314,0
2,105,200,3402,-314,0
2,105,200,3403,-323,-106
2,105,202,3388,-407,0
2,105,203,3390,-444,-22
2,105,204,3389,-500,0
2,105,205,3364,-500,0
2,105,205,3389,-500,0
1,106,63,3346,-470,167
1,106,110,3412,-88,132
1,106,128,3410,-419,41
1,106,140,3398,-287,86
1,106,141,3409,-442,-66
1,106,142,3409,-442,-66
1,106,142,3410,-442,-66
1,106,146,3408,-472,-46
1,106,146,3410,-466,-81
1,106,152,3425,-361,-345
1,106,156,3388,-500,0
1,106,156,3389,-500,0
1,106,156,3390,-474,156
1,106,156,3427,-361,-345
1,106,156,3427,-306,-394
1,106,156,3427,-287,-408
1,106,156,3427,-148,-450
2,110,124,3499,-8,24
2,110,126,3499,-12,-23
2,110,127,3499,25,-128
2,110,128,3499,22,-13
2,110,128,3499,116,-58
2,110,131,3499,23,-11
2,110,134,3499,171,-71
2,110,135,3503,-442,-66
2,110,137,3499,111,-176
2,110,152,3462,-144,478
2,110,156,3518,246,435
2,110,174,3501,-439,87
2,110,181,3494,-500,0
2,110,185,3481,-351,351
2,110,185,3482,-359,343
2,110,185,3482,-351,351
2,110,186,3497,-500,0
2,110,188,3478,-340,325
2,110,188,3479,-340,325
2,110,188,3480,-340,325
2,110,188,3481,-340,325
2,110,188,3482,-340,325
2,110,188,3483,-340,325
2,110,188,3485,-340,325
2,110,188,3487,-340,325
2,110,188,3488,-340,325
2,110,188,3496,-340,325
2,110,188,3497,-340,325
2,110,189,3479,-340,325
2,110,189,3481,-340,325
2,110,189,3487,-340,325
2,110,189,3490,-392,0
2,110,189,3491,-392,0
2,110,189,3496,-340,325
2,110,189,3497,-340,325
2,110,190,3489,-392,8
2,110,191,3489,-392,8
2,110,191,3489,-392,19
2,110,191,3489,-391,28
2,110,192,3491,-414,0
2,110,192,3492,-366,0
2,110,192,3493,-321,307
2,110,192,3494,-321,307
2,110,193,3489,-366,8
2,110,193,3491,-500,0
2,110,194,3482,-490,97
2,110,194,3484,-492,85
2,110,196,3484,-494,74
2,110,203,3520,-500,0
43,1,1346,107,351,-318
43,1,1347,108,342,-327
43,1,1380,88,484,-121
43,1,1391,106,0,-418
43,1,1392,136,-17,-340
43,1,1404,136,17,-340
43,1,1407,106,0,-418
43,1,1408,106,0,-418
43,1,1408,136,-17,-340
43,1,1409,106,0,-418
43,1,1409,136,-17,-340
43,1,1410,106,0,-418
43,1,1410,136,-17,-340
43,1,1411,106,0,-418
43,1,1411,136,-17,-340
43,1,1412,106,0,-418
43,1,1412,136,-17,-340
43,1,1413,136,-17,-340
43,1,1434,136,25,-339
43,1,1437,106,0,-418
43,1,1438,106,0,-418
43,1,1438,136,-17,-340
43,1,1439,106,0,-418
43,1,1439,136,-17,-340
43,1,1440,89,0,-287
43,1,1440,136,-17,-340
43,1,1441,136,-17,-340
43,1,1442,115,-24,-471
43,1,1443,136,-17,-340
43,1,1444,137,0,-314
43,1,1445,106,0,-418
43,1,1446,106,0,-418
43,1,1446,136,-17,-340
43,1,1447,106,0,-418
43,1,1447,136,-17,-340
43,1,1448,106,0,-418
43,1,1448,136,-17,-340
43,1,1449,106,0,-418
43,1,1449,136,-17,-340
43,1,1450,106,0,-418
43,1,1450,117,0,-444
43,1,1450,136,-17,-340
43,1,1450,137,0,-314
43,1,1451,106,0,-418
43,1,1451,110,-22,-444
43,1,1451,117,0,-444
43,1,1451,120,-22,-444
43,1,1451,136,-17,-340
43,1,1451,137,0,-314
43,1,1452,74,61,-115
43,1,1452,74,74,-138
43,1,1452,136,-17,-340
43,1,1453,73,130,-87
43,1,1453,136,-17,-340
43,1,1454,73,152,-101
43,1,1455,73,182,-17
43,1,1457,77,260,-25
43,1,1461,73,261,13
43,1,1462,73,261,13
43,1,1464,73,287,14
43,1,1465,73,287,14
43,1,1468,82,-117,262
43,1,1476,75,407,244
43,1,1476,124,-361,-345
44,0,1433,75,500,0
44,0,1447,97,-361,-345
44,0,1451,78,0,-447
44,0,1451,83,0,-473
44,0,1473,84,-246,-435
46,0,1459,69,294,-217
46,0,1476,80,482,-132
46,0,1508,93,0,-500
47,1,1457,75,447,0
47,1,1458,75,340,0
47,1,1459,86,428,-129
47,1,1461,127,332,-333
47,1,1466,122,361,-345
47,1,1474,127,332,-333
47,1,1474,131,264,-324
47,1,1475,127,332,-333
47,1,1476,126,332,-333
47,1,1476,127,332,-333
47,1,1477,123,343,-359
47,1,1477,127,332,-333
47,1,1478,123,343,-359
47,1,1479,123,343,-359
47,1,1479,127,332,-333
47,1,1482,123,343,-359
47,1,1483,127,332,-333
47,1,1486,123,343,-359
47,1,1486,127,332,-333
47,1,1487,116,345,-361
47,1,1488,53,-218,-90
47,1,1489,123,343,-359
47,1,1490,127,332,-333
47,1,1492,126,332,-333
47,1,1492,127,332,-333
47,1,1493,80,-239,-159
47,1,1493,106,0,-418
47,1,1493,123,343,-359
47,1,1494,106,0,-418
47,1,1494,136,-17,-340
47,1,1495,106,0,-418
47,1,1495,123,343,-359
47,1,1495,136,-17,-340
47,1,1496,80,-111,-208
47,1,1496,106,0,-418
47,1,1496,136,-17,-340
47,1,1497,106,0,-418
47,1,1497,136,-17,-340
47,1,1498,120,-22,-444
47,1,1498,136,-17,-340
47,1,1499,136,-17,-340
47,1,1500,106,0,-418
47,1,1500,136,-17,-340
47,1,1501,106,0,-418
47,1,1501,136,-17,-340
47,1,1502,106,0,-418
47,1,1502,136,-17,-340
47,1,1502,137,0,-314
47,1,1503,106,0,-418
47,1,1503,136,-17,-340
47,1,1504,106,0,-418
47,1,1504,113,0,-497
47,1,1504,113,0,-492
47,1,1504,123,0,-444
47,1,1504,123,0,-440
47,1,1504,136,-17,-340
47,1,1505,106,0,-418
47,1,1505,136,-17,-340
47,1,1506,106,0,-418
47,1,1506,110,0,-444
47,1,1506,136,-17,-340
47,1,1507,136,-17,-340
47,1,1508,99,0,-369
47,1,1508,142,0,-500
47,1,1518,103,0,-369
47,1,1518,140,-132,-482
125,51,3924,1653,500,0
125,51,3938,1602,340,325
125,51,3939,1587,340,325
125,51,3939,1589,332,332
125,51,3939,1589,340,325
125,51,3939,1590,332,332
125,51,3939,1592,332,332
125,51,3939,1592,340,325
125,51,3939,1593,332,332
125,51,3939,1593,340,325
125,51,3939,1594,332,332
125,51,3939,1597,332,332
125,51,3939,1598,332,332
125,51,3940,1602,332,332
125,51,3943,1581,358,343
125,51,3979,1561,121,484
125,51,3991,1618,325,-174
126,48,3985,1549,438,87
126,48,3987,1570,60,-496
126,48,3988,1569,0,-500
124,52,3919,1637,470,167
124,52,3920,1642,433,108
124,52,3923,1642,433,108
124,52,3923,1644,411,92
124,52,3924,1642,433,108
124,52,3928,1652,395,0
124,52,3945,1619,345,361
124,52,3947,1609,353,353
124,52,3948,1623,345,361
124,52,3948,1626,345,361
124,52,3958,1602,335,371
124,52,3971,1591,191,462
124,52,3984,1624,179,466
124,52,3988,1587,0,500
124,52,3988,1624,0,395
2,75,107,2447,-280,-77
2,75,107,2479,0,-447
2,75,107,2488,0,-500
2,75,129,2467,-335,-371
2,75,133,2475,-287,-408
2,75,136,2475,-335,-371
2,75,176,2462,-210,-105
2,75,192,2461,-361,-345
117,123,3667,3933,500,0
117,123,3667,3940,500,0
117,123,3672,3945,484,121
117,123,3673,3952,498,37
117,123,3676,3937,498,-48
117,123,3678,3910,402,296
117,123,3678,3965,366,-141
117,123,3681,3893,321,307
117,123,3681,3905,340,325
117,123,3681,3906,340,325
117,123,3681,3951,488,109
117,123,3682,3906,340,325
117,123,3683,3891,332,332
117,123,3683,3892,332,332
117,123,3683,3894,332,332
117,123,3683,3895,332,332
117,123,3683,3896,332,332
117,123,3683,3896,340,325
117,123,3683,3898,332,332
117,123,3683,3899,332,332
117,123,3683,3900,332,332
117,123,3683,3901,332,332
117,123,3683,3902,332,332
117,123,3683,3903,316,349
117,123,3683,3903,332,332
117,123,3683,3904,332,332
117,123,3683,3906,332,332
117,123,3683,3912,353,353
117,123,3684,3906,332,332
117,123,3684,3943,482,132
117,123,3687,3904,358,343
117,123,3687,3908,358,343
117,123,3692,3961,421,-267
117,123,3693,3964,326,-378
117,123,3697,3932,447,0
117,123,3704,3955,395,19
117,123,3708,3924,291,304
117,123,3708,3935,261,5
117,123,3709,3924,291,304
117,123,3710,3922,291,304
117,123,3710,3923,291,304
117,123,3710,3924,291,304
117,123,3712,3876,500,0
117,123,3713,3933,158,-136
117,123,3713,3952,281,70
117,123,3716,3878,441,236
117,123,3717,3913,-462,191
117,123,3717,3953,232,51
117,123,3719,3882,277,416
117,123,3720,3887,109,488
117,123,3720,3918,-376,155
117,123,3721,3892,121,484
117,123,3722,3916,-446,-43
117,123,3724,3914,-165,202
117,123,3724,3920,-165,202
117,123,3724,3956,0,0
117,123,3727,3913,-372,-248
117,123,3728,3919,-295,-196
117,123,3732,3914,0,0
117,123,3732,3923,167,-251
125,49,3923,1571,500,0
125,49,3928,1556,314,0
125,49,3928,1559,314,0
125,49,3928,1567,314,0
125,49,3928,1573,340,-8
125,49,3931,1543,340,0
125,49,3931,1547,340,0
125,49,3949,1640,500,0
125,49,3954,1514,353,353
125,49,3954,1514,361,345
81,126,2588,3978,0,500
81,126,2590,3975,236,441
81,126,2591,3987,394,306
81,126,2605,3989,276,148
81,126,2608,3989,62,416
81,126,2612,3985,0,447
81,126,2614,3969,0,500
81,126,2614,3970,0,500
81,126,2616,3971,0,500
81,126,2628,3981,-236,441
81,126,2628,3985,-492,85
83,126,2677,3977,408,287
83,126,2679,3980,466,179
83,126,2680,3981,466,179
83,126,2699,3985,0,447
83,126,2705,3981,148,449
83,126,2708,3989,-278,148
85,125,2663,3968,361,345
85,125,2664,3967,345,361
85,125,2665,3967,345,361
85,125,2665,3988,473,0
85,125,2667,3972,335,371
85,125,2672,3940,353,353
85,125,2680,3978,433,108
85,125,2688,3988,264,0
85,125,2691,3938,332,332
85,125,2698,3938,332,332
85,125,2699,3937,325,340
85,125,2699,3938,332,332
85,125,2699,3994,-12,23
85,125,2703,3938,332,332
85,125,2706,3938,332,332
85,125,2706,3991,-162,302
85,125,2707,3938,332,332
85,125,2708,3927,0,314
85,125,2708,3928,25,338
85,125,2708,3938,332,332
85,125,2709,3938,332,332
85,125,2709,3979,-191,-462
85,125,2710,3927,0,314
85,125,2710,3938,332,332
85,125,2711,3927,0,314
85,125,2713,3927,0,314
85,125,2714,3927,0,314
85,125,2714,3937,325,340
85,125,2714,3938,332,332
85,125,2715,3927,0,314
85,125,2715,3938,332,332
85,125,2716,3927,0,314
85,125,2717,3927,0,314
85,125,2718,3928,-17,340
85,125,2721,3938,332,332
85,125,2722,3938,332,332
85,125,2723,3938,332,332
85,125,2724,3930,0,392
85,125,2724,3937,325,340
85,125,2724,3938,332,332
85,125,2725,3937,325,340
85,125,2725,3938,332,332
85,125,2726,3937,325,340
85,125,2726,3938,332,332
85,125,2726,3941,358,343
85,125,2727,3937,325,340
85,125,2727,3938,332,332
85,125,2727,3941,358,343
85,125,2728,3935,314,314
85,125,2728,3937,325,340
85,125,2728,3938,332,332
85,125,2729,3937,325,340
85,125,2729,3938,332,332
85,125,2730,3937,325,340
85,125,2730,3938,332,332
85,125,2734,3942,351,351
85,125,2752,3925,0,366
85,125,2779,3950,22,447
82,125,2583,3976,389,161
82,125,2606,3970,0,209
82,125,2606,3971,0,183
82,125,2607,3966,0,261
82,125,2608,3964,0,287
82,125,2608,3966,0,261
82,125,2608,3967,0,261
82,125,2608,3969,0,235
82,125,2609,3966,0,261
82,125,2610,3981,233,46
82,125,2612,3927,0,314
82,125,2614,3927,0,314
82,125,2615,3927,0,314
82,125,2616,3927,0,314
82,125,2617,3927,0,314
82,125,2620,3927,0,314
82,125,2621,3927,0,314
82,125,2623,3929,7,340
82,125,2641,3927,0,314
82,125,2641,3929,17,340
82,125,2642,3927,0,314
82,125,2646,3927,0,314
82,125,2647,3927,0,314
82,125,2652,3927,0,314
82,125,2655,3927,0,314
82,125,2656,3927,0,314
82,125,2660,3927,0,314
82,125,2661,3927,0,314
82,125,2663,3927,0,314
82,125,2664,3927,0,314
82,125,2666,3927,0,314
82,125,2669,3927,0,314
82,125,2677,3927,0,314
82,125,2682,3927,0,314
82,125,2683,3934,0,366
82,125,2687,3927,0,314
82,125,2688,3971,-362,217
82,125,2690,3927,0,314
82,125,2691,3927,0,314
82,125,2692,3937,-353,353
82,125,2694,3927,0,314
82,125,2695,3927,0,314
82,125,2696,3928,25,338
82,125,2697,3927,0,314
82,125,2698,3927,0,314
82,125,2698,3928,0,314
82,125,2699,3927,0,314
82,125,2749,3958,-371,335
79,125,2528,3955,0,421
79,125,2532,3969,432,192
79,125,2585,3966,-217,226
79,125,2592,3927,0,314
79,125,2592,3949,0,471
79,125,2592,3953,0,444
79,125,2593,3927,-16,314
79,125,2593,3927,-7,314
79,125,2593,3969,-46,204
79,125,2594,3927,-23,312
79,125,2594,3927,-16,314
79,125,2595,3927,-30,312
79,125,2598,3927,-46,310
79,125,2598,3930,-58,334
79,125,2599,3927,0,314
79,125,2599,3942,-351,351
79,125,2600,3927,0,314
79,125,2601,3927,0,314
79,125,2602,3927,0,314
79,125,2602,3942,-351,351
79,125,2603,3927,0,314
79,125,2603,3942,-351,351
79,125,2604,3929,-98,325
79,125,2607,3964,0,287
79,125,2608,3967,0,261
79,125,2609,3968,0,235
79,125,2609,3971,0,157
79,125,2609,3972,0,130
79,125,2610,3931,26,364
79,125,2612,3930,0,340
79,125,2612,3991,5,-25
79,125,2612,3991,26,-1
79,125,2612,3991,46,-233
79,125,2612,3991,167,-204
79,125,2612,3994,394,-262
79,125,2612,3994,445,43
79,125,2612,3995,12,23
79,125,2612,3997,381,-281
79,125,2615,3956,-150,363
79,125,2616,3942,-351,351
79,125,2636,3977,-428,129
79,125,2640,3942,-351,351
79,125,2644,3961,-345,361
79,125,2659,3988,-500,0
49,1,1493,75,500,0
49,1,1524,113,386,-316
49,1,1528,109,386,-316
49,1,1531,107,386,-316
49,1,1538,101,339,-292
49,1,1546,121,345,-361
49,1,1546,121,353,-353
49,1,1546,122,345,-361
49,1,1547,120,353,-353
49,1,1549,93,385,-171
49,1,1550,86,457,-126
49,1,1550,125,287,-408
49,1,1551,90,259,-223
49,1,1553,113,345,-361
49,1,1553,114,345,-361
49,1,1553,114,353,-353
49,1,1555,76,26,0
49,1,1576,116,156,-474
50,2,1536,139,321,-307
50,2,1536,143,321,-307
50,2,1538,109,378,-326
50,2,1538,125,340,-325
50,2,1539,140,340,-325
50,2,1540,138,340,-325
50,2,1540,140,340,-325
50,2,1542,122,358,-344
50,2,1543,127,351,-351
50,2,1543,128,496,60
50,2,1543,131,351,-351
50,2,1543,132,351,-351
50,2,1543,134,351,-351
50,2,1543,136,351,-351
50,2,1544,128,496,60
50,2,1559,139,500,0
50,2,1568,113,50,-14
50,2,1572,160,0,-500
50,2,1574,102,-484,-121
50,2,1579,166,132,-482
50,2,1581,161,132,-482
50,2,1587,103,-67,389
50,2,1587,104,-7,-290
50,2,1588,163,236,-441
50,2,1596,118,155,210
50,2,1605,139,-17,-234
40,21,1308,765,0,-500
40,21,1323,750,0,-447
40,21,1336,747,-182,-409
40,21,1337,754,-170,-442
40,21,1338,751,-192,-433
40,21,1340,754,-191,-462
40,21,1341,758,-203,-457
40,21,1355,735,0,-342
40,21,1355,750,0,-447
40,21,1371,747,-201,-400
40,21,1398,684,-482,132
39,22,1247,766,462,-191
39,22,1248,766,462,-191
39,22,1262,760,0,0
39,22,1275,807,85,-492
39,22,1310,795,-344,-359
39,22,1313,799,-325,-340
39,22,1319,795,-344,-359
39,22,1321,795,-344,-359
39,22,1322,799,-325,-340
39,22,1324,799,-325,-340
39,22,1330,795,-344,-359
39,22,1332,795,-344,-359
39,22,1335,799,-325,-340
39,22,1344,794,0,-440
39,22,1344,794,0,-418
39,22,1344,795,0,-440
39,22,1344,797,0,-446
39,22,1344,798,0,-414
39,22,1345,796,-21,-418
39,22,1346,794,-57,-470
39,22,1350,759,248,-372
39,22,1356,712,-17,341
39,22,1373,702,-408,287
36,23,1254,805,-323,-309
36,23,1258,808,-351,-318
36,23,1258,809,-351,-318
36,23,1263,762,-446,33
36,23,1273,808,-359,-344
36,23,1276,801,-316,-350
36,23,1277,797,-340,-325
36,23,1277,810,-340,-325
36,23,1277,811,-340,-325
36,23,1283,748,-500,-11
35,24,1229,806,-74,-494
35,24,1231,782,-446,-33
35,24,1244,760,-335,371
35,24,1245,802,-394,-306
36,25,1257,779,-403,121
36,25,1266,827,-471,23
36,25,1266,830,-471,-24
36,25,1268,829,-444,-10
36,25,1270,800,-345,361
36,25,1272,828,-440,0
36,25,1286,831,-340,-8
36,25,1287,826,-340,17
36,25,1287,827,-340,17
36,25,1287,831,-340,-17
36,25,1288,828,-335,0
36,25,1288,829,-314,0
36,25,1288,830,-314,0
36,25,1292,829,-392,0
1,48,102,1518,-108,-147
1,48,117,1574,-109,-488
1,48,117,1611,-114,-459
1,48,118,1580,-121,-484
1,48,119,1576,-121,-484
1,48,120,1576,-121,-484
1,48,120,1581,-121,-484
1,48,121,1581,-121,-484
1,48,124,1556,-230,-384
1,48,127,1562,-236,-441
1,48,127,1566,-224,-447
1,48,129,1596,-494,-74
1,48,132,1570,-246,-435
1,48,135,1596,-500,0
1,48,135,1598,-500,-25
1,48,143,1596,-492,0
1,48,145,1596,-471,0
1,48,145,1598,-471,-11
1,48,146,1595,-471,23
1,48,148,1596,-466,0
1,48,150,1600,-361,-345
1,48,151,1507,-466,179
1,48,152,1596,-440,0
1,48,153,1596,-440,0
1,48,153,1596,-418,0
1,48,154,1598,-418,0
1,48,155,1596,-418,0
1,48,157,1586,-340,-325
1,48,157,1593,-340,-325
1,48,157,1596,-414,0
1,48,157,1598,-340,-325
1,48,157,1600,-340,-325
1,48,157,1601,-340,-325
1,48,157,1605,-340,-325
1,48,157,1607,-340,-325
1,48,158,1537,-498,48
1,48,161,1596,-387,0
1,48,168,1536,-498,48
2,56,107,1717,0,500
2,56,109,1741,-24,473
2,56,120,1734,-144,478
2,56,140,1735,-296,402
2,56,143,1759,-335,371
2,56,144,1732,-277,416
2,56,144,1736,-361,345
2,56,145,1735,-353,353
2,56,147,1748,-345,361
2,56,149,1761,-189,180
2,56,150,1734,-335,371
2,56,150,1759,-199,207
2,56,166,1763,-362,217
2,56,168,1761,-384,230
2,56,169,1770,-403,121
2,56,169,1770,-400,131
2,56,172,1767,-421,150
2,56,174,1761,-336,179
2,56,178,1761,-361,345
2,56,178,1763,-462,191
2,56,179,1763,-462,191
45,125,1405,3977,431,118
45,125,1436,3924,0,500
45,125,1436,3933,0,500
45,125,1436,3960,0,395
45,125,1440,3930,0,340
45,125,1453,3927,0,314
45,125,1466,3927,0,314
43,125,1373,3929,0,500
43,125,1376,3928,0,500
43,125,1380,3924,0,500
43,125,1380,3933,0,500
43,125,1404,3942,-351,351
43,125,1436,3924,0,500
43,125,1440,3928,0,500
43,125,1440,3930,0,340
43,125,1445,3978,-433,108
43,125,1460,3942,-351,351
43,125,1461,3931,-180,319
43,125,1464,3942,-351,351
43,125,1465,3942,-351,351
43,125,1472,3937,-325,340
43,125,1477,3977,-488,109
43,125,1482,3977,-488,109
43,125,1485,3978,-490,97
48,126,1521,3995,386,271
48,126,1526,3996,353,274
48,126,1527,3986,308,358
48,126,1531,3991,300,332
48,126,1534,3984,253,399
48,126,1548,3993,114,378
48,126,1556,4014,0,0
46,126,1497,3985,494,74
46,126,1500,3971,361,345
46,126,1514,3966,0,500
46,126,1515,3985,0,447
46,126,1522,3982,-10,447
46,126,1528,3981,148,449
51,125,1559,3979,492,85
51,125,1559,3982,488,109
51,125,1559,3983,494,74
51,125,1560,3982,488,109
51,125,1560,3983,492,85
51,125,1596,3978,433,108
52,124,1587,3965,500,0
52,124,1587,3972,500,-11
52,124,1587,3972,500,0
52,124,1609,3988,473,0
52,124,1617,3988,447,0
52,124,1631,3982,-121,292
52,124,1640,3919,109,488
52,124,1645,3931,167,470
52,124,1645,3934,60,496
52,123,1598,3908,500,0
52,123,1599,3908,387,0
52,123,1600,3908,387,0
52,123,1602,3908,414,0
52,123,1603,3908,414,0
52,123,1603,3908,500,0
52,123,1629,3900,295,295
52,123,1640,3883,136,453
84,1,2632,114,386,-316
84,1,2632,116,361,-345
84,1,2632,116,371,-335
84,1,2635,113,361,-345
84,1,2641,120,304,-392
84,1,2728,97,-132,-344
84,1,2765,122,-23,-447
75,1,2443,114,0,-473
75,1,2472,107,-335,-371
74,3,2321,109,137,-256
74,3,2451,193,0,-500
74,3,2454,176,-137,-453
74,3,2460,178,-191,-462
74,3,2489,168,-359,-344
74,3,2491,147,-474,156
74,3,2492,165,-333,-333
74,3,2493,164,-340,-325
74,3,2493,171,-340,-325
74,2,2434,170,144,-478
74,2,2466,104,-283,-346
74,2,2468,101,-309,-323
74,2,2475,71,-282,85
74,2,2479,114,-335,-371
74,2,2485,121,-345,-361
74,2,2492,129,-316,-350
74,2,2493,125,-340,-325
74,2,2493,129,-340,-325
74,2,2493,132,-340,-325
74,2,2508,100,-500,0
2,107,139,3377,0,447
2,107,148,3480,-85,-492
2,107,148,3484,-277,-416
2,107,152,3488,-441,-236
2,107,156,3455,-191,-462
2,107,162,3427,-210,200
2,107,169,3419,-418,0
2,107,169,3421,-418,0
2,107,169,3446,-418,0
2,107,173,3392,-495,36
2,107,173,3428,-444,0
2,107,173,3435,-444,0
2,107,173,3441,-444,0
2,107,173,3448,-444,0
2,107,178,3411,-471,23
2,107,178,3412,-471,23
2,107,178,3413,-471,23
2,107,178,3414,-471,23
2,107,178,3415,-471,23
2,107,178,3416,-471,23
2,107,178,3417,-471,23
2,107,178,3418,-471,23
2,107,178,3419,-471,23
2,107,178,3420,-471,23
2,107,178,3421,-471,23
2,107,178,3422,-471,23
2,107,178,3423,-471,23
2,107,178,3424,-471,23
2,107,178,3425,-471,23
2,107,178,3426,-471,23
2,107,178,3427,-471,23
2,107,178,3428,-471,23
2,107,178,3429,-471,23
2,107,178,3430,-471,23
2,107,178,3431,-471,23
2,107,178,3432,-471,23
2,107,178,3433,-471,23
2,107,178,3434,-471,23
2,107,178,3435,-471,23
2,107,178,3436,-471,23
2,107,178,3438,-471,23
2,107,178,3440,-471,23
2,107,178,3442,-471,23
2,107,178,3444,-471,23
2,107,178,3446,-471,23
2,107,178,3448,-471,23
2,107,178,3450,-471,23
2,107,178,3451,-471,23
2,107,178,3452,-471,23
2,107,178,3454,-471,23
2,107,178,3456,-471,23
2,107,178,3458,-471,23
2,107,178,3460,-471,23
2,107,180,3414,-444,0
2,107,180,3422,-444,0
2,107,180,3490,-500,11
2,107,180,3491,-500,0
2,107,183,3418,-444,22
2,107,183,3436,-444,22
2,107,185,3389,-500,0
2,107,185,3390,-418,0
2,107,191,3449,-392,19
2,107,195,3438,-366,18
2,107,199,3409,-340,17
2,107,199,3410,-340,17
2,107,199,3411,-340,17
2,107,199,3412,-340,17
2,107,199,3413,-340,17
2,107,199,3414,-340,17
2,107,199,3415,-340,17
2,107,199,3416,-340,17
2,107,199,3417,-340,17
2,107,199,3418,-340,17
2,107,199,3419,-340,17
2,107,199,3420,-340,17
2,107,199,3421,-340,17
2,107,199,3422,-340,17
2,107,199,3423,-340,17
2,107,199,3424,-340,17
2,107,199,3425,-340,17
2,107,199,3426,-340,17
2,107,199,3427,-340,17
2,107,199,3428,-340,17
2,107,199,3429,-340,17
2,107,199,3430,-340,17
2,107,199,3431,-340,17
2,107,199,3432,-340,17
2,107,199,3433,-340,17
2,107,199,3434,-340,17
2,107,199,3435,-340,17
2,107,199,3437,-340,17
2,107,199,3439,-340,17
2,107,199,3440,-340,17
2,107,199,3441,-340,17
2,107,199,3443,-340,17
2,107,199,3444,-340,17
2,107,199,3445,-340,17
2,107,199,3447,-340,17
2,107,199,3448,-340,17
2,107,199,3449,-340,17
2,107,199,3451,-340,17
2,107,199,3453,-340,17
2,107,199,3455,-340,17
2,107,199,3457,-340,17
2,107,199,3459,-340,17
2,107,200,3411,-314,0
2,107,200,3414,-314,0
2,107,200,3422,-314,0
2,107,200,3429,-314,0
2,107,200,3445,-314,0
2,107,200,3447,-314,0
2,107,200,3455,-314,0
2,111,139,3477,0,500
2,111,145,3491,-132,482
2,111,147,3523,-85,492
2,111,148,3523,-85,492
2,111,149,3477,-121,484
2,111,149,3569,-283,63
2,111,149,3572,12,23
2,111,150,3508,-140,424
2,111,151,3503,-159,445
2,111,155,3494,-441,236
2,111,156,3495,-441,236
2,111,157,3545,-233,350
2,111,159,3537,-283,346
2,111,159,3543,-257,365
2,111,160,3492,-500,0
2,111,160,3537,-275,319
2,111,163,3547,-291,304
2,111,165,3492,-500,0
2,111,167,3538,-318,351
2,111,167,3539,-318,351
2,111,168,3538,-309,358
2,111,169,3540,-327,342
2,111,170,3566,-415,72
2,111,171,3523,-316,386
2,111,171,3534,-345,361
2,111,174,3523,-353,353
2,111,174,3524,-353,353
2,111,174,3535,-353,353
2,111,174,3548,-473,0
2,111,175,3536,-353,353
2,111,176,3536,-361,345
2,111,178,3528,-353,353
2,111,178,3532,-361,345
2,111,179,3520,-287,408
2,111,181,3528,-353,353
2,111,182,3516,-287,408
2,111,182,3529,-361,345
2,111,182,3529,-353,353
2,111,182,3532,-386,316
2,111,185,3510,-351,351
2,111,185,3512,-277,416
2,111,185,3522,-351,351
2,111,185,3532,-345,361
2,111,185,3557,-498,-37
2,111,188,3507,-340,325
2,111,188,3507,-333,332
2,111,188,3508,-340,325
2,111,188,3509,-340,325
2,111,188,3510,-340,325
2,111,188,3516,-340,325
2,111,188,3517,-340,325
2,111,188,3518,-340,325
2,111,188,3519,-340,325
2,111,188,3521,-340,325
2,111,188,3522,-340,325
2,111,189,3507,-340,325
2,111,189,3509,-340,325
2,111,189,3517,-340,325
2,111,189,3518,-340,325
2,111,189,3518,-316,349
2,111,189,3519,-340,325
2,111,189,3521,-340,325
2,111,189,3522,-340,325
2,111,189,3556,-500,0
2,111,190,3522,-350,316
2,111,190,3522,-340,325
2,111,191,3521,-340,325
2,111,191,3522,-340,325
2,111,192,3519,-321,307
2,111,193,3506,-378,326
2,111,193,3516,-378,326
2,111,194,3521,-386,316
2,111,194,3522,-386,316
2,111,194,3525,-402,296
2,111,194,3526,-402,296
2,111,204,3548,-500,0
2,111,204,3556,-500,0
2,111,205,3559,-498,-37
3,112,139,3540,0,421
3,112,139,3544,0,395
3,112,139,3562,-16,19
3,112,174,3560,-428,129
3,112,176,3524,-277,416
3,112,177,3562,-457,125
3,112,178,3540,-345,361
3,112,178,3562,-457,125
3,112,181,3527,-345,361
3,112,182,3526,-335,371
3,112,182,3550,-345,361
3,112,191,3562,-492,85
3,112,191,3563,-407,111
3,112,195,3562,-433,108
3,112,200,3530,-335,371
3,112,200,3556,-466,179
3,112,200,3561,-459,114
3,112,201,3557,-474,156
3,112,201,3557,-470,167
3,112,203,3556,-468,166
3,112,205,3561,-488,109
3,112,207,3631,-457,-34
1,55,107,1697,0,500
1,55,116,1726,-114,458
1,55,117,1721,-121,484
1,55,120,1712,-121,484
1,55,121,1707,-277,416
1,55,122,1729,-156,474
1,55,128,1700,-478,144
1,55,129,1757,-298,297
1,55,133,1754,-323,309
1,55,135,1747,-309,358
1,55,135,1748,-327,342
1,55,137,1748,-327,342
1,55,153,1727,-351,351
1,55,154,1753,-345,361
1,55,156,1715,-340,325
1,55,156,1724,-340,325
1,55,156,1726,-340,325
1,55,156,1727,-340,325
1,55,156,1730,-340,325
1,55,156,1742,-386,316
1,55,157,1726,-340,325
1,55,157,1726,-316,349
1,55,157,1727,-340,325
1,55,157,1730,-340,325
1,55,157,1742,-394,306
1,55,157,1757,-500,0
1,55,157,1764,-500,0
1,55,159,1757,-500,0
1,55,164,1734,-408,287
1,55,165,1757,-500,0
1,55,166,1757,-500,0
1,55,169,1757,-500,0
1,55,172,1757,-500,-11
1,55,172,1762,-496,-60
1,55,172,1764,-500,0
125,77,3928,2500,314,0
125,77,3928,2507,314,0
125,77,3928,2510,314,0
125,77,3943,2500,418,0
125,77,3943,2507,418,0
125,77,3943,2510,418,0
125,77,3943,2531,500,0
125,77,3960,2522,376,-189
1,54,97,1703,57,-470
1,54,104,1695,-283,346
1,54,120,1670,-144,478
1,54,140,1699,-498,48
1,54,156,1698,-366,18
1,54,156,1703,-340,325
1,54,156,1706,-340,325
1,54,156,1706,-333,332
1,54,156,1708,-340,325
1,54,157,1699,-392,0
1,54,157,1706,-340,325
1,54,159,1697,-391,28
1,54,160,1698,-391,28
1,54,160,1700,-366,0
1,54,161,1697,-366,8
1,54,161,1698,-366,0
1,54,161,1698,-366,8
0,53,105,1700,-421,0
0,53,106,1707,-407,111
0,53,107,1658,0,500
0,53,110,1677,-442,66
0,53,110,1677,-439,87
0,53,113,1677,-468,70
0,53,114,1700,-473,0
0,53,118,1700,-500,0
1,51,107,1587,0,421
1,51,126,1670,-340,0
1,51,146,1663,-471,23
1,51,146,1664,-471,23
1,51,146,1665,-471,23
1,51,146,1667,-471,23
1,51,146,1669,-471,23
1,51,146,1671,-471,23
1,51,146,1673,-471,23
1,51,153,1699,-500,0
1,51,167,1660,-340,17
1,51,167,1661,-340,17
1,51,167,1662,-340,17
1,51,167,1663,-340,17
1,51,167,1664,-340,17
1,51,167,1665,-340,17
1,51,167,1666,-340,17
1,51,167,1668,-340,17
1,51,167,1669,-340,17
1,51,167,1670,-340,17
1,51,167,1672,-340,17
1,51,168,1664,-314,0
0,50,78,1611,-105,-82
0,50,109,1617,-442,-66
0,50,110,1618,-442,-66
0,50,124,1635,-361,-345
0,50,124,1635,-148,-450
0,50,127,1609,-365,35
1,49,102,1615,-175,263
1,49,102,1618,-33,341
1,49,102,1620,190,285
1,49,111,1616,-265,-293
1,49,113,1598,-239,106
1,49,123,1549,-156,474
1,49,128,1539,-275,319
1,49,142,1600,-443,-33
1,49,144,1640,-471,10
1,49,145,1599,-469,-46
1,49,145,1601,-207,-25
1,49,146,1599,-471,23
1,49,146,1601,-471,23
1,49,146,1603,-471,23
1,49,146,1605,-471,23
1,49,146,1607,-471,23
1,49,146,1609,-471,23
1,49,148,1604,-447,-147
1,49,150,1596,-500,0
1,49,152,1606,-422,-139
1,49,153,1625,-359,-344
1,49,153,1626,-359,-344
1,49,153,1628,-359,-344
1,49,156,1597,-500,0
1,49,157,1628,-340,-325
1,49,157,1629,-340,-325
1,49,157,1630,-340,-325
1,49,157,1631,-340,-325
1,49,163,1617,-366,18
1,49,165,1605,-333,-66
1,49,166,1596,-340,0
1,49,166,1601,-339,-33
1,49,167,1597,-340,0
1,49,167,1598,-340,-17
1,49,167,1598,-340,17
1,49,167,1599,-340,-17
1,49,167,1600,-340,17
1,49,167,1600,-339,-25
1,49,167,1602,-340,17
1,49,167,1604,-340,17
1,49,167,1604,-335,-58
1,49,167,1606,-340,17
1,49,167,1608,-340,17
1,49,168,1611,-323,-106
1,49,171,1597,-500,0
1,49,173,1597,-500,0
78,1,2559,125,-353,-353
78,1,2571,110,-22,-444
78,1,2573,136,-17,-340
78,1,2575,72,182,-17
78,1,2580,63,18,-18
78,1,2581,124,-21,-418
78,1,2582,132,-18,-366
78,1,2609,110,-361,-345
78,1,2616,117,-361,-345
80,0,2571,78,0,-447
80,0,2571,83,0,-473
80,0,2580,54,0,-264
80,0,2589,88,-296,-402
81,1,2575,134,8,-366
81,1,2581,106,0,-418
81,1,2582,106,0,-418
81,1,2582,136,-17,-340
81,1,2583,106,0,-418
81,1,2583,136,-17,-340
81,1,2584,106,0,-418
81,1,2584,136,-17,-340
81,1,2585,106,0,-418
81,1,2585,136,-17,-340
81,1,2586,106,0,-418
81,1,2586,136,-17,-340
81,1,2586,137,0,-314
81,1,2587,106,0,-418
81,1,2587,136,-17,-340
81,1,2588,136,-17,-340
81,1,2589,136,-17,-340
81,1,2653,137,37,-498
81,1,2656,126,0,-414
81,1,2656,134,0,-361
81,1,2665,141,-60,-496
82,0,2658,88,267,-421
82,0,2686,80,-451,-212
49,125,1511,3943,332,332
49,125,1513,3967,361,345
49,125,1528,3978,433,108
49,125,1560,3930,66,333
49,125,1565,3927,23,312
49,125,1566,3927,15,314
49,125,1567,3927,7,314
49,125,1568,3928,0,500
125,44,3924,1438,498,48
125,44,3931,1388,500,-11
125,44,3935,1469,500,0
125,44,3939,1440,496,60
125,44,3940,1481,340,-325
125,44,3940,1484,340,-325
125,44,3942,1457,358,-344
125,44,3943,1457,351,-351
125,44,3943,1460,351,-351
125,44,3943,1477,351,-351
125,44,3943,1480,351,-351
125,44,3945,1405,473,0
125,44,3951,1450,353,-353
125,44,3952,1388,444,-22
125,44,3976,1492,156,-474
125,44,3994,1463,-77,387
125,44,4020,1459,294,176
126,45,3967,1493,500,0
126,45,3968,1444,500,0
126,45,3968,1500,500,0
126,45,3972,1507,148,-450
126,45,3985,1452,447,0
126,45,3986,1489,442,-66
125,47,3928,1528,314,0
125,47,3928,1543,314,0
125,47,3928,1546,314,0
125,47,3928,1547,314,0
125,47,3943,1546,418,0
125,47,3943,1547,418,0
125,47,3943,1571,500,0
125,47,3952,1543,471,0
125,47,3964,1462,274,353
125,47,3965,1594,353,-353
77,125,2508,3965,-23,315
77,125,2528,3955,0,421
77,125,2543,3984,20,-208
77,125,2544,3940,-277,416
77,125,2549,3943,-345,361
77,125,2549,3944,-345,361
77,125,2549,3971,-361,345
77,125,2550,3942,-345,361
77,125,2550,3942,-335,371
77,125,2550,3943,-345,361
77,125,2551,3982,-468,70
77,125,2552,3966,-312,282
77,125,2552,3968,-361,345
77,125,2552,3968,-345,361
77,125,2553,3968,-345,361
77,125,2554,3965,-319,274
77,125,2554,3979,-492,85
77,125,2561,3959,-359,308
77,125,2567,3954,-353,353
77,125,2588,3951,-371,335
77,125,2591,3988,-500,0
77,125,2606,3988,-500,0
76,124,2492,3915,0,340
76,124,2492,3923,0,421
76,124,2496,3920,88,354
76,124,2513,3988,12,170
76,124,2515,3897,-246,435
76,124,2536,3948,-316,316
76,124,2538,3949,-413,82
76,124,2545,3950,-468,70
76,124,2546,3926,-402,296
76,124,2548,3932,-500,0
76,124,2549,3932,-500,0
76,124,2550,3932,-287,408
76,124,2552,3935,-496,-60
76,124,2553,3926,-359,343
76,124,2553,3927,-351,351
76,124,2553,3929,-359,343
76,124,2553,3929,-351,351
76,124,2553,3948,-345,361
76,124,2553,3968,-361,345
76,124,2553,3968,-345,361
76,124,2556,3923,-333,332
76,124,2556,3924,-340,325
76,124,2556,3926,-340,325
76,124,2556,3929,-340,325
76,124,2556,3930,-340,325
76,124,2556,3934,-340,325
76,124,2556,3935,-316,349
76,124,2556,3936,-340,325
76,124,2556,3938,-340,325
76,124,2557,3923,-340,325
76,124,2557,3924,-340,325
76,124,2557,3926,-340,325
76,124,2557,3930,-340,325
76,124,2557,3934,-340,325
76,124,2557,3934,-316,349
76,124,2557,3936,-340,325
76,124,2557,3938,-340,325
76,124,2558,3938,-350,316
76,124,2558,3938,-340,325
76,124,2559,3937,-340,325
76,124,2561,3928,-378,326
76,124,2571,3971,-500,0
9,8,358,235,204,-167
9,8,359,242,-372,-199
9,8,361,240,-75,-195
9,8,361,240,-17,-182
9,8,362,242,-7,-78
9,8,362,243,-23,-12
9,8,370,301,-74,-494
9,8,375,181,-125,454
9,8,375,228,-91,-300
9,8,377,294,-144,-477
9,8,385,323,-500,0
9,8,393,251,-418,0
9,8,393,270,-418,0
9,8,402,243,-471,23
9,8,402,244,-471,23
9,8,402,245,-471,23
9,8,402,246,-471,23
9,8,402,247,-471,23
9,8,402,249,-471,23
9,8,402,253,-471,23
9,8,402,255,-471,23
9,8,402,257,-471,23
9,8,402,258,-471,23
9,8,402,259,-471,23
9,8,402,272,-471,23
9,8,402,274,-471,23
9,8,402,276,-471,23
9,8,402,278,-471,23
9,8,402,280,-471,23
9,8,402,282,-471,23
9,8,402,284,-471,23
9,8,402,286,-471,23
9,8,402,287,-471,23
9,8,402,288,-471,23
9,8,402,290,-471,23
9,8,404,323,-500,0
9,8,407,266,-444,22
9,8,407,272,-444,22
9,8,407,274,-444,22
9,8,411,246,-417,30
9,8,423,241,-340,17
9,8,423,242,-340,17
9,8,423,243,-340,17
9,8,423,244,-340,17
9,8,423,245,-340,17
9,8,423,246,-340,17
9,8,423,248,-340,17
9,8,423,250,-340,17
9,8,423,252,-340,17
9,8,423,253,-340,17
9,8,423,254,-340,17
9,8,423,255,-340,17
9,8,423,256,-340,17
9,8,423,257,-340,17
9,8,423,258,-340,17
9,8,423,265,-340,17
9,8,423,267,-340,17
9,8,423,269,-340,17
9,8,423,271,-340,17
9,8,423,273,-340,17
9,8,423,275,-340,17
9,8,423,276,-340,-8
9,8,423,277,-340,17
9,8,423,279,-340,17
9,8,423,281,-340,17
9,8,423,283,-340,17
9,8,423,284,-340,17
9,8,423,285,-340,17
9,8,423,286,-340,17
9,8,423,287,-340,17
9,8,423,289,-340,17
9,8,423,293,-340,17
9,8,424,243,-314,0
9,8,424,246,-314,0
9,8,424,250,-314,0
9,8,424,273,-314,0
9,8,424,287,-314,0
1,83,88,2626,-390,-220
1,83,90,2634,-131,-317
1,83,95,2637,-151,-393
1,83,97,2627,25,-500
1,83,99,2639,-176,-294
1,83,120,2598,-144,478
1,83,125,2707,-235,35
1,83,127,2706,-262,31
1,83,140,2633,-428,129
1,83,153,2616,-351,351
1,83,153,2631,-500,0
1,83,156,2613,-340,325
1,83,156,2618,-340,325
1,83,156,2619,-340,325
1,83,156,2620,-340,325
1,83,156,2622,-340,325
1,83,156,2634,-340,325
1,83,156,2634,-333,332
1,83,157,2618,-340,325
1,83,157,2627,-392,0
1,83,157,2634,-340,325
1,83,158,2623,-441,53
1,83,158,2625,-412,30
1,83,158,2625,-392,8
1,83,158,2635,-361,345
1,83,159,2625,-412,30
1,83,159,2625,-391,28
1,83,159,2628,-500,0
1,83,159,2628,-497,0
1,83,160,2626,-391,28
1,83,160,2628,-366,0
1,83,160,2631,-321,307
1,83,160,2633,-361,345
1,83,161,2617,-378,326
1,83,161,2625,-366,8
1,83,162,2618,-490,97
1,83,165,2702,-457,-203
0,82,74,2611,-164,-87
0,82,74,2611,-94,-50
0,82,78,2605,30,-157
0,82,78,2612,-130,28
0,82,93,2606,283,142
0,82,102,2627,-342,0
0,82,106,2635,-407,111
0,82,107,2627,-421,0
0,82,110,2605,-442,66
0,82,110,2605,-439,87
0,82,113,2628,-471,0
0,82,114,2628,-473,0
0,82,118,2627,-500,0
0,82,118,2648,-361,-345
0,82,123,2630,-500,0
0,82,124,2589,-361,345
1,80,107,2622,0,-369
1,80,113,2548,-231,-123
1,80,115,2644,-306,-394
1,80,123,2653,-353,-353
1,80,131,2553,-279,279
1,80,137,2561,-418,0
1,80,137,2567,-418,0
1,80,137,2581,-418,0
1,80,141,2585,-444,0
1,80,146,2547,-471,23
1,80,146,2548,-471,23
1,80,146,2549,-471,23
1,80,146,2550,-471,23
1,80,146,2551,-471,23
1,80,146,2552,-471,23
1,80,146,2553,-471,23
1,80,146,2561,-471,23
1,80,146,2563,-471,23
1,80,146,2564,-471,23
1,80,146,2565,-471,23
1,80,146,2566,-471,23
1,80,146,2567,-471,23
1,80,146,2568,-471,23
1,80,146,2569,-471,23
1,80,146,2570,-471,23
1,80,146,2571,-471,23
1,80,146,2572,-471,23
1,80,146,2573,-471,23
1,80,146,2574,-471,23
1,80,146,2575,-471,23
1,80,146,2576,-471,23
1,80,146,2577,-471,23
1,80,146,2578,-471,23
1,80,146,2579,-471,23
1,80,146,2580,-471,23
1,80,146,2582,-471,23
1,80,146,2583,-471,23
1,80,146,2584,-471,23
1,80,146,2585,-471,23
1,80,146,2586,-471,23
1,80,146,2587,-471,23
1,80,146,2588,-471,23
1,80,146,2590,-471,23
1,80,146,2591,-471,23
1,80,146,2592,-471,23
1,80,146,2593,-471,23
1,80,146,2594,-471,23
1,80,146,2595,-471,23
1,80,146,2597,-471,23
1,80,146,2598,-471,23
1,80,146,2599,-471,23
1,80,146,2600,-471,23
1,80,146,2601,-471,23
1,80,151,2559,-444,22
1,80,151,2583,-262,394
1,80,151,2587,-444,22
1,80,152,2627,-500,0
1,80,153,2525,-500,0
1,80,153,2627,-500,0
1,80,154,2627,-500,0
1,80,167,2545,-340,17
1,80,167,2546,-340,17
1,80,167,2547,-340,17
1,80,167,2548,-340,17
1,80,167,2549,-340,17
1,80,167,2550,-340,17
1,80,167,2551,-340,17
1,80,167,2552,-340,17
1,80,167,2558,-340,17
1,80,167,2560,-340,17
1,80,167,2561,-340,17
1,80,167,2562,-340,17
1,80,167,2563,-340,17
1,80,167,2564,-340,17
1,80,167,2565,-340,17
1,80,167,2566,-340,17
1,80,167,2567,-340,17
1,80,167,2568,-340,17
1,80,167,2569,-340,17
1,80,167,2570,-340,17
1,80,167,2571,-340,17
1,80,167,2572,-340,17
1,80,167,2573,-340,17
1,80,167,2574,-340,17
1,80,167,2575,-340,17
1,80,167,2576,-340,17
1,80,167,2577,-340,17
1,80,167,2578,-340,17
1,80,167,2579,-340,17
1,80,167,2580,-340,17
1,80,167,2581,-340,17
1,80,167,2582,-340,17
1,80,167,2583,-340,17
1,80,167,2584,-340,17
1,80,167,2585,-340,17
1,80,167,2586,-340,17
1,80,167,2587,-340,17
1,80,167,2588,-340,17
1,80,167,2589,-340,17
1,80,167,2590,-340,17
1,80,167,2591,-340,17
1,80,167,2592,-340,17
1,80,167,2593,-340,17
1,80,167,2594,-340,17
1,80,167,2595,-340,17
1,80,167,2596,-340,17
1,80,167,2597,-340,17
1,80,167,2598,-340,17
1,80,167,2599,-340,17
1,80,167,2600,-340,17
1,80,167,2605,-340,-8
1,80,168,2547,-314,0
1,80,168,2579,-314,0
1,80,168,2585,-314,0
1,80,168,2590,-314,0
1,80,168,2596,-314,0
0,79,89,2550,0,0
0,79,94,2557,0,0
0,79,107,2567,0,-500
0,79,109,2545,-442,-66
0,79,110,2546,-442,-66
0,79,124,2563,-361,-345
0,79,124,2563,-306,-394
1,78,97,2548,24,9
1,78,107,2540,-23,234
1,78,111,2545,-212,-301
1,78,117,2577,-126,-457
1,78,118,2554,-260,-122
1,78,136,2570,-500,25
1,78,137,2524,-418,0
1,78,138,2578,-345,-361
1,78,139,2480,-335,334
1,78,139,2526,-444,0
1,78,141,2525,-444,0
1,78,142,2528,-443,-33
1,78,145,2524,-471,0
1,78,145,2527,-469,-46
1,78,145,2584,-353,-353
1,78,145,2585,-345,-361
1,78,146,2523,-471,23
1,78,146,2524,-471,23
1,78,146,2525,-471,-11
1,78,146,2526,-471,-24
1,78,146,2526,-471,23
1,78,146,2526,-469,-46
1,78,146,2527,-471,23
1,78,146,2528,-471,23
1,78,146,2530,-471,23
1,78,146,2531,-471,23
1,78,146,2532,-471,23
1,78,146,2533,-471,23
1,78,146,2534,-471,23
1,78,146,2535,-471,23
1,78,146,2537,-471,23
1,78,147,2524,-466,0
1,78,150,2563,-444,22
1,78,151,2526,-444,22
1,78,151,2531,-444,22
1,78,152,2524,-440,0
1,78,153,2525,-418,0
1,78,153,2530,-494,74
1,78,156,2526,-500,-11
1,78,159,2525,-392,19
1,78,159,2528,-392,19
1,78,159,2530,-392,19
1,78,159,2545,-392,19
1,78,163,2528,-366,18
1,78,163,2545,-366,18
1,78,164,2547,-340,0
1,78,166,2524,-340,0
1,78,166,2527,-340,-8
1,78,166,2528,-339,-25
1,78,166,2529,-339,-33
1,78,167,2522,-340,17
1,78,167,2523,-340,17
1,78,167,2524,-340,17
1,78,167,2525,-340,0
1,78,167,2525,-340,17
1,78,167,2526,-340,-17
1,78,167,2526,-340,-8
1,78,167,2526,-340,17
1,78,167,2527,-340,-17
1,78,167,2527,-340,-8
1,78,167,2527,-340,17
1,78,167,2528,-340,17
1,78,167,2528,-339,-25
1,78,167,2529,-340,17
1,78,167,2530,-340,17
1,78,167,2531,-340,17
1,78,167,2531,-336,-50
1,78,167,2532,-340,17
1,78,167,2532,-335,-58
1,78,167,2533,-340,17
1,78,167,2534,-340,17
1,78,167,2536,-340,17
1,78,168,2524,-335,0
1,78,168,2525,-314,0
1,78,168,2526,-314,-7
1,78,168,2526,-314,0
1,78,168,2529,-314,0
1,78,168,2539,-323,-106
1,78,169,2511,-478,144
1,78,171,2526,-444,-22
