123,69,3894,2185,396,141
123,69,3899,2182,445,158
123,69,3900,2186,433,108
124,68,3891,2173,500,0
124,68,3891,2175,500,-25
124,68,3944,2127,109,488
124,67,3902,2115,500,25
124,67,3902,2116,500,0
124,67,3903,2116,387,0
124,67,3916,2114,286,21
124,67,3938,2184,212,0
124,67,3944,2091,136,453
124,67,3950,2093,38,258
125,66,3945,2116,473,0
125,66,3949,2116,473,0
125,66,3949,2117,473,0
123,59,3891,1942,428,-129
123,59,3894,1941,400,-132
123,59,3894,1941,403,-121
124,60,3896,1945,498,37
124,60,3940,2003,191,-462
124,60,3944,2000,148,-450
125,61,3933,2012,498,-48
125,61,3933,2013,498,-48
125,61,3934,2013,421,-267
125,61,3935,2012,494,-74
125,61,3935,2012,500,0
125,61,3936,2012,500,0
125,61,3940,2009,441,-236
125,61,3994,2004,-265,293
115,102,3605,3304,500,0
115,102,3614,3325,500,0
115,102,3615,3326,387,-9
115,102,3616,3327,391,-29
115,102,3616,3327,392,-9
115,102,3616,3343,321,-307
115,102,3617,3326,391,-29
115,102,3617,3326,392,0
115,102,3617,3327,392,-9
115,102,3617,3328,429,-42
115,102,3618,3324,392,0
115,102,3619,3324,392,0
115,102,3619,3325,392,0
115,102,3620,3221,478,144
115,102,3620,3340,340,-325
115,102,3622,3322,478,-144
115,102,3623,3318,351,-351
115,102,3623,3336,351,-351
115,102,3626,3263,353,353
115,102,3631,3237,145,309
115,102,3632,3223,269,161
115,102,3639,3268,395,0
115,102,3641,3315,381,-105
115,102,3644,3248,-279,-279
115,102,3656,3348,156,-474
115,102,3667,3306,-75,-141
115,102,3668,3345,0,-500
115,102,3674,3316,-23,11
115,102,3674,3316,-6,51
115,102,3676,3316,-23,11
116,103,3647,3325,498,-37
116,103,3647,3325,500,0
116,103,3647,3326,498,-37
116,103,3648,3324,478,-144
116,103,3648,3324,500,0
116,103,3648,3325,492,-85
116,103,3650,3325,496,-60
116,103,3650,3325,500,0
116,103,3653,3291,345,361
116,103,3660,3288,179,466
116,103,3662,3334,167,-470
116,103,3664,3326,167,-470
116,103,3665,3296,121,484
116,103,3667,3324,287,-408
116,103,3680,3312,414,72
115,104,3604,3325,500,0
115,104,3605,3325,500,0
115,104,3607,3326,335,0
115,104,3608,3325,366,0
115,104,3608,3327,314,0
115,104,3608,3348,314,0
115,104,3608,3351,314,0
115,104,3608,3357,314,0
115,104,3608,3360,314,0
115,104,3608,3363,314,0
115,104,3608,3369,314,0
115,104,3608,3370,314,0
115,104,3608,3371,314,0
115,104,3608,3377,314,0
115,104,3609,3359,340,-8
115,104,3609,3374,340,0
115,104,3613,3382,366,-8
115,104,3617,3399,353,-353
115,104,3620,3396,353,-353
115,104,3623,3360,418,0
115,104,3623,3363,418,0
115,104,3623,3369,418,0
115,104,3623,3370,418,0
115,104,3623,3371,418,0
115,104,3624,3392,353,-353
115,104,3632,3371,471,0
115,104,3661,3427,224,-447
116,105,3648,3356,402,296
116,105,3652,3354,500,0
116,105,3652,3357,500,0
116,105,3652,3396,500,0
116,105,3665,3373,438,87
116,105,3665,3391,97,-490
116,105,3666,3374,442,66
115,106,3603,3427,500,0
115,106,3604,3428,500,0
115,106,3606,3441,482,-132
115,106,3608,3383,314,0
115,106,3608,3389,314,0
115,106,3608,3395,314,0
115,106,3608,3399,314,0
115,106,3608,3400,314,0
115,106,3608,3401,314,0
115,106,3608,3403,314,0
115,106,3608,3404,314,0
115,106,3608,3406,314,0
115,106,3608,3407,314,0
115,106,3608,3408,314,0
115,106,3608,3411,314,0
115,106,3608,3412,314,0
115,106,3608,3415,314,0
115,106,3608,3419,314,0
115,106,3608,3422,314,0
115,106,3608,3423,314,0
115,106,3608,3425,314,0
115,106,3608,3427,314,0
115,106,3608,3429,340,-8
115,106,3610,3425,340,7
115,106,3611,3422,340,0
115,106,3616,3438,482,-132
115,106,3619,3428,500,0
115,106,3620,3355,345,361
115,106,3623,3425,418,0
115,106,3623,3427,418,0
115,106,3625,3427,473,0
115,106,3626,3428,478,-144
115,106,3628,3427,473,0
115,106,3629,3427,473,0
115,106,3629,3428,471,-24
115,106,3640,3427,395,0
115,106,3650,3427,210,20
116,107,3639,3441,500,25
116,107,3647,3427,500,0
116,107,3648,3427,500,0
116,107,3648,3428,500,0
116,107,3650,3427,496,60
116,107,3650,3462,361,-345
116,107,3651,3427,494,74
116,107,3668,3421,0,500
116,107,3679,3436,264,-13
116,107,3679,3439,416,-62
115,108,3615,3427,366,0
115,108,3615,3427,500,0
115,108,3616,3427,366,0
115,108,3616,3430,500,0
115,108,3617,3425,392,8
115,108,3617,3487,435,-246
115,108,3618,3425,392,8
115,108,3618,3426,392,0
115,108,3619,3423,332,332
115,108,3619,3423,386,67
115,108,3619,3426,332,332
115,108,3619,3428,340,325
115,108,3619,3431,332,332
115,108,3619,3432,332,332
115,108,3619,3433,332,332
115,108,3619,3435,332,332
115,108,3621,3491,345,-361
115,108,3623,3419,418,0
115,108,3623,3429,358,343
115,108,3624,3497,246,-435
115,108,3627,3492,236,-441
115,108,3637,3412,497,0
115,108,3648,3428,492,85
115,108,3656,3403,136,453
115,108,3656,3403,148,449
115,108,3658,3432,212,0
115,108,3659,3439,-198,-126
115,108,3661,3430,159,0
115,108,3681,3435,26,0
115,108,3681,3441,96,123
124,124,3891,3965,500,-11
124,124,3891,3972,500,0
124,124,3899,3942,416,277
124,124,3901,4028,478,-144
124,124,3902,3942,402,296
124,124,3905,3920,321,307
124,124,3905,3938,340,325
124,124,3906,3938,340,325
124,124,3906,3984,500,0
124,124,3907,3923,332,332
124,124,3907,3923,340,325
124,124,3907,3925,332,332
124,124,3907,3925,340,325
124,124,3907,3926,332,332
124,124,3907,3928,332,332
124,124,3907,3928,340,325
124,124,3907,3929,332,332
124,124,3907,3929,340,325
124,124,3907,3930,332,332
124,124,3907,3931,332,332
124,124,3907,3933,332,332
124,124,3907,3934,332,332
124,124,3907,3944,353,353
124,124,3907,3945,353,353
124,124,3907,3946,345,361
124,124,3911,3917,358,343
124,124,3911,3918,358,343
124,124,3920,3929,381,281
124,124,3928,4015,389,-47
124,124,3930,4019,342,7
124,124,3931,3951,309,323
124,124,3933,3956,291,304
124,124,3934,3955,291,304
124,124,3936,3975,316,0
124,124,3944,3919,148,449
124,124,3947,3957,-462,-191
124,124,3954,3955,-249,24
124,124,3956,3946,361,-72
124,124,3956,3955,0,-130
124,124,3957,3950,74,-138
124,124,3957,3951,74,-138
124,124,3957,3952,74,-138
124,124,3958,3947,-22,-13
124,124,3959,3947,-25,-5
124,124,3959,3950,262,-394
124,124,3959,3954,325,-174
124,124,3959,3954,371,-199
124,124,3960,3947,-23,-12
124,124,3960,3947,-20,-16
124,124,3962,3947,23,-12
124,124,3962,3947,26,0
124,124,3962,3950,248,-372
124,124,3964,3949,302,161
125,123,3936,3964,444,0
125,123,3936,3964,500,0
125,123,3943,3929,296,402
125,123,3946,3976,246,-435
125,123,3948,3928,179,466
125,123,3953,3949,442,66
125,123,3956,3932,0,500
125,123,3956,3933,224,447
125,123,3956,3936,0,500
125,123,3956,3957,154,-98
125,123,3961,3952,326,217
125,123,3968,3950,416,-62
124,122,3890,3907,500,0
124,122,3891,3907,500,0
124,122,3893,3907,500,0
124,122,3894,3908,341,0
124,122,3894,3921,482,-132
124,122,3896,3892,314,0
124,122,3896,3893,314,0
124,122,3896,3894,314,0
124,122,3896,3895,314,0
124,122,3896,3896,314,0
124,122,3896,3897,314,0
124,122,3896,3898,314,0
124,122,3896,3899,314,0
124,122,3896,3900,314,0
124,122,3896,3901,314,0
124,122,3896,3902,314,0
124,122,3896,3903,312,30
124,122,3896,3903,314,0
124,122,3896,3904,314,0
124,122,3896,3905,312,23
124,122,3896,3907,314,0
124,122,3896,3908,335,0
124,122,3896,3909,340,-8
124,122,3897,3895,340,-17
124,122,3897,3905,340,0
124,122,3898,3907,340,0
124,122,3899,3897,329,82
124,122,3899,3900,333,66
124,122,3900,3909,366,-8
124,122,3901,3879,320,225
124,122,3902,3965,500,0
124,122,3913,3970,306,-68
124,122,3917,3908,473,0
124,122,3922,3850,353,353
124,122,3958,3885,152,-101
124,122,3959,3883,-37,-498
124,122,3959,3883,-33,-446
124,122,3962,3867,158,-446
124,122,3962,3886,248,-372
124,122,3981,3883,180,208
125,121,3931,3899,484,-121
125,121,3940,3907,500,0
125,121,3940,3908,488,109
125,121,3949,3861,473,0
125,121,3949,3862,473,0
125,121,3949,3867,473,0
125,121,3949,3869,473,0
125,121,3949,3870,473,0
125,121,3949,3872,473,0
125,121,3949,3874,473,0
125,121,3949,3875,473,0
125,121,3949,3876,473,0
125,121,3949,3878,473,0
125,121,3949,3887,469,57
125,121,3949,3887,471,46
125,121,3949,3888,471,35
125,121,3949,3889,473,23
125,121,3949,3890,473,10
125,121,3949,3891,473,0
125,121,3949,3892,473,0
125,121,3953,3885,438,87
125,121,3954,3886,442,66
125,121,3956,3895,0,-341
125,121,3957,3884,411,92
125,121,3988,3849,0,0
125,119,3935,3818,500,0
125,119,3940,3805,500,0
125,119,3949,3819,473,0
125,119,3949,3821,473,-11
125,119,3949,3822,473,-24
125,119,3949,3823,471,-35
125,119,3949,3824,471,-46
125,119,3949,3832,473,0
125,119,3949,3833,473,0
125,119,3949,3834,473,0
125,119,3949,3836,473,0
125,119,3949,3837,473,0
125,119,3949,3838,473,0
125,119,3949,3839,473,0
125,119,3949,3841,473,0
125,119,3949,3842,473,0
125,119,3949,3843,473,0
125,119,3949,3844,473,0
125,119,3949,3845,473,0
125,119,3949,3846,473,0
125,119,3949,3848,473,0
125,119,3949,3849,473,0
125,119,3949,3850,473,0
125,119,3949,3851,473,0
125,119,3953,3826,438,-87
125,119,3953,3827,437,-98
125,119,3954,3819,447,0
125,119,3954,3824,442,-66
125,119,3954,3825,442,-66
125,119,3954,3836,447,0
125,119,3954,3839,447,0
125,119,3956,3839,417,50
125,119,3978,3864,222,-85
125,119,3979,3819,-121,-156
125,119,3982,3841,233,124
125,119,3984,3819,-4,-25
125,119,3988,3860,214,128
125,119,3988,3863,24,-10
125,119,3988,3866,16,-20
125,119,3988,3872,0,-26
125,119,3990,3854,17,185
125,119,4075,3909,0,-500
124,118,3891,3805,500,0
124,118,3893,3805,500,0
124,118,3895,3806,335,-8
124,118,3896,3805,314,0
124,118,3896,3806,314,0
124,118,3896,3809,314,0
124,118,3896,3811,314,0
124,118,3896,3813,314,0
124,118,3896,3815,314,0
124,118,3896,3816,314,0
124,118,3896,3819,314,0
124,118,3897,3807,340,-17
124,118,3897,3821,340,-8
124,118,3898,3805,340,0
124,118,3899,3804,340,0
124,118,3899,3805,340,0
124,118,3899,3806,340,-17
124,118,3899,3806,340,-8
124,118,3899,3807,340,-17
124,118,3899,3808,338,-33
124,118,3899,3810,337,-41
124,118,3899,3811,335,-50
124,118,3899,3813,332,-74
124,118,3908,3733,421,211
124,118,3911,3811,418,0
124,118,3911,3815,418,0
124,118,3911,3819,418,0
124,118,3918,3820,471,-24
124,118,3926,3858,345,-361
124,118,3927,3845,375,-238
124,118,3930,3742,205,-41
124,118,3935,3746,237,204
124,118,3936,3797,-117,262
124,118,3959,3835,296,167
124,118,3966,3845,185,346
125,117,3937,3777,421,-267
125,117,3938,3744,457,203
125,117,3942,3782,287,-408
125,117,3945,3786,224,-447
125,117,3946,3787,212,-451
125,117,3947,3779,267,-421
125,117,3948,3747,345,361
125,117,3948,3780,224,-447
125,117,3952,3774,203,-457
125,117,3956,3750,342,327
125,117,3956,3751,188,119
125,117,3956,3758,419,-31
125,117,3956,3779,0,-500
125,117,3979,3764,0,0
125,117,4029,3684,345,361
125,117,4081,3834,-74,-494
124,116,3891,3747,500,11
124,116,3896,3737,498,37
124,116,3904,3791,321,-307
124,116,3908,3788,340,-325
124,116,3908,3797,340,-325
124,116,3911,3784,351,-351
124,116,3911,3793,351,-351
124,116,3914,3777,287,-408
124,116,3915,3790,361,-345
124,116,3924,3723,0,183
124,116,3941,3798,232,-348
124,116,3943,3768,-66,334
124,116,3944,3792,148,-450
124,116,3946,3788,139,-425
124,116,3947,3784,131,-400
124,116,3947,3814,132,-482
124,116,3949,3809,132,-482
124,116,3956,3808,0,-500
124,116,3956,3818,0,-500
124,116,3960,3756,116,105
124,116,3961,3764,-23,11
124,116,3962,3764,-212,301
124,116,3962,3764,-46,23
124,116,3962,3764,-23,11
124,116,3963,3760,153,306
124,116,3968,3764,307,173
123,115,3881,3743,457,-203
123,115,3888,3739,289,0
123,115,3889,3722,287,0
123,115,3891,3697,366,-300
123,115,3891,3714,345,-361
123,115,3891,3715,335,-371
123,115,3891,3716,421,0
123,115,3891,3736,421,-150
123,115,3903,3715,257,-429
123,115,3904,3715,246,-435
123,115,3910,3653,237,247
123,115,3913,3767,361,-345
123,115,3914,3769,345,-361
123,115,3914,3770,345,-361
123,115,3916,3774,296,-402
123,115,3918,3773,287,-408
123,115,3919,3769,296,-402
123,115,3921,3762,345,-361
123,115,3922,3766,306,-394
123,115,3922,3767,287,-408
123,115,3923,3765,287,-408
123,115,3924,3726,204,122
123,115,3950,3776,156,-474
123,115,3956,3727,49,92
123,115,3956,3730,0,0
123,115,3956,3740,5,-25
123,115,3956,3759,0,-447
123,115,3959,3755,5,-244
69,119,2132,3805,500,0
57,119,1922,3766,-274,353
2,124,148,3898,-121,484
2,124,151,3919,-148,449
2,124,157,3912,-296,402
2,122,170,3854,-335,371
2,122,195,3879,-320,225
2,122,199,3905,-339,25
2,122,205,3907,-500,0
2,118,156,3777,-162,208
2,118,174,3738,-381,281
2,118,177,3865,-345,-361
2,118,185,3805,-500,0
2,118,194,3826,-366,8
2,118,199,3816,-340,17
2,118,205,3805,-500,0
2,116,202,3748,-500,0
3,69,139,2163,0,421
3,69,139,2168,0,395
3,69,201,2186,-400,131
3,69,204,2183,-421,150
2,68,139,2136,19,392
2,68,145,2117,-121,484
2,68,147,2146,-85,492
2,68,147,2147,-85,492
2,68,148,2147,-85,492
2,68,150,2133,-121,484
2,68,155,2118,-441,236
2,68,160,2116,-500,0
2,68,179,2180,-500,-11
2,68,189,2180,-500,0
2,68,204,2180,-500,0
2,67,131,2124,-270,-210
2,67,152,2086,-144,478
2,67,189,2115,-392,0
2,67,191,2113,-391,28
2,67,191,2115,-471,0
2,67,193,2115,-500,0
2,67,193,2115,-497,11
1,66,146,2116,-473,0
1,66,146,2117,-473,0
1,66,150,2115,-500,0
3,59,150,1968,-148,-450
3,59,168,1963,-335,-371
3,59,181,1972,-345,-361
3,59,222,1947,-500,0
3,59,227,1947,-500,0
2,60,131,1976,-58,390
2,60,177,2008,-361,-345
2,60,185,1990,-359,-344
2,60,185,1992,-359,-344
2,60,188,1981,-340,-325
2,60,188,1985,-316,-350
2,60,188,1995,-333,-333
2,60,188,1996,-316,-350
2,60,189,1981,-340,-325
2,60,189,1984,-340,-325
2,60,189,1993,-340,-325
2,60,189,1995,-340,-325
2,60,191,1993,-371,-335
2,60,194,1979,-394,-306
1,61,127,1992,-369,8
1,61,129,1963,-447,0
1,61,142,1985,-447,10
1,61,146,1995,-473,0
1,61,147,2002,0,-500
1,61,156,2013,-500,0
1,61,157,2013,-500,0
1,61,158,2013,-496,-60
1,61,158,2025,-496,60
1,61,160,2013,-500,0
115,26,3605,829,500,0
115,26,3614,804,405,0
115,26,3615,803,366,0
115,26,3615,804,387,0
115,26,3615,804,405,0
115,26,3616,803,366,0
115,26,3617,801,392,8
115,26,3618,801,392,8
115,26,3618,802,392,0
115,26,3618,804,392,0
115,26,3619,791,332,332
115,26,3619,793,332,332
115,26,3619,793,340,325
115,26,3619,796,332,332
115,26,3624,786,378,279
115,26,3656,779,136,453
115,26,3658,808,212,0
115,26,3659,809,185,0
115,26,3661,806,133,0
115,26,3668,755,0,500
115,26,3668,775,0,500
115,26,3668,818,0,-130
115,26,3670,811,100,27
115,26,3673,813,254,-188
115,26,3673,819,283,-63
115,26,3674,818,153,-146
115,26,3674,819,230,-130
115,26,3678,811,-117,-58
115,26,3678,811,-82,-64
115,26,3681,819,153,33
115,26,3682,811,18,17
115,26,3682,811,25,-5
116,25,3647,803,500,0
116,25,3648,803,500,0
116,25,3648,804,500,0
116,25,3649,804,500,0
116,25,3650,803,496,60
116,25,3651,803,494,74
116,25,3651,803,500,0
116,25,3652,796,361,345
116,25,3659,842,203,-457
116,25,3662,793,167,470
116,25,3668,797,0,500
116,25,3695,816,-207,-31
115,24,3606,817,482,-132
115,24,3607,804,335,0
115,24,3608,756,314,0
115,24,3608,758,314,0
115,24,3608,759,314,0
115,24,3608,761,314,0
115,24,3608,762,314,0
115,24,3608,765,314,0
115,24,3608,766,314,0
115,24,3608,770,314,0
115,24,3608,771,314,0
115,24,3608,775,314,0
115,24,3608,777,314,0
115,24,3608,780,314,0
115,24,3608,781,314,0
115,24,3608,782,314,0
115,24,3608,783,314,0
115,24,3608,784,314,0
115,24,3608,786,314,0
115,24,3608,788,314,0
115,24,3608,790,314,0
115,24,3608,791,314,0
115,24,3608,797,314,0
115,24,3608,798,314,0
115,24,3608,799,314,0
115,24,3608,800,314,0
115,24,3608,801,314,0
115,24,3608,802,314,0
115,24,3608,803,314,0
115,24,3608,805,340,-8
115,24,3610,801,340,7
115,24,3610,804,340,0
115,24,3611,747,340,0
115,24,3612,747,340,0
115,24,3612,749,366,-8
115,24,3612,804,274,0
115,24,3612,805,366,-8
115,24,3613,749,366,-18
115,24,3613,750,366,-18
115,24,3616,805,392,-9
115,24,3616,814,482,-132
115,24,3620,732,353,353
115,24,3623,800,418,0
115,24,3623,801,418,0
115,24,3623,802,418,0
115,24,3623,803,418,0
115,24,3626,802,444,22
115,24,3629,803,473,0
115,24,3632,803,471,0
115,24,3633,803,447,0
115,24,3637,800,444,0
115,24,3637,804,414,0
115,24,3641,803,395,0
115,24,3642,732,500,0
115,24,3645,770,26,0
115,24,3655,698,118,359
115,24,3656,693,132,482
115,24,3661,721,87,438
115,24,3664,744,-117,-234
115,24,3668,740,0,0
115,24,3668,754,0,-130
115,24,3669,752,74,-138
115,24,3670,749,152,-101
115,24,3671,754,302,-162
115,24,3671,754,325,-174
115,24,3672,755,93,-50
115,24,3696,825,124,-168
116,23,3647,742,500,0
116,23,3647,746,500,0
116,23,3650,757,496,-60
116,23,3652,732,478,-144
116,23,3652,732,500,0
116,23,3661,747,473,0
116,23,3665,736,97,490
116,23,3665,749,438,87
116,23,3665,767,97,-490
116,23,3667,736,109,488
116,23,3667,736,121,484
116,23,3667,737,121,484
116,23,3668,735,0,500
116,23,3697,747,18,-18
115,22,3603,701,500,0
115,22,3607,702,335,0
115,22,3608,704,314,0
115,22,3608,706,314,0
115,22,3608,739,314,0
115,22,3608,747,314,0
115,22,3609,702,340,0
115,22,3609,734,340,-8
115,22,3609,735,340,-17
115,22,3611,732,340,0
115,22,3611,733,340,0
115,22,3612,732,340,0
115,22,3614,676,500,0
115,22,3615,732,366,0
115,22,3617,676,500,0
115,22,3617,775,353,-353
115,22,3620,772,353,-353
115,22,3623,739,418,0
115,22,3623,747,418,0
115,22,3624,768,353,-353
115,22,3629,701,473,0
115,22,3637,732,183,0
115,22,3652,663,207,366
115,22,3662,655,55,277
115,22,3668,676,0,0
116,21,3647,675,500,0
116,21,3647,702,498,-37
116,21,3648,676,492,85
116,21,3648,701,500,0
116,21,3650,701,494,-74
116,21,3650,701,496,-60
116,21,3662,710,167,-470
116,21,3664,702,203,-457
116,21,3668,676,0,366
115,20,3604,670,496,60
115,20,3604,670,498,48
115,20,3609,671,496,60
115,20,3614,671,494,74
115,20,3614,671,498,48
115,20,3615,612,500,0
115,20,3615,704,431,-32
115,20,3616,702,392,0
115,20,3616,719,321,-307
115,20,3617,702,392,0
115,20,3617,703,392,-9
115,20,3620,715,340,-325
115,20,3620,716,340,-325
115,20,3621,702,418,0
115,20,3623,711,351,-351
115,20,3623,712,351,-351
115,20,3632,625,204,-167
115,20,3652,723,191,-462
115,20,3656,720,148,-450
115,20,3656,724,156,-474
115,20,3674,692,-212,301
115,20,3674,692,0,0
115,20,3700,690,0,0
123,12,3862,424,500,0
123,12,3874,359,500,-11
123,12,3874,360,500,-11
123,12,3877,362,500,-25
123,12,3878,341,353,353
123,12,3878,358,500,0
123,12,3881,344,335,371
123,12,3882,358,500,0
123,12,3885,375,473,0
123,12,3885,398,287,0
123,12,3885,406,490,-97
123,12,3887,359,484,121
123,12,3888,361,492,-85
123,12,3889,399,447,0
123,12,3891,412,421,0
123,12,3896,362,433,108
123,12,3898,458,351,-318
123,12,3899,358,445,158
123,12,3900,362,433,108
123,12,3901,361,431,118
123,12,3901,370,342,0
123,12,3904,359,421,150
123,12,3909,361,390,150
123,12,3914,336,353,353
123,12,3915,329,353,353
123,12,3915,332,353,353
123,12,3915,343,345,361
123,12,3916,343,345,361
123,12,3916,346,345,361
123,12,3916,347,345,361
123,12,3933,370,232,-52
123,12,3935,367,91,-220
123,12,3941,364,63,-283
123,12,3942,310,156,474
123,12,3943,370,-116,-174
123,12,3956,344,0,395
123,12,3956,355,0,342
123,12,3956,364,273,247
123,12,3956,366,0,0
123,12,3956,367,215,59
123,12,3956,370,78,-61
124,11,3891,348,500,0
124,11,3891,349,500,0
124,11,3891,356,500,0
124,11,3896,362,488,109
124,11,3896,367,364,35
124,11,3899,326,416,277
124,11,3901,373,500,-25
124,11,3902,326,402,296
124,11,3905,304,321,307
124,11,3905,322,340,325
124,11,3905,383,429,-257
124,11,3906,322,340,325
124,11,3907,307,332,332
124,11,3907,307,340,325
124,11,3907,308,332,332
124,11,3907,308,340,325
124,11,3907,309,332,332
124,11,3907,309,340,325
124,11,3907,310,332,332
124,11,3907,312,332,332
124,11,3907,312,340,325
124,11,3907,313,332,332
124,11,3907,313,340,325
124,11,3907,314,332,332
124,11,3907,315,332,332
124,11,3907,316,332,332
124,11,3907,318,332,332
124,11,3907,319,316,349
124,11,3907,319,332,332
124,11,3907,320,332,332
124,11,3907,322,332,332
124,11,3907,328,353,353
124,11,3908,298,332,332
124,11,3908,319,340,325
124,11,3911,301,358,343
124,11,3911,302,358,343
124,11,3911,387,466,179
124,11,3917,366,337,41
124,11,3921,361,447,0
124,11,3922,308,351,317
124,11,3924,330,345,361
124,11,3924,358,417,160
124,11,3924,363,408,101
124,11,3933,340,291,304
124,11,3934,338,291,304
124,11,3936,320,92,49
124,11,3939,345,255,266
124,11,3943,372,183,0
124,11,3944,303,148,449
124,11,3946,318,-419,-41
124,11,3947,311,131,400
124,11,3947,341,-462,-191
124,11,3949,342,-419,41
124,11,3954,339,-249,24
124,11,3956,282,0,500
124,11,3956,327,0,0
124,11,3956,336,0,-157
124,11,3957,334,74,-138
124,11,3957,335,74,-138
124,11,3957,339,46,-63
124,11,3958,333,152,-101
124,11,3958,335,204,-307
124,11,3959,331,-51,-10
124,11,3959,331,-25,-5
124,11,3959,338,325,-174
124,11,3962,331,26,0
124,11,3980,331,18,-18
124,11,3996,430,466,-179
125,10,3936,348,500,0
125,10,3938,358,371,-335
125,10,3941,314,353,353
125,10,3948,312,179,466
125,10,3948,315,224,447
125,10,3949,315,179,466
125,10,3953,333,442,66
125,10,3956,316,0,500
125,10,3956,317,0,500
125,10,3956,317,224,447
125,10,3958,298,403,121
125,10,3961,334,130,-167
125,10,3961,336,326,217
125,10,3964,298,433,108
125,10,3972,274,327,342
125,10,3972,284,234,317
125,10,3982,331,0,-26
125,10,3982,331,20,-15
125,10,3984,331,-90,-54
124,9,3891,291,500,0
124,9,3891,292,500,0
124,9,3892,291,500,0
124,9,3895,292,335,0
124,9,3896,276,314,0
124,9,3896,277,314,0
124,9,3896,278,314,0
124,9,3896,279,314,0
124,9,3896,280,314,0
124,9,3896,281,314,0
124,9,3896,282,314,0
124,9,3896,283,314,0
124,9,3896,284,314,0
124,9,3896,285,311,37
124,9,3896,285,314,0
124,9,3896,286,311,37
124,9,3896,286,314,0
124,9,3896,287,312,30
124,9,3896,287,314,0
124,9,3896,288,314,0
124,9,3896,289,312,23
124,9,3896,289,314,0
124,9,3896,289,314,15
124,9,3896,290,314,0
124,9,3896,290,314,7
124,9,3896,291,314,0
124,9,3896,292,335,0
124,9,3896,293,340,-8
124,9,3897,292,335,0
124,9,3899,281,329,82
124,9,3899,282,340,0
124,9,3900,292,361,0
124,9,3900,293,366,-8
124,9,3916,292,471,0
124,9,3922,373,496,-60
124,9,3923,372,361,-345
124,9,3944,240,417,223
124,9,3944,276,473,0
124,9,3953,259,427,201
124,9,3960,269,262,-394
124,9,3962,270,274,-353
124,9,3972,252,234,317
124,9,3981,262,151,215
124,9,3983,260,121,173
125,8,3939,288,408,-287
125,8,3940,291,500,0
125,8,3949,244,473,0
125,8,3949,245,473,0
125,8,3949,246,473,0
125,8,3949,247,473,0
125,8,3949,248,473,0
125,8,3949,249,473,0
125,8,3949,251,473,0
125,8,3949,253,473,0
125,8,3949,255,473,0
125,8,3952,219,399,253
125,8,3953,237,438,87
125,8,3953,259,427,201
125,8,3954,238,442,66
125,8,3958,217,339,291
125,8,3982,235,-220,91
125,8,3984,263,-234,-23
125,8,3989,243,117,-63
125,8,4005,239,367,27
125,6,3935,202,500,0
125,6,3936,189,361,345
125,6,3940,189,500,0
125,6,3945,205,500,-25
125,6,3945,224,500,0
125,6,3949,203,473,0
125,6,3949,204,473,0
125,6,3949,205,473,-11
125,6,3949,206,473,-24
125,6,3949,208,471,-46
125,6,3949,217,473,0
125,6,3949,218,473,0
125,6,3949,221,473,0
125,6,3949,222,473,0
125,6,3949,223,473,0
125,6,3949,224,473,0
125,6,3949,225,473,0
125,6,3949,226,473,0
125,6,3949,227,473,0
125,6,3949,228,473,0
125,6,3949,229,473,0
125,6,3949,230,473,0
125,6,3949,231,473,0
125,6,3949,232,473,0
125,6,3949,233,473,0
125,6,3949,234,473,0
125,6,3949,235,473,0
125,6,3953,211,437,-98
125,6,3954,209,442,-66
125,6,3955,192,109,488
125,6,3956,197,0,302
125,6,3958,223,421,0
125,6,3962,268,299,-366
125,6,3971,251,-339,-51
125,6,3984,203,20,-15
125,6,3984,234,160,241
125,6,3988,236,-117,-58
125,6,3989,236,73,110
125,6,3990,236,88,132
125,6,3990,237,87,164
125,6,3990,238,17,185
125,6,3991,244,-14,21
125,6,4075,144,-23,447
124,5,3891,189,500,0
124,5,3894,189,418,0
124,5,3894,189,497,0
124,5,3894,207,367,-27
124,5,3895,188,314,0
124,5,3895,190,335,-8
124,5,3895,190,335,0
124,5,3896,189,314,0
124,5,3896,192,314,0
124,5,3896,194,314,0
124,5,3896,195,314,0
124,5,3896,196,314,0
124,5,3896,197,314,0
124,5,3896,198,314,0
124,5,3896,199,314,0
124,5,3896,200,314,0
124,5,3896,201,314,0
124,5,3896,202,314,0
124,5,3896,203,314,0
124,5,3897,190,340,0
124,5,3897,191,340,-17
124,5,3897,205,340,-17
124,5,3897,205,340,-8
124,5,3898,189,340,0
124,5,3898,190,340,0
124,5,3899,188,340,0
124,5,3899,189,340,0
124,5,3899,190,340,-17
124,5,3899,190,340,-8
124,5,3899,190,361,-8
124,5,3899,191,340,-17
124,5,3899,192,338,-33
124,5,3899,192,338,-25
124,5,3899,193,338,-33
124,5,3899,197,332,-74
124,5,3899,197,333,-66
124,5,3899,212,340,0
124,5,3902,130,500,25
124,5,3911,192,418,0
124,5,3911,194,418,0
124,5,3911,195,418,0
124,5,3911,196,418,0
124,5,3911,197,418,0
124,5,3911,198,418,0
124,5,3911,199,418,0
124,5,3911,200,418,0
124,5,3911,201,418,0
124,5,3911,202,418,0
124,5,3911,203,418,0
124,5,3916,229,444,10
124,5,3918,204,471,-24
124,5,3918,205,471,-24
124,5,3933,168,126,34
124,5,3934,160,237,247
124,5,3935,127,260,19
124,5,3937,183,-283,-271
124,5,3939,190,130,0
124,5,3940,162,-27,-181
124,5,3948,106,81,410
124,5,3955,213,209,330
124,5,3958,205,116,173
124,5,3974,210,-150,279
124,5,3978,232,153,-307
124,5,3982,224,123,-262
124,5,3985,248,361,-345
124,5,3988,139,17,51
125,4,3936,132,500,0
125,4,3940,166,0,-500
125,4,3941,165,353,-353
125,4,3942,166,287,-408
125,4,3944,165,441,-236
125,4,3945,170,224,-447
125,4,3946,171,212,-451
125,4,3948,164,224,-447
125,4,3951,168,144,-478
125,4,3952,158,203,-457
125,4,3956,135,138,207
125,4,3956,142,419,-31
125,4,3958,181,403,-121
125,4,3980,148,-23,12
125,4,3981,139,21,-14
125,4,4081,218,-74,-494
124,3,3891,126,495,48
124,3,3892,100,500,0
124,3,3895,120,498,48
124,3,3895,121,498,48
124,3,3896,100,500,0
124,3,3901,154,408,-287
124,3,3904,102,493,-60
124,3,3904,164,321,-307
124,3,3904,165,321,-307
124,3,3904,174,321,-307
124,3,3904,175,321,-307
124,3,3905,158,349,-316
124,3,3906,157,340,-325
124,3,3907,150,353,-353
124,3,3907,157,340,-325
124,3,3907,160,325,-340
124,3,3908,160,325,-340
124,3,3908,170,340,-325
124,3,3908,172,340,-325
124,3,3911,157,351,-351
124,3,3911,158,351,-351
124,3,3911,164,351,-351
124,3,3911,166,351,-351
124,3,3911,167,351,-351
124,3,3911,168,351,-351
124,3,3911,177,351,-351
124,3,3914,144,353,-353
124,3,3915,156,361,-345
124,3,3915,162,361,-345
124,3,3915,164,361,-345
124,3,3915,174,361,-345
124,3,3916,83,204,-167
124,3,3923,82,-51,-230
124,3,3923,85,-108,-180
124,3,3924,122,419,41
124,3,3928,82,286,21
124,3,3930,94,-27,-365
124,3,3933,97,102,-18
124,3,3936,64,133,-128
124,3,3943,172,170,-412
124,3,3944,176,148,-450
124,3,3945,198,156,-474
124,3,3947,198,132,-482
124,3,3949,193,132,-482
124,3,3951,144,390,58
124,3,3951,177,70,-468
124,3,3957,144,285,190
124,3,3959,148,0,0
124,3,3962,147,-8,369
124,3,3962,148,-267,169
124,3,3962,148,-212,301
124,3,3962,148,-169,298
124,3,3962,148,-23,11
69,6,2136,180,314,0
69,6,2150,157,500,0
69,6,2151,259,500,0
69,6,2153,157,500,0
69,6,2154,157,500,0
69,6,2157,230,290,6
69,6,2178,274,212,-451
70,3,2176,156,500,0
70,3,2199,155,371,-199
70,3,2201,171,308,-359
70,3,2227,145,-82,270
70,3,2232,140,-173,109
69,2,2181,147,179,-466
69,2,2183,153,132,-482
69,2,2184,144,148,-450
69,2,2190,131,121,-403
57,6,1897,278,0,-500
57,6,1898,287,-306,-394
57,6,1911,276,-156,-474
57,6,1938,223,-471,23
57,6,1938,225,-471,23
57,6,1938,227,-471,23
57,6,1938,229,-471,23
57,6,1938,231,-471,23
57,6,1938,233,-471,23
57,6,1945,259,-500,0
57,6,1959,220,-340,17
57,6,1959,222,-340,17
57,6,1959,224,-340,17
57,6,1959,226,-340,17
57,6,1959,228,-340,17
57,6,1959,230,-340,17
57,6,1959,232,-340,17
57,4,1899,210,0,-473
57,4,1936,202,-471,0
57,4,1936,202,-471,10
57,4,1936,216,-345,-361
57,4,1937,156,-471,0
57,4,1938,155,-471,23
57,4,1938,158,-471,-24
57,4,1938,163,-471,23
57,4,1938,165,-471,23
57,4,1938,167,-471,23
57,4,1938,169,-471,23
57,4,1943,98,-287,14
57,4,1945,171,-359,-344
57,4,1958,156,-340,0
57,4,1958,159,-340,-8
57,4,1959,154,-340,17
57,4,1959,157,-340,0
57,4,1959,159,-340,-17
57,4,1959,160,-340,17
57,4,1959,162,-340,17
57,4,1959,162,-337,-41
57,4,1959,164,-340,17
57,4,1959,164,-335,-58
57,4,1959,166,-340,17
57,4,1959,168,-340,17
57,4,1960,156,-335,0
57,4,1964,166,-468,-70
56,3,1795,168,0,-395
56,3,1795,186,0,-500
56,3,1899,134,0,-500
56,3,1902,113,-442,-66
56,3,1903,110,-446,-33
56,3,1905,130,-203,-457
56,3,1905,134,-179,-466
57,2,1899,146,0,-473
57,2,1906,161,-132,-482
57,2,1908,166,-132,-482
57,2,1911,144,-148,-450
57,2,1945,136,-359,-344
57,2,1948,139,-333,-333
57,2,1949,139,-340,-325
11,26,413,811,9,-78
11,26,414,816,0,197
11,26,417,811,0,0
11,26,417,811,10,-51
11,26,417,811,16,-20
11,26,417,811,47,-21
11,26,420,811,26,0
11,26,423,811,144,-217
11,26,423,816,-403,-121
11,26,440,774,-144,478
11,26,457,810,-400,131
11,26,461,811,-433,108
11,26,471,805,-498,37
11,26,473,793,-351,351
11,26,473,807,-500,0
11,26,474,800,-418,0
11,26,475,801,-417,30
11,26,476,790,-340,325
11,26,477,790,-340,325
11,26,477,802,-392,0
11,26,477,803,-392,0
11,26,478,790,-387,160
11,26,478,799,-441,53
11,26,478,801,-392,8
11,26,479,801,-392,8
11,26,479,801,-392,19
11,26,479,801,-391,28
11,26,479,803,-418,0
11,26,480,804,-366,0
11,26,481,789,-378,326
11,26,481,801,-366,8
11,26,482,794,-490,97
11,26,482,796,-492,85
10,25,427,792,0,500
10,25,433,793,-167,470
10,25,445,802,-494,74
10,25,445,803,-494,74
10,25,448,802,-478,144
10,25,448,803,-500,0
10,25,448,804,-500,0
10,25,448,804,-488,109
10,25,449,805,-484,121
10,25,450,805,-488,109
10,25,451,806,-490,97
11,24,424,755,-167,78
11,24,427,845,0,-157
11,24,434,721,-87,438
11,24,437,803,-290,0
11,24,455,722,-498,48
11,24,461,792,-444,0
11,24,462,801,-444,0
11,24,465,801,-471,23
11,24,465,802,-471,23
11,24,466,755,-471,23
11,24,466,756,-471,23
11,24,466,757,-471,23
11,24,466,758,-471,23
11,24,466,759,-471,23
11,24,466,760,-471,23
11,24,466,761,-471,23
11,24,466,762,-471,23
11,24,466,763,-471,23
11,24,466,769,-471,23
11,24,466,794,-471,23
11,24,466,796,-471,23
11,24,466,798,-471,23
11,24,466,799,-471,23
11,24,466,800,-471,23
11,24,466,801,-471,23
11,24,470,803,-500,0
11,24,471,767,-444,22
11,24,472,735,-345,361
11,24,472,736,-353,353
11,24,476,804,-500,-25
11,24,479,729,-353,353
11,24,482,803,-497,-11
11,24,483,805,-471,-24
11,24,485,806,-467,-57
11,24,486,800,-340,17
11,24,486,801,-340,7
11,24,487,753,-340,17
11,24,487,754,-340,17
11,24,487,755,-340,17
11,24,487,756,-340,17
11,24,487,757,-340,17
11,24,487,758,-340,17
11,24,487,759,-340,17
11,24,487,760,-340,17
11,24,487,761,-340,17
11,24,487,762,-340,17
11,24,487,766,-340,17
11,24,487,768,-340,17
11,24,487,791,-340,17
11,24,487,792,-340,17
11,24,487,793,-340,17
11,24,487,795,-340,17
11,24,487,796,-340,17
11,24,487,797,-340,17
11,24,487,798,-340,17
11,24,487,799,-340,17
11,24,487,800,-340,17
11,24,487,801,-340,17
11,24,487,805,-444,-22
11,24,488,755,-314,0
11,24,488,798,-314,0
11,24,491,803,-500,0
11,24,494,803,-500,0
10,23,429,753,-442,-66
10,23,430,731,-97,490
10,23,430,754,-442,-66
10,23,430,772,-97,-490
10,23,431,772,-121,-484
10,23,438,727,-210,330
10,23,439,766,-441,-236
11,22,434,782,-87,-439
11,22,438,665,-171,414
11,22,451,700,-392,0
11,22,457,700,-418,0
11,22,457,702,-418,0
11,22,457,703,-418,0
11,22,457,711,-418,0
11,22,457,727,-418,0
11,22,461,714,-444,0
11,22,461,716,-444,0
11,22,462,701,-447,0
11,22,465,700,-471,10
11,22,465,705,-471,-11
11,22,466,699,-471,23
11,22,466,700,-471,23
11,22,466,701,-471,23
11,22,466,702,-471,-24
11,22,466,702,-471,23
11,22,466,703,-471,-24
11,22,466,703,-471,23
11,22,466,704,-471,23
11,22,466,705,-471,23
11,22,466,707,-471,23
11,22,466,710,-471,23
11,22,466,711,-471,23
11,22,466,712,-471,23
11,22,466,713,-471,23
11,22,466,714,-471,23
11,22,466,715,-471,23
11,22,466,716,-471,23
11,22,466,717,-471,23
11,22,466,718,-471,23
11,22,466,719,-471,23
11,22,466,720,-471,23
11,22,466,721,-471,23
11,22,466,726,-471,23
11,22,466,728,-471,23
11,22,466,729,-471,23
11,22,466,730,-471,23
11,22,466,732,-471,23
11,22,466,734,-471,23
11,22,466,735,-471,23
11,22,466,737,-471,23
11,22,466,738,-471,23
11,22,466,739,-471,23
11,22,466,740,-471,23
11,22,466,741,-471,23
11,22,466,742,-471,23
11,22,466,743,-471,23
11,22,466,744,-471,23
11,22,466,745,-471,23
11,22,469,682,-326,378
11,22,470,701,-500,0
11,22,471,736,-444,22
11,22,471,742,-444,22
11,22,472,700,-418,0
11,22,472,768,-353,-353
11,22,473,700,-418,0
11,22,473,769,-361,-345
11,22,476,700,-392,0
11,22,476,772,-361,-345
11,22,476,772,-353,-353
11,22,477,701,-500,0
11,22,479,753,-392,19
11,22,479,775,-361,-345
11,22,483,753,-366,18
11,22,484,700,-340,0
11,22,485,702,-340,-8
11,22,486,700,-340,0
11,22,486,703,-340,-8
11,22,486,704,-340,-8
11,22,486,705,-340,-8
11,22,486,706,-340,-8
11,22,486,744,-340,7
11,22,487,698,-340,17
11,22,487,699,-340,17
11,22,487,700,-340,0
11,22,487,700,-340,17
11,22,487,701,-340,17
11,22,487,702,-340,17
11,22,487,703,-340,-8
11,22,487,703,-340,17
11,22,487,704,-340,17
11,22,487,706,-340,17
11,22,487,707,-340,17
11,22,487,708,-340,17
11,22,487,709,-340,-8
11,22,487,709,-340,17
11,22,487,710,-340,17
11,22,487,711,-340,17
11,22,487,712,-340,17
11,22,487,713,-340,17
11,22,487,714,-340,17
11,22,487,715,-340,17
11,22,487,716,-340,17
11,22,487,717,-340,17
11,22,487,718,-340,17
11,22,487,719,-340,17
11,22,487,720,-340,17
11,22,487,723,-340,17
11,22,487,725,-340,17
11,22,487,726,-340,17
11,22,487,727,-340,17
11,22,487,728,-340,17
11,22,487,729,-340,17
11,22,487,731,-340,17
11,22,487,732,-340,17
11,22,487,733,-340,17
11,22,487,734,-340,17
11,22,487,735,-340,17
11,22,487,736,-340,17
11,22,487,737,-340,17
11,22,487,738,-340,17
11,22,487,739,-340,17
11,22,487,740,-340,17
11,22,487,741,-340,17
11,22,487,742,-340,17
11,22,487,743,-340,17
11,22,487,744,-340,17
11,22,488,700,-314,0
11,22,488,710,-314,0
11,22,488,713,-314,0
11,22,488,714,-314,0
11,22,488,720,-314,0
11,22,488,721,-314,0
11,22,488,734,-314,0
11,22,488,743,-314,0
11,22,488,746,-314,0
11,22,489,688,-478,144
11,22,491,689,-482,132
11,22,491,701,-500,0
11,22,492,701,-500,0
11,22,493,701,-500,0
10,21,398,691,-157,27
10,21,426,687,-418,50
10,21,427,692,0,-209
10,21,428,710,-48,-498
10,21,433,710,-167,-470
10,21,435,715,-179,-466
10,21,440,683,-500,0
10,21,445,700,-500,0
10,21,445,701,-500,0
10,21,445,701,-466,-179
10,21,446,701,-496,-60
10,21,448,700,-500,0
10,21,449,677,-498,-37
10,21,460,683,-500,0
11,20,418,692,-26,3
11,20,419,688,-190,317
11,20,420,692,0,0
11,20,420,692,6,51
11,20,421,685,-263,175
11,20,421,685,-258,181
11,20,421,692,44,64
11,20,438,720,-137,-453
11,20,439,724,-144,-478
11,20,441,667,94,-90
11,20,442,609,-203,275
11,20,442,701,-500,0
11,20,445,623,-256,137
11,20,446,619,-264,0
11,20,453,595,-466,-179
11,20,453,732,-74,-494
11,20,472,706,-492,-85
11,20,473,612,-500,0
11,20,473,710,-359,-344
11,20,473,711,-351,-351
11,20,473,712,-359,-344
11,20,474,620,-494,74
11,20,474,702,-418,-21
11,20,474,702,-418,0
11,20,476,715,-333,-333
11,20,477,713,-340,-325
11,20,477,715,-340,-325
11,20,478,700,-392,0
11,20,478,702,-392,-9
11,20,478,702,-392,0
11,20,478,703,-392,-9
11,20,479,700,-392,0
11,20,480,700,-387,0
11,20,480,718,-321,-307
11,20,481,700,-500,0
11,20,481,700,-387,0
11,20,481,701,-500,0
11,20,482,707,-494,-74
11,20,482,708,-494,-74
11,20,482,708,-492,-85
3,12,137,340,-35,179
3,12,152,310,-144,478
3,12,152,326,-144,478
3,12,162,367,-93,-47
3,12,165,363,-203,-203
3,12,175,351,-335,371
3,12,176,324,-277,416
3,12,177,343,-345,361
3,12,178,340,-361,345
3,12,178,340,-345,361
3,12,179,354,-170,162
3,12,180,352,-176,194
3,12,180,353,-176,194
3,12,180,355,-170,162
3,12,181,328,-345,361
3,12,182,326,-335,371
3,12,182,335,-353,353
3,12,182,351,-199,207
3,12,183,349,-199,207
3,12,188,348,-235,245
3,12,198,360,-385,171
3,12,201,394,-252,228
3,12,202,440,-453,-137
3,12,204,359,-421,150
3,12,204,393,-418,0
3,12,205,441,-474,-156
3,12,206,357,-438,181
3,12,210,388,-473,0
3,12,215,326,-333,332
2,11,127,332,0,0
2,11,130,331,24,-10
2,11,133,331,110,-269
2,11,133,334,-25,-262
2,11,134,331,23,-12
2,11,135,338,-372,-199
2,11,136,336,137,-159
2,11,138,331,5,-261
2,11,138,339,-25,-45
2,11,139,339,77,70
2,11,148,281,-121,484
2,11,148,282,-121,484
2,11,150,308,-140,424
2,11,150,372,-369,18
2,11,151,303,-159,445
2,11,151,303,-148,449
2,11,153,329,-394,38
2,11,153,329,-391,58
2,11,153,330,-395,19
2,11,154,329,-394,29
2,11,162,372,-58,52
2,11,170,302,-361,345
2,11,176,352,-361,345
2,11,179,355,-361,345
2,11,180,354,-340,0
2,11,180,362,-361,345
2,11,184,315,-296,402
2,11,184,352,-361,345
2,11,185,301,-359,343
2,11,185,301,-351,351
2,11,186,301,-359,343
2,11,186,343,-345,361
2,11,186,344,-345,361
2,11,186,345,-345,361
2,11,186,346,-345,361
2,11,186,347,-345,361
2,11,188,307,-333,332
2,11,188,308,-340,325
2,11,188,309,-340,325
2,11,188,310,-340,325
2,11,188,315,-340,325
2,11,188,320,-340,325
2,11,188,320,-325,340
2,11,188,322,-340,325
2,11,188,340,-345,361
2,11,188,348,-500,0
2,11,189,307,-340,325
2,11,189,308,-340,325
2,11,189,310,-340,325
2,11,189,315,-340,325
2,11,189,318,-318,351
2,11,189,318,-316,349
2,11,189,320,-340,325
2,11,189,322,-340,325
2,11,189,374,-335,-371
2,11,190,322,-340,325
2,11,191,321,-462,191
2,11,192,326,-402,296
2,11,196,326,-408,287
2,11,196,377,-462,191
2,11,203,348,-500,0
1,10,53,417,-48,-498
1,10,69,413,-361,-345
1,10,133,337,-338,225
1,10,139,315,-85,492
1,10,139,342,0,-157
1,10,142,333,-442,66
1,10,142,335,-442,66
1,10,145,317,-203,457
1,10,146,333,-466,81
1,10,147,313,-203,457
1,10,149,308,-212,451
1,10,149,308,-203,457
1,10,149,310,-236,441
1,10,150,309,-224,447
1,10,152,313,-287,408
1,10,153,313,-306,394
1,10,153,314,-316,386
1,10,155,313,-345,361
1,10,155,315,-371,335
1,10,155,315,-361,345
1,10,156,313,-361,345
1,10,156,314,-361,345
1,10,156,316,-378,326
1,10,160,292,-488,109
1,10,160,292,-478,144
1,10,160,348,-500,0
2,9,116,259,-400,131
2,9,126,266,-54,-312
2,9,132,270,-266,-360
2,9,132,270,-248,-372
2,9,140,266,-182,-287
2,9,156,292,-314,0
2,9,164,291,-500,0
2,9,165,292,-102,20
2,9,169,288,-418,0
2,9,169,290,-418,21
2,9,170,238,-335,371
2,9,170,288,-415,50
2,9,170,348,-372,-199
2,9,171,248,-242,198
2,9,171,291,-421,0
2,9,173,289,-444,0
2,9,174,290,-444,10
2,9,175,291,-447,0
2,9,176,261,-471,-11
2,9,177,290,-467,57
2,9,178,275,-471,23
2,9,178,276,-471,23
2,9,178,277,-471,23
2,9,178,278,-471,23
2,9,178,279,-471,23
2,9,178,280,-471,23
2,9,178,281,-471,23
2,9,178,283,-471,23
2,9,178,285,-471,23
2,9,178,287,-471,23
2,9,178,289,-471,23
2,9,179,291,-488,-109
2,9,181,289,-444,22
2,9,182,291,-500,0
2,9,183,284,-444,22
2,9,183,286,-444,22
2,9,184,292,-418,0
2,9,185,291,-418,9
2,9,186,320,-500,0
2,9,187,276,-417,30
2,9,189,362,-454,-202
2,9,191,289,-391,28
2,9,191,359,-451,-212
2,9,193,292,-497,-11
2,9,194,291,-497,-11
2,9,195,289,-366,18
2,9,195,293,-471,-24
2,9,196,291,-340,0
2,9,197,291,-340,7
2,9,198,287,-339,33
2,9,198,288,-340,17
2,9,198,289,-361,18
2,9,198,289,-340,17
2,9,199,273,-340,17
2,9,199,274,-340,17
2,9,199,275,-340,17
2,9,199,276,-340,17
2,9,199,277,-340,17
2,9,199,278,-340,17
2,9,199,279,-340,17
2,9,199,280,-340,17
2,9,199,282,-340,17
2,9,199,282,-333,66
2,9,199,283,-340,17
2,9,199,284,-340,17
2,9,199,285,-340,17
2,9,199,285,-335,58
2,9,199,286,-340,17
2,9,199,287,-340,17
2,9,199,288,-340,17
2,9,199,288,-339,25
2,9,199,289,-340,17
2,9,199,289,-339,25
2,9,199,290,-340,7
2,9,199,292,-314,0
2,9,199,293,-444,-22
2,9,200,275,-314,0
2,9,200,278,-314,0
2,9,200,281,-314,0
2,9,200,289,-314,7
2,9,200,292,-340,0
2,9,200,293,-444,-22
2,9,201,289,-314,7
2,9,202,272,-341,25
2,9,205,291,-500,0
1,8,108,276,-240,206
1,8,112,276,52,0
1,8,139,262,-414,171
1,8,139,293,0,-500
1,8,141,292,-121,-484
1,8,146,271,-470,57
1,8,146,272,-472,35
1,8,146,274,-473,10
1,8,146,275,-473,0
1,8,146,276,-473,0
1,8,146,292,-473,0
1,8,147,258,-462,191
1,8,150,292,-500,0
1,8,152,282,-457,-203
1,8,156,291,-500,0
1,8,156,292,-478,144
1,8,158,277,-496,60
1,8,158,285,-457,-203
1,8,160,284,-470,-167
1,8,160,291,-500,0
1,8,161,286,-451,-212
1,8,162,287,-451,-212
1,6,109,227,-146,219
1,6,114,236,230,-57
1,6,137,225,-421,0
1,6,141,241,-442,-66
1,6,142,210,-439,-87
1,6,142,212,-437,-98
1,6,142,223,-446,33
1,6,142,225,-447,10
1,6,146,203,-473,0
1,6,146,204,-473,0
1,6,146,205,-473,-11
1,6,146,206,-473,-24
1,6,146,220,-473,0
1,6,146,223,-473,0
1,6,146,224,-473,0
1,6,146,224,-473,10
1,6,146,225,-473,0
1,6,146,225,-473,10
1,6,146,226,-473,0
1,6,146,227,-473,0
1,6,146,228,-473,0
1,6,146,230,-473,0
1,6,146,231,-473,0
1,6,146,234,-473,0
1,6,146,235,-473,0
1,6,147,184,-150,363
1,6,156,188,-478,-144
1,6,156,189,-500,0
1,6,161,202,-500,0
2,5,138,204,-28,287
2,5,147,191,17,-19
2,5,168,234,-500,25
2,5,170,242,-345,-361
2,5,173,190,-443,-33
2,5,173,245,-361,-345
2,5,173,245,-353,-353
2,5,174,192,-443,-33
2,5,174,246,-353,-353
2,5,174,247,-353,-353
2,5,176,124,-500,0
2,5,176,248,-353,-353
2,5,177,188,-471,0
2,5,177,191,-469,-46
2,5,177,248,-353,-353
2,5,177,249,-345,-361
2,5,178,187,-471,23
2,5,178,188,-473,0
2,5,178,188,-471,23
2,5,178,189,-471,-11
2,5,178,190,-471,-24
2,5,178,190,-471,23
2,5,178,190,-469,-46
2,5,178,191,-471,23
2,5,178,192,-471,23
2,5,178,193,-471,23
2,5,178,194,-471,23
2,5,178,195,-471,23
2,5,178,196,-471,23
2,5,178,197,-471,23
2,5,178,198,-471,23
2,5,178,199,-471,23
2,5,178,200,-471,23
2,5,178,201,-471,23
2,5,178,250,-353,-353
2,5,178,250,-345,-361
2,5,180,195,-444,0
2,5,183,196,-444,22
2,5,187,200,-417,30
2,5,188,147,-353,353
2,5,198,188,-340,0
2,5,198,191,-340,-8
2,5,198,192,-339,-25
2,5,198,193,-339,-33
2,5,198,203,-490,97
2,5,199,186,-340,17
2,5,199,187,-340,17
2,5,199,188,-340,0
2,5,199,188,-340,17
2,5,199,189,-340,0
2,5,199,189,-340,17
2,5,199,190,-340,-17
2,5,199,190,-340,-8
2,5,199,190,-340,17
2,5,199,191,-340,-17
2,5,199,191,-340,-8
2,5,199,191,-340,17
2,5,199,192,-340,17
2,5,199,193,-340,17
2,5,199,193,-339,-33
2,5,199,194,-340,17
2,5,199,195,-340,17
2,5,199,196,-340,17
2,5,199,196,-335,-58
2,5,199,197,-340,17
2,5,199,198,-340,17
2,5,199,199,-340,17
2,5,199,200,-340,17
2,5,200,193,-314,0
2,5,200,194,-314,0
2,5,200,195,-314,0
2,5,200,196,-314,0
2,5,200,201,-314,0
2,5,201,176,-478,144
1,4,108,144,-217,96
1,4,110,148,-117,62
1,4,139,151,0,-235
1,4,139,164,-109,-488
1,4,139,164,-85,-492
1,4,140,122,-25,500
1,4,142,145,-442,-66
1,4,143,142,-446,-33
1,4,145,162,-203,-457
1,4,145,163,-203,-457
1,4,146,145,-468,-70
2,3,131,148,-190,317
2,3,132,147,8,369
2,3,132,148,0,369
2,3,132,148,29,42
2,3,132,148,161,302
2,3,133,141,-263,175
2,3,133,141,-258,181
2,3,135,148,-199,371
2,3,136,148,22,12
2,3,136,148,26,0
2,3,138,140,-121,99
2,3,139,146,147,-61
2,3,139,162,0,-26
2,3,146,193,-132,-482
2,3,148,198,-132,-482
2,3,150,172,-140,-425
2,3,151,176,-148,-450
2,3,159,108,-209,0
2,3,159,123,-342,7
2,3,162,123,-290,14
2,3,181,173,-361,-345
2,3,182,173,-361,-345
2,3,185,164,-359,-344
2,3,185,166,-359,-344
2,3,185,167,-351,-351
2,3,185,168,-359,-344
2,3,185,176,-351,-351
2,3,185,177,-359,-344
2,3,186,123,-500,0
2,3,188,171,-333,-333
2,3,188,180,-333,-333
2,3,189,157,-340,-325
2,3,189,162,-340,-325
2,3,189,165,-340,-325
2,3,189,167,-340,-325
2,3,189,169,-340,-325
2,3,189,171,-340,-325
2,3,189,180,-340,-325
2,3,192,174,-321,-307
2,3,194,152,-421,-267
2,3,204,129,-498,37
2,3,204,132,-500,0
