6,40,228,1218,-361,345
6,40,233,1236,-66,294
6,40,236,1233,-23,447
6,40,263,1234,-300,366
8,40,250,1249,350,233
8,40,276,1233,0,447
8,40,291,1236,-500,0
5,39,224,1176,0,500
5,39,224,1178,0,340
5,39,247,1187,-264,357
5,39,255,1187,-335,371
5,39,256,1189,-345,361
125,8,3952,288,156,-474
125,8,3953,256,97,490
125,8,3953,269,438,87
125,8,3958,267,148,278
125,8,3983,267,64,-114
124,7,3892,220,500,0
124,7,3895,222,335,0
124,7,3896,221,314,0
124,7,3896,224,314,0
124,7,3896,226,314,0
124,7,3896,227,314,0
124,7,3896,254,314,0
124,7,3896,256,314,0
124,7,3896,257,314,0
124,7,3896,258,314,0
124,7,3896,259,314,0
124,7,3896,260,314,0
124,7,3896,261,314,0
124,7,3896,264,314,0
124,7,3896,265,314,0
124,7,3896,266,314,0
124,7,3896,267,314,0
124,7,3897,221,340,0
124,7,3897,223,340,-17
124,7,3897,223,340,-8
124,7,3899,221,340,0
124,7,3899,222,340,-17
124,7,3905,295,353,-353
124,7,3907,258,392,0
124,7,3908,292,353,-353
124,7,3911,256,418,0
124,7,3911,257,418,0
124,7,3911,259,418,0
124,7,3911,260,418,0
124,7,3911,261,418,0
124,7,3911,264,418,0
124,7,3911,266,418,0
124,7,3911,267,418,0
124,7,3912,288,353,-353
124,7,3926,299,327,-342
124,7,3928,221,395,0
124,7,3939,171,169,382
124,7,3953,267,33,338
124,7,3954,285,217,326
124,7,3956,304,0,-407
124,7,3957,273,27,286
124,7,3958,269,101,152
124,7,3958,269,116,173
124,7,3958,271,20,208
124,7,3958,276,0,0
125,6,3925,207,498,48
125,6,3935,221,500,0
125,6,3935,222,498,-37
125,6,3936,220,478,-144
125,6,3936,220,500,0
125,6,3936,221,500,0
125,6,3938,221,494,-74
125,6,3938,221,496,-60
125,6,3938,221,500,0
125,6,3939,195,316,386
125,6,3939,221,494,-74
125,6,3940,221,492,-85
125,6,3945,220,473,0
125,6,3950,205,440,76
125,6,3950,230,167,-470
125,6,3956,203,320,71
125,6,3956,226,0,-500
125,6,3974,211,210,15
125,6,3979,212,0,0
125,6,3983,212,83,62
124,11,3893,362,500,0
124,11,3901,323,500,0
124,11,3902,324,405,0
124,11,3903,323,366,0
124,11,3903,324,387,0
124,11,3903,324,405,0
124,11,3904,323,366,0
124,11,3904,324,387,0
124,11,3905,321,392,8
124,11,3906,321,392,8
124,11,3906,322,392,0
124,11,3907,306,374,187
124,11,3907,308,332,332
124,11,3907,308,340,325
124,11,3907,309,332,332
124,11,3907,309,340,325
124,11,3907,311,332,332
124,11,3907,312,332,332
124,11,3907,312,340,325
124,11,3907,313,332,332
124,11,3907,313,340,325
124,11,3907,314,332,332
124,11,3907,319,332,332
124,11,3907,320,332,332
124,11,3907,321,332,332
124,11,3907,322,332,332
124,11,3907,322,392,19
124,11,3907,323,332,332
124,11,3907,324,332,332
124,11,3907,326,332,332
124,11,3907,327,340,325
124,11,3907,328,332,332
124,11,3907,329,332,332
124,11,3907,331,332,332
124,11,3907,335,451,-212
124,11,3918,380,209,0
124,11,3923,333,412,82
124,11,3925,380,157,0
124,11,3936,382,212,-451
124,11,3942,344,-364,-55
124,11,3947,329,185,0
124,11,3948,327,185,0
124,11,3949,326,133,0
124,11,3949,342,-419,41
124,11,3955,332,40,181
124,11,3960,331,-164,-82
124,11,3961,333,254,-188
124,11,3966,331,-117,-58
124,11,3970,331,18,17
124,11,3971,331,-18,-19
124,11,3978,339,-128,28
125,10,3935,323,500,0
125,10,3936,323,500,0
125,10,3936,324,500,0
125,10,3937,323,500,25
125,10,3937,324,500,0
125,10,3938,323,496,60
125,10,3938,323,500,0
125,10,3939,323,494,74
125,10,3939,323,500,0
125,10,3947,359,224,-447
125,10,3950,313,167,470
125,10,3961,340,78,0
125,10,3976,336,328,98
125,10,3984,331,-7,-104
125,10,3984,333,-231,-46
125,10,3984,340,-162,302
124,9,3891,322,485,11
124,9,3891,323,500,0
124,9,3892,323,485,0
124,9,3893,323,500,0
124,9,3894,323,500,0
124,9,3894,324,340,0
124,9,3894,337,482,-132
124,9,3895,324,335,0
124,9,3896,290,314,0
124,9,3896,291,314,0
124,9,3896,292,314,0
124,9,3896,295,314,0
124,9,3896,298,314,0
124,9,3896,303,314,0
124,9,3896,305,314,0
124,9,3896,307,314,0
124,9,3896,309,314,0
124,9,3896,312,314,0
124,9,3896,313,314,0
124,9,3896,314,314,0
124,9,3896,316,314,0
124,9,3896,317,314,0
124,9,3896,318,314,0
124,9,3896,319,314,0
124,9,3896,320,314,0
124,9,3896,321,312,23
124,9,3896,321,314,0
124,9,3896,321,314,15
124,9,3896,322,314,7
124,9,3896,323,314,0
124,9,3896,324,335,0
124,9,3896,325,340,-8
124,9,3898,321,340,7
124,9,3898,324,340,0
124,9,3899,289,340,0
124,9,3899,320,338,25
124,9,3899,324,361,0
124,9,3902,299,330,209
124,9,3903,324,387,0
124,9,3904,334,482,-132
124,9,3907,323,500,0
124,9,3908,252,353,353
124,9,3911,320,418,0
124,9,3911,321,416,30
124,9,3911,321,418,0
124,9,3911,322,416,30
124,9,3911,322,418,21
124,9,3911,323,418,0
124,9,3911,323,500,0
124,9,3913,323,473,0
124,9,3914,321,444,22
124,9,3914,322,444,22
124,9,3914,324,444,0
124,9,3915,324,444,0
124,9,3917,324,471,-24
124,9,3918,324,353,353
124,9,3920,322,471,0
124,9,3921,323,447,0
124,9,3924,324,414,0
124,9,3925,324,414,0
124,9,3928,323,395,0
124,9,3929,324,387,0
124,9,3931,322,369,8
124,9,3932,324,361,0
124,9,3935,313,235,0
124,9,3954,339,68,-228
125,116,3935,3741,500,0
125,116,3935,3742,498,-37
125,116,3936,3740,478,-144
125,116,3936,3740,500,0
125,116,3936,3741,500,0
125,116,3937,3741,500,0
125,116,3938,3741,496,-60
125,116,3947,3699,191,462
125,116,3948,3749,212,-451
125,116,3950,3750,167,-470
125,116,3956,3710,0,500
125,116,3956,3746,0,-500
125,116,3979,3732,-14,21
125,116,3984,3731,207,-111
125,116,3987,3727,-77,-137
124,117,3891,3741,500,0
124,117,3892,3740,500,0
124,117,3893,3741,500,0
124,117,3895,3742,335,0
124,117,3896,3743,340,-8
124,117,3896,3756,314,0
124,117,3896,3759,314,0
124,117,3896,3761,314,0
124,117,3896,3762,314,0
124,117,3896,3764,314,0
124,117,3896,3765,314,0
124,117,3896,3770,314,0
124,117,3896,3773,314,0
124,117,3896,3776,314,0
124,117,3896,3778,314,0
124,117,3896,3779,314,0
124,117,3896,3781,314,0
124,117,3896,3782,314,0
124,117,3896,3783,314,0
124,117,3896,3784,314,0
124,117,3896,3786,314,0
124,117,3896,3787,314,0
124,117,3897,3743,340,-17
124,117,3899,3741,340,0
124,117,3899,3742,340,-17
124,117,3899,3742,361,0
124,117,3905,3815,353,-353
124,117,3908,3812,353,-353
124,117,3909,3801,257,-45
124,117,3911,3776,418,0
124,117,3911,3779,418,0
124,117,3911,3781,418,0
124,117,3911,3783,418,0
124,117,3911,3784,418,0
124,117,3911,3787,418,0
124,117,3912,3808,353,-353
124,117,3920,3783,471,0
124,117,3925,3784,444,0
124,117,3946,3786,287,0
124,117,3949,3695,87,438
124,117,3956,3791,17,182
125,118,3949,3788,464,92
125,118,3953,3776,97,490
125,118,3953,3789,438,87
125,118,3958,3787,148,278
125,118,3979,3796,167,130
125,118,3984,3787,0,-26
124,119,3891,3843,500,0
124,119,3894,3857,482,-132
124,119,3895,3840,500,25
124,119,3896,3796,314,0
124,119,3896,3799,314,0
124,119,3896,3801,314,0
124,119,3896,3822,314,0
124,119,3896,3823,314,0
124,119,3896,3826,314,0
124,119,3896,3827,314,0
124,119,3896,3828,314,0
124,119,3896,3829,314,0
124,119,3896,3830,314,0
124,119,3896,3831,314,0
124,119,3896,3832,314,0
124,119,3896,3833,314,0
124,119,3896,3834,314,0
124,119,3896,3835,314,0
124,119,3896,3836,314,0
124,119,3896,3837,314,0
124,119,3896,3838,314,0
124,119,3896,3840,314,0
124,119,3896,3841,314,0
124,119,3896,3843,314,0
124,119,3896,3845,340,-8
124,119,3899,3787,340,0
124,119,3899,3844,361,0
124,119,3900,3789,366,-8
124,119,3900,3845,366,-8
124,119,3901,3789,366,-18
124,119,3904,3845,392,-9
124,119,3904,3854,482,-132
124,119,3911,3840,418,0
124,119,3911,3841,418,0
124,119,3911,3843,418,0
124,119,3911,3843,500,0
124,119,3913,3843,473,0
124,119,3921,3843,447,0
124,119,3932,3790,0,-185
124,119,3936,3801,-246,-235
124,119,3943,3785,28,-391
124,119,3956,3730,0,500
125,120,3935,3843,500,0
125,120,3936,3843,500,0
125,120,3936,3844,500,0
125,120,3937,3844,500,0
125,120,3938,3843,496,60
125,120,3939,3843,494,74
125,120,3939,3843,500,0
125,120,3944,3845,462,191
125,120,3946,3882,178,-378
125,120,3952,3870,203,-457
125,120,3956,3871,228,45
124,121,3897,3848,500,0
124,121,3902,3844,405,0
124,121,3902,3844,500,0
124,121,3903,3843,366,0
124,121,3903,3844,387,0
124,121,3903,3844,405,0
124,121,3903,3844,407,0
124,121,3904,3843,366,0
124,121,3904,3844,387,0
124,121,3906,3841,392,8
124,121,3906,3842,392,0
124,121,3906,3844,414,0
124,121,3906,3844,419,0
124,121,3907,3828,332,332
124,121,3907,3828,340,325
124,121,3907,3829,332,332
124,121,3907,3829,340,325
124,121,3907,3830,332,332
124,121,3907,3831,332,332
124,121,3907,3832,332,332
124,121,3907,3832,340,325
124,121,3907,3834,332,332
124,121,3907,3835,332,332
124,121,3907,3836,332,332
124,121,3907,3837,332,332
124,121,3907,3838,332,332
124,121,3907,3839,332,332
124,121,3907,3842,332,332
124,121,3907,3843,332,332
124,121,3907,3846,332,332
124,121,3912,3901,488,-109
124,121,3930,3918,341,-240
124,121,3937,3897,223,-418
124,121,3944,3819,136,453
124,121,3949,3846,133,0
124,121,3956,3842,229,-57
124,121,3960,3859,316,-7
124,121,3961,3853,254,-188
124,121,3966,3851,-117,-58
124,121,3968,3851,-60,-85
124,121,3970,3851,18,17
123,13,3873,393,500,-11
123,13,3873,394,500,-11
123,13,3874,391,500,-11
123,13,3874,392,500,-11
123,13,3877,394,500,-25
123,13,3878,388,500,0
123,13,3878,389,492,85
123,13,3878,390,500,0
123,13,3881,394,464,92
123,13,3881,418,473,0
123,13,3882,390,498,-37
123,13,3885,438,490,-97
123,13,3888,388,438,181
123,13,3891,393,428,129
123,13,3891,412,421,0
123,13,3893,396,303,75
123,13,3896,394,433,108
123,13,3898,391,453,136
123,13,3899,390,445,158
123,13,3899,391,449,148
123,13,3900,394,433,108
123,13,3907,353,325,340
123,13,3912,487,361,-345
123,13,3913,368,353,353
123,13,3913,375,345,361
123,13,3914,364,353,353
123,13,3914,368,353,353
123,13,3915,361,353,353
123,13,3915,368,353,353
123,13,3916,375,345,361
123,13,3916,378,345,361
123,13,3916,379,345,361
123,13,3928,395,153,-307
123,13,3930,401,-171,-120
123,13,3932,403,-187,-100
123,13,3933,401,-212,0
123,13,3937,399,171,-164
123,13,3941,394,350,233
123,13,3941,398,-64,-256
123,13,3942,403,-166,-83
123,13,3943,341,132,482
123,13,3956,396,0,0
124,12,3891,380,500,0
124,12,3891,381,500,0
124,12,3891,388,500,0
124,12,3892,380,500,0
124,12,3901,410,482,-132
124,12,3902,358,402,296
124,12,3905,353,340,325
124,12,3905,354,340,325
124,12,3906,354,340,325
124,12,3907,339,332,332
124,12,3907,340,332,332
124,12,3907,341,332,332
124,12,3907,342,332,332
124,12,3907,343,332,332
124,12,3907,344,332,332
124,12,3907,344,340,325
124,12,3907,345,332,332
124,12,3907,345,340,325
124,12,3907,346,332,332
124,12,3907,347,332,332
124,12,3907,348,332,332
124,12,3907,349,332,332
124,12,3907,350,332,332
124,12,3907,351,316,349
124,12,3907,351,332,332
124,12,3907,352,332,332
124,12,3907,353,332,332
124,12,3907,354,332,332
124,12,3907,354,340,325
124,12,3908,354,332,332
124,12,3911,356,358,343
124,12,3917,380,473,0
124,12,3920,388,445,33
124,12,3924,384,-187,348
124,12,3924,404,225,-158
124,12,3932,372,291,304
124,12,3933,372,291,304
124,12,3934,370,291,304
124,12,3934,371,291,304
124,12,3937,387,264,0
124,12,3937,400,281,70
124,12,3938,374,-87,438
124,12,3940,326,441,236
124,12,3940,401,255,63
124,12,3941,370,-89,450
124,12,3941,371,-282,344
124,12,3941,401,232,51
124,12,3942,342,156,474
124,12,3944,335,109,488
124,12,3944,335,148,449
124,12,3945,334,121,484
124,12,3945,373,141,396
124,12,3949,364,-242,100
124,12,3949,367,-242,100
124,12,3952,369,-208,-20
124,12,3956,307,0,500
124,12,3956,357,26,-1
124,12,3956,368,0,0
124,12,3956,369,377,-239
124,12,3956,370,167,-251
124,12,3956,371,167,-251
124,12,3958,369,248,88
124,5,3903,221,392,0
124,5,3903,221,500,0
124,5,3903,222,387,-9
124,5,3903,224,431,-32
124,5,3904,222,392,0
124,5,3904,223,391,-29
124,5,3904,225,444,-33
124,5,3904,234,321,-307
124,5,3904,239,321,-307
124,5,3905,222,391,-29
124,5,3905,222,392,0
124,5,3905,223,391,-29
124,5,3905,223,392,-9
124,5,3905,224,419,-21
124,5,3906,220,392,0
124,5,3906,223,392,-9
124,5,3907,220,392,0
124,5,3907,221,392,0
124,5,3907,224,457,-34
124,5,3908,235,340,-325
124,5,3908,236,340,-325
124,5,3909,222,418,0
124,5,3909,224,470,-46
124,5,3911,227,351,-351
124,5,3911,231,351,-351
124,5,3911,232,351,-351
124,5,3921,215,428,-129
124,5,3930,126,285,233
124,5,3939,126,50,121
124,5,3942,139,238,0
124,5,3944,244,156,-474
124,5,3959,204,-234,-23
124,5,3959,204,116,105
124,5,3959,208,338,50
124,5,3962,212,-212,301
124,5,3962,212,-23,11
124,5,3962,212,-6,51
124,5,3962,212,-5,51
124,5,3962,212,0,0
124,5,3963,212,-23,11
124,5,3964,105,0,473
124,5,3968,212,0,0
124,5,3981,137,457,125
123,123,3869,3916,465,-70
123,123,3873,3913,500,-11
123,123,3874,3910,500,-11
123,123,3874,3912,500,-11
123,123,3877,3914,500,-25
123,123,3878,3910,500,0
123,123,3882,3910,500,0
123,123,3885,3958,490,-97
123,123,3889,3907,434,142
123,123,3895,3908,257,129
123,123,3899,3911,449,148
123,123,3900,3914,433,108
123,123,3915,3881,353,353
123,123,3916,3899,345,361
123,123,3956,3912,0,264
123,123,3956,3914,0,-104
124,122,3891,3900,500,0
124,122,3891,3908,500,0
124,122,3902,3877,402,296
124,122,3902,3878,402,296
124,122,3905,3873,340,325
124,122,3905,3874,340,325
124,122,3906,3874,340,325
124,122,3907,3861,332,332
124,122,3907,3862,332,332
124,122,3907,3863,332,332
124,122,3907,3864,332,332
124,122,3907,3864,340,325
124,122,3907,3866,332,332
124,122,3907,3868,332,332
124,122,3907,3869,332,332
124,122,3907,3870,332,332
124,122,3907,3871,316,349
124,122,3907,3872,332,332
124,122,3907,3873,332,332
124,122,3907,3880,353,353
124,122,3908,3874,332,332
124,122,3911,3865,358,343
124,122,3915,3917,494,74
124,122,3924,3915,408,101
124,122,3926,3923,148,-278
124,122,3932,3892,291,304
124,122,3934,3890,291,304
124,122,3934,3891,291,304
124,122,3937,3886,136,453
124,122,3940,3892,211,394
124,122,3944,3855,109,488
124,122,3948,3828,179,466
124,122,3956,3890,167,-251
124,115,3898,3658,340,0
124,115,3901,3667,451,212
124,115,3902,3741,500,0
124,115,3903,3741,500,0
124,115,3903,3742,387,-9
124,115,3904,3742,392,0
124,115,3904,3743,391,-29
124,115,3904,3744,444,-33
124,115,3904,3759,321,-307
124,115,3905,3742,391,-29
124,115,3905,3742,392,0
124,115,3905,3744,429,-42
124,115,3906,3740,392,0
124,115,3906,3741,392,0
124,115,3907,3740,392,0
124,115,3907,3741,392,0
124,115,3908,3756,340,-325
124,115,3909,3742,418,0
124,115,3911,3752,351,-351
124,115,3921,3624,345,361
124,115,3924,3740,345,-361
124,115,3925,3756,497,0
124,115,3933,3634,195,277
124,115,3936,3624,345,361
124,115,3937,3643,274,353
124,115,3941,3707,35,-206
124,115,3944,3738,417,-224
124,115,3944,3764,156,-474
124,115,3955,3724,138,-119
124,115,3956,3726,387,-77
124,115,3956,3736,0,0
124,115,3957,3724,153,-34
124,115,3958,3724,305,-84
124,115,3958,3731,0,314
124,115,3959,3732,0,0
124,115,3962,3732,-212,301
124,115,3963,3732,-7,51
124,115,3964,3732,-23,11
124,115,3964,3732,35,-39
40,119,1216,3836,500,0
40,119,1216,3839,402,-296
40,119,1220,3844,500,0
40,119,1224,3841,441,-236
40,119,1232,3809,191,462
40,119,1234,3806,85,489
39,120,1171,3875,500,0
39,120,1173,3841,393,-38
39,120,1173,3875,500,0
39,120,1176,3838,311,37
39,120,1176,3838,312,30
39,120,1176,3875,314,0
39,120,1176,3877,340,-8
39,120,1177,3838,340,-8
39,120,1177,3840,338,25
39,120,1177,3875,500,0
39,120,1179,3836,340,0
39,120,1180,3836,340,0
39,120,1191,3875,418,0
39,120,1197,3876,471,-24
39,120,1199,3844,392,0
39,120,1202,3901,423,-212
39,120,1236,3821,0,-290
39,120,1253,3892,25,2
5,122,193,3870,-217,226
5,122,194,3870,-217,226
5,122,211,3846,-351,351
5,122,212,3846,-351,351
5,122,220,3864,0,395
5,122,222,3832,-17,340
5,122,224,3834,0,340
5,122,224,3835,0,340
5,122,225,3871,-41,205
5,122,225,3872,-27,180
5,122,230,3834,-66,333
5,122,232,3831,0,314
5,122,233,3831,0,314
5,122,234,3831,0,314
5,122,235,3831,0,314
5,122,237,3872,0,183
5,122,238,3872,0,209
5,122,238,3874,0,183
5,122,238,3876,0,130
5,122,240,3873,0,235
5,122,242,3836,-193,341
5,122,246,3835,-180,319
5,122,250,3863,-198,369
5,122,252,3846,-351,351
5,122,257,3908,75,72
5,122,270,3917,-62,115
5,122,273,3886,-468,70
5,122,277,3849,-345,361
2,121,82,3924,58,-337
2,121,147,3842,-85,492
2,121,147,3843,-85,492
2,121,148,3838,-114,458
2,121,148,3843,-85,492
2,121,149,3833,-121,484
2,121,150,3829,-121,484
2,121,152,3824,-121,484
2,121,153,3819,-277,416
2,121,155,3814,-441,236
2,121,160,3812,-500,0
2,121,161,3868,-291,304
2,121,162,3869,-304,291
2,121,165,3846,-287,408
2,121,169,3849,-327,342
2,121,169,3860,-327,342
2,121,171,3846,-361,345
2,121,174,3843,-353,353
2,121,178,3874,-314,0
2,121,182,3849,-353,353
2,121,185,3877,-498,-37
2,121,188,3827,-340,325
2,121,188,3827,-333,332
2,121,188,3829,-340,325
2,121,188,3841,-340,325
2,121,188,3842,-340,325
2,121,189,3829,-340,325
2,121,189,3838,-316,349
2,121,189,3841,-340,325
2,121,189,3842,-340,325
2,121,189,3876,-500,0
2,121,190,3842,-340,325
2,121,190,3871,-498,-37
2,121,193,3826,-378,326
2,121,193,3829,-378,326
2,121,194,3876,-500,0
2,121,195,3869,-500,-11
2,121,199,3876,-500,0
2,121,200,3871,-498,-37
2,121,204,3869,-500,0
2,121,204,3876,-500,0
2,121,205,3879,-498,-37
2,120,124,3819,-25,-5
2,120,132,3819,-26,-3
2,120,138,3819,-25,-8
2,120,152,3782,-144,478
2,120,169,3875,-375,-113
2,120,181,3814,-500,0
2,120,188,3802,-340,325
2,120,188,3817,-340,325
2,120,188,3817,-333,332
2,120,189,3811,-392,0
2,120,189,3817,-340,325
2,120,189,3868,-500,0
2,120,190,3807,-441,53
2,120,190,3809,-392,8
2,120,191,3809,-392,19
2,120,191,3809,-391,28
2,120,191,3812,-497,0
2,120,192,3812,-366,0
2,120,193,3807,-428,51
2,120,193,3809,-366,8
2,120,193,3816,-378,326
2,120,194,3802,-490,97
2,120,196,3804,-494,74
2,120,204,3868,-500,0
2,117,139,3788,-175,262
2,117,139,3819,383,-85
2,117,146,3789,-74,-494
2,117,169,3748,-418,0
2,117,169,3749,-418,0
2,117,169,3752,-418,0
2,117,169,3753,-418,0
2,117,169,3762,-418,0
2,117,169,3766,-418,0
2,117,169,3769,-418,0
2,117,169,3779,-418,0
2,117,173,3765,-444,0
2,117,174,3811,-500,0
2,117,178,3731,-471,23
2,117,178,3732,-471,23
2,117,178,3733,-471,23
2,117,178,3734,-471,23
2,117,178,3735,-471,23
2,117,178,3736,-471,23
2,117,178,3737,-471,23
2,117,178,3738,-471,23
2,117,178,3739,-471,23
2,117,178,3741,-471,23
2,117,178,3743,-471,23
2,117,178,3745,-471,23
2,117,178,3749,-471,23
2,117,178,3751,-471,23
2,117,178,3752,-471,23
2,117,178,3753,-471,23
2,117,178,3754,-471,23
2,117,178,3756,-471,23
2,117,178,3758,-471,23
2,117,178,3760,-471,23
2,117,178,3762,-471,23
2,117,178,3763,-471,23
2,117,178,3764,-471,23
2,117,178,3765,-471,23
2,117,178,3766,-471,23
2,117,178,3767,-471,23
2,117,178,3768,-471,23
2,117,178,3770,-471,23
2,117,178,3774,-471,23
2,117,178,3775,-471,23
2,117,178,3776,-471,23
2,117,178,3777,-471,23
2,117,178,3778,-471,23
2,117,180,3777,-444,0
2,117,180,3811,-500,0
2,117,185,3709,-500,0
2,117,199,3729,-340,17
2,117,199,3730,-340,17
2,117,199,3731,-340,17
2,117,199,3732,-340,17
2,117,199,3733,-340,17
2,117,199,3734,-340,17
2,117,199,3735,-340,17
2,117,199,3736,-340,17
2,117,199,3737,-340,17
2,117,199,3738,-340,17
2,117,199,3740,-340,17
2,117,199,3742,-340,17
2,117,199,3744,-340,17
2,117,199,3746,-340,17
2,117,199,3747,-340,17
2,117,199,3748,-340,17
2,117,199,3749,-340,17
2,117,199,3750,-340,17
2,117,199,3751,-340,17
2,117,199,3752,-340,17
2,117,199,3753,-340,17
2,117,199,3755,-340,17
2,117,199,3757,-340,17
2,117,199,3758,-340,17
2,117,199,3759,-340,17
2,117,199,3760,-340,17
2,117,199,3761,-340,17
2,117,199,3762,-340,17
2,117,199,3763,-340,17
2,117,199,3764,-340,17
2,117,199,3765,-340,17
2,117,199,3766,-340,17
2,117,199,3767,-340,17
2,117,199,3768,-340,17
2,117,199,3769,-340,17
2,117,199,3772,-340,17
2,117,199,3773,-340,17
2,117,199,3774,-340,17
2,117,199,3775,-340,17
2,117,199,3776,-340,17
2,117,199,3777,-340,17
2,117,199,3778,-340,17
2,117,199,3780,-340,17
2,117,200,3731,-314,0
2,117,200,3754,-314,0
2,117,200,3761,-314,0
2,117,200,3777,-314,0
2,115,68,3633,0,447
2,115,132,3729,-115,322
2,115,137,3728,-31,315
2,115,138,3729,-88,247
2,115,139,3735,-23,-12
2,115,139,3736,-26,0
2,115,139,3737,-23,-12
2,115,139,3737,0,130
2,115,139,3738,-14,-21
2,115,140,3622,-394,306
2,115,145,3738,-182,102
2,115,173,3710,-444,-10
2,115,173,3710,-443,-33
2,115,173,3765,-353,-353
2,115,174,3710,-444,-10
2,115,174,3766,-361,-345
2,115,176,3768,-345,-361
2,115,177,3708,-471,0
2,115,177,3711,-469,-46
2,115,177,3769,-345,-361
2,115,178,3710,-471,-24
2,115,178,3711,-471,23
2,115,178,3713,-471,23
2,115,178,3715,-471,23
2,115,178,3717,-471,23
2,115,178,3719,-471,23
2,115,178,3720,-471,23
2,115,178,3721,-471,23
2,115,180,3718,-444,0
2,115,180,3721,-444,0
2,115,183,3713,-438,-76
2,115,184,3681,-496,60
2,115,184,3708,-440,0
2,115,185,3709,-500,0
2,115,185,3709,-418,0
2,115,191,3729,-392,19
2,115,192,3740,-366,0
2,115,194,3652,-500,0
2,115,195,3652,-500,0
2,115,195,3729,-366,18
2,115,196,3731,-340,0
2,115,198,3708,-340,0
2,115,198,3712,-339,-25
2,115,198,3713,-339,-33
2,115,199,3706,-340,17
2,115,199,3708,-340,17
2,115,199,3709,-340,0
2,115,199,3710,-340,-8
2,115,199,3710,-340,17
2,115,199,3711,-340,-17
2,115,199,3712,-340,17
2,115,199,3712,-339,-25
2,115,199,3714,-340,17
2,115,199,3715,-340,17
2,115,199,3715,-336,-50
2,115,199,3716,-340,17
2,115,199,3716,-335,-58
2,115,199,3717,-340,17
2,115,199,3718,-340,17
2,115,199,3719,-340,17
2,115,199,3720,-340,17
2,115,200,3708,-335,0
2,115,200,3709,-314,0
2,115,200,3718,-314,0
2,115,200,3720,-314,0
2,115,200,3721,-314,0
2,115,200,3723,-323,-106
2,115,202,3708,-407,0
2,115,204,3678,-495,48
2,115,204,3684,-500,0
2,115,205,3679,-495,36
2,115,205,3709,-500,0
1,116,110,3732,-219,228
1,116,132,3723,-78,0
1,116,141,3708,-167,470
1,116,141,3729,-442,-66
1,116,142,3730,-442,-66
1,116,145,3709,-203,457
1,116,153,3702,-287,408
1,116,156,3708,-478,-144
1,116,156,3747,-361,-345
1,116,158,3711,-421,267
1,119,139,3801,0,500
1,119,147,3850,-179,-466
1,119,156,3811,-381,281
1,119,157,3810,-494,74
1,119,157,3811,-494,74
1,119,158,3811,-496,60
1,119,160,3811,-500,0
1,119,160,3812,-500,0
1,119,160,3812,-488,109
1,119,161,3813,-484,121
1,119,163,3815,-494,74
2,118,145,3756,-148,449
2,118,146,3791,130,0
2,118,169,3768,-418,0
2,118,173,3792,-444,0
2,118,174,3809,-444,0
2,118,177,3807,-471,23
2,118,178,3765,-471,23
2,118,178,3770,-471,23
2,118,178,3772,-471,23
2,118,178,3790,-471,23
2,118,178,3796,-471,23
2,118,178,3798,-471,23
2,118,178,3800,-471,23
2,118,178,3804,-471,23
2,118,178,3806,-471,23
2,118,178,3807,-471,23
2,118,178,3808,-471,23
2,118,178,3809,-471,23
2,118,182,3809,-444,22
2,118,183,3804,-444,22
2,118,183,3806,-444,22
2,118,188,3812,-500,-25
2,118,189,3811,-500,0
2,118,197,3809,-339,25
2,118,198,3806,-340,7
2,118,198,3806,-340,17
2,118,198,3807,-340,17
2,118,199,3762,-340,17
2,118,199,3764,-340,17
2,118,199,3767,-340,17
2,118,199,3769,-340,17
2,118,199,3771,-340,17
2,118,199,3782,-340,17
2,118,199,3787,-340,17
2,118,199,3789,-340,17
2,118,199,3791,-340,17
2,118,199,3792,-340,17
2,118,199,3795,-340,17
2,118,199,3796,-340,17
2,118,199,3797,-340,17
2,118,199,3799,-340,17
2,118,199,3800,-340,17
2,118,199,3801,-340,17
2,118,199,3803,-340,17
2,118,199,3804,-340,17
2,118,199,3805,-340,17
2,118,199,3806,-340,17
2,118,199,3807,-340,17
2,118,199,3808,-340,17
2,118,199,3809,-340,-8
2,118,199,3809,-340,17
2,118,200,3806,-314,0
2,118,200,3810,-314,0
2,118,201,3811,-340,0
2,118,203,3811,-500,0
2,118,204,3811,-500,0
3,122,139,3864,0,395
3,122,139,3885,-93,-174
3,122,165,3882,-131,-317
3,122,175,3871,-335,371
3,122,176,3844,-277,416
3,122,179,3882,-462,103
3,122,182,3846,-335,371
3,122,191,3883,-407,111
3,122,195,3882,-433,108
3,122,200,3876,-466,179
3,122,200,3881,-459,114
3,122,201,3877,-474,156
3,122,201,3877,-470,167
3,122,205,3881,-488,109
3,122,206,3891,-447,0
3,122,229,3890,-494,74
3,122,235,3947,-451,212
18,96,570,3000,74,494
18,96,572,2999,30,312
18,96,575,2999,7,314
18,96,576,3000,17,340
18,96,576,3002,0,340
18,96,606,2999,0,314
18,96,612,2994,0,500
18,96,694,3060,-500,0
18,96,697,3058,-500,0
108,31,3380,1040,500,11
108,31,3390,1034,500,11
108,31,3400,1035,500,0
108,31,3484,1071,0,-447
108,31,3506,1096,25,-339
108,31,3507,1070,0,-444
108,31,3508,1070,0,-444
108,31,3509,1066,0,-418
108,31,3509,1096,-17,-340
108,31,3510,1066,0,-418
108,31,3510,1096,-17,-340
108,31,3511,1066,0,-418
108,31,3511,1096,-17,-340
108,31,3512,1066,0,-418
108,31,3512,1096,-17,-340
108,31,3513,1070,0,-444
108,31,3513,1096,-17,-340
108,31,3514,1096,-17,-340
108,31,3522,1047,0,-261
108,31,3523,1096,-17,-340
108,31,3527,1066,0,-418
108,31,3528,1066,0,-418
108,31,3528,1096,-17,-340
108,31,3529,1096,-17,-340
108,31,3530,1096,-17,-340
108,31,3531,1070,-22,-444
108,31,3532,1031,198,-372
108,31,3533,1096,-17,-340
116,33,3644,1091,500,0
116,33,3647,1117,500,0
116,33,3652,1132,340,-325
116,33,3655,1114,351,-351
116,33,3655,1120,351,-351
116,33,3655,1128,351,-351
116,33,3665,1126,373,-290
116,33,3688,1140,156,-474
109,30,3513,1035,500,0
109,30,3531,1038,0,-447
9,93,416,2979,-238,0
9,93,422,2973,-383,85
9,93,425,2978,-418,21
9,93,426,2972,-410,81
9,93,429,2978,-444,10
9,93,430,2978,-444,10
9,93,441,2969,-419,149
9,93,441,2979,-500,0
9,93,447,2953,-337,248
9,93,452,2965,-345,123
9,93,454,2963,-317,122
9,93,455,2970,-332,74
9,93,455,2976,-339,25
9,93,455,2977,-340,17
9,93,455,2977,-339,25
9,93,457,2980,-444,0
9,93,461,2979,-500,0
10,94,404,3004,421,-10
10,94,408,2969,-380,-179
10,94,415,3060,-238,0
10,94,440,2956,-353,353
10,94,445,2979,-392,0
10,94,447,2977,-391,28
10,94,448,2980,-366,0
10,94,450,2980,-500,0
10,94,450,2980,-444,0
10,94,451,2980,-500,0
16,96,510,3011,361,345
16,96,530,2999,0,314
16,96,531,2999,0,314
16,96,534,2999,0,314
16,96,535,2999,0,314
16,96,538,2999,0,314
16,96,539,2999,0,314
16,96,542,2999,0,314
16,96,543,2999,0,314
16,96,544,2999,0,314
16,96,546,2999,0,314
16,96,550,2999,0,314
16,96,568,3000,25,338
16,96,571,2999,0,314
16,96,626,3115,-473,0
16,96,653,3058,-500,11
116,32,3650,1085,340,-325
116,32,3651,1085,340,-325
116,32,3658,1089,287,-408
116,32,3670,1072,316,-386
116,32,3680,1052,158,19
116,32,3693,1085,0,-500
115,31,3633,1035,447,0
115,31,3657,1079,361,-345
115,31,3658,1081,345,-361
115,31,3658,1082,345,-361
115,31,3659,1081,345,-361
115,31,3662,1085,287,-408
115,31,3665,1074,345,-361
115,31,3700,1071,0,-447
113,31,3569,1035,447,0
113,31,3572,999,419,41
113,31,3581,1088,340,-325
113,31,3592,1087,332,-333
113,31,3594,1087,332,-333
113,31,3595,1038,-254,135
113,31,3595,1042,178,-229
113,31,3595,1083,343,-359
113,31,3596,1038,-283,49
113,31,3597,1083,343,-359
113,31,3597,1087,332,-333
113,31,3600,1083,343,-359
113,31,3605,1062,0,-392
113,31,3605,1066,0,-418
113,31,3606,1066,0,-418
113,31,3606,1087,332,-333
113,31,3606,1096,-17,-340
113,31,3607,1066,0,-418
113,31,3607,1096,-17,-340
113,31,3608,1096,-17,-340
113,31,3609,1066,0,-418
113,31,3609,1087,332,-333
113,31,3609,1096,-17,-340
113,31,3610,1066,0,-418
113,31,3610,1096,-17,-340
113,31,3611,1096,-17,-340
113,31,3612,1083,343,-359
113,31,3612,1086,332,-333
113,31,3612,1087,332,-333
113,31,3612,1096,-17,-340
113,31,3613,1096,-17,-340
113,31,3615,1083,343,-359
113,31,3616,1096,-17,-340
113,31,3618,1080,-22,-444
86,8,2772,331,-500,0
86,8,2850,273,-447,10
86,8,2858,270,-416,62
86,8,2859,276,0,-497
86,8,2859,287,0,-418
86,8,2861,273,-442,-66
86,8,2861,292,-121,-484
86,8,2862,274,-442,-66
86,8,2862,292,-97,-490
86,8,2876,291,-500,0
86,8,2876,292,-500,0
86,8,2877,285,-421,-267
86,8,2880,284,-500,0
86,8,2880,284,-466,-81
87,7,2859,305,0,-287
87,7,2859,332,0,-500
87,7,2865,312,-109,-488
87,7,2870,331,-121,-484
87,7,2882,264,-366,0
87,7,2885,220,-392,0
87,7,2889,228,-418,0
87,7,2889,248,-418,0
87,7,2889,251,-418,0
87,7,2893,235,-444,0
87,7,2893,250,-444,0
87,7,2893,314,-361,-345
87,7,2894,221,-447,0
87,7,2898,219,-471,23
87,7,2898,220,-471,23
87,7,2898,221,-471,23
87,7,2898,222,-471,-24
87,7,2898,223,-471,23
87,7,2898,226,-469,34
87,7,2898,230,-471,23
87,7,2898,232,-471,23
87,7,2898,234,-471,23
87,7,2898,246,-471,23
87,7,2898,250,-471,23
87,7,2898,252,-471,23
87,7,2898,254,-471,23
87,7,2898,255,-471,23
87,7,2898,256,-471,23
87,7,2898,257,-471,23
87,7,2898,258,-471,23
87,7,2898,259,-471,23
87,7,2898,260,-471,23
87,7,2898,261,-471,23
87,7,2898,262,-471,23
87,7,2898,263,-471,23
87,7,2898,265,-471,23
87,7,2900,227,-444,10
87,7,2903,254,-444,22
87,7,2903,258,-444,22
87,7,2904,293,-353,-353
87,7,2906,301,-421,-267
87,7,2908,304,-429,-257
87,7,2909,304,-429,-257
87,7,2910,305,-429,-257
87,7,2911,225,-391,28
87,7,2912,284,-366,0
87,7,2915,278,-366,18
87,7,2917,222,-340,-8
87,7,2917,224,-339,25
87,7,2917,227,-340,0
87,7,2918,221,-500,0
87,7,2918,223,-340,-8
87,7,2919,218,-340,17
87,7,2919,219,-340,17
87,7,2919,220,-340,17
87,7,2919,222,-340,17
87,7,2919,223,-340,-8
87,7,2919,225,-340,17
87,7,2919,227,-340,17
87,7,2919,229,-340,17
87,7,2919,231,-340,17
87,7,2919,233,-340,17
87,7,2919,234,-340,17
87,7,2919,242,-340,17
87,7,2919,245,-340,17
87,7,2919,247,-340,17
87,7,2919,249,-340,17
87,7,2919,250,-340,17
87,7,2919,251,-340,17
87,7,2919,252,-340,17
87,7,2919,253,-340,17
87,7,2919,254,-340,17
87,7,2919,255,-340,17
87,7,2919,256,-340,17
87,7,2919,257,-340,17
87,7,2919,258,-340,17
87,7,2919,259,-340,17
87,7,2919,260,-340,17
87,7,2919,261,-340,17
87,7,2919,262,-340,17
87,7,2919,263,-340,17
87,7,2919,264,-340,17
87,7,2920,228,-314,0
87,7,2920,254,-314,0
87,7,2920,258,-314,0
87,7,2921,206,-478,144
87,9,2845,270,-131,196
87,9,2856,275,-167,78
87,9,2859,256,0,78
87,9,2864,249,-98,355
87,9,2876,307,89,188
87,9,2882,322,-290,14
87,9,2894,290,-444,10
87,9,2898,290,-469,34
87,9,2901,323,-500,0
87,9,2904,255,-345,361
87,9,2904,284,-418,0
87,9,2904,288,-415,50
87,9,2904,323,-500,0
87,9,2907,251,-345,361
87,9,2911,248,-345,361
87,9,2911,349,-500,0
87,9,2912,289,-391,28
87,9,2912,323,-500,0
87,9,2912,350,-500,-11
87,9,2913,324,-497,-11
87,9,2913,351,-498,-37
87,9,2914,260,-366,0
87,9,2915,325,-471,-24
87,9,2917,287,-337,41
87,9,2917,290,-340,7
87,9,2917,292,-340,0
87,9,2917,324,-471,-11
87,9,2919,273,-340,17
87,9,2919,274,-340,17
87,9,2919,284,-314,0
87,9,2919,286,-311,37
87,9,2919,288,-339,25
87,9,2919,289,-340,17
87,9,2919,325,-444,-22
87,9,2920,325,-444,-22
87,9,2920,325,-443,-33
87,9,2923,323,-500,0
87,9,2925,323,-500,0
6,57,199,1888,325,-266
6,57,225,1898,0,-418
6,57,226,1928,-17,-340
6,57,227,1928,-17,-340
6,57,324,1867,-500,0
9,57,317,1928,0,-314
9,57,317,1929,0,-314
9,57,318,1898,0,-418
9,57,319,1928,-17,-340
9,57,427,1871,-496,-60
9,57,429,1869,-500,-11
11,57,319,1922,298,-330
11,57,352,1926,0,-361
11,57,352,1928,0,-500
11,57,443,1837,-203,-61
124,91,3904,2981,321,-307
124,91,3904,2983,321,-307
124,91,3904,2984,321,-307
124,91,3904,2987,321,-307
124,91,3904,2991,321,-307
124,91,3908,2981,340,-325
124,91,3908,2985,340,-325
124,91,3908,2986,340,-325
124,91,3908,2988,332,-333
124,91,3908,2988,340,-325
124,91,3911,2963,351,-351
124,91,3911,2964,351,-351
124,91,3911,2967,351,-351
124,91,3911,2971,351,-351
124,91,3911,2972,351,-351
124,91,3911,2974,351,-351
124,91,3911,2976,351,-351
124,91,3911,2977,351,-351
124,91,3911,2980,351,-351
124,91,3911,2981,351,-351
124,91,3911,2982,351,-351
124,91,3911,2984,351,-351
124,91,3943,3001,132,-482
124,91,3944,2996,156,-474
124,91,3953,2956,101,-408
124,91,3961,3012,179,-466
2,59,125,1976,-48,-498
2,59,156,1895,-212,423
2,59,188,1947,-340,-325
2,59,189,1956,-340,-325
2,59,193,1950,-366,0
3,57,139,1906,0,-473
3,57,168,1899,-335,-371
13,96,480,3000,0,500
13,96,480,3002,0,340
13,96,480,3003,0,340
13,96,485,3002,-58,334
13,96,489,3051,-38,-394
13,96,536,3060,-500,0
39,122,1171,3905,495,-37
39,122,1172,3941,500,-25
39,122,1175,3901,500,0
39,122,1183,3875,500,0
39,122,1186,3868,361,345
39,122,1186,3874,392,0
39,122,1187,3867,332,332
39,122,1187,3868,340,325
39,122,1188,3867,340,325
39,122,1208,3876,500,-25
39,122,1227,3881,185,0
11,96,395,3031,0,209
11,96,451,3050,-433,108
11,96,455,3050,-433,108
11,96,492,3060,-500,0
15,97,499,3057,22,447
15,97,510,3056,-466,179
15,97,513,3060,-500,0
96,114,3000,3683,500,0
96,114,3005,3683,500,0
96,114,3060,3577,0,500
96,117,3060,3687,0,500
96,112,3008,3654,371,-335
96,110,3078,3459,335,371
112,30,3545,1029,323,-309
112,30,3572,1026,0,-369
112,30,3572,1038,0,-447
112,30,3594,1043,114,-459
112,30,3600,1038,53,-444
112,30,3604,1038,0,-447
112,30,3617,1035,-407,0
39,118,1176,3811,314,0
39,118,1176,3819,314,0
39,118,1183,3836,366,0
39,118,1184,3838,392,-20
39,118,1184,3840,442,-43
39,118,1185,3838,391,-29
39,118,1187,3836,392,0
39,118,1190,3854,421,-267
39,118,1191,3811,418,0
39,118,1191,3819,418,0
39,118,1192,3840,353,-353
39,118,1220,3808,0,0
39,118,1230,3843,121,-293
39,118,1234,3814,-23,-46
39,118,1243,3820,108,113
39,118,1243,3828,0,0
39,118,1244,3828,-23,11
40,121,1226,3860,212,451
40,121,1228,3864,179,466
40,121,1231,3861,121,484
40,121,1236,3869,0,500
40,121,1241,3892,78,0
40,121,1245,3883,447,0
39,123,1182,3910,402,296
39,123,1185,3906,340,325
39,123,1186,3906,340,325
39,123,1187,3894,332,332
39,123,1187,3895,332,332
39,123,1187,3897,332,332
39,123,1187,3899,332,332
39,123,1187,3902,332,332
39,123,1187,3903,316,349
39,123,1187,3903,332,332
39,123,1187,3912,353,353
39,123,1187,3930,378,326
39,123,1191,3901,358,343
39,123,1207,3941,-38,391
39,123,1214,3922,291,304
39,123,1217,3919,-97,490
39,123,1222,3862,156,474
39,123,1226,3920,118,431
38,124,1162,3947,462,103
38,124,1172,3949,414,72
38,124,1186,3930,339,291
38,124,1195,3913,353,353
38,124,1196,3931,345,361
2,7,139,203,-24,-9
2,7,169,212,-418,0
2,7,178,211,-471,23
2,7,178,213,-471,23
2,7,178,214,-471,23
2,7,178,215,-471,23
2,7,178,216,-471,23
2,7,178,217,-471,23
2,7,178,219,-471,23
2,7,178,221,-471,23
2,7,178,223,-471,23
2,7,178,225,-471,23
2,7,183,232,-444,22
2,7,183,239,-444,22
2,7,191,263,-353,-353
2,7,191,291,-500,0
2,7,199,209,-340,17
2,7,199,210,-340,17
2,7,199,211,-340,17
2,7,199,212,-340,17
2,7,199,213,-340,17
2,7,199,214,-340,17
2,7,199,215,-340,17
2,7,199,216,-340,17
2,7,199,218,-340,17
2,7,199,220,-340,17
2,7,199,222,-340,17
2,7,199,224,-340,17
2,7,199,226,-340,17
2,7,199,231,-340,17
2,7,199,233,-340,17
2,7,199,238,-340,17
2,7,199,240,-340,17
2,7,200,224,-314,0
2,7,200,235,-314,0
2,5,139,215,-23,-12
2,5,170,242,-345,-361
2,5,172,116,-351,317
2,5,177,249,-345,-361
2,5,178,187,-471,23
2,5,178,188,-471,23
2,5,178,191,-471,23
2,5,178,193,-471,23
2,5,178,194,-471,23
2,5,178,195,-471,23
2,5,178,196,-471,23
2,5,178,197,-471,23
2,5,178,199,-471,23
2,5,178,200,-471,23
2,5,178,201,-471,23
2,5,191,177,-478,144
2,5,191,209,-392,19
2,5,194,210,-366,8
2,5,195,209,-366,18
2,5,198,191,-340,-8
2,5,199,186,-340,17
2,5,199,187,-340,17
2,5,199,188,-340,17
2,5,199,190,-340,17
2,5,199,191,-340,-8
2,5,199,191,-340,17
2,5,199,192,-340,17
2,5,199,193,-340,17
2,5,199,194,-340,17
2,5,199,195,-340,17
2,5,199,196,-340,17
2,5,199,197,-340,17
2,5,199,198,-340,17
2,5,199,199,-340,17
2,5,199,200,-340,17
2,5,201,174,-478,144
2,5,201,175,-478,144
2,5,201,176,-478,144
2,5,205,189,-500,0
1,6,141,209,-442,-66
1,6,142,209,-442,-66
1,6,142,210,-442,-66
1,6,156,227,-361,-345
1,6,156,227,-306,-394
1,6,156,227,-287,-408
2,10,124,299,-8,24
2,10,127,299,26,0
2,10,134,299,24,-10
2,10,135,304,-403,-121
2,10,159,356,-203,-457
2,10,182,289,-287,27
2,10,185,295,-500,0
2,10,189,297,-340,325
2,10,190,289,-392,8
2,10,191,289,-392,19
2,10,191,289,-391,28
2,10,192,292,-366,0
2,10,192,356,-470,-167
2,10,193,289,-366,8
2,10,193,290,-366,0
2,10,194,282,-490,97
1,9,145,322,-203,-457
1,9,157,290,-494,74
1,9,157,291,-494,74
1,9,160,291,-500,0
1,9,160,292,-500,0
1,9,160,292,-488,109
1,9,160,293,-484,121
1,9,160,294,-488,109
2,8,147,324,-123,-375
2,8,151,289,-287,0
2,8,162,227,0,-500
2,8,169,281,-418,0
2,8,173,284,-444,0
2,8,174,289,-444,0
2,8,178,284,-471,23
2,8,178,287,-471,23
2,8,178,288,-471,23
2,8,180,290,-444,0
2,8,181,289,-444,22
2,8,182,289,-500,11
2,8,182,289,-444,22
2,8,183,288,-444,22
2,8,197,291,-340,0
2,8,198,288,-340,17
2,8,198,289,-340,7
2,8,199,280,-340,17
2,8,199,283,-340,17
2,8,199,284,-340,17
2,8,199,285,-340,17
2,8,199,286,-340,17
2,8,199,287,-340,17
2,8,199,288,-340,17
2,8,199,289,-340,17
2,8,200,285,-314,0
2,8,200,286,-314,0
2,8,200,290,-314,0
2,8,205,291,-500,0
5,12,224,314,0,340
5,12,228,311,0,314
5,12,229,311,0,314
5,12,230,311,0,314
5,12,230,314,-66,333
5,12,231,311,0,314
5,12,232,311,0,314
5,12,233,311,0,314
5,12,234,311,0,314
5,12,235,311,0,314
5,12,237,349,-20,208
5,12,238,346,23,312
5,12,239,348,0,287
5,12,240,353,0,235
5,12,252,386,0,104
5,12,269,363,-437,97
5,12,270,475,-353,-353
3,12,141,333,-24,473
3,12,176,324,-277,416
3,12,182,326,-335,371
3,12,185,365,-494,74
3,12,196,336,-335,371
3,12,198,360,-457,125
3,12,215,372,-157,0
3,12,215,439,-451,-212
3,12,220,337,-353,353
3,12,227,355,-295,105
2,11,147,322,-85,492
2,11,147,323,-85,492
2,11,152,298,-277,416
2,11,155,294,-441,236
2,11,159,349,-258,299
2,11,160,292,-500,0
2,11,165,341,-283,346
2,11,165,346,-323,309
2,11,167,338,-318,351
2,11,172,337,-335,371
2,11,174,332,-353,353
2,11,178,318,-353,353
2,11,178,329,-335,371
2,11,181,317,-353,353
2,11,181,321,-353,353
2,11,181,325,-353,353
2,11,182,316,-287,408
2,11,182,329,-361,345
2,11,182,329,-353,353
2,11,185,324,-351,351
2,11,186,325,-359,343
2,11,186,346,-345,361
2,11,186,347,-345,361
2,11,188,307,-340,325
2,11,188,308,-340,325
2,11,188,310,-340,325
2,11,188,312,-340,325
2,11,188,314,-340,325
2,11,188,316,-340,325
2,11,188,317,-340,325
2,11,188,318,-340,325
2,11,188,319,-340,325
2,11,188,321,-340,325
2,11,188,322,-340,325
2,11,189,307,-340,325
2,11,189,308,-340,325
2,11,189,316,-340,325
2,11,189,317,-340,325
2,11,189,318,-340,325
2,11,189,318,-316,349
2,11,189,319,-340,325
2,11,189,321,-340,325
2,11,189,322,-340,325
2,11,190,322,-340,325
2,11,193,306,-378,326
2,11,193,311,-378,326
2,11,194,322,-386,316
2,11,195,327,-408,287
2,11,204,348,-500,0
2,11,204,350,-500,-11
2,58,137,1931,8,-169
2,58,188,1921,-316,-350
69,10,2135,324,335,0
69,10,2136,323,314,0
69,10,2138,309,319,114
69,10,2147,316,332,332
69,10,2147,330,332,332
69,10,2147,394,457,-203
69,10,2161,392,223,-418
69,10,2187,313,108,433
69,10,2218,391,170,231
68,3,2134,149,400,-132
68,3,2196,175,0,-447
69,4,2184,208,148,-450
69,4,2186,234,121,-484
69,4,2187,230,132,-482
69,4,2189,225,132,-482
69,4,2194,170,-155,-103
70,6,2176,220,500,0
70,6,2190,230,167,-470
69,7,2133,221,500,0
69,7,2135,222,335,0
69,7,2136,259,314,0
69,7,2136,267,314,0
69,7,2145,295,353,-353
69,7,2148,292,353,-353
69,7,2151,259,418,0
69,7,2151,267,418,0
69,7,2152,288,353,-353
69,7,2154,221,500,0
69,7,2178,168,296,402
70,8,2193,269,438,87
70,8,2193,287,97,-490
69,9,2132,323,485,0
69,9,2135,324,335,0
69,9,2135,324,500,0
69,9,2136,323,314,0
69,9,2136,325,340,-8
69,9,2147,323,500,0
69,9,2151,323,418,0
69,9,2157,323,473,0
69,9,2157,324,471,-24
69,9,2157,324,473,0
69,9,2165,324,414,0
119,88,3803,2893,482,-132
119,88,3804,2901,492,-85
119,88,3810,2904,236,-441
119,88,3819,2894,0,-447
119,88,3819,2899,0,-473
119,88,3840,2891,-500,0
119,88,3850,2897,-484,-121
88,3,2859,142,-79,67
88,3,2859,142,-58,86
88,3,2859,147,0,0
88,3,2859,150,-25,6
88,3,2859,153,-24,-10
88,3,2859,173,0,-287
88,3,2859,175,0,-447
88,3,2859,185,0,-500
88,3,2859,205,0,-500
88,3,2881,163,-335,-371
88,3,2885,171,-287,-408
88,3,2888,171,-335,-371
88,3,2892,183,-353,-353
88,3,2896,187,-353,-353
88,3,2902,169,-335,-371
88,3,2924,139,-433,0
88,3,2924,158,-361,-345
88,3,2929,155,-442,-170
88,3,2938,132,-500,0
87,4,2859,185,0,0
87,4,2859,229,0,-500
87,4,2859,236,0,-500
87,4,2859,239,0,-500
87,4,2861,227,-167,-470
87,4,2861,227,-132,-482
87,4,2865,220,-121,-484
87,4,2869,234,-121,-484
87,4,2869,235,-132,-482
87,4,2873,176,265,-325
87,4,2876,175,299,-366
87,4,2879,169,-257,-365
87,4,2881,171,-272,-387
87,4,2882,171,-281,-381
87,4,2884,172,-361,-345
87,4,2884,172,-290,-374
87,4,2884,178,-277,-416
87,4,2885,166,-316,-316
87,4,2887,176,-361,-345
87,4,2891,133,-415,72
87,4,2891,136,-20,209
87,4,2891,175,-361,-345
87,4,2894,153,-446,33
87,4,2894,187,-361,-345
87,4,2895,182,-361,-345
87,4,2895,183,-371,-335
87,4,2898,155,-473,0
87,4,2898,189,-361,-345
87,4,2899,186,-361,-345
87,4,2901,185,-345,-361
87,4,2902,189,-361,-345
87,4,2902,190,-361,-345
87,4,2902,191,-361,-345
87,4,2902,192,-361,-345
87,4,2902,193,-361,-345
87,4,2903,190,-361,-345
87,4,2905,186,-359,-344
87,4,2905,189,-334,-369
87,4,2905,196,-359,-344
87,4,2905,200,-359,-344
87,4,2906,197,-340,-325
87,4,2907,170,-371,-335
87,4,2908,157,-500,0
87,4,2908,183,-353,-353
87,4,2908,193,-316,-350
87,4,2908,196,-333,-333
87,4,2908,202,-333,-333
87,4,2909,189,-340,-325
87,4,2909,191,-340,-325
87,4,2909,192,-340,-325
87,4,2909,196,-340,-325
87,4,2909,198,-340,-325
87,4,2909,199,-340,-325
87,4,2909,200,-340,-325
87,4,2909,201,-340,-325
87,4,2909,202,-340,-325
87,4,2909,203,-340,-325
87,4,2910,189,-340,-325
87,4,2910,190,-350,-316
87,4,2910,196,-340,-325
87,4,2910,197,-340,-325
87,4,2911,190,-350,-316
87,4,2911,198,-340,-325
87,4,2912,192,-321,-307
87,4,2913,136,-496,60
87,4,2913,190,-394,-306
87,4,2915,186,-408,-287
87,4,2915,188,-408,-287
87,4,2916,186,-408,-287
87,4,2923,157,-500,0
87,5,2852,212,8,369
87,5,2853,212,-26,3
87,5,2855,212,0,0
87,5,2859,230,0,-78
87,5,2859,239,0,-473
87,5,2859,249,0,-500
87,5,2859,269,0,-500
87,5,2861,217,-67,-336
87,5,2868,251,-156,-474
87,5,2870,240,-137,-453
87,5,2871,244,-144,-478
87,5,2873,265,-156,-474
87,5,2873,265,-144,-478
87,5,2903,226,-444,22
87,5,2904,228,-418,0
87,5,2905,220,-359,-344
87,5,2905,227,-418,0
87,5,2905,232,-359,-344
87,5,2906,222,-418,0
87,5,2908,217,-333,-333
87,5,2908,235,-333,-333
87,5,2909,217,-340,-325
87,5,2909,220,-340,-325
87,5,2909,223,-340,-325
87,5,2909,235,-340,-325
87,5,2910,222,-392,-9
87,5,2910,222,-392,0
87,5,2910,223,-392,-9
87,5,2911,218,-392,19
87,5,2911,223,-392,-9
87,5,2913,221,-500,0
87,5,2914,227,-494,-74
86,6,2740,274,0,-473
86,6,2859,214,0,-157
86,6,2859,231,0,-500
86,6,2860,226,-132,-482
86,6,2861,226,-132,-482
86,6,2861,228,-121,-484
86,6,2865,230,-167,-470
86,6,2867,235,-179,-466
86,6,2876,221,-500,0
86,6,2876,227,-500,0
86,6,2876,228,-500,0
86,6,2877,221,-500,0
86,6,2877,221,-466,-179
86,6,2878,221,-496,-60
117,89,3705,2931,361,-345
117,89,3721,2949,236,-441
117,89,3739,2951,85,-492
117,89,3740,2927,0,-447
117,89,3744,2942,0,-414
117,89,3744,2949,0,-340
117,89,3744,2950,0,-361
117,89,3794,2952,25,-339
117,89,3797,2922,0,-418
117,89,3798,2922,0,-418
117,89,3798,2952,-17,-340
117,89,3799,2922,0,-418
117,89,3799,2952,-17,-340
117,89,3800,2922,0,-418
117,89,3800,2952,-17,-340
117,89,3801,2922,0,-418
117,89,3801,2952,-17,-340
117,89,3802,2922,0,-418
117,89,3802,2952,-17,-340
117,89,3802,2952,25,-339
117,89,3803,2922,0,-418
117,89,3803,2926,0,-444
117,89,3803,2952,-17,-340
117,89,3804,2922,0,-418
117,89,3804,2952,-17,-340
117,89,3805,2922,0,-418
117,89,3805,2952,-17,-340
117,89,3806,2922,0,-418
117,89,3806,2952,-17,-340
117,89,3807,2922,0,-418
117,89,3807,2931,-24,-471
117,89,3807,2952,-17,-340
117,89,3808,2922,0,-418
117,89,3808,2926,0,-444
117,89,3808,2949,0,-340
117,89,3808,2952,-17,-340
117,89,3809,2922,0,-418
117,89,3809,2952,-17,-340
117,89,3810,2922,0,-418
117,89,3810,2952,-25,-339
117,89,3810,2952,-17,-340
117,89,3811,2922,0,-418
117,89,3811,2952,-17,-340
117,89,3812,2922,0,-418
117,89,3812,2952,-17,-340
117,89,3813,2922,0,-418
117,89,3813,2952,-17,-340
117,89,3814,2922,0,-418
117,89,3814,2952,-17,-340
117,89,3815,2952,-17,-340
117,89,3816,2952,-17,-340
117,89,3818,2952,-17,-340
117,89,3819,2926,-22,-444
117,89,3820,2890,74,-138
117,89,3821,2952,-17,-340
117,89,3822,2889,152,-101
117,89,3843,2941,-353,-353
117,89,3844,2940,-361,-345
117,89,3848,2944,-361,-345
120,89,3789,2924,361,-345
120,89,3810,2911,-32,-126
120,89,3818,2891,78,0
120,89,3822,2948,-18,-366
120,89,3824,2948,-18,-366
120,89,3826,2948,-18,-366
120,89,3829,2922,0,-418
120,89,3830,2922,0,-418
120,89,3830,2933,0,-444
120,89,3830,2952,-17,-340
120,89,3830,2953,0,-314
120,89,3831,2922,0,-418
120,89,3831,2933,0,-444
120,89,3831,2952,-17,-340
120,89,3831,2953,0,-314
120,89,3832,2922,0,-418
120,89,3832,2944,-29,-391
120,89,3832,2952,-17,-340
120,89,3833,2922,0,-418
120,89,3833,2948,-18,-366
120,89,3833,2952,-17,-340
120,89,3834,2922,0,-418
120,89,3834,2952,-17,-340
120,89,3835,2922,0,-418
120,89,3835,2944,-29,-391
120,89,3835,2952,-17,-340
120,89,3836,2922,0,-418
120,89,3836,2948,-18,-366
120,89,3836,2952,-17,-340
120,89,3837,2922,0,-418
120,89,3837,2952,-17,-340
120,89,3838,2931,-24,-471
120,89,3838,2952,-17,-340
120,89,3839,2943,325,-340
120,89,3839,2952,-17,-340
120,89,3840,2943,332,-333
120,89,3840,2952,-17,-340
120,89,3843,2939,343,-359
120,89,3843,2940,351,-351
120,89,3844,2943,332,-333
120,89,3845,2926,0,-444
120,89,3845,2943,332,-333
120,89,3846,2943,332,-333
120,89,3846,2952,-17,-340
120,89,3847,2939,343,-359
120,89,3847,2943,332,-333
120,89,3848,2939,343,-359
120,89,3848,2943,332,-333
120,89,3849,2943,332,-333
120,89,3850,2939,343,-359
120,89,3850,2943,332,-333
120,89,3851,2922,0,-418
120,89,3851,2943,332,-333
120,89,3852,2922,0,-418
120,89,3852,2939,343,-359
120,89,3852,2952,-17,-340
120,89,3853,2922,0,-418
120,89,3853,2952,-17,-340
120,89,3854,2939,343,-359
120,89,3854,2952,-17,-340
120,89,3855,2922,0,-418
120,89,3856,2922,0,-418
120,89,3856,2932,353,-353
120,89,3856,2952,-17,-340
120,89,3857,2922,0,-418
120,89,3857,2944,-29,-391
120,89,3857,2952,-17,-340
120,89,3858,2922,0,-418
120,89,3858,2952,-17,-340
120,89,3859,2922,0,-418
120,89,3859,2952,-17,-340
120,89,3860,2922,0,-418
120,89,3860,2926,0,-444
120,89,3860,2932,345,-361
120,89,3860,2952,-17,-340
120,89,3861,2922,0,-418
120,89,3861,2952,-17,-340
120,89,3862,2922,0,-418
120,89,3862,2952,-17,-340
120,89,3862,2953,0,-314
120,89,3863,2922,0,-418
120,89,3863,2952,-17,-340
120,89,3864,2922,0,-418
120,89,3864,2952,-17,-340
120,89,3864,2953,0,-314
120,89,3865,2922,0,-418
120,89,3865,2952,-17,-340
120,89,3866,2922,0,-418
120,89,3866,2933,0,-444
120,89,3866,2952,-17,-340
120,89,3866,2953,0,-314
120,89,3867,2922,0,-418
120,89,3867,2952,-17,-340
120,89,3868,2922,0,-418
120,89,3868,2952,-17,-340
120,89,3869,2922,0,-418
120,89,3869,2952,-17,-340
120,89,3870,2922,0,-418
120,89,3870,2952,-17,-340
120,89,3871,2922,0,-418
120,89,3871,2952,-17,-340
120,89,3872,2922,0,-418
120,89,3872,2952,-17,-340
120,89,3873,2922,0,-418
120,89,3873,2952,-17,-340
120,89,3874,2922,0,-418
120,89,3874,2952,-17,-340
120,89,3875,2952,-17,-340
120,89,3876,2927,0,-447
120,89,3923,2924,-327,-342
120,89,3924,2923,-335,-335
121,88,3894,2898,474,-156
121,88,3898,2891,500,0
121,88,3902,2910,287,-408
121,88,3915,2894,0,-447
121,88,3916,2895,-23,-447
123,89,3914,2937,345,-361
123,89,3914,2938,345,-361
123,89,3915,2935,353,-353
123,89,3916,2942,296,-402
123,89,3917,2934,345,-361
123,89,3918,2941,287,-408
123,89,3919,2937,296,-402
123,89,3921,2930,345,-361
123,89,3921,2930,353,-353
123,89,3922,2934,306,-394
123,89,3923,2933,287,-408
123,89,3956,2896,21,14
123,89,3956,2927,0,-447
124,90,3901,2938,408,-287
124,90,3905,2942,349,-316
124,90,3906,2941,340,-325
124,90,3906,2942,340,-325
124,90,3906,2942,349,-316
124,90,3907,2941,340,-325
124,90,3907,2945,325,-340
124,90,3910,2938,358,-344
124,90,3911,2940,351,-351
124,90,3911,2942,351,-351
124,90,3911,2950,351,-351
124,90,3914,2945,287,-408
124,90,3929,2924,345,-361
124,90,3934,2924,262,-394
124,90,3936,2936,335,-371
124,90,3946,2920,-459,114
124,90,3946,2921,-447,10
124,90,3952,2901,-225,134
124,90,3952,2915,-85,222
124,90,3953,2918,-274,353
124,90,3955,2915,-72,414
124,90,4044,2954,184,-99
124,90,4046,2952,130,-196
9,39,324,1175,0,314
9,39,356,1219,0,185
3,39,195,1226,-433,108
3,39,198,1224,-457,125
3,39,201,1221,-474,156
2,38,147,1186,-108,433
2,38,149,1177,-121,484
2,38,151,1167,-109,488
2,38,152,1174,-144,478
2,37,152,1126,-144,478
2,37,185,1135,-364,298
2,37,191,1153,-391,28
