44,2,1483,142,-22,-444
44,2,1485,168,-17,-340
44,2,1504,134,-299,312
44,2,1508,156,-361,-345
92,2,2932,144,0,-447
92,2,3004,143,0,-447
92,2,3008,142,0,-444
92,2,3008,143,0,-444
92,2,3008,149,0,-444
92,2,3008,165,0,-340
92,2,3008,166,0,-361
92,2,3008,168,0,-500
92,2,3010,168,-25,-339
92,2,3011,160,-58,-388
92,2,3011,169,-23,-312
92,2,3012,162,-74,-494
92,2,3031,162,-210,-331
92,2,3035,155,-353,-353
92,2,3039,155,-369,-334
92,2,3048,117,-433,-108
95,2,3008,158,0,-500
95,2,3029,138,0,-418
95,2,3029,152,-22,-444
95,2,3030,138,0,-418
95,2,3030,168,-17,-340
95,2,3031,168,-17,-340
95,2,3039,153,361,-345
95,2,3049,169,0,-314
95,2,3050,138,0,-418
95,2,3051,138,0,-418
95,2,3051,168,-17,-340
95,2,3052,138,0,-418
95,2,3052,168,-17,-340
95,2,3053,138,0,-418
95,2,3053,168,-17,-340
95,2,3054,138,0,-418
95,2,3054,168,-17,-340
95,2,3055,138,0,-418
95,2,3055,168,-17,-340
95,2,3056,138,0,-418
95,2,3056,168,-17,-340
95,2,3057,138,0,-418
95,2,3057,168,-17,-340
95,2,3058,138,0,-418
95,2,3058,168,-17,-340
95,2,3059,138,0,-418
95,2,3059,168,-17,-340
95,2,3060,138,0,-418
95,2,3060,168,-17,-340
95,2,3061,138,0,-418
95,2,3061,168,-17,-340
95,2,3062,168,-17,-340
95,2,3063,168,-17,-340
95,2,3065,138,0,-418
95,2,3066,168,-17,-340
95,2,3080,169,0,-314
95,2,3081,138,0,-418
95,2,3082,138,0,-418
95,2,3082,168,-17,-340
95,2,3083,168,-17,-340
95,2,3084,138,0,-418
95,2,3085,168,-17,-340
95,2,3108,156,-361,-345
98,2,3097,114,382,-96
98,2,3120,159,332,-333
98,2,3125,138,0,-418
98,2,3126,138,0,-418
98,2,3126,168,-17,-340
98,2,3127,138,0,-418
98,2,3127,168,-17,-340
98,2,3128,138,0,-418
98,2,3128,168,-17,-340
98,2,3129,138,0,-418
98,2,3129,159,332,-333
98,2,3129,168,-17,-340
98,2,3129,169,0,-314
98,2,3130,138,0,-418
98,2,3130,168,-17,-340
98,2,3131,138,0,-418
98,2,3131,168,-17,-340
98,2,3132,138,0,-418
98,2,3132,168,-17,-340
98,2,3132,169,0,-314
98,2,3133,138,0,-418
98,2,3133,168,-17,-340
98,2,3133,169,0,-314
98,2,3134,138,0,-418
98,2,3134,168,-17,-340
98,2,3135,138,0,-418
98,2,3135,158,332,-333
98,2,3135,159,325,-340
98,2,3135,159,332,-333
98,2,3135,168,-17,-340
98,2,3136,138,0,-418
98,2,3136,168,-17,-340
98,2,3137,168,-17,-340
98,2,3138,155,343,-359
98,2,3138,168,-17,-340
98,2,3147,159,332,-333
98,2,3157,148,353,-353
98,2,3188,139,-342,-327
98,2,3193,125,-424,-212
101,3,3168,170,321,-307
101,3,3169,158,349,-316
101,3,3170,157,340,-325
101,3,3172,169,340,-325
101,3,3172,172,340,-325
101,3,3175,156,351,-351
101,3,3175,163,351,-351
101,3,3175,165,351,-351
101,3,3175,167,351,-351
101,3,3175,168,351,-351
101,3,3175,177,351,-351
101,3,3211,198,132,-482
101,3,3218,138,-137,-256
101,3,3236,203,0,-500
100,2,3124,110,488,-109
100,2,3134,107,482,-132
100,2,3178,148,345,-361
100,2,3178,153,345,-361
100,2,3178,154,345,-361
100,2,3179,145,353,-353
100,2,3185,146,345,-361
100,2,3233,159,-236,-441
97,1,3094,114,474,-156
97,1,3115,110,0,-447
97,1,3115,115,0,-473
94,1,3008,128,0,-500
94,1,3019,80,-293,121
94,1,3028,110,0,-447
34,93,1059,2914,332,332
34,93,1070,2904,137,310
34,93,1077,2914,332,332
34,93,1078,2903,0,314
34,93,1078,2914,332,332
34,93,1081,2903,0,314
34,93,1082,2904,17,340
34,93,1083,2903,0,314
34,93,1085,2903,0,314
34,93,1086,2903,0,314
34,93,1087,2903,0,314
34,93,1087,2903,7,314
34,93,1088,2904,0,500
34,93,1092,2921,0,473
34,93,1097,2913,325,340
34,93,1097,2914,332,332
34,93,1098,2913,325,340
34,93,1098,2914,332,332
34,93,1102,2917,358,343
34,93,1148,2921,0,473
31,93,956,2918,0,500
31,93,980,2903,0,314
31,93,981,2903,0,314
31,93,983,2903,0,314
31,93,994,2903,0,314
31,93,994,2947,0,130
31,93,1037,2903,0,314
31,93,1087,2964,-26,0
31,93,1091,2964,-52,0
32,94,1060,2960,441,236
32,94,1067,2961,0,447
32,94,1073,2965,-277,148
32,94,1074,2944,48,498
32,94,1081,2964,-314,0
32,94,1088,2951,35,471
28,93,956,2936,0,395
28,93,964,2904,17,340
28,93,966,2903,0,314
28,93,976,2918,-351,351
28,93,980,2914,-340,325
28,93,984,2918,-351,351
25,92,900,2889,0,500
25,92,906,2894,-361,345
25,92,920,2906,-351,351
25,92,921,2893,-351,351
25,92,921,2904,-351,351
25,92,921,2905,-359,343
25,92,921,2905,-351,351
25,92,921,2906,-351,351
25,92,922,2890,-353,353
25,92,924,2899,-333,332
25,92,924,2901,-340,325
25,92,924,2902,-340,325
25,92,924,2902,-333,332
25,92,924,2903,-340,325
25,92,924,2907,-340,325
25,92,924,2910,-340,325
25,92,925,2899,-340,325
25,92,925,2901,-340,325
25,92,925,2902,-340,325
25,92,925,2903,-340,325
25,92,925,2907,-340,325
25,92,925,2910,-316,349
25,92,928,2907,-321,307
26,93,878,2947,-95,189
26,93,878,2947,-83,166
26,93,905,2945,-384,230
26,93,906,2945,-384,230
26,93,912,2916,-277,416
26,93,918,2918,-335,371
26,93,918,2919,-345,361
26,93,920,2935,-421,267
29,94,973,2961,-33,445
29,94,976,2969,218,327
29,94,979,2961,22,447
29,94,980,2961,0,447
9,2,235,107,401,-189
9,2,237,107,287,0
9,2,242,116,437,-98
9,2,249,114,382,-96
9,2,250,157,386,-316
9,2,252,158,349,-316
9,2,254,153,394,-306
9,2,256,155,368,-334
9,2,258,107,-131,317
9,2,258,159,332,-333
9,2,260,159,332,-333
9,2,261,103,-395,19
9,2,261,155,343,-359
9,2,262,159,332,-333
9,2,263,111,-362,-54
9,2,263,155,343,-359
9,2,265,155,343,-359
9,2,265,158,349,-316
9,2,267,159,332,-333
9,2,269,158,332,-333
9,2,269,159,332,-333
9,2,270,155,343,-359
9,2,270,159,332,-333
9,2,271,107,-257,0
9,2,272,159,325,-340
9,2,272,159,332,-333
9,2,272,165,0,-340
9,2,273,155,343,-359
9,2,274,155,351,-351
9,2,274,166,140,-339
9,2,275,107,-26,-2
9,2,275,155,343,-359
9,2,276,112,-261,-174
9,2,276,169,0,-314
9,2,277,138,0,-418
9,2,277,158,0,-392
9,2,277,158,332,-333
9,2,277,159,332,-333
9,2,277,169,0,-314
9,2,278,138,0,-418
9,2,278,168,-17,-340
9,2,279,138,0,-418
9,2,279,168,-17,-340
9,2,280,138,0,-418
9,2,280,149,0,-444
9,2,280,155,343,-359
9,2,280,168,-17,-340
9,2,280,169,0,-314
9,2,281,138,0,-418
9,2,281,168,-17,-340
9,2,282,138,0,-418
9,2,282,158,332,-333
9,2,282,159,332,-333
9,2,282,168,-17,-340
9,2,283,138,0,-418
9,2,283,142,0,-444
9,2,283,152,-22,-444
9,2,283,161,67,-386
9,2,283,164,62,-360
9,2,283,168,-17,-340
9,2,284,138,0,-418
9,2,284,159,332,-333
9,2,284,164,54,-362
9,2,284,166,-8,-340
9,2,284,168,-17,-340
9,2,285,138,0,-418
9,2,285,155,343,-359
9,2,285,164,35,-365
9,2,285,168,-17,-340
9,2,285,169,0,-314
9,2,286,138,0,-418
9,2,286,160,28,-391
9,2,286,160,38,-391
9,2,286,164,26,-365
9,2,286,166,25,-339
9,2,286,168,-17,-340
9,2,287,124,-29,-394
9,2,287,138,0,-418
9,2,287,155,343,-359
9,2,287,168,-17,-340
9,2,287,168,17,-340
9,2,288,138,0,-418
9,2,288,142,0,-444
9,2,288,147,-24,-471
9,2,288,157,0,-414
9,2,288,158,0,-414
9,2,288,159,332,-333
9,2,288,165,0,-361
9,2,288,165,0,-340
9,2,288,166,0,-361
9,2,288,168,-17,-340
9,2,288,168,0,-340
9,2,289,134,0,-392
9,2,289,138,0,-418
9,2,289,168,-17,-340
9,2,290,138,0,-418
9,2,290,168,-17,-340
9,2,291,168,-17,-340
9,2,292,143,0,-447
9,2,292,154,0,-500
9,2,292,159,325,-340
9,2,292,159,332,-333
9,2,292,172,0,-392
9,2,292,174,0,-500
9,2,295,155,343,-359
9,2,297,158,332,-333
9,2,297,159,332,-333
9,2,300,155,343,-359
9,2,306,128,321,307
9,2,340,152,0,-500
9,2,340,155,0,-500
9,2,340,156,0,-500
9,2,340,163,0,-500
9,2,340,171,0,-500
124,93,3923,2934,371,335
124,93,3924,2933,361,345
124,93,3925,2914,332,332
124,93,3926,2932,353,353
124,93,3928,2957,467,70
124,93,3930,2914,332,332
124,93,3930,2930,345,361
124,93,3930,2941,361,345
124,93,3931,2943,361,345
124,93,3936,2914,332,332
124,93,3939,2914,332,332
124,93,3939,2917,358,343
124,93,3941,2913,332,332
124,93,3941,2914,332,332
124,93,3941,2917,358,343
124,93,3943,2914,332,332
124,93,3944,2913,325,340
124,93,3944,2913,349,316
124,93,3944,2914,332,332
124,93,3949,2913,332,332
124,93,3949,2914,332,332
124,93,3950,2914,340,325
124,93,3950,2917,358,343
124,93,3950,2964,0,0
124,93,3954,2917,351,351
124,93,3959,2953,458,114
124,93,3963,2950,445,158
124,93,3963,2950,449,148
124,93,3964,2954,433,108
124,93,3965,2953,431,118
124,93,3969,2935,373,290
124,93,3970,2913,325,340
124,93,3970,2914,332,332
124,93,3970,2937,373,290
124,93,3971,2913,325,340
124,93,3975,2962,165,-78
124,93,3975,2962,428,-229
124,93,3977,2957,442,66
124,93,3981,2956,438,87
124,93,3986,2928,353,353
124,93,4001,2933,-23,312
124,93,4004,2921,0,473
124,93,4049,2964,340,0
124,93,4050,2925,-132,482
124,93,4056,2936,0,418
124,93,4066,2970,144,-217
124,93,4073,2986,223,173
124,93,4074,2989,103,268
5,2,93,115,470,-167
5,2,156,135,0,-395
5,2,156,148,0,-473
5,2,160,142,0,-444
5,2,160,163,0,-500
5,2,160,168,0,-500
5,2,162,168,-25,-339
5,2,165,167,-17,-340
5,2,166,168,-17,-340
5,2,169,168,-17,-340
5,2,173,138,0,-418
5,2,174,138,0,-418
5,2,174,168,-17,-340
5,2,175,168,-17,-340
5,2,177,138,0,-418
5,2,178,138,0,-418
5,2,178,168,-17,-340
5,2,179,168,-17,-340
5,2,183,138,0,-418
5,2,184,168,-17,-340
5,2,185,138,0,-418
5,2,185,168,-17,-340
5,2,186,138,0,-418
5,2,186,168,-17,-340
5,2,187,138,0,-418
5,2,187,168,-17,-340
5,2,188,138,0,-418
5,2,188,168,-17,-340
5,2,189,138,0,-418
5,2,189,168,-17,-340
5,2,190,138,0,-418
5,2,190,168,-17,-340
5,2,191,134,0,-392
5,2,191,168,-17,-340
5,2,192,168,-17,-340
5,2,195,138,0,-418
5,2,196,168,-17,-340
5,2,197,168,-17,-340
5,2,199,138,0,-418
5,2,199,169,0,-314
5,2,200,138,0,-418
5,2,200,168,-17,-340
5,2,201,168,-17,-340
5,2,203,168,-17,-340
5,2,207,168,-17,-340
5,2,210,138,0,-418
5,2,210,168,-17,-340
5,2,211,138,0,-418
5,2,211,168,-17,-340
5,2,211,168,0,-314
5,2,211,169,0,-314
5,2,212,138,0,-418
5,2,212,155,-344,-359
5,2,212,168,-17,-340
5,2,213,138,0,-418
5,2,213,168,-17,-340
5,2,214,138,0,-418
5,2,214,168,-17,-340
5,2,215,138,0,-418
5,2,215,168,-17,-340
5,2,216,138,0,-418
5,2,216,168,-35,-365
5,2,216,168,-17,-340
5,2,217,138,0,-418
5,2,217,168,-17,-340
5,2,218,138,0,-418
5,2,218,168,-17,-340
5,2,219,138,0,-418
5,2,219,168,-17,-340
5,2,220,138,0,-418
5,2,220,168,-17,-340
5,2,221,138,0,-418
5,2,221,168,-17,-340
5,2,222,138,0,-418
5,2,222,168,-17,-340
5,2,223,138,0,-418
5,2,223,168,-17,-340
5,2,224,138,0,-418
5,2,224,149,0,-444
5,2,224,168,-17,-340
5,2,225,138,0,-418
5,2,225,168,-17,-340
5,2,225,169,-7,-314
5,2,226,138,0,-418
5,2,226,142,0,-444
5,2,226,147,-24,-471
5,2,226,168,-17,-340
5,2,227,138,0,-418
5,2,227,168,-17,-340
5,2,228,138,0,-418
5,2,228,168,-17,-340
5,2,229,138,0,-418
5,2,229,168,-17,-340
5,2,230,138,0,-418
5,2,230,168,-17,-340
5,2,231,138,0,-418
5,2,231,142,0,-444
5,2,231,149,0,-444
5,2,231,152,-22,-444
5,2,231,168,-17,-340
5,2,231,169,0,-314
5,2,232,138,0,-418
5,2,232,158,0,-392
5,2,232,168,-17,-340
5,2,232,169,0,-314
5,2,233,138,0,-418
5,2,233,142,0,-444
5,2,233,152,-22,-444
5,2,233,168,-17,-340
5,2,233,169,0,-314
5,2,234,138,0,-418
5,2,234,142,0,-444
5,2,234,152,-22,-444
5,2,234,168,-17,-340
5,2,235,138,0,-418
5,2,235,142,-22,-444
5,2,235,149,0,-444
5,2,235,168,-17,-340
5,2,235,169,0,-314
5,2,236,106,74,-138
5,2,236,160,-29,-391
5,2,236,168,-17,-340
5,2,237,164,-18,-366
5,2,237,168,-17,-340
5,2,238,105,152,-101
5,2,239,102,285,-190
5,2,240,168,-25,-339
5,2,241,164,-18,-366
5,2,242,102,341,-33
5,2,242,165,0,-340
5,2,245,105,261,13
5,2,246,102,366,44
5,2,249,103,390,58
5,2,250,102,393,29
5,2,252,105,296,219
5,2,260,156,-361,-345
4,1,117,120,435,-246
4,1,144,95,82,-413
4,1,146,111,43,-446
4,1,147,110,22,-447
4,1,147,111,33,-446
4,1,148,107,-287,0
4,1,150,128,-60,-496
4,1,155,107,-261,0
4,1,156,129,0,-500
4,1,157,120,-287,-408
4,1,157,127,-224,-447
4,1,160,125,0,-500
4,1,167,111,-490,-97
122,93,3849,2928,361,345
122,93,3900,2912,335,371
122,93,3900,2945,158,174
122,93,3903,2914,332,332
122,93,3905,2914,332,332
122,93,3906,2914,332,332
122,93,3907,2914,332,332
122,93,3908,2946,153,178
122,93,3910,2908,225,320
122,93,3916,2946,153,178
122,93,3917,2907,164,327
122,93,3917,2913,325,340
122,93,3917,2914,332,332
122,93,3918,2913,325,340
122,93,3918,2914,332,332
122,93,3918,2914,340,325
122,93,3919,2913,325,340
122,93,3919,2914,332,332
122,93,3920,2913,325,340
122,93,3920,2914,332,332
122,93,3923,2905,106,322
122,93,3923,2913,325,340
122,93,3923,2914,332,332
122,93,3924,2911,314,314
122,93,3924,2914,332,332
122,93,3925,2914,332,332
122,93,3926,2913,332,332
122,93,3927,2913,332,332
122,93,3928,2903,66,333
122,93,3928,2906,74,332
122,93,3930,2906,58,334
122,93,3931,2902,74,494
122,93,3931,2904,41,337
122,93,3932,2903,37,311
122,93,3933,2903,0,314
122,93,3933,2903,23,312
122,93,3934,2903,0,314
122,93,3935,2903,0,314
122,93,3935,2903,7,314
122,93,3936,2902,0,500
122,93,3936,2903,0,314
122,93,3936,2904,0,392
122,93,3936,2904,0,500
122,93,3936,2906,0,340
122,93,3936,2910,0,366
122,93,3939,2921,10,473
122,93,3940,2898,0,500
122,93,3940,2921,0,473
122,93,3940,2936,0,395
122,93,3943,2943,218,228
122,93,3955,2940,2,52
122,93,3974,2952,-457,125
122,93,3977,2949,-470,167
118,93,3720,2964,287,0
118,93,3755,2952,0,264
118,93,3763,2919,0,500
118,93,3795,2940,-154,-273
118,93,3796,2909,121,484
118,93,3804,2898,0,500
118,93,3808,2903,0,314
118,93,3808,2906,0,340
118,93,3809,2906,-25,338
118,93,3809,2906,-17,340
118,93,3809,2947,-34,153
118,93,3811,2902,-37,498
118,93,3811,2903,0,314
118,93,3811,2906,-33,338
118,93,3811,2940,-69,252
118,93,3812,2903,0,314
118,93,3812,2906,-50,335
118,93,3812,2906,-41,337
118,93,3813,2903,0,314
118,93,3814,2903,0,314
118,93,3816,2903,0,314
118,93,3818,2903,0,314
118,93,3819,2903,0,314
118,93,3820,2903,0,314
118,93,3822,2903,0,314
118,93,3823,2903,0,314
118,93,3823,2943,0,261
118,93,3824,2903,0,314
118,93,3824,2943,0,261
118,93,3825,2903,0,314
118,93,3825,2945,0,183
118,93,3826,2903,0,314
118,93,3826,2905,17,340
118,93,3828,2903,0,314
118,93,3829,2903,0,314
118,93,3831,2930,-353,353
118,93,3833,2909,-217,326
118,93,3833,2914,-340,325
118,93,3835,2918,-351,351
118,93,3836,2918,-351,351
118,93,3844,2913,-350,316
118,93,3846,2903,0,314
118,93,3847,2903,0,314
118,93,3848,2918,0,418
118,93,3848,2943,0,261
118,93,3849,2903,0,314
118,93,3850,2903,0,314
118,93,3851,2903,0,314
118,93,3854,2903,0,314
118,93,3857,2906,0,340
118,93,3859,2971,230,254
118,93,3860,2906,0,340
118,93,3903,2937,-394,306
115,93,3705,2929,43,445
115,93,3706,2925,23,473
115,93,3717,2907,-74,332
115,93,3727,2920,-402,296
115,93,3727,2927,-25,207
115,93,3729,2906,-224,447
115,93,3756,2965,61,115
115,93,3756,2967,174,325
115,93,3760,2959,-189,-95
115,93,3761,2929,-87,438
115,93,3763,2923,0,500
115,93,3764,2945,-176,194
115,93,3764,2969,419,41
115,93,3766,2908,-287,408
115,93,3767,2944,-199,207
115,93,3770,2959,248,-372
115,93,3771,2918,-351,351
115,93,3772,2913,-325,340
115,93,3773,2910,-316,349
115,93,3773,2918,-351,351
115,93,3776,2918,-351,351
115,93,3776,2919,-402,296
115,93,3777,2918,-351,351
115,93,3778,2918,-351,351
115,93,3778,2964,-26,0
115,93,3781,2914,-340,325
115,93,3783,2918,-351,351
115,93,3785,2918,-351,351
115,93,3785,2954,-400,131
115,93,3788,2951,-421,150
115,93,3791,2918,-351,351
115,93,3792,2918,-351,351
115,93,3792,2960,-208,15
115,93,3793,2917,-351,351
115,93,3793,2917,-344,358
115,93,3793,2921,-345,361
115,93,3797,2933,-345,361
115,93,3798,2964,-500,0
8,1,235,107,81,-466
8,1,235,107,287,-408
8,1,237,105,276,-148
8,1,243,101,294,-217
8,1,246,99,353,-274
8,1,247,108,253,-400
8,1,254,103,179,-380
8,1,259,125,0,-500
8,1,260,112,482,-132
8,1,276,92,0,-395
8,1,276,110,0,-447
8,1,281,121,-212,-451
8,1,288,127,74,-494
8,1,299,115,-478,-144
6,1,219,120,236,-441
6,1,220,125,148,-450
6,1,226,119,277,-416
6,1,228,125,-361,-345
6,1,235,102,0,-395
6,1,235,110,0,-447
6,1,268,101,-381,-281
6,1,276,107,-287,-408
6,1,278,110,-361,-345
2,2,52,134,-250,149
2,2,57,127,-142,283
2,2,68,132,0,-316
2,2,96,124,0,-52
2,2,96,128,0,-159
2,2,123,154,-369,-334
2,2,128,113,-137,76
2,2,128,143,0,-447
2,2,131,143,-378,-326
2,2,133,155,-344,-359
2,2,134,142,-394,-306
2,2,135,146,-371,-335
2,2,136,155,-344,-359
2,2,136,159,-325,-340
2,2,139,159,-325,-340
2,2,142,100,210,-270
2,2,142,149,-386,-316
2,2,142,155,-344,-359
2,2,143,102,230,-254
2,2,143,102,263,-175
2,2,143,154,-351,-351
2,2,144,155,-344,-359
2,2,145,159,-325,-340
2,2,147,159,-325,-340
2,2,148,101,12,23
2,2,148,155,-344,-359
2,2,150,148,-132,-482
2,2,150,155,-344,-359
2,2,151,148,-144,-478
2,2,151,155,-351,-351
2,2,151,159,-325,-340
2,2,153,155,-344,-359
2,2,153,159,-325,-340
2,2,154,160,-333,-333
2,2,155,155,-344,-359
2,2,156,155,-344,-359
2,2,156,159,-325,-340
2,2,158,131,-99,-121
2,2,158,155,-344,-359
2,2,158,159,-325,-340
2,2,159,154,-359,-344
2,2,159,155,-344,-359
2,2,159,159,-325,-340
2,2,160,154,-351,-351
2,2,161,153,-22,-444
2,2,161,155,-344,-359
2,2,161,159,-325,-340
2,2,162,155,-344,-359
2,2,162,159,-325,-340
2,2,164,155,-344,-359
2,2,164,159,-325,-340
2,2,165,159,-325,-340
2,2,166,154,-351,-351
2,2,166,155,-344,-359
2,2,167,155,-344,-359
2,2,168,154,-359,-344
2,2,169,151,-211,-421
2,2,169,154,-351,-351
2,2,169,155,-344,-359
2,2,170,159,-325,-340
2,2,173,151,-345,-361
2,2,176,155,-344,-359
2,2,180,144,-361,-345
2,2,184,148,-371,-335
2,2,184,148,-361,-345
2,2,184,150,-378,-326
2,2,185,147,-386,-316
2,2,185,147,-378,-326
2,2,199,117,-484,-121
11,2,289,107,500,0
11,2,290,127,236,-441
11,2,294,124,416,-277
11,2,307,120,484,-121
11,2,308,159,332,-333
11,2,309,158,332,-333
11,2,309,159,332,-333
11,2,309,160,335,-371
11,2,310,159,332,-333
11,2,311,118,457,-126
11,2,311,118,458,-114
11,2,311,158,332,-333
11,2,311,159,332,-333
11,2,312,158,332,-333
11,2,312,159,332,-333
11,2,313,154,358,-344
11,2,313,159,332,-333
11,2,314,159,332,-333
11,2,315,152,353,-353
11,2,315,159,332,-333
11,2,316,117,433,-108
11,2,316,159,332,-333
11,2,317,152,353,-353
11,2,317,155,343,-359
11,2,317,159,332,-333
11,2,318,118,431,-119
11,2,318,118,488,-109
11,2,318,152,353,-353
11,2,318,154,358,-344
11,2,318,155,343,-359
11,2,318,156,386,-316
11,2,318,159,332,-333
11,2,319,152,353,-353
11,2,319,159,332,-333
11,2,320,116,408,-102
11,2,320,153,408,-287
11,2,320,158,349,-316
11,2,320,159,332,-333
11,2,320,159,349,-316
11,2,321,152,353,-353
11,2,321,158,349,-316
11,2,321,159,332,-333
11,2,322,117,403,-121
11,2,322,145,353,-353
11,2,322,148,345,-361
11,2,322,152,353,-353
11,2,322,158,349,-316
11,2,322,159,332,-333
11,2,323,159,325,-340
11,2,323,159,332,-333
11,2,323,160,325,-340
11,2,323,161,316,-350
11,2,323,161,325,-340
11,2,324,115,381,-105
11,2,324,155,368,-334
11,2,324,159,332,-333
11,2,324,160,325,-340
11,2,324,161,325,-340
11,2,325,145,353,-353
11,2,325,148,345,-361
11,2,325,163,326,-378
11,2,326,155,343,-359
11,2,326,156,343,-359
11,2,326,157,343,-359
11,2,326,161,326,-378
11,2,327,114,355,-98
11,2,327,155,343,-359
11,2,327,156,343,-359
11,2,327,156,351,-351
11,2,327,157,343,-359
11,2,327,158,343,-359
11,2,328,151,361,-345
11,2,328,151,371,-335
11,2,328,161,306,-394
11,2,329,115,353,-107
11,2,329,141,335,-371
11,2,330,154,345,-361
11,2,332,141,335,-371
11,2,335,136,447,-224
11,2,337,107,-130,0
11,2,337,108,-138,74
11,2,338,107,-78,0
11,2,338,112,393,-29
11,2,340,165,0,-500
11,2,340,171,0,-500
11,2,342,118,488,-109
11,2,343,115,311,-38
11,2,345,118,488,-109
11,2,346,111,369,-18
11,2,347,132,457,-203
11,2,347,136,447,-224
11,2,347,138,306,-394
11,2,348,111,369,-18
11,2,348,118,458,-114
11,2,349,111,419,-31
11,2,349,149,345,-361
11,2,350,114,364,-35
11,2,354,127,423,-212
11,2,354,127,457,-203
11,2,355,117,475,-94
11,2,355,127,423,-212
11,2,356,127,417,-224
11,2,356,127,423,-212
11,2,359,146,306,-394
11,2,360,127,423,-212
11,2,361,124,462,-191
11,2,362,127,417,-224
11,2,362,127,423,-212
11,2,363,121,380,-179
11,2,364,123,442,-170
11,2,364,124,432,-192
11,2,365,143,0,-447
11,2,366,127,417,-224
11,2,366,145,257,-429
11,2,367,123,442,-170
11,2,370,137,230,-384
11,2,371,121,385,-171
11,2,371,150,287,-408
11,2,372,143,0,-447
11,2,373,146,148,-450
11,2,379,144,88,-355
11,2,386,129,57,-228
11,2,387,150,361,-345
11,2,394,139,-17,-234
117,94,3736,2956,466,179
117,94,3748,2949,212,451
117,94,3755,2944,0,500
117,94,3758,2957,-148,449
117,94,3761,2987,106,298
117,94,3762,2987,114,322
117,94,3764,2961,0,447
117,94,3764,2976,0,264
117,94,3764,2987,8,51
117,94,3769,2961,-451,212
117,94,3775,2964,-500,0
117,94,3776,2961,-494,74
117,94,3777,2964,-500,0
117,94,3777,2964,-471,0
117,94,3778,2951,-326,378
117,94,3779,2961,-492,85
117,94,3780,2957,-457,203
117,94,3783,2953,-224,447
117,94,3783,2959,-482,132
121,94,3860,2955,345,361
121,94,3862,2972,353,274
121,94,3863,2961,0,447
121,94,3875,2961,108,433
121,94,3878,2967,189,376
121,94,3881,2961,43,445
121,94,3889,2961,0,447
121,94,3891,2961,22,447
121,94,3892,2961,0,447
121,94,3903,2963,-498,48
121,94,3905,2963,-500,25
121,94,3906,2947,224,447
121,94,3906,2962,-498,37
121,94,3906,2964,-500,0
121,94,3909,2961,-492,85
121,94,3911,2962,-498,37
119,94,3831,2953,0,500
119,94,3831,2959,416,277
119,94,3832,2952,0,500
119,94,3833,2959,484,121
119,94,3835,2961,492,85
119,94,3839,2961,494,74
119,94,3841,2960,478,144
119,94,3843,2964,74,248
119,94,3850,2942,0,500
119,94,3851,2961,0,447
119,94,3851,2965,0,421
119,94,3855,2957,-57,469
119,94,3864,2956,-159,445
119,94,3869,2960,-23,447
119,94,3873,2966,-21,421
125,39,3934,1277,470,-167
125,39,3940,1284,488,109
125,39,3947,1287,224,-447
125,39,3949,1264,471,35
125,39,3949,1265,473,23
125,39,3949,1267,473,0
125,39,3949,1268,473,0
125,39,3953,1260,437,97
125,39,3955,1280,121,-484
125,39,3956,1270,0,-328
125,39,3956,1271,0,-341
125,39,3956,1274,0,-302
124,40,3890,1279,500,25
124,40,3891,1283,500,0
124,40,3893,1283,500,0
124,40,3894,1284,500,0
124,40,3895,1284,500,0
124,40,3896,1279,312,30
124,40,3896,1281,312,23
124,40,3896,1281,314,15
124,40,3896,1283,314,0
124,40,3896,1284,335,0
124,40,3899,1273,329,82
124,40,3899,1276,333,66
124,40,3904,1283,497,11
124,40,3908,1353,378,-326
124,40,3908,1354,451,-212
124,40,3917,1316,361,-345
124,40,3917,1340,361,-345
124,40,3921,1284,447,0
124,40,3922,1226,353,353
124,40,3923,1284,421,0
124,40,3976,1349,187,254
124,40,3978,1351,170,231
39,3,1323,199,0,-500
39,3,1346,152,-441,-76
39,3,1373,158,-340,-325
39,3,1373,171,-340,-325
39,5,1323,246,0,-500
39,5,1359,232,-471,0
39,5,1362,199,-471,23
39,5,1362,201,-471,23
39,5,1383,198,-340,17
39,5,1383,200,-340,17
125,38,3930,1242,395,19
125,38,3944,1210,441,236
125,38,3949,1227,473,0
125,38,3949,1245,473,0
125,38,3949,1246,473,0
125,38,3949,1249,473,0
125,38,3949,1250,473,0
125,38,3949,1251,473,0
125,38,3949,1253,473,0
125,38,3949,1254,473,0
125,38,3954,1232,442,-66
125,38,3961,1259,308,-359
125,38,3962,1260,299,-366
2,62,139,1904,0,500
2,62,139,1907,0,500
2,62,139,1909,0,500
2,62,141,1980,236,441
2,62,145,1964,-60,496
2,62,146,1964,-85,492
2,62,146,1964,-74,494
2,62,146,1969,-60,496
2,62,149,1962,-114,458
2,62,151,1935,-121,484
2,62,151,1935,-109,488
2,62,152,1930,-277,416
2,62,152,1936,-121,484
2,62,152,1942,-144,478
2,62,153,1931,-277,416
2,62,153,1937,-132,482
2,62,155,1926,-441,236
2,62,156,1927,-441,236
2,62,160,1924,-500,0
2,62,169,1958,-316,386
2,62,175,1968,-353,353
2,62,176,2005,-447,0
2,62,177,1991,-472,-35
2,62,178,1988,-473,-11
2,62,178,2004,-473,0
2,62,186,2004,-500,0
2,62,188,1939,-340,325
2,62,188,1954,-340,325
2,62,189,1939,-340,325
2,62,189,1954,-340,325
2,62,189,1981,-500,0
2,62,190,1954,-340,325
2,62,191,1953,-350,316
2,62,191,1953,-340,325
2,62,191,1954,-340,325
2,62,193,1938,-378,326
2,62,194,1954,-386,316
2,62,194,1980,-500,11
2,62,203,1988,-500,0
2,62,204,1981,-500,0
2,62,204,1982,-433,-10
124,34,3896,1097,312,-23
124,34,3904,1156,321,-307
124,34,3905,1150,349,-316
124,34,3906,1149,340,-325
124,34,3907,1132,345,-361
124,34,3907,1149,340,-325
124,34,3907,1152,325,-340
124,34,3907,1154,316,-350
124,34,3908,1152,325,-340
124,34,3911,1149,351,-351
124,34,3911,1152,351,-351
124,34,3911,1156,351,-351
124,34,3911,1160,351,-351
124,34,3914,1153,287,-408
124,34,3918,1102,209,-10
124,34,3919,1091,447,10
124,34,3925,1098,314,0
124,34,3926,1095,260,-19
124,34,3930,1094,310,-46
124,34,3937,1120,203,-457
124,34,3940,1112,201,-427
124,34,3943,1139,144,-478
124,34,3944,1057,153,-307
124,34,3946,1194,121,-484
124,34,3948,1195,179,-466
124,34,3956,1194,0,-500
124,34,4061,1113,-212,-424
124,35,3903,1181,500,0
124,35,3906,1182,392,0
124,35,3908,1173,340,-325
124,35,3908,1193,340,-325
124,35,3908,1196,340,-325
124,35,3911,1169,351,-351
124,35,3911,1177,351,-351
124,35,3911,1180,351,-351
124,35,3911,1189,351,-351
124,35,3911,1192,351,-351
124,35,3917,1179,442,-170
124,35,3920,1181,500,0
124,35,3921,1181,500,0
124,35,3944,1204,156,-474
124,35,3956,1178,16,-20
124,35,3956,1208,0,-500
124,35,3956,1221,0,-500
124,35,3962,1172,212,156
124,35,3965,1172,-23,11
125,36,3935,1182,498,-37
125,36,3936,1179,470,-167
125,36,3936,1181,500,0
125,36,3938,1181,496,-60
125,36,3939,1181,500,0
125,36,3945,1190,277,-416
125,36,3950,1190,167,-470
125,36,3980,1163,-183,0
125,36,4075,1251,0,-500
124,37,3895,1182,335,0
124,37,3896,1166,466,179
124,37,3896,1212,314,0
124,37,3896,1224,314,0
124,37,3896,1227,314,0
124,37,3896,1231,314,0
124,37,3897,1182,340,0
124,37,3900,1237,366,-8
124,37,3906,1254,353,-353
124,37,3911,1224,418,0
124,37,3911,1227,418,0
124,37,3913,1181,473,0
124,37,3916,1254,444,0
124,37,3956,1253,0,-395
124,37,3956,1266,0,-473
124,37,3962,1260,299,-366
2,56,97,1725,21,289
2,56,135,1844,204,167
2,56,136,1844,153,242
2,56,137,1838,-114,347
2,56,137,1840,-31,315
2,56,137,1844,17,342
2,56,138,1844,8,369
2,56,139,1838,0,104
2,56,139,1846,0,0
2,56,139,1849,-23,-12
2,56,139,1850,-14,-21
2,56,140,1760,-210,200
2,56,141,1758,-219,228
2,56,144,1841,108,72
2,56,145,1837,-308,-61
2,56,146,1834,445,-43
2,56,152,1752,-179,380
2,56,170,1874,-345,-361
2,56,171,1749,-351,317
2,56,173,1877,-353,-353
2,56,174,1879,-353,-353
2,56,177,1880,-353,-353
2,56,177,1881,-361,-345
2,56,177,1881,-345,-361
2,56,178,1819,-471,23
2,56,178,1820,-471,23
2,56,178,1822,-471,-24
2,56,178,1822,-471,23
2,56,178,1823,-471,23
2,56,178,1824,-471,23
2,56,178,1825,-471,23
2,56,178,1827,-471,23
2,56,178,1828,-471,23
2,56,178,1829,-471,23
2,56,178,1830,-471,23
2,56,178,1831,-471,23
2,56,178,1832,-471,23
2,56,178,1833,-471,23
2,56,178,1882,-345,-361
2,56,180,1768,-482,132
2,56,180,1802,-361,345
2,56,180,1834,-444,0
2,56,183,1830,-444,22
2,56,185,1821,-500,0
2,56,187,1832,-417,30
2,56,191,1841,-392,19
2,56,194,1842,-366,8
2,56,195,1841,-366,18
2,56,196,1843,-340,0
2,56,198,1823,-340,-8
2,56,199,1818,-340,17
2,56,199,1819,-340,17
2,56,199,1820,-340,17
2,56,199,1821,-340,17
2,56,199,1822,-340,17
2,56,199,1823,-340,-8
2,56,199,1823,-340,17
2,56,199,1824,-340,17
2,56,199,1825,-340,17
2,56,199,1826,-340,17
2,56,199,1827,-340,17
2,56,199,1828,-340,17
2,56,199,1829,-340,17
2,56,199,1830,-340,17
2,56,199,1831,-340,17
2,56,199,1832,-340,17
2,56,199,1837,-340,-8
2,56,200,1821,-340,0
2,56,200,1825,-314,0
2,56,200,1831,-314,0
2,56,200,1834,-314,0
2,56,201,1806,-478,144
2,56,201,1807,-478,144
2,56,205,1821,-500,0
1,57,63,1780,-500,0
1,57,139,1815,0,500
1,57,141,1841,-442,-66
1,57,142,1842,-442,-66
1,57,156,1821,-500,0
1,57,156,1859,-361,-345
1,57,156,1859,-306,-394
1,57,156,1859,-287,-408
2,58,139,1798,0,433
2,58,139,1808,-23,447
2,58,139,1809,0,447
2,58,144,1826,-142,157
2,58,169,1846,-418,0
2,58,173,1884,-444,0
2,58,174,1827,-427,201
2,58,175,1827,-433,192
2,58,178,1843,-471,23
2,58,178,1845,-471,23
2,58,178,1847,-471,23
2,58,178,1848,-471,23
2,58,178,1849,-471,23
2,58,178,1850,-471,23
2,58,178,1851,-471,23
2,58,178,1852,-471,23
2,58,178,1853,-471,23
2,58,178,1854,-471,23
2,58,178,1856,-471,23
2,58,178,1858,-471,23
2,58,178,1860,-471,23
2,58,178,1862,-471,23
2,58,178,1886,-471,23
2,58,178,1887,-471,23
2,58,178,1888,-471,23
2,58,178,1889,-471,23
2,58,178,1890,-471,23
2,58,178,1891,-471,23
2,58,178,1892,-471,23
2,58,178,1893,-471,23
2,58,178,1895,-471,23
2,58,178,1897,-471,23
2,58,183,1892,-444,22
2,58,185,1821,-500,0
2,58,185,1923,-500,0
2,58,186,1924,-500,0
2,58,198,1841,-340,7
2,58,199,1841,-340,17
2,58,199,1842,-340,17
2,58,199,1844,-340,17
2,58,199,1845,-340,17
2,58,199,1846,-340,17
2,58,199,1847,-340,7
2,58,199,1847,-340,17
2,58,199,1848,-340,17
2,58,199,1849,-340,17
2,58,199,1850,-340,17
2,58,199,1851,-340,17
2,58,199,1852,-340,17
2,58,199,1853,-340,17
2,58,199,1854,-340,17
2,58,199,1855,-340,17
2,58,199,1856,-340,17
2,58,199,1857,-340,17
2,58,199,1859,-340,17
2,58,199,1860,-340,17
2,58,199,1861,-340,17
2,58,199,1862,-340,7
2,58,199,1865,-340,17
2,58,199,1881,-340,17
2,58,199,1883,-340,17
2,58,199,1884,-340,17
2,58,199,1885,-340,17
2,58,199,1886,-340,17
2,58,199,1887,-340,17
2,58,199,1888,-340,17
2,58,199,1889,-340,17
2,58,199,1890,-340,17
2,58,199,1891,-340,17
2,58,199,1892,-340,17
2,58,199,1893,-340,17
2,58,199,1894,-340,17
2,58,199,1896,-340,17
2,58,199,1898,-340,-8
2,58,200,1843,-314,0
2,58,200,1849,-314,0
2,58,200,1855,-314,0
2,58,200,1890,-314,0
1,60,118,1940,-14,21
1,60,139,1885,0,500
1,60,139,1895,0,500
1,60,140,1911,-366,299
1,60,141,1911,-366,299
1,60,142,1925,-447,0
1,60,143,1913,-402,296
1,60,146,1923,-473,0
1,60,146,1924,-473,0
1,60,147,1904,-378,326
1,60,150,1923,-500,0
1,60,150,1924,-500,0
1,60,151,1901,-441,236
1,60,152,1902,-394,306
1,60,156,1899,-500,0
1,59,107,1935,-6,51
1,59,139,1880,0,500
1,59,141,1905,-442,-66
1,59,142,1923,-447,0
1,59,146,1899,-473,0
1,59,146,1900,-473,0
1,59,146,1906,-473,-11
1,59,147,1877,-179,466
1,59,150,1923,-500,0
1,59,151,1879,-441,236
1,59,152,1880,-441,236
1,59,161,1898,-498,-37
1,59,167,1923,-500,0
2,61,122,1932,-100,-242
2,61,123,1937,160,-242
2,61,127,1933,-151,-393
2,61,130,1910,-283,346
2,61,130,1910,-274,353
2,61,146,2020,277,-416
2,61,170,1932,-411,92
2,61,177,1896,-353,353
2,61,184,1900,-351,351
2,61,184,1923,-351,351
2,61,188,1914,-340,325
2,61,188,1915,-340,325
2,61,188,1919,-340,325
2,61,188,1920,-340,325
2,61,188,1930,-340,325
2,61,189,1919,-340,325
2,61,189,1920,-340,325
2,61,189,1923,-392,0
2,61,189,1930,-340,325
2,61,190,1919,-441,53
2,61,190,1923,-444,0
2,61,191,1921,-412,30
2,61,191,1921,-391,28
2,61,191,1924,-500,0
2,61,192,1916,-321,307
2,61,192,1924,-366,0
2,61,192,1985,-259,-32
2,61,193,1914,-378,326
2,61,193,1919,-378,326
2,61,193,1921,-366,8
2,61,193,1924,-500,0
2,61,194,1914,-490,97
2,61,194,1924,-500,0
2,61,197,1952,-500,0
2,61,197,1992,-470,-167
2,61,203,1952,-500,0
39,8,1362,243,-471,23
39,8,1362,245,-471,23
39,8,1362,247,-471,23
39,8,1362,249,-471,23
39,8,1362,251,-471,23
39,8,1368,223,-345,361
39,8,1383,241,-340,17
39,8,1383,242,-340,17
39,8,1383,244,-340,17
39,8,1383,246,-340,17
39,8,1383,248,-340,17
39,8,1383,250,-340,17
39,8,1388,291,-500,0
3,23,43,775,224,-447
3,23,125,696,-35,364
3,23,139,782,-23,-12
3,23,139,783,-280,-77
3,23,139,783,-25,-7
3,23,139,799,0,-261
3,23,139,810,0,-157
3,23,139,812,0,-157
3,23,139,815,0,-447
3,23,139,817,0,-287
3,23,139,818,0,-473
3,23,139,828,0,-500
3,23,139,843,0,-500
3,23,139,844,0,-500
3,23,143,815,-70,-468
3,23,150,843,-121,-484
3,23,150,844,-121,-484
3,23,160,803,-287,-408
3,23,161,793,-217,265
3,23,161,803,-335,-371
3,23,163,787,-67,335
3,23,165,811,-287,-408
3,23,166,811,-309,-359
3,23,167,782,-307,153
3,23,167,809,-361,-345
3,23,168,811,-335,-371
3,23,181,815,-353,-353
3,23,185,819,-345,-361
3,23,198,747,-344,-281
3,23,199,748,-339,-292
3,23,200,795,-466,-179
3,23,204,753,-366,-300
3,23,219,798,-490,-97
3,23,220,800,-361,-345
3,23,221,799,-236,-441
3,23,224,804,-148,-450
2,24,73,741,-94,-90
2,24,139,812,-105,166
2,24,139,812,0,52
2,24,139,813,-380,-179
2,24,139,813,-23,235
2,24,139,813,-16,222
2,24,139,813,-5,223
2,24,139,813,0,316
2,24,139,814,0,250
2,24,140,816,130,243
2,24,140,873,-48,-498
2,24,143,815,208,20
2,24,145,860,-121,-484
2,24,146,818,326,32
2,24,146,860,-132,-482
2,24,147,829,-85,-492
2,24,147,876,-179,-466
2,24,148,870,-132,-482
2,24,149,874,-121,-484
2,24,149,875,-132,-482
2,24,150,816,-189,-140
2,24,151,820,-83,275
2,24,152,853,-277,-416
2,24,155,845,-156,-474
2,24,155,857,-441,-236
2,24,156,857,-441,-236
2,24,157,806,-233,-350
2,24,160,860,-500,0
2,24,161,812,-272,-387
2,24,161,860,-500,0
2,24,162,860,-500,0
2,24,163,827,-300,-332
2,24,164,813,-345,-361
2,24,164,813,-290,-374
2,24,165,860,-500,0
2,24,167,817,-306,-394
2,24,171,772,-439,87
2,24,171,776,-69,346
2,24,171,777,0,257
2,24,171,823,-361,-345
2,24,171,824,-361,-345
2,24,174,819,-361,-345
2,24,174,820,-361,-345
2,24,174,823,-361,-345
2,24,174,825,-353,-353
2,24,174,826,-361,-345
2,24,174,827,-361,-345
2,24,174,828,-361,-345
2,24,178,823,-361,-345
2,24,178,824,-361,-345
2,24,178,828,-361,-345
2,24,178,829,-361,-345
2,24,178,830,-361,-345
2,24,178,831,-361,-345
2,24,178,832,-361,-345
2,24,180,815,-402,-296
2,24,180,820,-371,-335
2,24,180,832,-287,-408
2,24,181,825,-345,-361
2,24,181,832,-361,-345
2,24,182,823,-361,-345
2,24,182,825,-361,-345
2,24,182,829,-361,-345
2,24,182,830,-361,-345
2,24,182,831,-361,-345
2,24,182,832,-361,-345
2,24,182,833,-361,-345
2,24,182,834,-361,-345
2,24,182,835,-361,-345
2,24,182,836,-361,-345
2,24,183,823,-371,-335
2,24,184,818,-408,-287
2,24,184,823,-361,-345
2,24,185,826,-359,-344
2,24,185,827,-359,-344
2,24,185,829,-359,-344
2,24,185,829,-334,-369
2,24,185,830,-359,-344
2,24,185,831,-359,-344
2,24,185,832,-359,-344
2,24,185,836,-359,-344
2,24,185,837,-359,-344
2,24,185,838,-359,-344
2,24,185,839,-359,-344
2,24,185,840,-359,-344
2,24,186,826,-369,-334
2,24,186,826,-359,-344
2,24,187,777,-365,26
2,24,187,826,-359,-344
2,24,188,778,-366,8
2,24,188,820,-408,-287
2,24,188,823,-353,-353
2,24,188,833,-316,-350
2,24,188,836,-333,-333
2,24,188,837,-333,-333
2,24,188,838,-333,-333
2,24,188,839,-333,-333
2,24,188,841,-333,-333
2,24,188,843,-333,-333
2,24,189,824,-345,-361
2,24,189,829,-340,-325
2,24,189,830,-340,-325
2,24,189,831,-340,-325
2,24,189,832,-340,-325
2,24,189,833,-340,-325
2,24,189,834,-340,-325
2,24,189,835,-340,-325
2,24,189,836,-340,-325
2,24,189,837,-340,-325
2,24,189,838,-340,-325
2,24,189,839,-340,-325
2,24,189,840,-340,-325
2,24,189,841,-340,-325
2,24,189,842,-340,-325
2,24,189,843,-340,-325
2,24,190,801,-498,48
2,24,190,821,-416,-277
2,24,190,829,-340,-325
2,24,190,830,-350,-316
2,24,190,830,-340,-325
2,24,191,823,-408,-287
2,24,191,830,-350,-316
2,24,192,832,-321,-307
2,24,193,831,-394,-306
2,24,194,823,-416,-277
2,24,194,824,-421,-267
2,24,195,826,-408,-287
2,24,195,828,-408,-287
2,24,195,829,-408,-287
2,24,196,826,-408,-287
2,24,196,827,-402,-296
2,24,200,780,-340,0
2,24,200,800,-498,48
2,24,204,803,-500,11
124,70,3893,2244,500,0
124,70,3899,2292,421,-267
124,70,3902,2212,405,0
124,70,3902,2212,500,0
124,70,3903,2211,366,0
124,70,3903,2211,471,10
124,70,3903,2212,387,0
124,70,3903,2212,405,0
124,70,3903,2212,459,0
124,70,3904,2211,366,0
124,70,3904,2212,387,0
124,70,3905,2209,392,8
124,70,3906,2209,392,8
124,70,3906,2210,392,0
124,70,3907,2196,332,332
124,70,3907,2196,340,325
124,70,3907,2197,332,332
124,70,3907,2197,340,325
124,70,3907,2198,332,332
124,70,3907,2199,332,332
124,70,3907,2200,332,332
124,70,3907,2200,340,325
124,70,3907,2201,332,332
124,70,3907,2201,340,325
124,70,3907,2203,332,332
124,70,3907,2204,332,332
124,70,3907,2205,332,332
124,70,3907,2206,332,332
124,70,3907,2207,332,332
124,70,3907,2208,332,332
124,70,3907,2209,332,332
124,70,3907,2210,332,332
124,70,3907,2211,332,332
124,70,3907,2213,332,332
124,70,3907,2214,332,332
124,70,3907,2215,340,325
124,70,3907,2218,332,332
124,70,3907,2222,332,332
124,70,3911,2205,358,343
124,70,3917,2268,473,0
124,70,3921,2212,498,0
124,70,3923,2221,412,82
124,70,3937,2265,223,-418
124,70,3946,2216,212,0
124,70,3948,2215,185,0
124,70,3948,2219,-162,208
124,70,3948,2245,-209,0
124,70,3949,2214,133,0
124,70,3949,2214,159,0
124,70,3955,2221,53,-150
124,70,3956,2172,0,500
124,70,3956,2218,-280,-217
124,70,3956,2221,0,-159
124,70,3956,2223,0,-157
124,70,3956,2226,0,-289
124,70,3958,2219,372,248
124,70,3959,2219,-23,-12
124,70,3959,2223,73,-223
124,70,3960,2227,316,-7
124,70,3966,2219,-117,-58
124,70,3969,2219,-9,-78
124,70,3970,2219,0,0
124,70,3970,2219,18,17
124,70,3970,2219,25,-5
124,64,3901,2113,431,-32
124,64,3902,2108,500,0
124,64,3902,2109,500,0
124,64,3902,2112,417,-31
124,64,3903,2110,387,-9
124,64,3903,2112,431,-32
124,64,3904,2110,392,0
124,64,3904,2111,391,-29
124,64,3904,2113,444,-33
124,64,3904,2123,321,-307
124,64,3904,2127,321,-307
124,64,3905,2110,391,-29
124,64,3905,2110,392,-9
124,64,3905,2110,392,0
124,64,3905,2111,391,-29
124,64,3905,2111,392,-9
124,64,3905,2111,412,-30
124,64,3905,2112,429,-42
124,64,3906,2108,392,0
124,64,3906,2111,392,-9
124,64,3907,2108,392,0
124,64,3907,2109,392,0
124,64,3907,2112,457,-34
124,64,3908,2123,340,-325
124,64,3908,2124,340,-325
124,64,3909,2110,418,0
124,64,3909,2111,418,-21
124,64,3911,2113,351,-351
124,64,3911,2116,351,-351
124,64,3911,2119,351,-351
124,64,3911,2120,351,-351
124,64,3917,2084,473,0
124,64,3924,2019,414,-195
124,64,3929,2014,311,242
124,64,3931,2003,316,386
124,64,3937,2071,-94,-90
124,64,3940,2028,264,0
124,64,3944,2006,348,-187
124,64,3944,2132,156,-474
124,64,3946,1993,148,449
124,64,3947,2057,-94,-187
124,64,3948,2072,-61,-172
124,64,3952,2116,112,-293
124,64,3955,2091,-87,-164
124,64,3956,2094,387,-77
124,64,3961,2100,-205,307
124,64,3961,2100,-25,8
124,64,3961,2100,0,447
124,64,3962,2100,-212,301
124,64,3963,2094,299,257
124,64,3963,2098,316,316
124,64,3963,2100,-26,0
124,64,3964,2098,151,393
124,64,3964,2100,-242,343
124,64,3964,2100,-219,296
124,64,3964,2100,136,453
124,64,3969,2100,22,12
2,25,40,816,-200,-60
2,25,122,844,-395,-9
2,25,132,844,128,68
2,25,132,848,-162,302
2,25,132,852,0,0
2,25,132,852,0,369
2,25,132,852,161,302
2,25,133,844,-159,7
2,25,133,845,-294,176
2,25,133,845,-258,181
2,25,133,845,-240,206
2,25,133,852,146,219
2,25,134,844,-117,62
2,25,135,847,-301,211
2,25,136,844,-116,105
2,25,146,781,-230,-254
2,25,150,880,-137,-453
2,25,151,884,-144,-478
2,25,152,882,-158,-443
2,25,160,873,0,-500
2,25,167,789,-210,105
2,25,168,798,-277,416
2,25,171,871,-285,-233
2,25,175,855,-478,-144
2,25,177,795,-256,-51
2,25,182,857,-353,-353
2,25,184,866,-492,-85
2,25,185,868,-359,-344
2,25,185,870,-359,-344
2,25,185,871,-359,-344
2,25,185,871,-351,-351
2,25,185,872,-359,-344
2,25,186,862,-418,-21
2,25,186,862,-418,0
2,25,187,867,-492,-85
2,25,187,877,-397,-252
2,25,188,867,-492,-85
2,25,188,871,-340,-325
2,25,188,875,-333,-333
2,25,189,857,-340,-325
2,25,189,863,-340,-325
2,25,189,866,-340,-325
2,25,189,870,-340,-325
2,25,189,871,-340,-325
2,25,189,873,-340,-325
2,25,189,874,-340,-325
2,25,189,875,-340,-325
2,25,190,860,-414,0
2,25,190,860,-392,0
2,25,190,861,-500,0
2,25,190,862,-392,-9
2,25,190,862,-392,0
2,25,190,863,-392,-9
2,25,191,860,-392,0
2,25,191,863,-392,-9
2,25,191,867,-494,-74
2,25,192,860,-387,0
2,25,192,868,-492,-85
2,25,193,860,-500,0
2,25,193,860,-387,0
2,25,193,868,-492,-85
2,25,194,860,-387,0
2,25,194,867,-494,-74
2,25,194,868,-494,-74
2,25,194,868,-492,-85
2,25,195,861,-500,0
125,65,3935,2109,500,0
125,65,3935,2110,498,-37
125,65,3936,2098,498,48
125,65,3936,2108,478,-144
125,65,3936,2108,500,0
125,65,3936,2109,500,0
125,65,3938,2109,496,-60
125,65,3939,2109,494,-74
125,65,3940,2106,466,-179
125,65,3940,2109,492,-85
125,65,3948,2072,179,466
125,65,3950,2118,167,-470
125,65,3952,2084,209,330
125,65,3956,2114,0,-500
125,65,3956,2115,0,-500
125,65,3969,2098,262,31
125,65,3976,2097,280,76
125,65,3980,2100,0,0
123,72,3864,2332,498,37
123,72,3873,2281,500,-11
123,72,3873,2282,500,-11
123,72,3874,2279,500,-11
123,72,3874,2280,500,-11
123,72,3874,2281,500,-11
123,72,3877,2282,500,-25
123,72,3878,2278,500,0
123,72,3882,2278,498,-37
123,72,3885,2326,490,-97
123,72,3889,2312,442,-66
123,72,3891,2308,421,0
123,72,3891,2338,421,-10
123,72,3891,2340,421,0
123,72,3895,2281,458,114
123,72,3898,2279,453,136
123,72,3899,2278,449,148
123,72,3899,2283,437,97
123,72,3900,2282,433,108
123,72,3901,2281,431,118
123,72,3903,2348,177,-196
123,72,3904,2322,-124,168
123,72,3915,2247,345,361
123,72,3915,2249,353,353
123,72,3915,2266,345,361
123,72,3916,2266,361,345
123,72,3916,2267,345,361
123,72,3922,2244,353,353
123,72,3933,2290,232,-52
123,72,3940,2282,76,-253
123,72,3945,2228,121,484
123,72,3956,2226,0,500
123,72,3956,2237,0,500
123,72,3956,2260,0,421
123,72,3956,2264,0,395
123,72,3956,2283,20,-16
123,72,3956,2284,0,0
123,72,3956,2290,78,-61
124,71,3891,2269,500,0
124,71,3891,2276,500,0
124,71,3897,2289,366,18
124,71,3899,2271,498,-37
124,71,3902,2246,402,296
124,71,3902,2287,408,91
124,71,3903,2288,500,0
124,71,3905,2241,340,325
124,71,3905,2242,340,325
124,71,3906,2242,340,325
124,71,3907,2227,332,332
124,71,3907,2228,332,332
124,71,3907,2229,332,332
124,71,3907,2230,332,332
124,71,3907,2231,332,332
124,71,3907,2233,332,332
124,71,3907,2233,340,325
124,71,3907,2234,332,332
124,71,3907,2235,332,332
124,71,3907,2236,332,332
124,71,3907,2237,332,332
124,71,3907,2238,332,332
124,71,3907,2239,316,349
124,71,3907,2239,332,332
124,71,3907,2240,332,332
124,71,3907,2241,332,332
124,71,3907,2242,332,332
124,71,3907,2249,353,353
124,71,3908,2242,332,332
124,71,3908,2242,345,361
124,71,3908,2249,345,361
124,71,3908,2277,482,132
124,71,3909,2262,353,353
124,71,3911,2241,358,343
124,71,3918,2244,500,0
124,71,3921,2303,121,-484
124,71,3923,2307,37,-498
124,71,3924,2295,500,0
124,71,3929,2252,334,334
124,71,3932,2260,291,304
124,71,3933,2260,291,304
124,71,3934,2258,291,304
124,71,3934,2259,291,304
124,71,3937,2288,281,70
124,71,3939,2264,121,403
124,71,3940,2289,255,63
124,71,3940,2291,264,13
124,71,3941,2258,-89,450
124,71,3941,2289,232,51
124,71,3942,2254,-274,334
124,71,3942,2315,0,104
124,71,3943,2254,158,445
124,71,3944,2223,109,488
124,71,3944,2223,148,449
124,71,3944,2252,-376,155
124,71,3945,2228,121,484
124,71,3948,2196,179,466
124,71,3948,2254,-366,-35
124,71,3952,2256,-208,-20
124,71,3955,2231,132,482
124,71,3956,2228,-378,178
124,71,3956,2245,-253,-400
124,71,3956,2256,46,-25
124,71,3956,2259,167,-251
124,71,3989,2355,470,-167
125,69,3934,2215,496,60
125,69,3935,2211,500,0
125,69,3936,2211,500,0
125,69,3936,2212,500,0
125,69,3936,2241,441,-236
125,69,3937,2212,500,0
125,69,3938,2211,496,60
125,69,3938,2211,500,0
125,69,3939,2211,494,74
125,69,3939,2211,500,0
125,69,3940,2211,500,0
125,69,3940,2212,500,0
125,69,3946,2198,212,451
125,69,3949,2212,473,0
125,69,3956,2216,0,248
125,69,3956,2219,0,183
125,69,3956,2235,0,-328
125,69,3956,2237,250,-75
125,69,3956,2241,0,-500
125,69,3976,2219,-104,0
125,69,3978,2219,0,0
125,69,3979,2228,-14,21
125,69,3980,2228,-21,14
125,69,3984,2219,-7,-104
125,69,3984,2228,-162,302
125,69,4043,2290,0,-473
124,68,3890,2211,500,0
124,68,3891,2211,500,0
124,68,3894,2211,500,0
124,68,3894,2212,340,0
124,68,3894,2225,482,-132
124,68,3895,2212,335,0
124,68,3895,2212,500,0
124,68,3896,2164,314,0
124,68,3896,2165,314,0
124,68,3896,2166,314,0
124,68,3896,2167,314,0
124,68,3896,2168,314,0
124,68,3896,2169,314,0
124,68,3896,2170,314,0
124,68,3896,2171,314,0
124,68,3896,2172,314,0
124,68,3896,2173,314,0
124,68,3896,2174,314,0
124,68,3896,2175,314,0
124,68,3896,2176,314,0
124,68,3896,2177,314,0
124,68,3896,2178,314,0
124,68,3896,2179,314,0
124,68,3896,2180,314,0
124,68,3896,2181,314,0
124,68,3896,2182,314,0
124,68,3896,2184,314,0
124,68,3896,2185,314,0
124,68,3896,2189,314,0
124,68,3896,2193,314,0
124,68,3896,2195,314,0
124,68,3896,2197,314,0
124,68,3896,2198,314,0
124,68,3896,2199,314,0
124,68,3896,2200,314,0
124,68,3896,2201,314,0
124,68,3896,2202,314,0
124,68,3896,2204,314,0
124,68,3896,2205,314,0
124,68,3896,2206,314,0
124,68,3896,2207,314,0
124,68,3896,2208,314,0
124,68,3896,2209,312,23
124,68,3896,2209,314,0
124,68,3896,2209,314,15
124,68,3896,2210,314,0
124,68,3896,2210,314,7
124,68,3896,2211,314,0
124,68,3896,2212,335,0
124,68,3896,2213,340,-8
124,68,3898,2209,340,7
124,68,3898,2212,340,0
124,68,3899,2155,340,0
124,68,3899,2182,340,0
124,68,3899,2208,338,25
124,68,3900,2155,340,0
124,68,3900,2157,366,-8
124,68,3900,2211,444,0
124,68,3901,2157,366,-18
124,68,3904,2211,497,11
124,68,3904,2211,500,0
124,68,3904,2222,482,-132
124,68,3907,2138,353,353
124,68,3907,2140,361,345
124,68,3910,2211,500,0
124,68,3911,2208,418,0
124,68,3911,2209,416,30
124,68,3911,2209,418,0
124,68,3911,2210,416,30
124,68,3911,2210,418,0
124,68,3911,2211,418,0
124,68,3911,2211,500,0
124,68,3914,2210,444,22
124,68,3917,2211,473,0
124,68,3917,2212,471,-24
124,68,3923,2179,-53,-441
124,68,3923,2211,421,0
124,68,3924,2212,414,0
124,68,3925,2212,414,0
124,68,3928,2212,387,0
124,68,3929,2212,387,0
124,68,3933,2167,-285,-406
124,68,3947,2211,238,0
124,68,3951,2222,38,391
124,68,3954,2232,-233,412
124,68,3956,2131,0,500
124,68,3956,2163,0,-130
124,68,3966,2155,60,-496
124,66,3895,2110,335,0
124,66,3896,2109,314,0
124,66,3896,2125,314,0
124,66,3896,2126,314,0
124,66,3896,2128,314,0
124,66,3896,2129,314,0
124,66,3896,2130,314,0
124,66,3896,2132,314,0
124,66,3896,2133,314,0
124,66,3896,2134,314,0
124,66,3896,2137,314,0
124,66,3896,2138,314,0
124,66,3896,2141,314,0
124,66,3896,2142,314,0
124,66,3896,2143,314,0
124,66,3896,2144,314,0
124,66,3896,2145,314,0
124,66,3896,2146,314,0
124,66,3896,2147,314,0
124,66,3896,2148,314,0
124,66,3896,2149,314,0
124,66,3896,2150,314,0
124,66,3896,2151,314,0
124,66,3896,2152,314,0
124,66,3896,2153,314,0
124,66,3896,2154,314,0
124,66,3896,2155,314,0
124,66,3897,2109,340,0
124,66,3897,2111,340,-17
124,66,3898,2110,340,0
124,66,3899,2109,340,0
124,66,3899,2110,340,-17
124,66,3905,2183,353,-353
124,66,3907,2144,392,0
124,66,3908,2180,353,-353
124,66,3911,2144,418,0
124,66,3911,2145,418,0
124,66,3911,2146,418,0
124,66,3911,2147,418,0
124,66,3911,2148,418,0
124,66,3911,2149,418,0
124,66,3911,2150,418,0
124,66,3911,2151,418,0
124,66,3911,2152,418,0
124,66,3911,2153,418,0
124,66,3911,2154,418,0
124,66,3911,2155,418,0
124,66,3912,2176,353,-353
124,66,3923,2109,421,0
124,66,3933,2109,316,0
124,66,3944,2063,148,449
124,66,3945,2069,442,-33
124,66,3947,2206,212,-451
124,66,3948,2045,179,466
124,66,3953,2159,33,338
124,66,3956,2170,16,-20
124,66,3956,2184,0,-380
124,66,3956,2190,0,-447
124,66,3957,2161,27,286
124,66,3958,2157,101,152
124,66,3985,2087,70,140
125,67,3940,2135,316,386
125,67,3944,2155,492,85
125,67,3949,2155,473,0
125,67,3949,2156,464,92
125,67,3951,2182,132,-482
125,67,3953,2144,97,490
125,67,3953,2157,438,87
125,67,3953,2175,97,-490
125,67,3956,2141,0,500
125,67,3958,2155,421,0
125,67,3979,2164,167,130
1,26,15,910,76,-441
1,26,113,843,-265,-293
1,26,137,848,-173,-323
1,26,137,851,-151,-41
1,26,139,853,0,-235
1,26,139,870,0,-500
1,26,139,871,0,-500
1,26,139,872,0,-500
1,26,140,842,-229,229
1,26,141,868,-74,-494
1,26,142,868,-97,-490
1,26,144,872,-144,-478
1,26,145,830,-178,377
1,26,145,870,-167,-470
1,26,145,874,-132,-482
1,26,147,875,-179,-466
1,26,149,871,-257,-429
1,26,154,868,-386,-316
1,26,156,861,-361,-345
1,26,157,860,-500,0
1,26,157,861,-500,0
1,26,157,861,-466,-179
1,26,158,861,-496,-60
1,26,160,860,-500,0
1,26,160,861,-500,0
2,27,135,916,26,0
2,27,135,916,195,308
2,27,136,916,225,355
2,27,137,908,-121,99
2,27,138,916,-287,6
2,27,138,916,8,369
2,27,139,946,0,-473
2,27,141,929,197,369
2,27,145,821,-80,357
2,27,145,948,-58,-335
2,27,146,942,-87,-439
2,27,157,861,-211,-16
2,27,169,861,-418,0
2,27,169,862,-418,0
2,27,169,864,-418,0
2,27,169,871,-418,0
2,27,169,880,-418,0
2,27,169,882,-418,0
2,27,169,885,-418,0
2,27,169,891,-418,0
2,27,169,902,-418,0
2,27,170,940,-327,-342
2,27,173,876,-444,0
2,27,173,881,-444,0
2,27,173,888,-444,0
2,27,173,896,-444,0
2,27,174,861,-447,0
2,27,176,860,-440,0
2,27,176,861,-471,0
2,27,177,860,-471,10
2,27,177,862,-471,-11
2,27,177,864,-471,-11
2,27,177,865,-471,-11
2,27,178,859,-471,23
2,27,178,860,-471,23
2,27,178,861,-471,23
2,27,178,862,-471,23
2,27,178,863,-471,-24
2,27,178,863,-471,23
2,27,178,864,-471,23
2,27,178,865,-471,23
2,27,178,866,-471,23
2,27,178,867,-471,23
2,27,178,868,-471,23
2,27,178,869,-471,23
2,27,178,870,-471,23
2,27,178,871,-471,23
2,27,178,872,-471,23
2,27,178,873,-471,23
2,27,178,874,-471,23
2,27,178,875,-471,23
2,27,178,876,-471,23
2,27,178,877,-471,23
2,27,178,878,-471,23
2,27,178,879,-471,23
2,27,178,880,-471,23
2,27,178,881,-471,23
2,27,178,882,-471,23
2,27,178,883,-471,23
2,27,178,884,-471,23
2,27,178,885,-471,23
2,27,178,886,-471,23
2,27,178,887,-471,23
2,27,178,888,-471,23
2,27,178,890,-471,23
2,27,178,892,-471,23
2,27,178,894,-471,23
2,27,178,895,-471,23
2,27,178,896,-471,23
2,27,178,897,-471,23
2,27,178,898,-471,23
2,27,178,899,-471,23
2,27,178,900,-471,23
2,27,178,901,-471,23
2,27,178,902,-471,23
2,27,178,903,-471,23
2,27,178,904,-471,23
2,27,178,905,-471,23
2,27,180,873,-444,0
2,27,180,892,-444,0
2,27,182,860,-444,10
2,27,182,862,-444,-10
2,27,183,865,-444,22
2,27,183,869,-444,22
2,27,183,872,-444,22
2,27,183,877,-444,22
2,27,183,884,-444,22
2,27,184,860,-418,0
2,27,185,860,-418,0
2,27,187,931,-353,-353
2,27,187,932,-345,-361
2,27,188,860,-500,0
2,27,188,932,-361,-345
2,27,188,932,-353,-353
2,27,189,860,-414,0
2,27,189,932,-353,-353
2,27,190,934,-361,-345
2,27,190,935,-353,-353
2,27,191,850,-478,144
2,27,191,861,-392,19
2,27,191,863,-392,-9
2,27,191,863,-392,19
2,27,191,913,-392,19
2,27,191,935,-353,-353
2,27,195,863,-366,-8
2,27,195,913,-366,18
2,27,197,861,-500,11
2,27,198,860,-340,0
2,27,198,863,-340,-8
2,27,198,864,-340,-8
2,27,198,865,-340,-8
2,27,198,866,-340,-8
2,27,199,858,-340,17
2,27,199,859,-340,17
2,27,199,860,-340,17
2,27,199,860,-314,0
2,27,199,861,-340,17
2,27,199,862,-340,17
2,27,199,863,-340,-8
2,27,199,863,-340,17
2,27,199,864,-340,17
2,27,199,865,-340,17
2,27,199,866,-340,17
2,27,199,867,-340,17
2,27,199,868,-340,17
2,27,199,869,-340,17
2,27,199,870,-340,17
2,27,199,871,-340,17
2,27,199,872,-340,17
2,27,199,873,-340,17
2,27,199,874,-340,17
2,27,199,875,-340,17
2,27,199,876,-340,17
2,27,199,877,-340,17
2,27,199,878,-340,17
2,27,199,879,-340,17
2,27,199,880,-340,17
2,27,199,881,-340,17
2,27,199,882,-340,17
2,27,199,883,-340,17
2,27,199,884,-340,17
2,27,199,885,-340,17
2,27,199,886,-340,17
2,27,199,887,-340,17
2,27,199,888,-340,17
2,27,199,889,-340,17
2,27,199,890,-340,17
2,27,199,891,-340,17
2,27,199,892,-340,17
2,27,199,893,-340,17
2,27,199,894,-340,17
2,27,199,895,-340,17
2,27,199,896,-340,17
2,27,199,897,-340,17
2,27,199,898,-340,17
2,27,199,899,-340,17
2,27,199,900,-340,17
2,27,199,901,-340,17
2,27,199,902,-340,17
2,27,199,903,-340,17
2,27,199,904,-340,17
2,27,200,860,-314,0
2,27,200,861,-314,0
2,27,200,862,-314,-7
2,27,200,873,-314,0
2,27,200,875,-314,0
2,27,200,879,-314,0
2,27,200,881,-314,0
2,27,200,883,-314,0
2,27,200,885,-314,0
2,27,200,889,-314,0
2,27,200,892,-314,0
2,27,200,894,-314,0
2,27,200,895,-314,0
2,27,200,897,-314,0
2,27,200,898,-314,0
2,27,200,901,-314,0
2,27,200,903,-314,0
2,27,200,904,-314,0
2,27,200,906,-314,0
2,27,201,846,-478,144
2,27,201,847,-478,144
2,27,201,860,-335,0
2,27,203,860,-500,0
2,27,203,861,-500,0
2,27,205,861,-500,0
1,28,108,907,10,-51
1,28,109,913,-10,103
1,28,127,911,-416,-62
1,28,134,907,-78,0
1,28,139,916,125,-457
1,28,139,922,-217,-362
1,28,139,925,0,-418
1,28,139,929,0,-392
1,28,140,902,-287,86
1,28,141,913,-442,-66
1,28,142,913,-442,-66
1,28,142,914,-442,-66
1,28,142,932,-121,-484
1,28,142,932,-97,-490
1,28,143,891,-167,470
1,28,143,932,-121,-484
1,28,146,914,-466,-81
1,28,149,935,-257,-429
1,28,154,934,-326,-378
1,28,156,932,-378,-326
2,29,27,943,-24,-74
2,29,80,972,-284,42
2,29,81,994,242,-100
2,29,104,974,57,228
2,29,113,990,-275,-83
2,29,131,915,201,-60
2,29,133,907,110,-269
2,29,133,910,-25,-262
2,29,134,913,112,-145
2,29,135,914,-372,-199
2,29,136,915,-119,-102
2,29,137,907,26,-1
2,29,137,910,11,-236
2,29,137,912,-17,-182
2,29,137,914,166,-166
2,29,138,913,2,-104
2,29,138,914,-7,-78
2,29,138,915,-23,-12
2,29,139,871,0,380
2,29,139,1010,0,-473
2,29,139,1014,0,-314
2,29,141,900,-209,0
2,29,141,904,-209,0
2,29,144,877,-57,469
2,29,151,964,-316,0
2,29,161,889,-223,259
2,29,167,954,58,-388
2,29,169,929,-418,0
2,29,169,934,-418,0
2,29,169,937,-418,0
2,29,169,938,-418,0
2,29,169,939,-418,0
2,29,169,941,-418,0
2,29,169,946,-418,0
2,29,169,958,-418,0
2,29,169,959,-418,0
2,29,172,962,-444,0
2,29,173,952,-444,0
2,29,173,963,-149,-105
2,29,174,961,-444,0
2,29,175,963,-473,0
2,29,176,917,-471,0
2,29,176,939,-471,0
2,29,177,959,-471,23
2,29,177,961,-471,23
2,29,177,962,-471,23
2,29,178,915,-471,23
2,29,178,916,-471,23
2,29,178,917,-471,23
2,29,178,918,-471,23
2,29,178,919,-471,23
2,29,178,920,-471,23
2,29,178,921,-471,23
2,29,178,922,-471,23
2,29,178,923,-471,23
2,29,178,924,-471,23
2,29,178,925,-471,23
2,29,178,926,-471,23
2,29,178,927,-471,23
2,29,178,928,-471,23
2,29,178,929,-471,23
2,29,178,930,-471,23
2,29,178,931,-471,23
2,29,178,932,-471,23
2,29,178,933,-471,23
2,29,178,934,-471,23
2,29,178,935,-471,23
2,29,178,936,-471,23
2,29,178,937,-471,23
2,29,178,938,-471,23
2,29,178,940,-471,23
2,29,178,941,-471,23
2,29,178,942,-471,23
2,29,178,943,-471,23
2,29,178,944,-471,23
2,29,178,945,-471,23
2,29,178,946,-471,23
2,29,178,947,-471,23
2,29,178,948,-471,23
2,29,178,949,-471,23
2,29,178,950,-471,23
2,29,178,951,-471,23
2,29,178,952,-471,23
2,29,178,953,-471,23
2,29,178,954,-471,23
2,29,178,955,-471,23
2,29,178,956,-471,23
2,29,178,958,-471,23
2,29,178,959,-471,23
2,29,178,960,-471,23
2,29,178,961,-471,23
2,29,178,963,-471,-24
2,29,180,918,-444,0
2,29,180,961,-443,43
2,29,180,962,-444,0
2,29,183,925,-444,22
2,29,183,926,-444,22
2,29,183,932,-444,22
2,29,183,943,-444,22
2,29,183,947,-444,22
2,29,183,950,-444,22
2,29,184,895,-345,361
2,29,185,963,-418,9
2,29,185,964,-498,-37
2,29,186,964,-500,0
2,29,186,964,-498,-37
2,29,188,964,-500,-25
2,29,188,988,-306,-394
2,29,189,963,-500,0
2,29,191,888,-345,361
2,29,191,964,-497,0
2,29,191,964,-495,-37
2,29,192,964,-497,-11
2,29,193,964,-497,-11
2,29,195,965,-471,-24
2,29,196,966,-469,-35
2,29,197,960,-339,25
2,29,197,961,-340,17
2,29,197,963,-340,7
2,29,197,967,-469,-46
2,29,198,958,-340,7
2,29,198,958,-340,17
2,29,198,959,-340,17
2,29,198,960,-340,17
2,29,198,961,-340,7
2,29,198,961,-340,17
2,29,199,913,-340,17
2,29,199,914,-340,17
2,29,199,915,-340,17
2,29,199,916,-340,17
2,29,199,917,-340,17
2,29,199,918,-340,17
2,29,199,919,-340,17
2,29,199,920,-340,17
2,29,199,921,-340,17
2,29,199,922,-340,17
2,29,199,923,-340,17
2,29,199,924,-340,17
2,29,199,925,-340,17
2,29,199,926,-340,17
2,29,199,927,-340,17
2,29,199,928,-340,17
2,29,199,929,-340,17
2,29,199,930,-340,17
2,29,199,931,-340,17
2,29,199,932,-340,17
2,29,199,933,-340,17
2,29,199,934,-340,17
2,29,199,935,-340,17
2,29,199,936,-340,17
2,29,199,937,-340,17
2,29,199,938,-340,17
2,29,199,939,-340,17
2,29,199,940,-340,17
2,29,199,941,-340,17
2,29,199,942,-340,17
2,29,199,943,-340,17
2,29,199,944,-340,17
2,29,199,945,-340,17
2,29,199,946,-340,17
2,29,199,947,-340,17
2,29,199,948,-340,17
2,29,199,949,-340,17
2,29,199,950,-340,17
2,29,199,951,-340,17
2,29,199,952,-340,17
2,29,199,953,-340,17
2,29,199,954,-340,17
2,29,199,955,-340,17
2,29,199,956,-340,17
2,29,199,957,-340,17
2,29,199,958,-340,17
2,29,199,959,-340,17
2,29,199,960,-340,17
2,29,199,961,-340,-8
2,29,199,961,-340,17
2,29,199,964,-340,-8
2,29,199,965,-444,-22
2,29,199,965,-443,-33
2,29,200,915,-314,0
2,29,200,917,-314,0
2,29,200,918,-314,0
2,29,200,919,-314,0
2,29,200,921,-314,0
2,29,200,927,-314,0
2,29,200,929,-314,0
2,29,200,937,-314,0
2,29,200,939,-314,0
2,29,200,958,-314,0
2,29,200,960,-314,0
2,29,200,961,-340,7
2,29,200,962,-314,0
2,29,200,965,-444,-22
2,29,200,966,-443,-33
2,29,201,963,-500,0
2,29,201,964,-459,0
2,29,201,964,-444,0
2,29,201,965,-444,-10
2,29,202,962,-392,0
2,29,204,961,-500,25
2,29,204,963,-500,0
2,29,204,964,-500,0
1,30,53,1035,-433,0
1,30,61,1036,-482,-132
1,30,63,1035,-500,0
1,30,63,1035,-485,0
1,30,65,1035,-485,0
1,30,109,971,69,-37
1,30,139,952,0,500
1,30,139,998,-23,-459
1,30,140,997,-37,-498
1,30,145,953,-167,470
1,30,145,994,-203,-457
1,30,146,963,-473,0
1,30,149,1003,-212,-451
1,30,150,967,-470,167
1,30,154,957,-297,255
1,30,156,963,-500,0
1,30,157,962,-494,74
1,30,157,963,-500,0
1,30,157,963,-494,74
1,30,158,963,-500,0
1,30,158,963,-496,60
1,30,159,962,-488,109
1,30,159,963,-500,0
1,30,159,964,-478,144
1,30,160,962,-457,-203
1,30,160,963,-500,0
1,30,160,964,-500,0
1,30,160,964,-488,109
1,30,160,964,-478,144
1,30,160,965,-484,121
1,30,160,967,-492,85
1,30,161,965,-484,121
1,30,162,966,-494,74
1,30,163,964,-236,441
2,31,79,1082,11,-500
2,31,106,1073,-369,-8
2,31,120,971,-287,0
2,31,122,1068,-390,161
2,31,124,971,-25,-5
2,31,124,971,-9,-24
2,31,124,971,0,0
2,31,125,971,-59,-51
2,31,125,971,9,-78
2,31,126,971,59,-85
2,31,126,979,-176,-48
2,31,127,971,0,130
2,31,127,971,26,0
2,31,127,974,-239,-377
2,31,128,971,116,-58
2,31,128,971,140,-70
2,31,129,971,16,-20
2,31,130,971,48,-62
2,31,130,971,116,-58
2,31,130,1071,0,-447
2,31,130,1082,-74,-494
2,31,131,976,96,180
2,31,131,1071,0,-447
2,31,132,971,26,0
2,31,135,971,111,-176
2,31,135,975,-442,-66
2,31,138,978,-137,-185
2,31,138,979,-49,-17
2,31,139,952,0,289
2,31,139,968,-26,-1
2,31,140,980,103,28
2,31,146,967,-70,-140
2,31,148,985,0,0
2,31,150,977,-255,69
2,31,151,1060,-332,-300
2,31,152,934,-144,478
2,31,154,963,-500,0
2,31,157,942,-150,318
2,31,163,934,-224,-447
2,31,163,1046,-459,-114
2,31,166,1050,-372,-132
2,31,173,969,-428,129
2,31,173,1020,-380,0
2,31,175,1021,-473,0
2,31,179,966,-474,156
2,31,180,971,-464,92
2,31,181,966,-500,0
2,31,184,965,-500,25
2,31,184,966,-482,132
2,31,185,967,-500,0
2,31,185,968,-500,0
2,31,189,963,-392,0
2,31,190,959,-441,53
2,31,190,961,-392,8
2,31,190,964,-392,0
2,31,191,959,-419,31
2,31,191,961,-392,8
2,31,191,961,-392,19
2,31,191,961,-391,28
2,31,191,964,-497,0
2,31,192,964,-500,0
2,31,192,964,-366,0
2,31,193,959,-428,51
2,31,193,961,-366,8
2,31,193,964,-500,0
2,31,194,954,-490,97
2,31,194,956,-492,85
2,31,194,963,-500,0
2,31,194,964,-500,0
2,31,196,956,-494,74
2,31,203,1028,-500,0
2,31,204,1021,-500,0
2,31,204,1022,-500,-25
