113,95,3559,3032,267,421
113,95,3560,3073,482,132
113,95,3572,3040,0,500
113,95,3648,2979,0,500
113,95,3648,2996,466,179
113,95,3648,2996,488,109
113,95,3656,2976,386,316
113,95,3657,2996,249,0
113,95,3658,2974,0,500
113,95,3659,2993,0,447
113,95,3659,2997,0,421
113,95,3663,2995,0,421
113,95,3664,2989,0,473
113,95,3665,3000,0,395
113,95,3666,2992,-23,447
113,95,3692,2993,-23,447
113,95,3692,3030,62,117
113,95,3693,3025,-128,133
113,95,3716,2987,0,500
113,95,3716,2990,0,500
113,95,3724,3001,-366,299
116,95,3670,3004,353,274
116,95,3672,2993,299,366
116,95,3675,2999,300,332
116,95,3676,2998,274,353
116,95,3679,3002,258,332
116,95,3712,2993,0,447
116,95,3713,2992,-33,445
116,95,3713,2992,-23,447
116,95,3716,2970,0,500
116,95,3716,2982,0,500
116,95,3716,2993,0,447
116,95,3723,2993,0,447
116,95,3724,2992,-23,447
116,95,3724,2993,0,447
116,95,3736,2993,0,447
116,95,3737,2993,0,447
116,95,3737,2997,-21,421
116,95,3737,3000,0,395
116,95,3738,2992,-23,447
116,95,3740,2993,0,447
116,95,3768,2974,-97,490
112,94,3512,3011,496,60
112,94,3550,2956,231,410
112,94,3551,2971,274,319
112,94,3557,2966,198,371
112,94,3578,2948,0,500
112,94,3580,2936,66,439
112,94,3580,2953,0,473
112,94,3580,2958,43,445
112,94,3580,2968,0,395
112,94,3582,2936,25,338
112,94,3582,2978,291,226
112,94,3583,2935,7,314
112,94,3584,2935,0,314
112,94,3584,2938,0,340
112,94,3584,2938,0,361
112,94,3584,2939,0,340
112,94,3595,2994,-129,-129
112,94,3598,2935,0,314
112,94,3598,2977,0,235
112,94,3600,2935,0,314
112,94,3600,2974,0,261
112,94,3600,2978,0,235
112,94,3601,2935,0,314
112,94,3601,2977,0,183
112,94,3601,2977,0,209
112,94,3601,2978,0,209
112,94,3601,2980,0,157
112,94,3604,2935,0,314
112,94,3607,2935,0,314
112,94,3611,2935,0,314
112,94,3614,2935,0,314
112,94,3617,2935,0,314
112,94,3625,2978,0,157
112,94,3629,2935,7,314
112,94,3630,2935,0,314
112,94,3635,2935,0,314
112,94,3637,2933,0,342
112,94,3639,2936,25,338
112,94,3641,2935,0,314
112,94,3645,2935,0,314
112,94,3647,2935,0,314
112,94,3648,2935,0,314
112,94,3648,2938,0,340
112,94,3648,2939,0,340
112,94,3648,2940,0,314
112,94,3650,2935,0,314
112,94,3652,2935,0,314
112,94,3652,2938,0,340
112,94,3653,2935,0,314
112,94,3654,2935,0,314
112,94,3654,2977,-150,213
112,94,3655,2967,-132,341
112,94,3657,2935,0,314
112,94,3659,2935,0,314
112,94,3659,2968,-210,298
112,94,3681,2950,-361,345
112,94,3685,2946,-353,353
112,94,3698,2997,-473,0
118,94,3701,2988,500,-11
118,94,3714,2984,500,-11
118,94,3717,2986,500,-25
118,94,3718,2983,500,-25
118,94,3719,2995,473,0
118,94,3721,2986,464,92
118,94,3724,2956,353,353
118,94,3735,2961,386,316
118,94,3737,2987,428,129
118,94,3743,2967,366,299
118,94,3746,2970,339,291
118,94,3750,2973,325,266
118,94,3750,2985,159,0
118,94,3754,2950,345,361
118,94,3754,2951,345,361
118,94,3755,2953,353,353
118,94,3756,2971,345,361
118,94,3781,2988,113,-296
118,94,3783,2991,-91,-220
118,94,3785,2971,332,-258
118,94,3786,2993,98,-35
118,94,3788,2965,111,406
118,94,3795,2981,-149,-278
118,94,3796,2957,0,473
118,94,3796,2977,0,250
28,6,971,167,-5,25
28,6,971,238,-340,7
28,6,971,240,-444,10
28,6,971,241,-25,45
28,6,976,142,75,195
28,6,976,179,234,22
28,6,979,224,-97,-490
28,6,979,233,-46,-310
28,6,979,233,55,-282
28,6,980,225,-109,-488
28,6,980,229,-97,-490
28,6,980,237,-277,-416
28,6,981,235,-114,-459
28,6,984,244,-109,-488
28,6,986,224,-167,-470
28,6,990,228,-144,-478
28,6,992,264,-361,-345
28,6,994,265,-335,-371
28,6,995,267,-345,-361
28,6,999,251,-500,25
28,6,1000,245,-500,25
28,6,1000,258,-500,25
28,6,1001,220,-418,0
28,6,1001,230,-418,0
28,6,1004,243,-495,36
28,6,1005,219,-444,0
28,6,1005,221,-444,0
28,6,1005,222,-444,-10
28,6,1005,222,-444,0
28,6,1006,222,-444,-10
28,6,1006,224,-443,-33
28,6,1008,161,-424,212
28,6,1009,222,-471,-11
28,6,1010,219,-471,23
28,6,1010,220,-471,23
28,6,1010,221,-471,-11
28,6,1010,222,-471,-24
28,6,1010,222,-471,23
28,6,1010,222,-469,-46
28,6,1010,223,-471,23
28,6,1010,224,-471,23
28,6,1010,225,-471,23
28,6,1010,226,-471,23
28,6,1010,227,-471,23
28,6,1010,228,-471,23
28,6,1010,229,-471,23
28,6,1010,230,-471,23
28,6,1010,232,-471,23
28,6,1010,257,-471,23
28,6,1010,260,-471,23
28,6,1011,220,-466,0
28,6,1014,222,-444,-10
28,6,1015,225,-444,22
28,6,1019,242,-417,30
28,6,1019,246,-417,30
28,6,1020,212,-333,-333
28,6,1022,242,-392,8
28,6,1027,220,-366,0
28,6,1028,221,-392,0
28,6,1029,222,-340,-8
28,6,1030,168,-500,0
28,6,1030,220,-340,0
28,6,1030,223,-340,-8
28,6,1030,224,-339,-25
28,6,1030,225,-339,-33
28,6,1031,218,-340,17
28,6,1031,219,-340,17
28,6,1031,220,-340,17
28,6,1031,221,-340,0
28,6,1031,221,-340,17
28,6,1031,222,-340,-17
28,6,1031,222,-340,-8
28,6,1031,222,-340,17
28,6,1031,223,-340,-17
28,6,1031,223,-340,-8
28,6,1031,223,-340,17
28,6,1031,224,-340,17
28,6,1031,224,-339,-25
28,6,1031,225,-340,17
28,6,1031,226,-340,17
28,6,1031,227,-340,17
28,6,1031,227,-337,-41
28,6,1031,227,-336,-50
28,6,1031,228,-340,17
28,6,1031,229,-340,17
28,6,1031,231,-340,17
28,6,1031,232,-340,17
28,6,1032,220,-335,0
28,6,1032,221,-314,0
28,6,1032,222,-314,0
28,6,1032,224,-312,-30
28,6,1033,207,-478,144
28,6,1033,222,-314,0
28,6,1035,209,-482,132
28,6,1035,230,-492,-85
28,6,1036,230,-468,-70
28,6,1037,230,-466,-81
28,6,1038,200,-500,-25
28,7,852,243,0,-500
28,7,969,268,-121,99
28,7,970,269,-17,182
28,7,970,273,5,235
28,7,971,180,125,-457
28,7,971,210,-235,-212
28,7,971,279,-23,-12
28,7,972,205,-369,-198
28,7,975,263,-159,239
28,7,1001,236,-418,0
28,7,1001,242,-418,0
28,7,1001,254,-418,0
28,7,1005,249,-444,0
28,7,1006,221,-447,0
28,7,1008,221,-471,0
28,7,1010,219,-471,23
28,7,1010,220,-471,23
28,7,1010,222,-471,-24
28,7,1010,222,-471,23
28,7,1010,224,-471,23
28,7,1010,226,-471,23
28,7,1010,228,-471,23
28,7,1010,230,-471,23
28,7,1010,232,-471,23
28,7,1010,234,-471,23
28,7,1010,235,-471,23
28,7,1010,236,-471,23
28,7,1010,237,-471,23
28,7,1010,238,-471,23
28,7,1010,241,-471,23
28,7,1010,242,-471,23
28,7,1010,243,-471,23
28,7,1010,244,-471,23
28,7,1010,246,-471,23
28,7,1010,247,-471,23
28,7,1010,248,-471,23
28,7,1010,249,-471,23
28,7,1010,250,-471,23
28,7,1010,251,-471,23
28,7,1010,252,-471,23
28,7,1010,254,-471,23
28,7,1010,255,-471,23
28,7,1010,256,-471,23
28,7,1010,257,-471,23
28,7,1010,258,-471,23
28,7,1010,259,-471,23
28,7,1010,260,-471,23
28,7,1010,261,-471,23
28,7,1010,262,-471,23
28,7,1010,263,-471,23
28,7,1010,264,-471,23
28,7,1010,265,-471,23
28,7,1012,260,-444,0
28,7,1014,221,-500,0
28,7,1015,240,-444,22
28,7,1015,246,-444,22
28,7,1015,247,-444,22
28,7,1015,260,-444,22
28,7,1016,288,-353,-353
28,7,1016,289,-353,-353
28,7,1018,290,-353,-353
28,7,1019,290,-353,-353
28,7,1019,292,-345,-361
28,7,1020,292,-353,-353
28,7,1021,292,-353,-353
28,7,1022,294,-361,-345
28,7,1022,295,-353,-353
28,7,1023,262,-392,19
28,7,1023,273,-392,19
28,7,1023,295,-353,-353
28,7,1027,273,-366,18
28,7,1030,223,-340,-8
28,7,1031,218,-340,17
28,7,1031,219,-340,17
28,7,1031,221,-340,17
28,7,1031,222,-340,17
28,7,1031,223,-340,-8
28,7,1031,223,-340,17
28,7,1031,224,-340,17
28,7,1031,225,-340,17
28,7,1031,226,-340,17
28,7,1031,227,-340,17
28,7,1031,229,-340,17
28,7,1031,231,-340,17
28,7,1031,232,-340,17
28,7,1031,233,-340,17
28,7,1031,234,-340,17
28,7,1031,235,-340,17
28,7,1031,236,-340,17
28,7,1031,237,-340,17
28,7,1031,239,-340,17
28,7,1031,240,-340,17
28,7,1031,241,-340,17
28,7,1031,242,-340,17
28,7,1031,243,-340,17
28,7,1031,244,-340,17
28,7,1031,245,-340,17
28,7,1031,246,-340,17
28,7,1031,247,-340,17
28,7,1031,248,-340,17
28,7,1031,249,-340,17
28,7,1031,250,-340,17
28,7,1031,251,-340,17
28,7,1031,252,-340,17
28,7,1031,253,-340,17
28,7,1031,254,-340,17
28,7,1031,255,-340,17
28,7,1031,256,-340,17
28,7,1031,257,-340,17
28,7,1031,258,-340,17
28,7,1031,259,-340,17
28,7,1031,260,-340,17
28,7,1031,261,-340,17
28,7,1031,262,-340,17
28,7,1031,263,-340,17
28,7,1031,264,-340,17
28,7,1032,221,-314,0
28,7,1032,244,-314,0
28,7,1032,254,-314,0
28,7,1032,260,-314,0
28,7,1032,266,-314,0
28,7,1036,222,-500,0
28,9,962,267,-185,-99
28,9,965,268,-14,-21
28,9,965,270,-233,-350
28,9,966,267,204,-167
28,9,970,275,-23,-12
28,9,977,347,372,248
28,9,978,241,-87,438
28,9,1001,286,-418,0
28,9,1001,287,-418,0
28,9,1001,295,-418,0
28,9,1001,300,-418,0
28,9,1001,304,-418,0
28,9,1001,311,-418,0
28,9,1001,320,-418,0
28,9,1005,303,-444,0
28,9,1006,321,-444,0
28,9,1010,275,-471,23
28,9,1010,276,-471,23
28,9,1010,277,-471,23
28,9,1010,278,-471,23
28,9,1010,279,-471,23
28,9,1010,280,-471,23
28,9,1010,282,-471,23
28,9,1010,283,-471,23
28,9,1010,284,-471,23
28,9,1010,285,-471,23
28,9,1010,286,-471,23
28,9,1010,288,-471,23
28,9,1010,290,-471,23
28,9,1010,292,-471,23
28,9,1010,294,-471,23
28,9,1010,296,-471,23
28,9,1010,298,-471,23
28,9,1010,300,-471,23
28,9,1010,302,-471,23
28,9,1010,304,-471,23
28,9,1010,306,-471,23
28,9,1010,308,-471,23
28,9,1010,309,-471,23
28,9,1010,310,-471,23
28,9,1010,311,-471,23
28,9,1010,312,-471,23
28,9,1010,313,-471,23
28,9,1010,314,-471,23
28,9,1010,316,-471,23
28,9,1010,318,-471,23
28,9,1010,319,-471,23
28,9,1010,320,-471,23
28,9,1012,280,-444,0
28,9,1012,284,-444,0
28,9,1012,319,-444,0
28,9,1013,321,-444,22
28,9,1014,319,-444,22
28,9,1015,280,-444,22
28,9,1015,281,-444,22
28,9,1015,284,-444,22
28,9,1015,289,-444,22
28,9,1015,312,-444,22
28,9,1017,322,-418,0
28,9,1023,320,-392,19
28,9,1027,320,-366,18
28,9,1027,325,-471,-24
28,9,1029,264,-340,0
28,9,1029,324,-471,0
28,9,1030,318,-340,7
28,9,1030,318,-340,17
28,9,1030,319,-340,17
28,9,1030,320,-340,17
28,9,1030,321,-340,7
28,9,1031,273,-340,17
28,9,1031,274,-340,17
28,9,1031,275,-340,17
28,9,1031,276,-340,17
28,9,1031,277,-340,17
28,9,1031,278,-340,17
28,9,1031,279,-340,17
28,9,1031,280,-340,17
28,9,1031,281,-340,17
28,9,1031,282,-340,17
28,9,1031,283,-340,17
28,9,1031,284,-340,17
28,9,1031,285,-340,17
28,9,1031,286,-340,17
28,9,1031,287,-340,17
28,9,1031,288,-340,17
28,9,1031,289,-340,17
28,9,1031,291,-340,17
28,9,1031,293,-340,17
28,9,1031,294,-340,17
28,9,1031,295,-340,17
28,9,1031,297,-340,17
28,9,1031,299,-340,17
28,9,1031,301,-340,17
28,9,1031,302,-340,17
28,9,1031,303,-340,17
28,9,1031,305,-340,17
28,9,1031,306,-340,17
28,9,1031,307,-340,17
28,9,1031,308,-340,17
28,9,1031,309,-340,17
28,9,1031,310,-340,17
28,9,1031,311,-340,17
28,9,1031,312,-340,17
28,9,1031,313,-340,17
28,9,1031,315,-340,17
28,9,1031,316,-340,17
28,9,1031,317,-340,-8
28,9,1031,317,-340,17
28,9,1031,318,-340,17
28,9,1031,319,-340,17
28,9,1031,320,-340,17
28,9,1031,321,-340,-8
28,9,1031,321,-340,17
28,9,1031,325,-444,-22
28,9,1032,275,-314,0
28,9,1032,278,-314,0
28,9,1032,280,-314,0
28,9,1032,284,-314,0
28,9,1032,287,-314,0
28,9,1032,319,-314,0
28,9,1032,320,-314,0
28,9,1032,322,-314,0
28,9,1032,325,-443,-33
28,9,1032,326,-443,-33
28,9,1033,326,-443,-33
28,9,1035,323,-500,0
28,9,1036,323,-500,0
27,8,973,273,-442,-66
27,8,974,274,-442,-66
27,8,974,292,-97,-490
27,8,975,292,-121,-484
27,8,976,297,-121,-484
27,8,983,275,-492,-85
29,3,919,39,160,417
29,3,971,145,-178,-49
29,3,971,147,0,0
29,3,971,148,-20,16
29,3,971,171,121,-203
29,3,971,174,0,-447
29,3,971,175,0,-447
29,3,989,142,153,146
29,3,993,163,-335,-371
29,3,997,171,-287,-408
29,3,999,169,-345,-361
29,3,1000,171,-335,-371
29,3,1010,165,-345,-361
29,3,1013,180,-345,-361
29,3,1014,169,-335,-371
29,3,1014,183,-345,-361
29,3,1021,176,-345,-361
29,3,1024,180,-353,-353
29,3,1031,151,-453,-137
29,3,1037,149,-490,-97
29,3,1042,152,-484,-121
29,3,1043,138,-261,0
29,3,1045,169,-335,-371
29,3,1046,132,-500,0
29,3,1047,132,-500,0
29,3,1047,154,-292,-73
29,3,1049,132,-392,0
29,3,1050,131,-500,0
29,3,1050,132,-500,0
29,3,1051,155,-482,-132
29,3,1052,155,-457,-203
29,3,1056,157,-361,-345
34,121,1011,3875,500,0
34,121,1016,3860,314,0
34,121,1016,3861,314,0
34,121,1016,3862,314,0
34,121,1016,3863,314,0
34,121,1016,3865,314,0
34,121,1016,3866,314,0
34,121,1016,3867,314,0
34,121,1016,3868,314,0
34,121,1016,3870,314,0
34,121,1016,3871,314,0
34,121,1016,3877,340,-8
34,121,1019,3851,340,0
34,121,1020,3853,366,-8
34,121,1021,3854,366,-18
34,121,1036,3832,444,0
34,121,1042,3818,353,353
34,121,1076,3859,0,-130
34,121,1077,3856,74,-138
34,121,1078,3853,152,-101
34,121,1079,3859,421,9
34,121,1084,3851,-23,-12
34,121,1099,3851,0,0
34,121,1099,3851,24,-9
31,124,934,3940,500,0
31,124,936,3934,345,361
31,124,936,3935,345,361
31,124,937,3934,345,361
31,124,937,3934,361,345
31,124,939,3936,361,345
31,124,944,3940,449,148
31,124,947,3964,421,0
31,124,951,3979,-210,155
31,124,952,3946,433,108
31,124,953,3933,343,281
31,124,956,3904,336,322
31,124,956,3906,349,316
31,124,959,3906,332,332
31,124,960,3906,332,332
31,124,961,3906,332,332
31,124,962,3906,332,332
31,124,964,3905,325,340
31,124,964,3905,332,332
31,124,964,3906,332,332
31,124,965,3903,314,314
31,124,965,3905,332,332
31,124,965,3906,332,332
31,124,965,3906,340,325
31,124,966,3909,358,343
31,124,967,3906,332,332
31,124,970,3906,332,332
31,124,971,3906,332,332
31,124,972,3898,0,340
31,124,972,3906,332,332
31,124,973,3899,26,364
31,124,974,3905,325,340
31,124,974,3906,340,325
31,124,976,3898,0,340
31,124,976,3909,358,343
31,124,979,3896,25,338
31,124,979,3922,25,497
31,124,983,3895,0,314
31,124,983,3906,332,332
31,124,983,3953,100,-28
31,124,984,3898,66,333
31,124,985,3895,0,314
31,124,985,3898,66,333
31,124,985,3909,358,343
31,124,986,3895,0,314
31,124,986,3906,332,332
31,124,987,3895,0,314
31,124,987,3906,332,332
31,124,987,3952,129,-129
31,124,988,3895,0,314
31,124,988,3906,332,332
31,124,989,3896,-17,340
31,124,989,3905,325,340
31,124,989,3906,332,332
31,124,990,3906,332,332
31,124,991,3895,0,314
31,124,991,3895,7,314
31,124,991,3896,-17,340
31,124,991,3946,494,74
31,124,992,3895,0,314
31,124,992,3898,0,340
31,124,992,3899,0,340
31,124,992,3905,325,340
31,124,992,3906,332,332
31,124,993,3906,332,332
31,124,995,3912,22,444
31,124,996,3905,325,340
31,124,996,3906,332,332
31,124,998,3906,332,332
31,124,1000,3905,325,340
31,124,1000,3906,332,332
31,124,1008,3936,207,198
31,124,1010,3937,175,194
31,124,1010,3937,189,180
31,124,1011,3906,332,332
31,124,1012,3906,340,325
31,124,1015,3909,358,343
31,124,1033,3944,299,-366
31,124,1047,3953,191,-183
34,115,1011,3708,500,0
34,115,1012,3708,500,0
34,115,1013,3684,500,0
34,115,1013,3709,500,0
34,115,1015,3705,498,48
34,115,1016,3691,340,0
34,115,1018,3694,447,224
34,115,1020,3691,500,0
34,115,1024,3748,321,-307
34,115,1024,3750,321,-307
34,115,1024,3759,321,-307
34,115,1026,3741,340,-325
34,115,1026,3742,340,-325
34,115,1026,3742,349,-316
34,115,1027,3733,361,-345
34,115,1027,3745,325,-340
34,115,1028,3745,340,-325
34,115,1028,3754,340,-325
34,115,1028,3755,340,-325
34,115,1028,3756,340,-325
34,115,1028,3765,340,-325
34,115,1030,3732,345,-361
34,115,1031,3740,351,-351
34,115,1031,3743,351,-351
34,115,1031,3750,287,-408
34,115,1031,3750,351,-351
34,115,1031,3751,351,-351
34,115,1031,3752,351,-351
34,115,1031,3761,351,-351
34,115,1032,3731,353,-353
34,115,1034,3728,353,-353
34,115,1034,3737,345,-361
34,115,1034,3745,287,-408
34,115,1035,3737,361,-345
34,115,1035,3758,361,-345
34,115,1043,3665,84,-219
34,115,1050,3678,0,0
34,115,1053,3670,61,-115
34,115,1060,3762,191,-462
34,115,1064,3760,148,-450
34,115,1066,3732,-82,412
34,115,1066,3782,121,-484
34,115,1066,3786,121,-484
34,115,1067,3782,132,-482
34,115,1069,3777,132,-482
34,115,1072,3723,-211,-21
34,115,1072,3739,30,315
34,115,1074,3722,-155,-103
34,115,1074,3728,94,-189
34,115,1074,3744,46,-207
34,115,1075,3722,-63,-117
34,115,1078,3732,21,14
34,115,1081,3732,-23,11
34,115,1082,3732,-212,301
34,115,1082,3732,-26,1
34,115,1082,3732,-5,51
34,115,1082,3732,0,0
34,117,1011,3773,500,0
34,117,1014,3773,497,0
34,117,1015,3774,335,-8
34,117,1015,3774,335,0
34,117,1016,3772,314,0
34,117,1016,3775,340,-17
34,117,1016,3776,314,0
34,117,1016,3779,314,0
34,117,1016,3780,314,0
34,117,1016,3782,314,0
34,117,1016,3783,314,0
34,117,1016,3785,314,0
34,117,1016,3787,314,0
34,117,1017,3774,340,0
34,117,1017,3775,340,-17
34,117,1018,3773,340,0
34,117,1018,3788,319,-114
34,117,1019,3772,340,0
34,117,1019,3773,340,0
34,117,1019,3774,340,-17
34,117,1019,3774,340,-8
34,117,1019,3775,340,-17
34,117,1019,3776,338,-33
34,117,1019,3776,338,-25
34,117,1019,3777,338,-33
34,117,1019,3779,334,-58
34,117,1019,3781,332,-74
34,117,1019,3781,333,-66
34,117,1019,3787,340,0
34,117,1019,3796,340,0
34,117,1020,3797,366,-8
34,117,1020,3798,366,-8
34,117,1021,3799,366,-18
34,117,1022,3716,500,0
34,117,1023,3775,364,-27
34,117,1023,3796,366,0
34,117,1024,3798,392,-9
34,117,1027,3782,392,0
34,117,1031,3776,418,0
34,117,1031,3783,418,0
34,117,1031,3787,418,0
34,117,1040,3785,471,0
34,117,1040,3818,471,0
34,117,1046,3701,-81,-466
34,117,1046,3826,345,-361
34,117,1049,3787,418,0
34,117,1051,3686,82,412
34,117,1056,3754,316,0
34,117,1058,3718,-37,-125
34,117,1066,3698,191,462
34,117,1074,3800,-35,364
34,117,1076,3797,-180,107
34,117,1076,3798,25,1
34,117,1077,3796,-141,250
34,117,1078,3794,-19,260
34,117,1078,3796,-9,-78
34,117,1080,3796,-26,0
34,117,1082,3796,-43,65
35,118,1055,3786,500,0
35,118,1060,3773,500,0
35,118,1060,3811,148,-450
35,118,1060,3811,361,-345
35,118,1064,3795,492,-85
35,118,1067,3787,316,386
35,118,1069,3794,466,-81
35,118,1069,3795,473,0
35,118,1071,3765,121,484
35,118,1074,3793,442,-66
35,118,1076,3773,0,500
35,118,1076,3785,182,128
35,118,1085,3788,447,-10
35,118,1086,3787,26,0
35,118,1098,3787,10,-24
35,118,1102,3787,20,-16
35,118,1105,3787,20,-16
35,118,1199,3879,-74,-494
34,119,1016,3796,314,0
34,119,1016,3799,314,0
34,119,1016,3800,314,0
34,119,1016,3801,314,0
34,119,1016,3803,314,0
34,119,1016,3805,314,0
34,119,1016,3808,314,0
34,119,1016,3809,314,0
34,119,1016,3811,314,0
34,119,1016,3812,314,0
34,119,1016,3815,314,0
34,119,1016,3819,314,0
34,119,1016,3821,314,0
34,119,1016,3822,314,0
34,119,1016,3823,314,0
34,119,1016,3827,314,0
34,119,1016,3829,314,0
34,119,1016,3830,314,0
34,119,1016,3834,314,0
34,119,1016,3835,314,0
34,119,1016,3837,314,0
34,119,1016,3838,314,0
34,119,1016,3841,314,0
34,119,1016,3842,314,0
34,119,1016,3844,314,0
34,119,1016,3846,314,0
34,119,1016,3847,314,0
34,119,1016,3848,314,0
34,119,1016,3849,314,0
34,119,1016,3851,314,0
34,119,1019,3848,340,0
34,119,1031,3773,500,0
34,119,1031,3841,418,0
34,119,1031,3842,418,0
34,119,1031,3844,418,0
34,119,1031,3846,418,0
34,119,1031,3847,418,0
34,119,1031,3849,418,0
34,119,1031,3851,418,0
34,119,1031,3875,500,0
34,119,1045,3851,444,0
34,119,1063,3733,132,482
34,119,1064,3890,-256,-180
34,119,1073,3849,230,123
34,119,1078,3791,204,-307
34,119,1082,3787,26,0
35,120,1060,3837,361,345
35,120,1060,3875,500,0
35,120,1060,3876,500,0
35,120,1069,3852,464,92
35,120,1073,3853,438,87
35,120,1074,3854,442,66
34,123,1021,3911,408,287
34,123,1022,3910,402,296
34,123,1025,3888,321,307
34,123,1025,3889,321,307
34,123,1025,3905,340,325
34,123,1025,3906,340,325
34,123,1026,3906,340,325
34,123,1027,3891,332,332
34,123,1027,3892,332,332
34,123,1027,3894,332,332
34,123,1027,3895,332,332
34,123,1027,3903,316,349
34,123,1027,3903,332,332
34,123,1027,3904,332,332
34,123,1027,3906,340,325
34,123,1028,3906,332,332
34,123,1029,3886,351,351
34,123,1031,3885,358,343
34,123,1031,3899,358,343
34,123,1031,3900,358,343
34,123,1031,3901,358,343
34,123,1031,3902,358,343
34,123,1031,3903,358,343
34,123,1031,3905,358,343
34,123,1035,3908,353,353
34,123,1052,3924,291,304
34,123,1054,3922,291,304
34,123,1061,3953,232,51
34,123,1064,3887,148,449
34,123,1064,3891,150,421
34,123,1064,3911,-366,151
34,123,1065,3952,235,111
34,123,1067,3865,121,484
34,123,1067,3925,-462,-191
34,123,1068,3872,85,492
34,123,1068,3876,85,492
34,123,1068,3937,-402,296
34,123,1070,3887,76,440
34,123,1070,3918,-218,89
34,123,1071,3914,-257,-429
34,123,1073,3927,-153,146
34,123,1074,3925,-100,187
34,123,1075,3909,-130,-244
34,123,1079,3923,325,-174
34,123,1080,3915,-23,-12
34,123,1080,3916,-14,-22
34,123,1080,3916,-14,-21
33,124,976,3952,482,132
33,124,982,3952,494,74
33,124,983,3950,488,109
33,124,983,3951,492,85
33,124,984,3951,492,85
33,124,993,3956,500,0
33,124,1020,3946,433,108
33,124,1034,3910,345,361
33,124,1034,3927,345,361
33,124,1035,3913,353,353
33,124,1076,3948,0,0
33,124,1076,3950,0,0
33,124,1076,3954,78,-61
124,63,3891,2012,500,0
124,63,3891,2020,500,0
124,63,3891,2045,418,0
124,63,3891,2045,500,0
124,63,3895,2045,366,0
124,63,3895,2046,335,-8
124,63,3895,2046,335,0
124,63,3896,2045,314,0
124,63,3896,2047,340,-17
124,63,3896,2048,314,0
124,63,3896,2049,314,0
124,63,3896,2052,314,0
124,63,3896,2055,314,0
124,63,3896,2056,314,0
124,63,3896,2058,314,0
124,63,3896,2059,314,0
124,63,3897,2044,314,0
124,63,3897,2046,340,0
124,63,3897,2047,340,-17
124,63,3898,2045,340,0
124,63,3898,2047,340,-8
124,63,3899,2044,340,0
124,63,3899,2045,340,-8
124,63,3899,2045,340,0
124,63,3899,2046,340,-17
124,63,3899,2046,340,-8
124,63,3899,2046,361,-8
124,63,3899,2047,340,-17
124,63,3899,2048,338,-33
124,63,3899,2048,338,-25
124,63,3899,2049,338,-33
124,63,3899,2053,332,-74
124,63,3899,2068,340,0
124,63,3900,2068,340,0
124,63,3900,2069,366,-8
124,63,3900,2070,366,-8
124,63,3901,2070,366,-8
124,63,3901,2071,366,-18
124,63,3903,2049,362,-54
124,63,3903,2076,366,0
124,63,3904,2070,392,-20
124,63,3904,2070,392,-9
124,63,3911,2048,418,0
124,63,3911,2049,418,0
124,63,3911,2052,418,0
124,63,3911,2055,418,0
124,63,3911,2056,418,0
124,63,3911,2058,418,0
124,63,3911,2059,418,0
124,63,3911,2084,418,0
124,63,3916,2045,500,0
124,63,3916,2068,444,0
124,63,3921,1986,286,27
124,63,3923,2012,421,0
124,63,3925,1959,170,411
124,63,3926,2098,345,-361
124,63,3926,2098,361,-345
124,63,3931,1985,339,250
124,63,3931,2100,267,-421
124,63,3932,2012,342,0
124,63,3933,2113,314,-384
124,63,3934,1954,48,498
124,63,3938,2045,316,0
124,63,3939,2037,237,247
124,63,3940,2052,-287,182
124,63,3941,2108,306,-394
124,63,3949,2060,276,148
124,63,3953,2067,113,-296
124,63,3954,2061,-70,169
124,63,3956,2104,0,-500
124,63,3957,2062,106,322
124,63,3957,2065,27,286
124,63,3958,2061,101,152
124,63,3958,2061,116,173
124,63,3958,2063,20,208
124,63,3958,2066,-19,260
124,63,3965,2065,0,-342
124,63,4003,2060,0,0
2,65,169,2082,-418,21
2,65,174,2082,-444,10
2,65,178,2082,-469,34
2,65,180,2083,-444,10
2,65,190,2153,-394,-141
2,65,191,2064,-435,246
2,65,194,2140,-500,0
2,65,197,2083,-340,7
2,65,199,2080,-339,25
2,65,199,2081,-340,17
2,65,199,2081,-339,25
2,65,199,2084,-314,0
2,65,200,2083,-418,0
2,65,203,2083,-500,0
2,65,203,2112,-500,0
1,63,146,2058,-473,0
1,63,146,2059,-473,0
1,63,156,2083,-500,0
2,62,145,2058,-92,-411
2,62,146,2062,-87,-439
2,62,178,2015,-471,23
2,62,178,2017,-471,23
2,62,178,2019,-471,23
2,62,178,2021,-471,23
2,62,178,2023,-471,23
2,62,178,2025,-471,23
2,62,185,2044,-359,-344
2,62,189,2045,-340,-325
2,62,189,2047,-340,-325
2,62,190,2043,-392,8
2,62,199,2014,-340,17
2,62,199,2016,-340,17
2,62,199,2018,-340,17
2,62,199,2020,-340,17
2,62,199,2022,-340,17
2,62,199,2024,-340,17
2,62,203,1981,-500,0
1,61,12,2047,-48,-498
1,61,152,1991,-306,-394
1,61,157,1981,-316,-386
1,61,158,1982,-326,-378
2,59,137,1934,-249,-89
2,59,141,1977,-212,-451
2,59,151,1968,-148,-450
2,59,152,1970,-159,-446
2,59,156,1970,-191,-462
3,58,139,1913,-22,-14
3,58,186,1907,-381,-105
3,58,198,1911,-457,-126
3,58,219,1915,-482,-132
3,58,224,1917,-361,-345
5,58,224,1934,0,-444
5,58,224,1955,0,-500
5,58,224,1960,0,-500
5,58,226,1956,-27,-365
5,58,226,1960,-25,-339
5,58,227,1952,-58,-388
5,58,228,1956,-44,-363
5,58,255,1947,-369,-334
5,58,259,1950,-350,-316
28,4,964,180,8,369
28,4,964,180,23,10
28,4,965,173,-276,203
28,4,965,180,13,-22
28,4,966,180,23,473
28,4,968,180,-290,14
28,4,970,180,-101,169
28,4,971,176,-129,129
28,4,971,180,-264,0
28,4,971,182,0,104
28,4,978,225,-132,-482
28,4,979,225,-132,-482
28,4,980,200,-132,-400
28,4,980,230,-132,-482
28,4,980,230,-121,-484
28,4,982,204,-140,-425
28,4,983,208,-148,-450
28,4,987,160,96,-124
28,4,1006,162,-108,-72
28,4,1013,205,-361,-345
28,4,1014,192,-361,-345
28,4,1014,196,-361,-345
28,4,1014,205,-361,-345
28,4,1017,198,-359,-344
28,4,1017,199,-359,-344
28,4,1017,199,-351,-351
28,4,1017,200,-359,-344
28,4,1017,208,-351,-351
28,4,1017,209,-359,-344
28,4,1020,183,-353,-353
28,4,1020,203,-333,-333
28,4,1021,156,-500,0
28,4,1021,189,-340,-325
28,4,1021,192,-340,-325
28,4,1021,197,-340,-325
28,4,1021,199,-340,-325
28,4,1021,200,-340,-325
28,4,1021,201,-340,-325
28,4,1021,202,-340,-325
28,4,1021,203,-340,-325
28,4,1021,212,-340,-325
28,4,1027,186,-408,-287
28,4,1035,168,-500,0
28,4,1036,156,-500,11
28,11,956,331,-25,-5
28,11,958,333,-19,-17
28,11,961,331,0,0
28,11,961,331,16,-20
28,11,964,331,23,-11
28,11,964,331,26,1
28,11,967,335,-442,-66
28,11,969,339,-63,-46
28,11,971,329,-26,-2
28,11,984,294,-144,478
28,11,1005,329,-428,129
28,11,1006,328,-428,129
28,11,1012,331,-464,92
28,11,1012,332,-466,81
28,11,1017,311,-351,351
28,11,1017,312,-351,351
28,11,1017,313,-351,351
28,11,1017,314,-359,343
28,11,1017,314,-351,351
28,11,1017,327,-500,0
28,11,1017,329,-500,0
28,11,1019,321,-417,30
28,11,1020,308,-340,325
28,11,1020,309,-340,325
28,11,1020,310,-340,325
28,11,1020,311,-340,325
28,11,1020,313,-340,325
28,11,1020,314,-340,325
28,11,1021,311,-340,325
28,11,1021,313,-340,325
28,11,1021,323,-392,0
28,11,1022,319,-441,53
28,11,1022,321,-392,8
28,11,1023,319,-419,31
28,11,1023,321,-392,19
28,11,1023,321,-391,28
28,11,1024,324,-366,0
28,11,1025,319,-428,51
28,11,1025,321,-366,8
28,11,1025,322,-366,0
28,11,1026,314,-490,97
28,11,1026,316,-492,85
28,11,1026,323,-500,0
28,11,1028,316,-494,74
28,12,971,363,0,0
28,12,977,358,-108,433
28,12,979,354,-85,492
28,12,980,355,-85,492
28,12,981,309,-121,484
28,12,985,331,-277,416
28,12,987,326,-441,236
28,12,988,327,-441,236
28,12,991,378,-266,325
28,12,991,379,-258,332
28,12,992,324,-500,0
28,12,992,375,-257,365
28,12,993,380,-291,304
28,12,996,377,-309,323
28,12,997,324,-500,0
28,12,999,370,-318,351
28,12,999,371,-318,351
28,12,1000,370,-309,358
28,12,1001,372,-327,342
28,12,1003,358,-345,361
28,12,1003,365,-361,345
28,12,1003,367,-345,361
28,12,1003,371,-361,345
28,12,1006,356,-353,353
28,12,1006,359,-353,353
28,12,1008,368,-361,345
28,12,1010,360,-353,353
28,12,1010,361,-335,371
28,12,1010,381,-450,148
28,12,1011,352,-287,408
28,12,1011,387,-361,345
28,12,1012,394,-316,386
28,12,1014,361,-361,345
28,12,1014,381,-345,361
28,12,1014,401,-496,60
28,12,1015,388,-361,345
28,12,1017,344,-277,416
28,12,1017,364,-345,361
28,12,1018,357,-359,343
28,12,1018,378,-345,361
28,12,1018,379,-345,361
28,12,1020,339,-340,325
28,12,1020,340,-340,325
28,12,1020,342,-340,325
28,12,1020,345,-340,325
28,12,1020,346,-340,325
28,12,1020,347,-340,325
28,12,1020,349,-340,325
28,12,1020,350,-340,325
28,12,1020,352,-340,325
28,12,1020,353,-340,325
28,12,1020,354,-340,325
28,12,1020,361,-345,361
28,12,1020,372,-345,361
28,12,1021,339,-340,325
28,12,1021,342,-340,325
28,12,1021,347,-340,325
28,12,1021,348,-340,325
28,12,1021,349,-340,325
28,12,1021,350,-340,325
28,12,1021,350,-316,349
28,12,1021,353,-340,325
28,12,1021,354,-340,325
28,12,1021,388,-500,0
28,12,1022,354,-340,325
28,12,1022,417,-416,-277
28,12,1024,351,-321,307
28,12,1025,338,-378,326
28,12,1025,341,-378,326
28,12,1025,347,-378,326
28,12,1026,354,-386,316
28,12,1028,357,-402,296
28,12,1034,362,-500,0
28,12,1036,388,-500,0
28,12,1037,391,-498,-37
29,13,971,376,0,395
29,13,971,396,-20,-16
29,13,972,394,-25,-4
29,13,973,365,-24,473
29,13,973,369,-33,445
29,13,974,397,-425,139
29,13,975,353,-121,484
29,13,976,401,-272,163
29,13,977,376,-89,357
29,13,990,376,29,393
29,13,1007,383,-335,371
29,13,1008,356,-277,416
29,13,1008,387,-132,126
29,13,1011,386,-153,178
29,13,1012,384,-176,194
29,13,1012,385,-176,194
29,13,1013,359,-345,361
29,13,1013,384,-176,194
29,13,1013,385,-176,194
29,13,1014,358,-335,371
29,13,1014,383,-199,207
29,13,1015,381,-153,178
29,13,1024,447,-211,20
29,13,1026,447,-316,-7
29,13,1028,417,-287,0
29,13,1032,393,-393,151
29,13,1033,394,-403,121
29,13,1033,394,-400,131
29,13,1034,388,-400,200
29,13,1036,391,-421,150
29,13,1037,395,-437,97
29,13,1038,389,-438,181
29,13,1038,394,-432,118
29,13,1042,386,-457,203
29,13,1047,357,-333,332
29,13,1047,358,-333,332
29,13,1067,424,-500,0
124,29,3904,1000,321,-307
124,29,3906,989,340,-325
124,29,3907,989,340,-325
124,29,3908,1004,340,-325
124,29,3910,986,358,-344
124,29,3911,993,351,-351
124,29,3911,1000,351,-351
124,29,3911,1009,351,-351
124,29,3913,964,473,0
124,29,3915,1006,361,-345
124,29,3921,954,445,33
124,29,3925,1010,361,-345
124,29,3928,998,323,-309
124,29,3928,998,332,-300
124,29,3929,996,323,-309
125,30,3938,994,394,-306
125,30,3956,974,419,-31
125,30,3956,995,0,-500
11,88,380,2909,0,-500
11,88,395,2867,0,-26
11,88,399,2887,-67,-389
11,88,401,2895,-87,-439
11,88,403,2887,-58,-212
11,88,416,2909,0,-500
11,88,424,2899,-474,-156
10,89,300,2902,-12,-23
10,89,323,2936,0,-500
10,89,324,2949,0,-500
10,89,380,2927,0,-447
10,89,380,2953,0,-500
10,89,384,2922,0,-418
10,89,384,2926,0,-444
10,89,384,2927,0,-444
10,89,384,2939,0,-444
10,89,385,2922,0,-418
10,89,385,2952,-17,-340
10,89,385,2952,25,-339
10,89,386,2922,0,-418
10,89,386,2952,-17,-340
10,89,386,2952,25,-339
10,89,387,2926,0,-444
10,89,387,2936,-22,-444
10,89,387,2952,-17,-340
10,89,387,2953,-23,-312
10,89,388,2922,0,-418
10,89,388,2952,-17,-340
10,89,389,2922,0,-418
10,89,389,2952,-17,-340
10,89,390,2922,0,-418
10,89,390,2952,-17,-340
10,89,391,2922,0,-418
10,89,391,2952,-17,-340
10,89,392,2922,0,-418
10,89,392,2952,-17,-340
10,89,393,2922,0,-418
10,89,393,2952,-17,-340
10,89,394,2922,0,-418
10,89,394,2939,-344,-359
10,89,394,2952,-17,-340
10,89,395,2922,0,-418
10,89,395,2926,-22,-444
10,89,395,2933,0,-444
10,89,395,2952,-17,-340
10,89,395,2953,0,-314
10,89,396,2952,-17,-340
10,89,397,2936,-220,-412
10,89,397,2939,-180,-407
10,89,397,2943,-325,-340
10,89,397,2952,-17,-340
10,89,399,2941,-188,-374
10,89,399,2943,-178,-378
10,89,401,2939,-344,-359
10,89,402,2944,-205,-382
10,89,402,2944,-196,-365
10,89,402,2944,-186,-370
10,89,402,2950,-156,-330
10,89,403,2944,-206,-364
10,89,403,2948,-174,-347
10,89,403,2949,-156,-330
10,89,403,2952,-149,-335
10,89,404,2943,-325,-340
10,89,404,2947,-192,-359
10,89,404,2949,-164,-328
10,89,405,2940,-21,-418
10,89,406,2948,-18,-366
10,89,406,2952,-210,-394
10,89,408,2939,-344,-359
10,89,411,2943,-325,-340
10,89,425,2900,-403,-121
13,89,384,2891,26,0
13,89,388,2891,21,-15
13,89,391,2903,-114,319
13,89,395,2900,-272,246
13,89,401,2890,-182,-17
13,89,405,2922,0,-418
13,89,405,2926,0,-444
13,89,405,2953,0,-314
13,89,406,2922,0,-418
13,89,406,2926,0,-444
13,89,406,2936,-22,-444
13,89,406,2952,-17,-340
13,89,407,2922,0,-418
13,89,407,2952,-17,-340
13,89,408,2905,0,-287
13,89,408,2908,0,-314
13,89,408,2952,-17,-340
13,89,409,2922,0,-418
13,89,409,2952,-17,-340
13,89,410,2952,-17,-340
13,89,411,2941,371,-335
13,89,411,2952,-17,-340
13,89,412,2951,41,-337
13,89,415,2937,361,-345
13,89,416,2942,0,-414
13,89,416,2949,0,-340
13,89,416,2950,0,-361
13,89,420,2952,-17,-340
13,89,424,2922,0,-418
13,89,425,2922,0,-418
13,89,425,2952,-17,-340
13,89,426,2952,-17,-340
13,89,432,2952,-17,-340
13,89,433,2918,0,-392
13,89,434,2922,0,-418
13,89,434,2952,-17,-340
13,89,435,2922,0,-418
13,89,435,2952,-17,-340
13,89,436,2922,0,-418
13,89,436,2952,-17,-340
13,89,437,2922,0,-418
13,89,437,2952,-17,-340
13,89,438,2922,0,-418
13,89,438,2952,-17,-340
13,89,439,2922,0,-418
13,89,439,2952,-17,-340
13,89,440,2922,0,-418
13,89,440,2952,-17,-340
13,89,441,2922,0,-418
13,89,441,2952,-17,-340
13,89,442,2903,0,-261
13,89,442,2922,0,-418
13,89,442,2952,-17,-340
13,89,443,2922,0,-418
13,89,443,2952,-17,-340
13,89,443,2953,0,-314
13,89,444,2922,0,-418
13,89,444,2952,-17,-340
13,89,445,2922,0,-418
13,89,445,2952,-17,-340
13,89,446,2922,0,-418
13,89,446,2952,-17,-340
13,89,447,2922,0,-418
13,89,447,2952,-17,-340
13,89,448,2922,0,-418
13,89,448,2952,-17,-340
13,89,449,2922,0,-418
13,89,449,2931,-24,-471
13,89,449,2952,-17,-340
13,89,450,2915,0,-366
13,89,450,2922,0,-418
13,89,450,2952,-17,-340
13,89,451,2922,0,-418
13,89,451,2952,-17,-340
13,89,452,2922,0,-418
13,89,452,2952,-17,-340
13,89,453,2922,0,-418
13,89,453,2952,-17,-340
13,89,454,2922,0,-418
13,89,454,2952,-17,-340
13,89,455,2922,0,-418
13,89,455,2952,-17,-340
13,89,456,2922,0,-418
13,89,456,2952,-17,-340
13,89,457,2952,-17,-340
13,89,458,2952,-17,-340
13,89,462,2952,-17,-340
13,89,465,2926,-298,-298
13,89,471,2922,0,-418
13,89,472,2922,0,-418
13,89,472,2952,-17,-340
13,89,473,2922,0,-418
13,89,473,2952,-17,-340
13,89,474,2952,-17,-340
13,89,479,2914,-346,-283
13,89,482,2952,-25,-339
13,89,484,2940,-361,-345
13,89,491,2926,-22,-444
13,89,491,2953,0,-314
13,89,493,2952,-17,-340
13,89,503,2932,-342,-266
13,89,516,2938,0,-500
13,89,520,2932,-167,-470
13,89,524,2828,-208,-199
13,89,552,2888,-500,0
7,90,299,2944,0,-130
7,90,305,2972,-121,-484
7,90,309,2986,-121,-484
7,90,311,2907,0,-392
7,90,311,2943,-361,-345
7,90,316,2965,-179,-466
7,90,320,2920,-257,-365
7,90,322,2918,-283,-346
7,90,323,2891,-26,0
7,90,324,2921,-309,-359
7,90,324,2925,-290,-374
7,90,324,2926,-345,-361
7,90,325,2914,-359,-309
7,90,325,2918,-316,-316
7,90,328,2929,-306,-394
7,90,331,2902,-371,-335
7,90,331,2937,-361,-345
7,90,332,2925,-371,-335
7,90,334,2919,-111,-236
7,90,334,2934,-361,-345
7,90,334,2935,-361,-345
7,90,334,2938,-361,-345
7,90,335,2905,-371,-335
7,90,338,2932,-361,-345
7,90,338,2941,-361,-345
7,90,339,2932,-361,-345
7,90,340,2932,-361,-345
7,90,340,2944,-287,-408
7,90,341,2937,-345,-361
7,90,342,2934,-361,-345
7,90,342,2937,-361,-345
7,90,342,2942,-361,-345
7,90,342,2943,-361,-345
7,90,342,2944,-361,-345
7,90,345,2938,-359,-344
7,90,345,2940,-344,-359
7,90,345,2941,-359,-344
7,90,345,2941,-334,-369
7,90,345,2948,-359,-344
7,90,345,2949,-359,-344
7,90,346,2938,-359,-344
7,90,348,2916,-378,-326
7,90,348,2935,-353,-353
7,90,348,2944,-325,-340
7,90,348,2945,-316,-350
7,90,348,2950,-333,-333
7,90,349,2941,-340,-325
7,90,349,2942,-340,-325
7,90,349,2943,-340,-325
7,90,349,2944,-340,-325
7,90,349,2945,-340,-325
7,90,349,2946,-340,-325
7,90,349,2948,-340,-325
7,90,349,2949,-340,-325
7,90,349,2950,-340,-325
7,90,349,2951,-340,-325
7,90,349,2952,-340,-325
7,90,349,2953,-340,-325
7,90,349,2954,-340,-325
7,90,350,2941,-340,-325
7,90,350,2942,-350,-316
7,90,351,2942,-350,-316
7,90,352,2919,-378,-326
7,90,355,2938,-408,-287
7,90,356,2938,-408,-287
6,92,165,3023,181,-438
6,92,222,3019,-500,0
6,92,285,2955,-421,0
6,92,299,2981,0,-500
6,92,299,2983,0,-418
6,92,302,2961,-442,-66
6,92,303,2958,-446,-33
6,92,304,2984,-144,-478
6,92,305,2979,-179,-466
6,92,305,2982,-179,-466
6,92,305,2982,-167,-470
6,92,306,2983,-167,-470
6,92,307,2987,-179,-466
6,92,308,2983,-224,-447
6,92,317,2973,-500,0
6,92,317,2973,-466,-179
6,92,318,2973,-496,-60
7,93,284,3079,0,-500
7,93,318,3040,-201,-210
7,93,329,2991,-418,0
7,93,330,3051,-335,-335
7,93,333,2938,-335,-371
7,93,333,3066,-361,-345
7,93,335,3004,-471,0
7,93,337,3004,-471,0
7,93,338,2971,-471,23
7,93,338,2972,-471,23
7,93,338,2974,-471,-24
7,93,338,2993,-471,23
7,93,338,2995,-471,23
7,93,338,2997,-471,23
7,93,338,2999,-471,23
7,93,338,3001,-471,23
7,93,338,3003,-471,23
7,93,338,3006,-471,-24
7,93,338,3007,-471,23
7,93,338,3009,-471,23
7,93,338,3011,-471,23
7,93,338,3013,-471,23
7,93,338,3015,-471,23
7,93,338,3017,-471,23
7,93,338,3021,-471,23
7,93,343,3041,-444,22
7,93,344,3004,-418,0
7,93,344,3040,-353,-353
7,93,346,3041,-353,-353
7,93,346,3043,-353,-353
7,93,348,3044,-353,-353
7,93,355,3004,-366,18
7,93,358,2975,-340,-8
7,93,358,3004,-340,0
7,93,358,3007,-340,-8
7,93,359,2970,-340,17
7,93,359,2971,-340,17
7,93,359,2975,-340,-8
7,93,359,2990,-340,17
7,93,359,2992,-340,17
7,93,359,2994,-340,17
7,93,359,2996,-340,17
7,93,359,2998,-340,17
7,93,359,3000,-340,17
7,93,359,3002,-340,17
7,93,359,3004,-340,17
7,93,359,3004,-314,0
7,93,359,3006,-340,17
7,93,359,3007,-340,-17
7,93,359,3008,-340,17
7,93,359,3010,-340,17
7,93,359,3012,-340,17
7,93,359,3014,-340,17
7,93,359,3014,-332,-74
7,93,359,3016,-340,17
7,93,359,3020,-340,17
7,93,360,2973,-314,0
7,93,360,2992,-314,0
7,93,361,2958,-478,144
7,93,363,2973,-500,0
7,93,364,2973,-500,0
3,31,223,1052,-500,0
3,31,223,1052,-392,0
3,31,225,1053,-500,0
124,69,3891,2212,500,-11
124,69,3891,2212,500,0
124,69,3893,2211,366,-18
124,69,3895,2225,340,17
124,69,3896,2206,500,-25
124,69,3896,2212,500,0
124,69,3896,2217,484,121
124,69,3898,2209,496,-60
124,69,3899,2182,416,277
124,69,3899,2207,498,-37
124,69,3900,2180,402,296
124,69,3901,2237,466,-179
124,69,3902,2182,402,296
124,69,3902,2237,466,-179
124,69,3903,2239,488,-109
124,69,3905,2177,340,325
124,69,3905,2178,340,325
124,69,3906,2178,340,325
124,69,3907,2163,332,332
124,69,3907,2164,332,332
124,69,3907,2165,332,332
124,69,3907,2166,332,332
124,69,3907,2167,332,332
124,69,3907,2168,332,332
124,69,3907,2168,340,325
124,69,3907,2169,332,332
124,69,3907,2169,340,325
124,69,3907,2170,332,332
124,69,3907,2171,332,332
124,69,3907,2172,332,332
124,69,3907,2173,332,332
124,69,3907,2174,332,332
124,69,3907,2175,316,349
124,69,3907,2175,332,332
124,69,3907,2177,332,332
124,69,3907,2178,332,332
124,69,3907,2178,340,325
124,69,3907,2193,345,361
124,69,3908,2178,332,332
124,69,3908,2207,498,37
124,69,3909,2195,353,353
124,69,3909,2196,345,361
124,69,3909,2244,335,-371
124,69,3910,2249,378,-326
124,69,3911,2246,296,-402
124,69,3915,2222,311,37
124,69,3917,2210,473,10
124,69,3917,2212,473,0
124,69,3919,2247,156,-474
124,69,3921,2212,447,0
124,69,3921,2217,447,0
124,69,3924,2208,417,50
124,69,3924,2237,89,-295
124,69,3929,2188,334,334
124,69,3929,2221,-21,286
124,69,3932,2148,500,0
124,69,3932,2196,291,304
124,69,3933,2196,291,304
124,69,3934,2194,291,304
124,69,3934,2196,291,304
124,69,3937,2210,-51,-339
124,69,3937,2211,264,0
124,69,3937,2224,281,70
124,69,3938,2185,361,345
124,69,3938,2190,230,384
124,69,3938,2196,-87,438
124,69,3939,2133,74,494
124,69,3939,2189,-97,490
124,69,3941,2225,255,63
124,69,3944,2159,109,488
124,69,3945,2135,144,478
124,69,3946,2133,121,484
124,69,3946,2168,114,458
124,69,3947,2134,109,488
124,69,3948,2190,-366,-35
124,69,3949,2191,-242,100
124,69,3949,2227,104,23
124,69,3950,2192,-218,89
124,69,3952,2191,-295,-196
124,69,3956,2181,25,-1
124,69,3956,2192,0,0
124,69,3956,2193,92,-126
124,69,3956,2194,167,-251
124,69,3988,2287,496,-60
124,69,3995,2285,498,-37
124,69,3996,2290,457,-203
124,69,4013,2309,-31,-419
124,69,4046,2194,-13,182
125,64,3935,2058,500,0
125,64,3940,2045,500,0
125,64,3940,2083,148,-450
125,64,3949,2061,473,-11
125,64,3949,2066,466,-81
125,64,3949,2067,473,0
125,64,3954,2065,442,-66
125,64,3955,2048,109,488
125,64,3956,2058,372,-248
125,64,3958,2065,416,-62
125,64,3973,2063,353,106
125,64,3978,2068,0,0
125,64,3982,2059,20,-16
125,64,3984,2068,128,89
125,64,3985,2059,-1,-26
125,64,3985,2059,86,-64
124,65,3890,2119,500,11
124,65,3896,2068,314,0
124,65,3896,2069,314,0
124,65,3896,2070,314,0
124,65,3896,2071,314,0
124,65,3896,2073,314,0
124,65,3896,2074,314,0
124,65,3896,2077,314,0
124,65,3896,2083,314,0
124,65,3896,2084,314,0
124,65,3896,2085,314,0
124,65,3896,2086,314,0
124,65,3896,2087,314,0
124,65,3896,2089,314,0
124,65,3896,2090,314,0
124,65,3896,2091,314,0
124,65,3896,2092,314,0
124,65,3896,2093,314,0
124,65,3896,2095,314,0
124,65,3896,2096,314,0
124,65,3896,2097,314,0
124,65,3896,2098,314,0
124,65,3896,2099,314,0
124,65,3896,2100,314,0
124,65,3896,2101,314,0
124,65,3896,2102,314,0
124,65,3896,2103,314,0
124,65,3896,2104,314,0
124,65,3896,2105,314,0
124,65,3896,2107,314,0
124,65,3896,2108,314,0
124,65,3896,2109,314,0
124,65,3896,2110,314,0
124,65,3896,2112,314,0
124,65,3896,2114,314,0
124,65,3896,2115,314,0
124,65,3896,2116,314,0
124,65,3896,2117,314,0
124,65,3896,2118,314,0
124,65,3896,2119,314,0
124,65,3896,2120,314,0
124,65,3896,2123,314,0
124,65,3897,2125,340,-17
124,65,3897,2125,340,-8
124,65,3897,2126,340,-17
124,65,3899,2074,340,0
124,65,3899,2100,340,0
124,65,3906,2147,500,0
124,65,3907,2119,392,0
124,65,3910,2045,500,0
124,65,3910,2147,500,0
124,65,3911,2045,500,0
124,65,3911,2112,418,0
124,65,3911,2114,418,0
124,65,3911,2116,418,0
124,65,3911,2117,418,0
124,65,3911,2118,418,0
124,65,3911,2119,418,0
124,65,3911,2120,418,0
124,65,3911,2123,418,0
124,65,3911,2147,500,0
124,65,3915,2147,500,0
124,65,3916,2147,500,0
124,65,3918,2124,471,-24
124,65,3918,2124,471,-11
124,65,3918,2125,471,-24
124,65,3921,2108,287,0
124,65,3921,2147,500,0
124,65,3922,2124,444,0
124,65,3925,2081,260,19
124,65,3931,2136,396,-141
124,65,3931,2147,500,0
124,65,3934,2159,253,-400
124,65,3942,2136,393,-151
124,65,3945,2143,462,-191
124,65,3947,2107,-148,-247
124,65,3950,2142,423,-212
124,65,3951,2154,212,-451
124,65,3953,2111,-90,-128
124,65,3953,2111,-87,-130
124,65,3953,2111,-75,-107
124,65,3953,2126,216,226
124,65,3953,2134,26,364
124,65,3953,2140,427,-201
124,65,3956,2131,-17,340
124,65,3958,2132,-13,261
124,65,3958,2140,223,417
124,65,3959,2059,-37,-498
124,65,3959,2059,-25,-5
124,65,3962,2059,23,-12
124,65,3962,2156,299,-366
124,65,3963,2142,169,442
125,66,3944,2102,441,236
125,66,3945,2148,473,0
125,66,3949,2123,473,0
125,66,3949,2147,473,0
125,66,3950,2102,156,474
125,66,3950,2105,179,466
125,66,3952,2105,132,482
125,66,3954,2123,447,0
125,66,3956,2109,0,500
125,66,3956,2153,235,0
125,66,3958,2123,421,0
125,66,3960,2148,395,0
125,66,3961,2155,308,-359
125,66,3962,2157,299,-366
125,66,3979,2123,-12,-23
125,66,3982,2152,-232,-109
125,66,3984,2123,-7,-104
125,66,3985,2123,130,-9
125,67,3945,2148,473,0
125,67,3946,2187,212,-451
125,67,3947,2183,224,-447
125,67,3949,2133,473,0
125,67,3949,2136,473,0
125,67,3949,2147,473,0
125,67,3951,2175,212,-451
125,67,3952,2138,394,262
125,67,3952,2174,203,-457
125,67,3953,2125,438,87
125,67,3958,2137,339,291
125,67,3964,2134,274,353
125,67,3965,2138,26,0
125,67,3968,2164,26,0
125,67,3977,2164,369,0
125,67,3978,2164,-43,28
125,67,3981,2163,182,17
125,67,3985,2164,-43,65
125,67,4005,2204,169,-70
125,67,4022,2128,33,-153
125,67,4053,2205,0,78
62,123,1996,3891,15,208
62,123,2059,3889,0,447
62,123,2072,3878,-144,478
62,123,2106,3885,-357,307
62,123,2108,3888,-370,246
62,123,2110,3903,-441,53
62,123,2111,3905,-391,28
62,123,2112,3908,-500,0
3,38,214,1193,-345,361
3,38,218,1260,-500,0
3,38,220,1171,-340,325
3,38,220,1186,-340,325
3,37,206,1213,-447,10
3,37,216,1158,-482,132
3,37,221,1139,-340,325
2,36,183,1133,-441,236
2,36,186,1178,-466,-179
2,36,188,1185,-416,-277
2,35,178,1131,-473,0
2,35,194,1155,-500,0
2,35,199,1155,-500,0
3,34,197,1155,-500,0
3,34,205,1060,-289,128
3,34,212,1098,-444,0
3,34,231,1096,-340,17
3,34,232,1097,-314,0
3,34,232,1098,-314,0
2,33,178,1076,-473,0
2,33,188,1091,-306,-394
7,91,294,2958,-87,164
7,91,300,2960,-62,-175
7,91,300,3001,-8,-335
7,91,310,2982,-171,-385
7,91,311,2996,-144,-478
7,91,313,2941,300,0
7,91,331,2987,-342,-327
7,91,345,2946,-500,25
7,91,345,2980,-359,-344
7,91,345,2983,-351,-351
7,91,345,2984,-359,-344
7,91,345,2993,-351,-351
7,91,348,2987,-333,-333
7,91,349,2973,-340,-325
7,91,349,2980,-340,-325
7,91,349,2983,-340,-325
7,91,349,2985,-340,-325
7,91,349,2987,-340,-325
7,91,350,2946,-498,37
7,91,350,2974,-392,-9
7,91,350,2975,-392,-9
7,91,354,2943,-498,48
7,91,354,2980,-494,-74
7,91,359,2943,-496,60
7,91,364,2942,-495,48
7,91,365,2945,-498,37
67,8,2068,286,496,60
67,8,2068,286,498,48
67,8,2073,287,496,60
67,8,2076,316,500,0
67,8,2078,287,494,74
67,8,2078,287,498,48
67,8,2079,317,500,0
67,8,2080,314,392,19
67,8,2080,324,321,-307
67,8,2080,330,321,-307
67,8,2084,330,340,-325
67,8,2084,332,340,-325
67,8,2086,305,358,-344
67,8,2087,303,351,-351
67,8,2087,305,351,-351
67,8,2087,317,351,-351
67,8,2087,323,351,-351
67,8,2087,326,351,-351
67,8,2087,328,351,-351
67,8,2090,272,353,-353
67,8,2120,336,148,-450
67,8,2120,340,144,-478
67,8,2122,276,-209,0
67,8,2138,307,-8,369
67,8,2139,304,153,306
67,8,2146,323,396,141
67,8,2164,312,12,23
68,10,2112,348,500,0
68,10,2112,350,386,-316
68,10,2116,355,148,-450
68,10,2125,340,473,0
68,10,2131,317,421,0
68,10,2132,324,0,-500
68,10,2139,307,0,-133
68,10,2257,410,-74,-494
119,28,3734,932,474,-156
119,28,3743,942,466,-179
119,28,3757,939,473,0
119,28,3771,989,371,-335
119,28,3772,989,361,-345
119,28,3775,985,361,-345
119,28,3796,1001,0,-314
119,28,3797,970,0,-418
119,28,3798,966,0,-392
119,28,3798,970,0,-418
119,28,3798,1000,-17,-340
119,28,3799,970,0,-418
119,28,3799,1000,-17,-340
119,28,3800,970,0,-418
119,28,3800,1000,-17,-340
119,28,3801,970,0,-418
119,28,3801,1000,-17,-340
119,28,3802,1000,-17,-340
119,28,3803,1000,-17,-340
119,28,3813,970,0,-418
119,28,3814,997,217,-326
119,28,3814,1000,-17,-340
119,28,3819,1000,-17,-340
119,28,3819,1001,0,-314
119,28,3820,970,0,-418
119,28,3821,1000,-17,-340
119,28,3824,982,275,-414
119,28,3840,990,0,-414
119,28,3840,998,0,-361
119,28,3904,989,-224,-447
120,27,3788,903,203,-457
120,27,3866,940,482,-132
120,27,3876,961,0,-500
120,27,3878,942,451,-212
120,27,3883,942,0,-447
120,27,3884,943,-23,-447
120,27,3887,922,-105,-381
120,27,3892,939,-224,-447
122,28,3854,987,343,-359
122,28,3859,952,421,-150
122,28,3860,991,332,-333
122,28,3863,991,332,-333
122,28,3866,991,332,-333
122,28,3867,983,353,-353
122,28,3869,950,431,-119
122,28,3870,983,353,-353
122,28,3873,991,332,-333
122,28,3876,987,343,-359
122,28,3878,991,332,-333
122,28,3880,980,156,-474
122,28,3881,987,343,-359
122,28,3888,990,340,-325
122,28,3888,991,332,-333
122,28,3891,987,343,-359
122,28,3893,944,242,-242
122,28,3893,990,332,-333
122,28,3893,991,332,-333
122,28,3896,987,343,-359
122,28,3904,991,332,-333
122,28,3904,995,0,-500
122,28,3904,1000,0,-500
122,28,3907,992,325,-340
122,28,3908,991,332,-333
122,28,3911,987,343,-359
122,28,3940,975,0,-447
124,31,3891,1021,500,0
124,31,3892,1020,500,0
124,31,3893,985,500,0
124,31,3893,1021,500,0
124,31,3895,1020,314,0
124,31,3895,1022,335,0
124,31,3896,1027,311,-38
124,31,3896,1035,314,0
124,31,3898,968,500,0
124,31,3898,1023,340,-8
124,31,3899,1030,333,-66
124,31,3911,1035,418,0
124,31,3917,1021,473,0
124,31,3921,1020,444,0
124,31,3925,1020,418,0
124,31,3926,1074,345,-361
124,31,3926,1074,361,-345
125,33,3949,1071,473,0
125,33,3949,1075,473,0
125,33,3949,1076,473,0
125,33,3949,1082,473,0
125,33,3949,1083,473,0
125,33,3949,1090,473,0
125,33,3949,1094,473,0
125,33,3949,1095,473,0
125,33,3949,1099,473,0
125,33,3953,1116,427,-201
125,33,3962,1092,395,0
125,33,3962,1132,299,-366
125,33,3966,1126,182,-223
62,124,2044,3895,0,500
62,124,2058,3899,14,287
62,124,2059,3899,0,500
62,124,2059,3910,0,500
62,124,2067,3938,-108,433
62,124,2069,3929,-121,484
62,124,2071,3919,-121,484
62,124,2071,3919,-109,488
70,126,2261,3984,496,60
123,70,3861,2280,500,0
123,70,3862,2275,498,37
123,70,3864,2268,500,0
123,70,3864,2276,500,0
123,70,3867,2226,490,-97
123,70,3873,2217,500,-11
123,70,3873,2218,500,-11
123,70,3874,2214,500,-11
123,70,3874,2215,500,-11
123,70,3874,2216,500,-11
123,70,3875,2217,500,-11
123,70,3877,2218,500,-25
123,70,3878,2214,500,-25
123,70,3878,2214,500,0
123,70,3878,2215,500,-25
123,70,3880,2254,286,-21
123,70,3881,2218,464,92
123,70,3882,2192,353,353
123,70,3882,2214,500,0
123,70,3882,2260,-10,447
123,70,3884,2255,358,71
123,70,3885,2262,490,-97
123,70,3886,2220,282,55
123,70,3888,2258,437,-76
123,70,3888,2260,287,-7
123,70,3890,2266,378,279
123,70,3891,2236,421,0
123,70,3891,2240,421,0
123,70,3891,2244,421,0
123,70,3893,2256,418,0
123,70,3894,2296,389,-161
123,70,3895,2217,458,114
123,70,3896,2218,433,108
123,70,3898,2215,453,136
123,70,3899,2214,445,158
123,70,3900,2218,433,108
123,70,3901,2217,431,118
123,70,3903,2216,421,150
123,70,3903,2293,337,-150
123,70,3904,2293,330,-166
123,70,3905,2220,381,104
123,70,3905,2223,264,0
123,70,3913,2192,353,353
123,70,3913,2195,345,361
123,70,3913,2199,345,361
123,70,3914,2184,345,361
123,70,3914,2188,353,353
123,70,3914,2192,353,353
123,70,3914,2195,345,361
123,70,3915,2185,353,353
123,70,3915,2195,345,361
123,70,3915,2202,345,361
123,70,3916,2202,345,361
123,70,3916,2203,345,361
123,70,3922,2192,353,353
123,70,3928,2220,-14,-290
123,70,3931,2222,-26,-263
123,70,3932,2226,-162,91
123,70,3932,2333,353,-353
123,70,3934,2224,-205,-123
123,70,3938,2226,-172,71
123,70,3941,2226,-121,-173
123,70,3944,2227,-154,-42
123,70,3946,2199,-419,-41
123,70,3956,2200,0,395
123,70,3956,2213,233,172
123,70,3956,2222,0,0
123,70,3956,2223,189,-163
123,70,3956,2224,140,35
123,70,3956,2226,0,-26
123,70,3956,2226,78,-61
123,70,4055,2230,-246,435
124,68,3895,2208,495,-48
124,68,3897,2152,500,0
124,68,3901,2147,500,0
124,68,3901,2148,500,0
124,68,3902,2147,471,10
124,68,3902,2147,500,25
124,68,3902,2148,405,0
124,68,3902,2148,500,0
124,68,3903,2147,366,0
124,68,3903,2148,387,0
124,68,3903,2148,407,0
124,68,3904,2148,387,0
124,68,3905,2134,366,141
124,68,3906,2146,392,0
124,68,3906,2148,392,0
124,68,3906,2148,414,0
124,68,3907,2145,391,28
124,68,3917,2202,473,10
124,68,3919,2204,235,0
124,68,3921,2148,498,0
124,68,3924,2217,415,-160
124,68,3925,2152,396,141
124,68,3925,2154,433,108
124,68,3926,2154,403,121
124,68,3937,2201,223,-418
124,68,3938,2201,212,-424
124,68,3944,2153,212,0
124,68,3948,2122,81,466
124,68,3948,2127,97,437
124,68,3948,2151,185,0
124,68,3948,2152,185,0
124,68,3949,2150,133,0
124,68,3949,2150,159,0
124,68,3950,2129,87,438
124,68,3950,2150,159,0
124,68,3958,2137,339,291
124,68,3959,2138,339,291
124,68,3961,2125,500,0
124,68,3965,2149,-265,-217
124,68,3965,2157,-76,-253
124,68,3972,2140,234,317
124,68,3979,2134,-167,204
124,68,3988,2137,0,104
124,68,3988,2148,15,20
124,68,3988,2155,23,-12
124,68,3988,2160,115,-99
124,61,3891,1980,500,11
124,61,3891,1985,483,24
124,61,3893,1956,500,0
124,61,3893,1981,494,74
124,61,3895,1976,498,48
124,61,3895,1977,498,48
124,61,3895,1978,498,37
124,61,3896,1962,314,0
124,61,3896,1979,500,11
124,61,3901,2010,408,-287
124,61,3904,2020,321,-307
124,61,3904,2021,321,-307
124,61,3904,2022,321,-307
124,61,3904,2024,321,-307
124,61,3904,2027,321,-307
124,61,3904,2031,321,-307
124,61,3905,2014,349,-316
124,61,3906,2013,340,-325
124,61,3906,2014,340,-325
124,61,3907,2013,340,-325
124,61,3907,2016,325,-340
124,61,3907,2017,325,-340
124,61,3908,2016,325,-340
124,61,3908,2017,340,-325
124,61,3908,2021,340,-325
124,61,3908,2025,340,-325
124,61,3908,2026,340,-325
124,61,3908,2027,340,-325
124,61,3908,2028,340,-325
124,61,3908,2037,340,-325
124,61,3910,2040,343,-359
124,61,3911,2008,353,-353
124,61,3911,2013,351,-351
124,61,3911,2015,351,-351
124,61,3911,2017,351,-351
124,61,3911,2020,351,-351
124,61,3911,2021,351,-351
124,61,3911,2022,351,-351
124,61,3911,2023,351,-351
124,61,3911,2024,351,-351
124,61,3911,2033,351,-351
124,61,3914,1987,314,0
124,61,3914,2000,353,-353
124,61,3914,2017,287,-408
124,61,3915,2030,361,-345
124,61,3918,1986,366,8
124,61,3920,1988,-46,471
124,61,3922,1988,165,399
124,61,3922,1988,410,81
124,61,3923,1988,418,0
124,61,3923,1988,421,0
124,61,3924,1988,323,264
124,61,3928,1943,0,-130
124,61,3928,1947,392,8
124,61,3934,1958,-2,-26
124,61,3937,1964,182,-17
124,61,3937,2002,74,-24
124,61,3939,2034,203,-457
124,61,3940,2033,180,-407
124,61,3943,2031,169,-442
124,61,3944,2032,148,-450
124,61,3946,2058,121,-484
124,61,3947,2054,132,-482
124,61,3949,2049,132,-482
124,61,3951,1980,-307,-205
124,61,3952,2002,-103,268
124,61,3953,1998,209,10
124,61,3954,2000,75,-170
124,61,3954,2005,-236,118
124,61,3956,2026,392,-9
124,61,3956,2032,0,-235
124,61,3956,2056,0,-328
124,61,3956,2063,0,-500
124,61,3957,2003,200,400
124,61,3959,2004,-25,6
124,61,3959,2004,0,0
124,61,3961,1997,258,181
124,61,3961,2004,-307,153
124,61,3961,2004,-212,301
124,61,3961,2004,-23,11
124,61,3962,2003,-8,369
124,61,3962,2004,-330,165
124,61,3962,2004,-48,392
124,61,3962,2004,-23,11
124,61,3962,2004,0,0
124,61,3963,2004,-23,10
124,61,3972,1917,297,297
124,61,4069,2028,-309,-359
65,126,2133,3990,-141,396
65,126,2144,3977,-109,488
65,126,2144,3981,0,473
69,125,2171,3939,361,345
69,125,2175,3938,353,353
69,125,2182,3938,332,332
69,125,2209,3927,0,314
69,125,2214,3927,0,314
69,125,2220,3927,0,314
69,125,2276,3945,0,473
69,125,2276,3960,0,395
64,125,2079,3927,25,500
64,125,2133,3936,0,500
64,125,2144,3942,0,440
64,125,2144,3943,0,418
64,125,2150,3941,-123,372
64,125,2156,4020,-206,-116
64,125,2158,3947,-326,378
64,125,2159,3947,-345,361
94,123,3031,3886,478,144
94,123,3050,3870,0,500
94,123,3051,3889,0,447
94,123,3051,3897,0,78
94,123,3052,3914,-41,234
94,123,3065,3895,-189,376
94,123,3073,3887,-244,407
98,123,3092,3935,0,500
98,123,3160,3882,451,212
98,123,3166,3873,287,408
98,123,3167,3872,267,421
98,123,3170,3879,277,416
98,123,3177,3892,340,0
98,123,3179,3889,0,447
98,123,3180,3888,-23,447
93,122,2970,3879,453,136
93,122,2973,3881,431,118
93,122,3004,3826,0,500
93,122,3004,3828,0,500
93,122,3008,3832,0,500
93,122,3008,3834,0,340
93,122,3009,3832,-28,386
93,122,3009,3834,-17,340
93,122,3009,3876,-53,147
93,122,3036,3846,-351,351
93,122,3037,3831,0,314
93,122,3051,3831,0,314
93,122,3054,3831,0,314
97,122,3070,3891,-211,-395
97,122,3078,3897,-389,-67
97,122,3090,3831,0,314
97,122,3092,3831,0,314
97,122,3095,3831,0,314
97,122,3097,3831,0,314
97,122,3100,3832,-17,340
97,122,3101,3831,0,314
97,122,3107,3842,332,332
97,122,3109,3841,325,340
97,122,3110,3845,358,343
97,122,3112,3845,358,343
97,122,3121,3831,0,314
97,122,3124,3831,0,314
97,122,3127,3831,0,314
97,122,3130,3831,0,314
97,122,3139,3853,10,473
97,122,3140,3826,0,500
97,122,3149,3837,-156,474
97,122,3162,3872,0,212
100,122,3136,3889,496,60
100,122,3147,3891,482,132
100,122,3155,3892,421,0
100,122,3159,3880,389,161
100,122,3160,3886,387,76
100,122,3178,3846,345,361
100,122,3179,3849,353,353
100,122,3180,3867,345,361
100,122,3181,3844,296,402
100,122,3205,3856,181,438
100,122,3220,3864,0,395
100,122,3307,3898,0,500
91,122,2901,3862,-176,-194
91,122,2936,3888,-212,-100
91,122,2953,3883,0,-130
91,122,2961,3882,-433,108
91,122,2972,3841,-325,340
91,122,2978,3860,-386,316
91,122,2979,3882,-433,108
91,122,2982,3880,-457,125
91,122,2987,3846,-351,351
91,122,2992,3880,-490,97
91,122,2994,3846,-351,351
91,122,2998,3842,-340,325
91,122,3018,3865,-371,335
91,122,3018,3865,-361,345
91,122,3021,3875,-361,345
91,122,3052,3883,-488,109
101,121,3166,3846,402,296
101,121,3169,3842,340,325
101,121,3170,3842,340,325
101,121,3171,3827,340,325
101,121,3171,3830,332,332
101,121,3171,3840,332,332
101,121,3171,3841,332,332
101,121,3171,3842,332,332
101,121,3171,3842,340,325
101,121,3171,3848,353,353
101,121,3174,3845,358,343
101,121,3178,3874,316,386
101,121,3192,3876,395,-9
101,121,3198,3859,291,304
101,121,3214,3892,233,350
101,121,3217,3879,-174,-116
101,121,3220,3797,0,500
101,121,3220,3825,0,447
101,121,3220,3827,0,421
101,121,3249,3827,-10,209
119,93,3744,2938,321,307
119,93,3745,2939,378,326
119,93,3747,2931,332,332
119,93,3747,2933,332,332
119,93,3747,2934,332,332
119,93,3747,2935,332,332
119,93,3747,2936,332,332
119,93,3747,2936,340,325
119,93,3747,2937,332,332
119,93,3747,2937,340,325
119,93,3747,2938,332,332
119,93,3747,2939,332,332
119,93,3747,2941,332,332
119,93,3747,2942,332,332
119,93,3747,2943,332,332
119,93,3747,2946,332,332
119,93,3747,2970,378,326
119,93,3748,2931,340,325
119,93,3748,2946,332,332
119,93,3751,2945,358,343
119,93,3751,2949,351,351
119,93,3777,2974,-457,203
119,93,3782,2902,156,474
119,93,3782,2965,125,414
119,93,3782,2980,-360,80
119,93,3783,2902,144,478
119,93,3784,2982,-189,180
119,93,3785,2915,500,25
119,93,3786,2960,118,431
119,93,3787,2921,277,416
119,93,3787,2982,-332,82
119,93,3787,2983,-307,153
119,93,3789,2903,0,407
119,93,3789,2976,-300,233
119,93,3790,2959,-218,89
119,93,3791,2898,60,496
119,93,3791,2921,500,0
119,93,3792,2921,500,0
119,93,3792,2960,-208,-20
119,93,3793,2977,-182,-22
119,93,3795,2920,441,236
119,93,3796,2898,0,500
119,93,3796,2929,0,447
119,93,3796,2947,23,11
119,93,3797,2923,441,236
119,93,3800,2931,48,498
119,93,3802,2928,48,498
119,92,3731,2941,500,0
119,92,3731,2945,495,-37
119,92,3737,2920,500,0
119,92,3738,2918,500,0
119,92,3738,2919,500,0
119,92,3742,2913,366,8
119,92,3743,2915,366,0
119,92,3744,2917,392,-9
119,92,3746,2913,392,8
119,92,3746,2914,392,0
119,92,3746,2915,340,325
119,92,3747,2900,325,340
119,92,3747,2903,332,332
119,92,3747,2904,332,332
119,92,3747,2904,340,325
119,92,3747,2910,332,332
119,92,3747,2911,332,332
119,92,3747,2912,332,332
119,92,3747,2913,332,332
119,92,3747,2915,332,332
119,92,3747,2918,332,332
119,92,3747,2919,332,332
119,92,3747,2922,332,332
119,92,3747,2923,332,332
119,92,3747,2924,332,332
119,92,3747,2926,332,332
119,92,3747,2926,340,325
119,92,3747,2929,332,332
119,92,3748,2891,332,332
119,92,3748,2901,316,349
119,92,3748,2915,332,332
119,92,3748,2922,332,332
119,92,3751,2907,418,0
119,92,3751,2908,358,343
119,92,3751,2923,358,343
119,92,3755,2931,353,353
119,92,3765,2900,497,0
119,92,3765,2906,497,11
119,92,3769,2923,378,114
119,92,3784,2895,148,449
119,92,3786,2907,141,341
119,92,3786,2920,212,0
119,92,3787,2921,185,0
119,92,3788,2919,185,0
119,92,3789,2918,159,0
119,92,3791,2893,70,467
119,92,3792,2900,97,490
119,92,3796,2886,0,500
119,92,3796,2889,0,473
119,92,3796,2898,0,500
119,92,3800,2880,167,470
119,92,3812,2889,0,473
119,92,3812,2904,0,395
119,92,3819,2905,123,375
120,91,3775,2883,500,0
120,91,3778,2875,326,378
120,91,3780,2877,361,345
120,91,3780,2884,500,0
120,91,3787,2855,274,319
120,91,3787,2881,435,246
120,91,3789,2886,488,109
120,91,3789,2891,108,282
120,91,3789,2907,473,0
120,91,3789,2915,473,0
120,91,3791,2896,167,312
120,91,3791,2911,223,417
120,91,3792,2854,361,345
120,91,3793,2893,438,87
120,91,3795,2888,484,121
120,91,3795,2892,346,77
120,91,3796,2871,0,500
120,91,3796,2940,161,-155
120,91,3797,2924,411,92
120,91,3798,2881,484,121
120,91,3799,2888,484,121
120,91,3801,2890,375,123
120,91,3804,2877,217,187
120,91,3804,2889,458,114
120,91,3804,2890,433,108
120,91,3805,2900,275,155
120,91,3808,2890,433,108
120,91,3811,2892,423,94
120,91,3814,2892,100,27
120,91,3816,2892,126,31
120,91,3825,2916,-130,-230
120,91,3827,2924,59,-145
101,22,3180,696,179,466
101,22,3182,698,179,466
101,22,3264,658,492,85
100,21,3123,675,500,0
100,21,3123,676,500,0
100,21,3126,676,500,0
100,21,3128,670,311,37
100,21,3128,673,312,23
100,21,3128,675,314,0
100,21,3134,732,500,0
100,21,3150,764,353,-353
100,21,3154,618,353,353
100,21,3157,757,353,-353
100,21,3191,744,335,-371
101,19,3181,619,473,0
101,19,3188,662,0,-500
101,19,3190,619,148,278
100,18,3128,612,314,0
100,18,3128,619,314,0
100,18,3131,619,340,0
100,18,3135,635,366,0
100,18,3137,647,353,-353
100,18,3140,644,353,-353
100,18,3143,612,418,0
100,18,3143,619,418,0
100,18,3144,640,353,-353
100,18,3144,640,361,-345
100,18,3148,619,444,0
100,18,3178,654,118,-432
100,18,3188,655,0,-447
100,18,3188,658,0,-473
101,17,3168,572,478,-144
101,17,3168,572,500,0
101,17,3182,582,167,-470
101,17,3313,634,-74,-494
100,16,3136,575,391,-29
100,16,3137,573,392,0
100,16,3137,574,391,-29
100,16,3138,572,392,0
100,16,3138,573,392,0
100,16,3139,573,392,0
100,16,3141,590,375,-238
100,16,3176,596,156,-474
100,16,3188,621,0,-500
100,16,3190,564,-159,89
98,14,3087,483,447,10
98,14,3091,533,304,-392
98,14,3092,493,235,-12
98,14,3092,532,256,-330
98,14,3104,537,0,-440
98,14,3104,538,0,-440
98,14,3104,538,0,-418
98,14,3113,548,0,-500
98,14,3136,516,0,-81
98,14,3168,538,0,-500
98,14,3181,528,-159,-446
68,12,2116,381,361,345
68,12,2117,412,500,0
68,12,2121,412,473,0
68,12,2125,395,473,0
68,12,2125,413,473,0
68,12,2125,414,473,-11
68,12,2125,414,473,0
68,12,2125,419,473,0
68,12,2129,416,447,-23
68,12,2130,414,447,0
68,12,2132,381,0,500
68,12,2184,453,162,230
68,12,2257,324,-74,494
67,11,2072,340,314,0
67,11,2072,343,314,0
67,11,2072,346,314,0
67,11,2072,352,314,0
67,11,2072,356,314,0
67,11,2072,356,335,0
67,11,2072,366,314,0
67,11,2073,343,340,-17
67,11,2073,350,340,-8
67,11,2073,351,340,-17
67,11,2075,331,340,0
67,11,2075,343,340,0
67,11,2075,348,340,0
67,11,2075,356,340,0
67,11,2076,348,340,0
67,11,2082,414,421,-21
67,11,2083,415,391,-38
67,11,2085,418,498,-37
67,11,2086,317,500,0
67,11,2087,317,500,0
67,11,2087,419,500,0
67,11,2104,411,366,-207
67,11,2116,353,0,0
67,11,2128,420,353,-274
67,11,2129,317,500,0
67,11,2138,322,106,-353
67,11,2138,334,248,-372
67,11,2139,320,169,-442
67,11,2143,330,-106,-298
67,7,2078,285,386,-316
67,7,2081,286,349,-316
67,7,2082,285,340,-325
67,7,2082,286,349,-316
67,7,2083,285,340,-325
67,7,2087,285,351,-351
67,7,2090,272,353,-353
67,7,2102,290,496,60
67,7,2106,262,314,-314
67,7,2112,235,26,0
67,7,2113,245,133,128
67,7,2120,280,132,-482
67,7,2120,286,345,-361
67,7,2120,287,361,-345
66,6,2037,237,488,-109
66,6,2068,273,386,-316
66,6,2071,270,386,-316
66,6,2072,269,386,-316
66,6,2075,267,386,-316
66,6,2088,257,319,-275
66,6,2090,273,353,-353
66,6,2090,281,345,-361
66,6,2090,282,345,-361
66,6,2091,253,279,-241
66,6,2092,261,345,-361
66,6,2094,251,265,-217
66,6,2094,285,287,-408
66,6,2097,273,345,-361
66,6,2097,274,345,-361
66,6,2099,277,287,-408
66,6,2100,240,-190,317
66,6,2103,236,348,186
66,6,2119,249,317,-351
66,6,2130,270,33,-446
66,6,2132,241,0,0
66,6,2132,247,25,2
66,6,2132,256,0,-26
66,6,2132,257,0,-26
66,6,2132,258,0,-104
64,6,1983,249,361,-345
64,6,2000,232,312,-30
64,6,2002,244,437,-98
64,6,2003,228,421,0
64,6,2016,287,332,-333
64,6,2017,289,298,-330
64,6,2018,287,332,-333
64,6,2019,287,332,-333
64,6,2020,285,316,-350
64,6,2020,286,332,-333
64,6,2021,283,343,-359
64,6,2021,287,332,-333
64,6,2022,287,332,-333
64,6,2023,250,498,48
64,6,2023,281,333,-369
64,6,2024,283,343,-359
64,6,2024,287,332,-333
64,6,2024,292,209,-331
64,6,2025,283,343,-359
64,6,2027,283,343,-359
64,6,2027,286,332,-333
64,6,2027,287,332,-333
64,6,2027,295,173,-323
64,6,2028,287,332,-333
64,6,2029,285,229,-382
64,6,2029,285,237,-375
64,6,2029,287,332,-333
64,6,2030,283,343,-359
64,6,2030,294,7,-342
64,6,2031,283,343,-359
64,6,2032,283,343,-359
64,6,2032,292,-18,-366
64,6,2033,292,-18,-366
64,6,2035,293,114,-348
64,6,2036,286,332,-333
64,6,2036,287,332,-333
64,6,2037,245,0,-287
64,6,2037,266,0,-418
64,6,2037,286,349,-316
64,6,2037,294,90,-328
64,6,2037,296,-17,-340
64,6,2038,266,0,-418
64,6,2038,296,-17,-340
64,6,2038,296,82,-329
64,6,2039,266,0,-418
64,6,2039,283,351,-351
64,6,2039,286,332,-333
64,6,2039,287,332,-333
64,6,2039,296,-17,-340
64,6,2040,266,0,-418
64,6,2040,286,332,-333
64,6,2040,287,332,-333
64,6,2040,294,74,-332
64,6,2040,296,-17,-340
64,6,2041,266,0,-418
64,6,2041,296,-17,-340
64,6,2042,266,0,-418
64,6,2042,283,343,-359
64,6,2042,286,349,-316
64,6,2042,296,-17,-340
64,6,2043,263,0,-392
64,6,2043,266,0,-418
64,6,2043,296,-17,-340
64,6,2044,266,0,-418
64,6,2044,296,-17,-340
64,6,2045,266,0,-418
64,6,2045,286,332,-333
64,6,2045,287,332,-333
64,6,2045,296,-17,-340
64,6,2046,266,0,-418
64,6,2046,296,-17,-340
64,6,2047,266,0,-418
64,6,2047,296,-17,-340
64,6,2048,266,0,-418
64,6,2048,270,0,-444
64,6,2048,273,0,-492
64,6,2048,283,0,-444
64,6,2048,283,0,-440
64,6,2048,296,-17,-340
64,6,2048,297,0,-314
64,6,2049,266,0,-418
64,6,2049,289,332,-333
64,6,2049,296,-17,-340
64,6,2050,266,0,-418
64,6,2050,287,332,-333
64,6,2050,296,-17,-340
64,6,2051,287,332,-333
64,6,2051,296,-17,-340
64,6,2054,283,343,-359
64,6,2099,292,0,-500
