2,114,171,3684,-37,-498
2,114,173,3665,-442,-66
2,114,174,3643,-97,490
2,114,174,3666,-442,-66
2,114,174,3684,-121,-484
2,114,174,3684,-97,-490
2,114,175,3684,-121,-484
2,114,178,3666,-466,-81
2,114,188,3645,-500,0
2,114,189,3684,-386,-316
3,113,164,3660,-421,150
3,113,164,3668,11,77
3,113,167,3661,-272,163
3,113,168,3665,-97,273
3,113,168,3668,26,0
3,113,169,3664,-31,315
3,113,169,3665,0,-342
3,113,170,3661,-17,182
3,113,170,3661,3,157
3,113,170,3668,8,369
3,113,171,3568,-23,447
3,113,171,3569,0,157
3,113,171,3661,0,235
3,113,172,3658,-162,86
3,113,174,3547,-74,494
3,113,178,3694,-87,-439
3,113,192,3668,-421,0
3,113,195,3667,-447,10
3,113,197,3569,-290,373
3,113,201,3612,-418,0
3,113,201,3614,-418,0
3,113,201,3623,-418,0
3,113,201,3629,-418,0
3,113,201,3640,-418,0
3,113,201,3648,-418,0
3,113,203,3583,-410,231
3,113,205,3632,-444,0
3,113,205,3633,-444,0
3,113,205,3653,-444,0
3,113,209,3612,-471,10
3,113,209,3617,-471,-11
3,113,210,3611,-471,23
3,113,210,3612,-471,23
3,113,210,3614,-471,-24
3,113,210,3614,-471,23
3,113,210,3616,-471,23
3,113,210,3617,-471,23
3,113,210,3618,-471,23
3,113,210,3620,-471,23
3,113,210,3622,-471,23
3,113,210,3624,-471,23
3,113,210,3625,-471,23
3,113,210,3626,-471,23
3,113,210,3627,-471,23
3,113,210,3629,-471,23
3,113,210,3632,-471,23
3,113,210,3634,-471,23
3,113,210,3636,-471,23
3,113,210,3638,-471,23
3,113,210,3640,-471,23
3,113,210,3642,-471,23
3,113,210,3643,-471,23
3,113,210,3644,-471,23
3,113,210,3646,-471,23
3,113,210,3647,-471,23
3,113,210,3648,-471,23
3,113,210,3649,-471,23
3,113,210,3650,-471,23
3,113,210,3651,-471,23
3,113,210,3652,-471,23
3,113,210,3653,-471,23
3,113,210,3654,-471,23
3,113,210,3655,-471,23
3,113,210,3656,-471,23
3,113,210,3657,-471,23
3,113,212,3654,-444,0
3,113,212,3656,-444,0
3,113,212,3658,-444,0
3,113,212,3667,-444,0
3,113,213,3614,-444,-10
3,113,215,3627,-444,22
3,113,215,3630,-444,22
3,113,215,3649,-444,22
3,113,216,3680,-353,-353
3,113,217,3612,-418,0
3,113,218,3683,-353,-353
3,113,219,3566,-344,358
3,113,219,3657,-417,30
3,113,219,3684,-345,-361
3,113,220,3684,-361,-345
3,113,220,3684,-353,-353
3,113,222,3686,-361,-345
3,113,222,3686,-353,-353
3,113,222,3687,-353,-353
3,113,223,3614,-392,19
3,113,223,3665,-392,19
3,113,223,3687,-353,-353
3,113,227,3614,-366,18
3,113,227,3665,-366,18
3,113,228,3667,-340,0
3,113,229,3614,-340,-8
3,113,230,3612,-340,0
3,113,230,3615,-340,-8
3,113,230,3616,-340,-8
3,113,230,3617,-340,-8
3,113,230,3618,-340,-8
3,113,231,3610,-340,17
3,113,231,3611,-340,17
3,113,231,3612,-340,17
3,113,231,3613,-340,17
3,113,231,3614,-340,17
3,113,231,3615,-340,-8
3,113,231,3615,-340,17
3,113,231,3616,-340,17
3,113,231,3617,-340,17
3,113,231,3619,-340,17
3,113,231,3621,-340,17
3,113,231,3622,-340,17
3,113,231,3623,-340,17
3,113,231,3624,-340,17
3,113,231,3625,-340,17
3,113,231,3626,-340,17
3,113,231,3627,-340,17
3,113,231,3628,-340,17
3,113,231,3629,-340,17
3,113,231,3631,-340,17
3,113,231,3632,-340,17
3,113,231,3633,-340,17
3,113,231,3635,-340,17
3,113,231,3636,-340,17
3,113,231,3637,-340,17
3,113,231,3639,-340,17
3,113,231,3640,-340,17
3,113,231,3641,-340,17
3,113,231,3642,-340,17
3,113,231,3643,-340,17
3,113,231,3644,-340,17
3,113,231,3645,-340,17
3,113,231,3646,-340,17
3,113,231,3647,-340,17
3,113,231,3648,-340,17
3,113,231,3649,-340,17
3,113,231,3650,-340,17
3,113,231,3651,-340,-8
3,113,231,3651,-340,17
3,113,231,3652,-340,17
3,113,231,3653,-340,17
3,113,231,3654,-340,17
3,113,231,3655,-340,17
3,113,231,3656,-340,17
3,113,232,3612,-314,0
3,113,232,3643,-314,0
3,113,232,3646,-314,0
3,113,232,3650,-314,0
3,113,232,3652,-314,0
3,113,232,3654,-314,0
3,113,232,3656,-314,0
3,113,232,3658,-314,0
3,113,233,3613,-500,0
3,113,234,3613,-485,0
3,113,237,3613,-500,0
2,112,88,3538,-451,212
2,112,103,3535,-488,109
2,112,140,3596,49,-60
2,112,171,3577,0,500
2,112,171,3623,0,-500
2,112,171,3624,0,-500
2,112,177,3577,-167,470
2,112,177,3622,-167,-470
2,112,178,3612,-473,0
2,112,178,3623,-167,-470
2,112,179,3627,-179,-466
2,112,180,3583,-217,294
2,112,185,3578,-326,378
2,112,189,3612,-500,0
2,112,189,3613,-500,0
2,112,189,3613,-466,-179
2,112,190,3613,-496,-60
2,112,192,3612,-500,0
2,112,192,3613,-500,0
3,117,156,3723,-25,-5
3,117,156,3723,-8,24
3,117,157,3723,9,-78
3,117,159,3723,25,-128
3,117,160,3723,26,0
3,117,160,3723,116,-58
3,117,164,3723,-26,-3
3,117,165,3723,-26,-3
3,117,166,3723,171,-71
3,117,167,3727,-442,-66
3,117,167,3728,-403,-121
3,117,205,3721,-428,129
3,117,206,3723,-437,97
3,117,214,3719,-498,37
3,117,217,3704,-351,351
3,117,217,3705,-351,351
3,117,217,3719,-500,0
3,117,217,3720,-500,0
3,117,218,3719,-500,25
3,117,220,3701,-340,325
3,117,220,3702,-340,325
3,117,220,3704,-340,325
3,117,221,3714,-392,0
3,117,221,3715,-392,0
3,117,222,3711,-441,53
3,117,222,3713,-392,8
3,117,223,3713,-392,8
3,117,223,3713,-392,19
3,117,223,3713,-391,28
3,117,224,3716,-366,0
3,117,225,3711,-428,51
3,117,225,3713,-366,8
3,117,226,3706,-490,97
3,117,233,3772,-407,0
3,117,235,3780,-500,0
3,117,236,3772,-500,0
2,116,144,3723,57,-87
2,116,171,3704,0,500
2,116,173,3750,-74,-494
2,116,176,3745,-212,-451
2,116,177,3746,-203,-457
2,116,182,3716,-500,0
2,116,189,3714,-494,74
2,116,189,3715,-494,74
2,116,190,3715,-496,60
2,116,191,3718,-488,109
2,116,192,3715,-500,0
2,116,192,3716,-500,0
2,116,192,3716,-488,109
2,116,192,3716,-478,144
2,116,192,3717,-484,121
2,116,192,3719,-492,85
2,116,193,3717,-484,121
2,116,195,3718,-490,97
4,8,132,321,-118,55
4,8,171,307,0,0
4,8,171,323,0,-500
4,8,171,335,0,-447
4,8,171,337,0,-287
4,8,171,359,0,-500
4,8,171,360,0,-340
4,8,183,300,155,-35
4,8,184,323,105,-210
4,8,193,323,-335,-371
4,8,196,306,-62,310
4,8,197,331,-287,-408
4,8,200,331,-335,-371
4,8,204,313,-228,-252
4,8,214,329,-335,-371
4,8,235,313,-414,-171
4,8,237,309,-490,-97
4,8,237,310,-484,-121
4,8,245,291,-500,0
4,8,248,292,-418,0
4,8,250,292,-500,0
4,8,253,319,-236,-441
123,14,3860,483,444,0
123,14,3860,483,500,0
123,14,3864,445,314,0
123,14,3864,466,314,0
123,14,3864,470,314,0
123,14,3864,474,314,0
123,14,3864,477,314,0
123,14,3864,478,314,0
123,14,3864,483,314,0
123,14,3864,485,340,-8
123,14,3866,481,340,7
123,14,3876,411,345,361
123,14,3885,484,471,-24
123,14,3889,483,447,0
123,14,3892,506,408,-182
124,15,3903,483,500,0
124,15,3904,483,500,0
124,15,3906,483,496,60
124,15,3907,483,494,74
2,10,171,356,0,-500
2,10,171,356,0,-418
2,10,171,357,0,-500
2,10,171,358,0,-500
2,10,174,337,-442,-66
2,10,175,334,-446,-33
2,10,177,354,-203,-457
2,10,177,355,-203,-457
2,10,178,337,-468,-70
2,10,192,324,-500,0
121,8,3805,292,314,0
121,8,3815,340,361,-345
121,8,3816,340,361,-345
121,8,3819,337,361,-345
121,8,3823,333,371,-335
121,8,3917,336,-159,-446
121,8,3918,340,-167,-470
123,9,3913,363,121,-484
123,9,3924,383,0,-500
123,10,3872,383,391,-29
123,10,3873,382,391,-29
123,10,3874,380,392,0
123,10,3875,380,392,0
123,10,3875,381,392,0
123,10,3912,404,156,-474
123,10,3929,372,-24,9
123,118,3859,3804,500,0
123,118,3861,3820,478,-144
123,118,3869,3769,498,48
123,118,3870,3748,405,0
123,118,3870,3748,500,0
123,118,3871,3747,366,0
123,118,3871,3748,387,0
123,118,3871,3748,393,0
123,118,3871,3748,398,0
123,118,3871,3748,405,0
123,118,3872,3747,366,0
123,118,3872,3748,387,0
123,118,3873,3745,392,8
123,118,3874,3745,392,8
123,118,3874,3746,392,0
123,118,3875,3732,332,332
123,118,3875,3732,340,325
123,118,3875,3734,332,332
123,118,3875,3736,332,332
123,118,3875,3736,340,325
123,118,3875,3737,332,332
123,118,3875,3737,340,325
123,118,3875,3738,332,332
123,118,3875,3739,332,332
123,118,3875,3740,332,332
123,118,3875,3741,332,332
123,118,3875,3742,332,332
123,118,3875,3743,332,332
123,118,3875,3744,332,332
123,118,3875,3746,332,332
123,118,3875,3747,332,332
123,118,3875,3748,332,332
123,118,3875,3749,332,332
123,118,3875,3750,332,332
123,118,3875,3751,340,325
123,118,3875,3753,332,332
123,118,3875,3754,332,332
123,118,3875,3757,332,332
123,118,3875,3758,332,332
123,118,3879,3745,358,343
123,118,3881,3825,498,48
123,118,3882,3746,444,22
123,118,3884,3736,444,0
123,118,3891,3757,412,82
123,118,3912,3723,136,453
123,118,3912,3723,148,449
123,118,3916,3751,185,0
123,118,3917,3750,159,0
123,118,3922,3755,30,156
123,118,3927,3763,325,-174
123,118,3929,3757,254,-188
123,118,3930,3755,0,0
123,118,3930,3762,73,-111
123,118,3930,3762,146,-153
123,118,3931,3760,-21,-211
123,118,3936,3762,-120,56
123,118,3938,3755,18,17
124,115,3909,3676,361,345
124,115,3921,3680,97,490
124,115,3921,3693,438,87
124,115,3921,3711,97,-490
124,115,3922,3694,442,66
124,115,3924,3676,0,500
123,116,3859,3747,500,0
123,116,3859,3748,500,0
123,116,3862,3747,500,0
123,116,3862,3761,482,-132
123,116,3863,3748,335,0
123,116,3864,3700,314,0
123,116,3864,3702,314,0
123,116,3864,3703,314,0
123,116,3864,3709,314,0
123,116,3864,3717,314,0
123,116,3864,3720,314,0
123,116,3864,3721,314,0
123,116,3864,3723,314,0
123,116,3864,3726,314,0
123,116,3864,3729,314,0
123,116,3864,3730,314,0
123,116,3864,3734,314,0
123,116,3864,3735,314,0
123,116,3864,3736,314,0
123,116,3864,3737,314,0
123,116,3864,3738,314,0
123,116,3864,3739,314,0
123,116,3864,3740,314,0
123,116,3864,3741,314,0
123,116,3864,3742,314,0
123,116,3864,3743,314,0
123,116,3864,3745,314,0
123,116,3864,3747,314,0
123,116,3864,3749,340,-8
123,116,3867,3691,340,0
123,116,3867,3744,338,25
123,116,3867,3748,361,0
123,116,3868,3693,366,-8
123,116,3869,3694,366,-18
123,116,3871,3748,387,0
123,116,3872,3758,482,-132
123,116,3874,3747,500,0
123,116,3875,3676,361,345
123,116,3876,3675,345,361
123,116,3876,3676,353,353
123,116,3879,3745,418,0
123,116,3879,3747,418,0
123,116,3879,3747,500,0
123,116,3879,3792,361,-345
123,116,3881,3747,473,0
123,116,3882,3789,361,-345
123,116,3885,3747,473,0
123,116,3885,3748,471,-24
123,116,3885,3748,473,0
123,116,3893,3748,414,0
123,116,3912,3792,148,-450
123,116,3925,3696,74,-138
123,116,3932,3691,238,5
123,116,3948,3691,25,-7
124,117,3903,3747,500,0
124,117,3904,3747,500,0
124,117,3904,3748,500,0
124,117,3905,3748,500,0
124,117,3906,3747,496,60
124,117,3907,3747,494,74
124,117,3907,3747,500,0
124,117,3912,3749,451,212
124,117,3913,3787,224,-447
124,117,3918,3737,167,470
124,117,3920,3774,203,-457
124,117,3923,3740,37,498
124,117,3949,3755,-14,-22
124,117,3952,3764,0,0
3,9,164,340,0,369
3,9,165,333,-263,175
3,9,165,333,-258,181
3,9,166,340,140,190
3,9,167,332,-176,117
3,9,167,332,-117,62
3,9,167,340,26,0
3,9,168,332,-131,25
3,9,168,340,22,12
3,9,171,340,-234,-41
3,9,171,347,-209,132
3,9,171,354,0,-26
3,9,172,367,-10,-447
3,9,173,334,-367,35
3,9,178,385,-132,-482
3,9,180,361,-132,-400
3,9,180,390,-132,-482
3,9,182,364,-140,-425
3,9,183,368,-148,-450
3,9,194,343,-444,-54
3,9,203,297,-418,21
3,9,210,316,-473,0
3,9,210,351,-361,-345
3,9,213,365,-361,-345
3,9,214,365,-361,-345
3,9,217,359,-351,-351
3,9,217,360,-359,-344
3,9,217,368,-351,-351
3,9,217,369,-359,-344
3,9,220,363,-333,-333
3,9,220,372,-333,-333
3,9,221,349,-340,-325
3,9,221,359,-340,-325
3,9,221,361,-340,-325
3,9,221,362,-340,-325
3,9,221,363,-340,-325
3,9,221,372,-340,-325
3,9,235,317,-500,0
3,118,193,3772,-291,304
3,118,195,3766,-292,339
3,118,195,3771,-291,304
3,118,196,3768,-309,323
3,118,197,3769,-316,316
3,118,197,3770,-323,309
3,118,198,3792,-392,47
3,118,199,3765,-327,342
3,118,200,3764,-345,361
3,118,200,3765,-335,371
3,118,200,3766,-335,334
3,118,201,3764,-327,342
3,118,201,3766,-342,327
3,118,204,3763,-371,335
3,118,205,3752,-277,416
3,118,206,3757,-353,353
3,118,206,3760,-353,353
3,118,206,3776,-159,0
3,118,206,3803,-141,-366
3,118,207,3757,-326,378
3,118,207,3760,-361,345
3,118,207,3760,-353,353
3,118,207,3762,-378,326
3,118,207,3770,-387,271
3,118,208,3748,-277,416
3,118,208,3759,-361,345
3,118,208,3760,-361,345
3,118,208,3776,-361,345
3,118,209,3775,-496,-60
3,118,209,3787,-462,103
3,118,210,3753,-335,371
3,118,210,3754,-361,345
3,118,210,3755,-353,353
3,118,210,3756,-361,345
3,118,210,3756,-353,353
3,118,211,3744,-287,408
3,118,211,3756,-361,345
3,118,211,3759,-378,326
3,118,211,3779,-361,345
3,118,211,3786,-361,345
3,118,212,3761,-408,287
3,118,212,3785,-316,386
3,118,213,3750,-353,353
3,118,213,3752,-353,353
3,118,213,3753,-353,353
3,118,213,3760,-345,361
3,118,214,3740,-287,408
3,118,214,3750,-353,353
3,118,214,3751,-353,353
3,118,214,3753,-361,345
3,118,214,3775,-496,-60
3,118,215,3753,-361,345
3,118,215,3759,-408,287
3,118,216,3739,-296,402
3,118,216,3759,-408,287
3,118,216,3772,-500,0
3,118,216,3787,-482,132
3,118,216,3789,-484,121
3,118,217,3744,-351,351
3,118,217,3756,-345,361
3,118,217,3757,-345,361
3,118,217,3781,-498,-37
3,118,218,3753,-378,326
3,118,218,3769,-345,361
3,118,218,3770,-345,361
3,118,219,3776,-494,-74
3,118,220,3743,-340,325
3,118,220,3744,-340,325
3,118,220,3745,-340,325
3,118,220,3746,-340,325
3,118,220,3763,-353,353
3,118,221,3742,-316,349
3,118,221,3743,-340,325
3,118,221,3744,-340,325
3,118,221,3745,-340,325
3,118,221,3746,-340,325
3,118,221,3780,-500,0
3,118,222,3746,-340,325
3,118,222,3782,-498,-37
3,118,223,3737,-321,307
3,118,223,3745,-350,316
3,118,223,3745,-340,325
3,118,223,3746,-340,325
3,118,223,3749,-386,316
3,118,224,3777,-496,-60
3,118,225,3742,-378,326
3,118,225,3786,-484,121
3,118,226,3744,-386,316
3,118,226,3746,-386,316
3,118,226,3785,-482,132
3,118,227,3788,-490,97
3,118,228,3750,-408,287
3,118,229,3777,-496,-60
3,118,230,3784,-484,121
3,118,230,3784,-482,132
3,118,233,3781,-474,156
3,118,233,3782,-474,156
3,118,235,3780,-474,156
3,118,235,3781,-482,132
3,118,235,3782,-482,132
3,118,235,3783,-484,121
3,118,235,3784,-488,109
3,118,236,3780,-500,0
3,118,237,3783,-498,-37
4,119,171,3784,-26,-2
4,119,173,3757,-24,473
4,119,174,3789,-425,139
4,119,202,3766,-342,327
4,119,207,3775,-335,371
4,119,208,3748,-277,416
4,119,211,3764,-345,361
4,119,211,3767,-345,361
4,119,212,3776,-176,194
4,119,213,3752,-345,361
4,119,214,3750,-335,371
4,119,215,3776,-199,207
4,119,226,3764,-386,316
4,119,230,3795,32,99
4,119,233,3786,-403,121
4,119,233,3786,-400,131
4,119,236,3783,-421,150
4,119,237,3785,-428,129
4,119,238,3781,-438,181
4,119,238,3806,-446,-33
4,119,242,3778,-457,203
4,119,243,3751,-335,371
4,119,247,3749,-333,332
123,114,3863,3646,335,0
123,114,3864,3646,314,0
123,114,3864,3647,340,-8
123,114,3864,3649,314,0
123,114,3864,3651,314,0
123,114,3864,3656,314,0
123,114,3864,3657,314,0
123,114,3864,3661,314,0
123,114,3864,3662,314,0
123,114,3864,3666,314,0
123,114,3864,3670,314,0
123,114,3864,3672,314,0
123,114,3864,3673,314,0
123,114,3864,3677,314,0
123,114,3864,3683,314,0
123,114,3864,3684,314,0
123,114,3864,3685,314,0
123,114,3864,3686,314,0
123,114,3864,3687,314,0
123,114,3864,3688,314,0
123,114,3864,3691,314,0
123,114,3865,3646,340,-8
123,114,3865,3646,340,0
123,114,3865,3647,340,-8
123,114,3867,3691,340,0
123,114,3873,3719,353,-353
123,114,3876,3716,353,-353
123,114,3879,3683,418,0
123,114,3879,3684,418,0
123,114,3879,3685,418,0
123,114,3879,3687,418,0
123,114,3879,3688,418,0
123,114,3879,3691,418,0
123,114,3879,3711,361,-345
123,114,3880,3712,353,-353
123,114,3881,3645,473,0
123,114,3884,3684,444,0
123,114,3891,3662,209,0
123,114,3893,3645,395,0
123,114,3896,3645,395,0
123,114,3918,3692,-287,-28
123,114,3924,3701,23,10
123,114,3926,3693,101,152
124,113,3903,3645,500,0
124,113,3903,3646,498,-37
124,113,3904,3620,500,0
124,113,3904,3644,478,-144
124,113,3904,3644,500,0
124,113,3904,3645,500,0
124,113,3906,3645,494,-74
124,113,3906,3645,496,-60
124,113,3906,3645,500,0
124,113,3908,3629,306,-394
124,113,3908,3642,466,-179
124,113,3912,3607,267,421
124,113,3916,3607,203,457
124,113,3918,3654,167,-470
124,113,3924,3613,0,500
124,113,3924,3650,0,-500
124,113,3925,3631,416,62
124,113,3935,3628,-77,74
124,113,3937,3634,262,31
124,113,3942,3635,210,15
124,113,3948,3636,0,0
124,113,3951,3636,83,62
124,113,4034,3556,-74,494
3,14,171,426,-490,-97
3,14,177,406,-85,492
3,14,180,387,-277,416
3,14,183,551,-144,-478
3,14,187,460,-211,394
3,14,193,436,-240,206
3,14,194,482,-290,14
3,14,195,454,-262,394
3,14,195,478,-287,0
3,14,197,449,-281,381
3,14,201,465,-418,0
3,14,203,483,-421,0
3,14,204,482,-444,0
3,14,206,481,-444,0
3,14,210,436,-471,23
3,14,210,437,-471,23
3,14,210,438,-471,23
3,14,210,439,-471,23
3,14,210,440,-471,23
3,14,210,441,-471,23
3,14,210,442,-471,23
3,14,210,443,-471,23
3,14,210,444,-471,23
3,14,210,445,-471,23
3,14,210,446,-471,23
3,14,210,447,-471,23
3,14,210,448,-471,23
3,14,210,449,-471,23
3,14,210,450,-471,23
3,14,210,451,-471,23
3,14,210,452,-471,23
3,14,210,453,-471,23
3,14,210,454,-471,23
3,14,210,455,-471,23
3,14,210,456,-471,23
3,14,210,457,-471,23
3,14,210,458,-471,23
3,14,210,460,-471,23
3,14,210,462,-471,23
3,14,210,464,-471,23
3,14,210,465,-471,23
3,14,210,466,-471,23
3,14,210,467,-471,23
3,14,210,468,-471,23
3,14,210,469,-471,23
3,14,210,470,-471,23
3,14,210,471,-471,23
3,14,210,472,-471,23
3,14,210,473,-471,23
3,14,210,474,-471,23
3,14,210,476,-471,23
3,14,210,478,-471,23
3,14,210,479,-471,23
3,14,210,480,-471,23
3,14,210,481,-471,23
3,14,212,455,-371,-335
3,14,212,484,-473,0
3,14,213,483,-500,0
3,14,214,483,-500,0
3,14,215,443,-444,22
3,14,215,460,-444,22
3,14,216,415,-345,361
3,14,217,483,-498,-48
3,14,217,484,-498,-37
3,14,219,435,-417,30
3,14,220,484,-500,-25
3,14,227,485,-471,-24
3,14,228,481,-340,17
3,14,230,478,-340,7
3,14,230,480,-340,17
3,14,230,481,-340,7
3,14,231,433,-340,17
3,14,231,434,-340,17
3,14,231,435,-340,17
3,14,231,436,-340,17
3,14,231,437,-340,17
3,14,231,438,-340,17
3,14,231,439,-340,17
3,14,231,440,-340,17
3,14,231,441,-340,17
3,14,231,442,-340,17
3,14,231,443,-340,17
3,14,231,444,-340,17
3,14,231,445,-340,17
3,14,231,446,-340,17
3,14,231,447,-340,17
3,14,231,448,-340,17
3,14,231,449,-340,17
3,14,231,450,-340,17
3,14,231,451,-340,17
3,14,231,452,-340,17
3,14,231,453,-340,17
3,14,231,454,-340,17
3,14,231,455,-340,17
3,14,231,456,-340,17
3,14,231,457,-340,17
3,14,231,459,-340,17
3,14,231,461,-340,17
3,14,231,463,-340,17
3,14,231,464,-340,17
3,14,231,465,-340,17
3,14,231,466,-340,17
3,14,231,467,-340,17
3,14,231,468,-340,17
3,14,231,469,-340,17
3,14,231,470,-340,17
3,14,231,471,-340,17
3,14,231,472,-340,-8
3,14,231,472,-340,17
3,14,231,473,-340,17
3,14,231,474,-340,17
3,14,231,475,-340,17
3,14,231,476,-340,17
3,14,231,477,-340,17
3,14,231,478,-340,17
3,14,231,479,-340,17
3,14,231,480,-340,17
3,14,231,481,-340,17
3,14,231,485,-444,-22
3,14,232,444,-314,0
3,14,232,468,-314,0
3,14,232,478,-314,0
3,14,232,482,-314,0
3,14,233,483,-459,0
3,14,237,481,-500,25
2,15,89,567,-212,-451
2,15,143,500,-303,161
2,15,171,472,0,500
2,15,171,486,0,321
2,15,175,477,-144,478
2,15,186,487,-488,109
2,15,188,482,-500,0
2,15,189,482,-494,74
2,15,189,483,-494,74
2,15,189,512,-429,-257
2,15,190,483,-496,60
2,15,192,483,-500,0
2,15,192,483,-402,-296
2,15,192,484,-500,0
2,15,192,484,-488,109
2,15,192,484,-478,144
2,15,192,485,-484,121
2,15,192,487,-492,85
2,15,192,512,-500,0
2,15,193,486,-490,97
2,15,194,485,-488,109
2,15,195,486,-490,97
3,16,150,582,-183,289
3,16,156,491,-25,-5
3,16,158,491,0,0
3,16,160,491,8,-51
3,16,160,491,116,-58
3,16,161,491,48,-62
3,16,165,605,-353,-353
3,16,166,491,26,0
3,16,167,495,-442,-66
3,16,168,499,-116,-105
3,16,172,496,-390,161
3,16,174,445,-74,494
3,16,184,454,-144,478
3,16,199,572,-367,-207
3,16,202,483,-500,25
3,16,205,489,-428,129
3,16,206,484,-438,181
3,16,216,544,-496,-60
3,16,216,568,-296,-402
3,16,217,487,-500,0
3,16,217,488,-500,0
3,16,218,488,-500,-25
3,16,219,476,-490,97
3,16,222,479,-441,53
3,16,222,481,-392,8
3,16,222,491,-325,340
3,16,223,479,-419,31
3,16,223,481,-392,19
3,16,223,481,-391,28
3,16,224,483,-366,0
3,16,224,484,-366,0
3,16,225,476,-492,85
3,16,225,481,-366,8
3,16,225,484,-366,0
3,16,226,474,-490,97
3,16,227,548,-490,-97
3,16,228,476,-494,74
3,16,235,548,-500,0
3,16,236,546,-496,-60
122,120,3841,3825,492,85
122,120,3842,3824,492,85
122,120,3844,3826,492,85
122,120,3851,3827,484,121
122,120,3856,3819,492,85
122,120,3861,3828,366,0
122,120,3867,3814,445,158
122,120,3868,3823,308,53
122,120,3869,3817,431,118
122,120,3881,3795,345,361
122,120,3883,3785,353,353
122,120,3884,3803,345,361
122,120,3894,3826,233,-125
122,120,3896,3815,174,-326
122,120,3904,3817,0,-290
122,120,3909,3818,350,233
122,120,3910,3825,124,-48
122,120,3924,3800,0,395
122,120,3924,3820,0,0
122,120,3924,3826,78,-61
3,11,171,408,-15,-21
3,11,192,401,94,-90
3,11,195,305,-272,386
3,11,201,384,-418,0
3,11,202,434,-345,-361
3,11,205,380,-444,0
3,11,205,437,-353,-353
3,11,206,384,-443,-33
3,11,206,438,-353,-353
3,11,207,439,-345,-361
3,11,208,440,-345,-361
3,11,209,380,-500,0
3,11,209,380,-471,0
3,11,209,382,-471,-11
3,11,209,383,-469,-46
3,11,209,440,-353,-353
3,11,209,441,-345,-361
3,11,210,379,-471,23
3,11,210,380,-471,23
3,11,210,381,-471,-11
3,11,210,382,-471,-24
3,11,210,382,-471,23
3,11,210,382,-469,-46
3,11,210,383,-471,23
3,11,210,384,-471,23
3,11,210,385,-471,23
3,11,210,386,-471,23
3,11,210,387,-471,23
3,11,210,388,-471,23
3,11,210,389,-471,23
3,11,210,390,-471,23
3,11,210,391,-471,23
3,11,210,392,-471,23
3,11,210,393,-471,23
3,11,210,442,-353,-353
3,11,211,380,-466,0
3,11,212,394,-444,0
3,11,214,418,-444,22
3,11,215,381,-444,-10
3,11,215,390,-444,22
3,11,216,380,-440,0
3,11,223,401,-392,19
3,11,226,402,-366,8
3,11,227,401,-366,18
3,11,230,380,-340,0
3,11,230,383,-340,-8
3,11,230,384,-339,-25
3,11,230,385,-339,-33
3,11,230,395,-323,-106
3,11,231,378,-340,17
3,11,231,379,-340,17
3,11,231,380,-340,17
3,11,231,381,-340,17
3,11,231,382,-340,-17
3,11,231,382,-340,-8
3,11,231,382,-340,17
3,11,231,383,-340,-17
3,11,231,383,-340,-8
3,11,231,383,-340,17
3,11,231,384,-340,17
3,11,231,384,-339,-25
3,11,231,385,-340,17
3,11,231,386,-340,17
3,11,231,387,-340,17
3,11,231,387,-337,-41
3,11,231,388,-340,17
3,11,231,388,-335,-58
3,11,231,389,-340,17
3,11,231,390,-340,17
3,11,231,391,-340,17
3,11,231,392,-340,17
3,11,232,380,-335,0
3,11,232,382,-314,-16
3,11,232,394,-314,0
3,11,232,395,-323,-106
3,11,233,368,-478,144
3,11,233,382,-314,0
3,11,235,381,-500,0
3,11,235,382,-444,-22
3,13,162,396,-226,-291
3,13,165,395,110,-269
3,13,165,401,170,-163
3,13,166,395,23,-12
3,13,168,402,-87,-130
3,13,169,402,-87,-130
3,13,170,402,-7,-78
3,13,170,403,-23,-12
3,13,175,398,108,147
3,13,180,476,-277,-416
3,13,182,371,-123,372
3,13,184,480,-441,-236
3,13,198,455,-123,230
3,13,201,419,-418,0
3,13,201,433,-418,0
3,13,203,450,-421,0
3,13,205,421,-444,0
3,13,205,431,-444,0
3,13,209,483,-500,0
3,13,210,403,-471,23
3,13,210,404,-471,23
3,13,210,405,-471,23
3,13,210,406,-471,23
3,13,210,407,-471,23
3,13,210,408,-471,23
3,13,210,409,-471,23
3,13,210,410,-471,23
3,13,210,411,-471,23
3,13,210,412,-471,23
3,13,210,413,-471,23
3,13,210,414,-471,23
3,13,210,415,-471,23
3,13,210,416,-471,23
3,13,210,417,-471,23
3,13,210,418,-471,23
3,13,210,420,-471,23
3,13,210,422,-471,23
3,13,210,423,-471,23
3,13,210,424,-471,23
3,13,210,425,-471,23
3,13,210,426,-471,23
3,13,210,428,-471,23
3,13,210,430,-471,23
3,13,210,432,-471,23
3,13,210,433,-471,23
3,13,210,434,-471,23
3,13,210,435,-471,23
3,13,210,436,-471,23
3,13,210,437,-471,23
3,13,210,438,-471,23
3,13,210,440,-471,23
3,13,210,442,-471,23
3,13,210,444,-471,23
3,13,210,446,-471,23
3,13,210,448,-471,23
3,13,210,450,-471,23
3,13,210,452,-471,23
3,13,210,454,-471,23
3,13,212,483,-500,0
3,13,213,382,-500,-25
3,13,230,397,-395,0
3,13,231,401,-340,17
3,13,231,402,-340,17
3,13,231,403,-340,17
3,13,231,404,-340,17
3,13,231,405,-340,17
3,13,231,406,-340,17
3,13,231,407,-340,17
3,13,231,408,-340,17
3,13,231,409,-340,17
3,13,231,410,-340,17
3,13,231,411,-340,17
3,13,231,412,-340,17
3,13,231,413,-340,17
3,13,231,414,-340,17
3,13,231,415,-340,17
3,13,231,416,-340,17
3,13,231,417,-340,17
3,13,231,418,-340,17
3,13,231,419,-340,17
3,13,231,420,-340,17
3,13,231,421,-340,17
3,13,231,422,-340,17
3,13,231,423,-340,17
3,13,231,424,-340,17
3,13,231,425,-340,17
3,13,231,427,-340,17
3,13,231,429,-340,17
3,13,231,430,-340,17
3,13,231,431,-340,17
3,13,231,432,-340,17
3,13,231,433,-340,17
3,13,231,434,-340,17
3,13,231,435,-340,17
3,13,231,436,-340,17
3,13,231,437,-340,17
3,13,231,439,-340,17
3,13,231,441,-340,17
3,13,231,443,-340,17
3,13,231,445,-340,17
3,13,231,447,-340,17
3,13,231,449,-340,17
3,13,231,451,-340,17
3,13,231,453,-340,17
3,13,232,403,-314,0
3,13,232,405,-314,0
3,13,232,409,-314,0
3,13,232,429,-314,0
3,13,232,438,-314,0
2,12,168,398,-392,-48
2,12,173,401,-442,-66
2,12,174,401,-442,-66
2,12,174,402,-442,-66
2,12,179,421,-212,-451
2,12,179,425,-192,-433
2,12,183,403,-492,-85
2,12,183,421,-441,-236
2,12,188,381,-500,0
2,12,188,419,-361,-345
2,12,188,419,-306,-394
2,12,188,419,-287,-408
2,12,188,419,-148,-450
17,80,566,2641,478,-144
17,80,566,2642,474,-156
17,80,567,2643,466,-179
17,80,567,2644,462,-191
17,80,567,2644,466,-179
17,80,567,2646,435,-246
17,80,567,2646,441,-236
17,80,567,2647,435,-246
17,80,567,2648,421,-267
17,80,569,2640,484,-121
17,80,570,2635,500,0
17,80,572,2639,236,-441
17,80,582,2638,451,-212
17,80,583,2643,117,-234
17,80,586,2635,169,-16
17,80,587,2636,150,-363
17,80,587,2638,0,-447
17,80,588,2639,-23,-447
17,80,590,2639,-10,-447
17,80,596,2605,98,89
17,80,606,2649,-217,-294
3,111,144,3509,-313,-139
3,111,155,3523,0,-157
3,111,158,3604,12,50
3,111,164,3596,128,68
3,111,164,3604,-98,355
3,111,164,3604,0,0
3,111,164,3604,0,369
3,111,164,3604,31,262
3,111,165,3597,-263,175
3,111,165,3597,-258,181
3,111,166,3604,32,326
3,111,167,3596,-117,62
3,111,167,3604,0,447
3,111,168,3604,1,25
3,111,169,3597,86,130
3,111,171,3609,-153,-125
3,111,171,3609,0,0
3,111,175,3638,-60,-496
3,111,182,3632,-137,-453
3,111,183,3636,-144,-478
3,111,188,3517,-234,317
3,111,188,3536,369,0
3,111,213,3614,-444,-10
3,111,216,3618,-492,-85
3,111,217,3620,-359,-344
3,111,217,3623,-351,-351
3,111,217,3624,-359,-344
3,111,218,3614,-418,-21
3,111,218,3614,-418,0
3,111,218,3619,-492,-85
3,111,220,3609,-334,-369
3,111,220,3623,-333,-333
3,111,220,3627,-333,-333
3,111,221,3605,-340,-325
3,111,221,3618,-340,-325
3,111,221,3623,-340,-325
3,111,221,3626,-340,-325
3,111,221,3627,-340,-325
3,111,222,3612,-392,0
3,111,222,3614,-392,-9
3,111,222,3614,-392,0
3,111,222,3615,-392,-9
3,111,223,3612,-392,0
3,111,223,3613,-500,0
3,111,223,3615,-392,-9
3,111,224,3612,-387,0
3,111,224,3613,-418,0
3,111,224,3620,-492,-85
3,111,225,3524,-500,0
3,111,225,3612,-387,0
3,111,225,3613,-500,0
3,111,226,3612,-500,0
3,111,226,3619,-494,-74
3,111,226,3620,-494,-74
3,111,226,3620,-492,-85
3,111,228,3605,-500,0
123,112,3860,3582,494,74
123,112,3860,3588,500,0
123,112,3865,3576,500,0
123,112,3866,3569,447,224
123,112,3869,3645,500,0
123,112,3871,3645,500,0
123,112,3871,3646,387,-9
123,112,3871,3648,431,-32
123,112,3872,3646,392,0
123,112,3872,3647,391,-29
123,112,3872,3649,444,-33
123,112,3872,3663,321,-307
123,112,3873,3646,391,-29
123,112,3873,3646,392,-9
123,112,3873,3646,392,0
123,112,3873,3647,412,-30
123,112,3873,3648,429,-42
123,112,3874,3644,392,0
123,112,3874,3647,392,-9
123,112,3875,3557,366,-8
123,112,3875,3644,392,0
123,112,3875,3645,392,0
123,112,3875,3648,392,0
123,112,3875,3648,457,-34
123,112,3876,3658,340,-325
123,112,3876,3659,340,-325
123,112,3876,3660,340,-325
123,112,3877,3646,418,0
123,112,3878,3636,496,60
123,112,3879,3644,351,-351
123,112,3879,3651,418,0
123,112,3879,3654,351,-351
123,112,3879,3655,351,-351
123,112,3879,3656,351,-351
123,112,3884,3641,453,-137
123,112,3896,3615,395,0
123,112,3905,3547,274,353
123,112,3912,3668,156,-474
123,112,3924,3630,387,-77
123,112,3927,3632,338,50
123,112,3928,3631,403,121
123,112,3929,3629,254,187
123,112,3930,3636,-212,301
123,112,3930,3636,-5,51
123,112,3931,3634,316,316
123,112,3931,3636,-26,0
123,112,3931,3636,-6,51
123,112,3932,3636,-23,11
123,112,3933,3636,254,230
105,44,3482,1396,-500,0
106,45,3420,1376,0,500
106,45,3464,1404,-346,283
112,44,3636,1340,0,500
19,81,540,2642,484,-121
19,81,558,2683,343,-359
19,81,563,2648,421,-150
19,81,564,2648,421,-150
19,81,564,2686,332,-333
19,81,564,2687,332,-333
19,81,565,2676,345,-361
19,81,565,2676,353,-353
19,81,565,2687,332,-333
19,81,566,2645,400,-132
19,81,566,2645,403,-121
19,81,566,2687,332,-333
19,81,568,2682,351,-351
19,81,568,2687,332,-333
19,81,569,2643,381,-105
19,81,569,2687,332,-333
19,81,570,2645,371,-132
19,81,571,2679,353,-353
19,81,571,2683,343,-359
19,81,572,2679,353,-353
19,81,572,2683,343,-359
19,81,576,2635,264,0
19,81,576,2687,332,-333
19,81,580,2687,332,-333
19,81,582,2595,-84,-132
19,81,583,2683,343,-359
19,81,585,2617,-128,-228
19,81,586,2617,-159,-90
19,81,587,2635,-19,-17
19,81,590,2683,353,-353
19,81,594,2631,-155,-103
19,81,595,2634,52,-93
19,81,596,2638,0,-290
19,81,612,2671,0,-447
19,81,612,2693,0,-500
19,81,613,2674,-11,-473
19,81,614,2648,184,98
19,81,629,2658,0,-316
19,81,638,2659,78,0
19,81,658,2674,0,-473
19,81,659,2682,437,-98
19,81,668,2685,0,-500
19,81,668,2700,0,-500
19,81,680,2537,37,498
19,81,691,2696,0,-500
19,81,702,2536,0,500
124,76,3896,2475,314,0
124,76,3899,2484,340,0
124,76,3900,2486,366,-8
124,76,3901,2487,366,-18
124,76,3904,2486,392,-9
124,76,3911,2475,418,0
124,76,3916,2484,444,0
124,76,3926,2514,345,-361
124,76,3950,2477,-366,151
124,76,3950,2482,-135,-192
124,76,3956,2491,5,-25
124,76,3958,2477,101,152
124,76,3958,2479,20,208
124,76,3958,2480,25,260
124,76,3958,2482,-19,260
124,76,3959,2484,-154,242
124,82,3894,2621,500,0
124,82,3900,2644,500,0
124,82,3939,2567,394,306
124,82,3939,2572,181,438
124,82,3944,2575,148,449
123,83,3878,2642,492,85
123,83,3881,2644,473,0
123,83,3890,2714,414,-171
123,83,3901,2633,431,118
2,53,139,1667,-378,-178
2,53,139,1667,-22,13
2,53,139,1669,-26,-2
2,53,139,1680,-384,-230
2,53,139,1681,-74,-138
2,53,140,1676,-23,11
2,53,140,1679,-398,-200
2,53,140,1679,-225,-320
2,53,144,1693,304,203
2,53,148,1659,-277,416
2,53,148,1660,-277,416
2,53,160,1657,-335,371
2,53,171,1670,-497,-11
2,53,171,1768,-359,-309
2,53,176,1654,-471,-11
2,53,176,1655,-471,-11
2,53,176,1670,-471,-11
2,53,176,1676,-471,-11
2,53,177,1676,-471,-11
2,53,178,1685,-471,23
2,53,178,1686,-471,23
2,53,178,1687,-471,23
2,53,178,1688,-471,23
2,53,178,1689,-471,23
2,53,178,1690,-471,23
2,53,178,1691,-471,23
2,53,178,1693,-471,23
2,53,178,1695,-471,23
2,53,178,1697,-471,23
2,53,181,1676,-444,-10
2,53,183,1683,-444,22
2,53,185,1699,-500,0
2,53,190,1668,-392,0
2,53,190,1692,-490,97
2,53,191,1682,-392,19
2,53,195,1701,-469,-35
2,53,198,1697,-340,7
2,53,199,1682,-340,17
2,53,199,1683,-340,17
2,53,199,1684,-340,17
2,53,199,1685,-340,17
2,53,199,1686,-340,17
2,53,199,1687,-340,17
2,53,199,1688,-340,17
2,53,199,1689,-340,17
2,53,199,1690,-340,17
2,53,199,1692,-340,17
2,53,199,1694,-340,17
2,53,199,1695,-340,17
2,53,199,1696,-340,17
2,53,200,1690,-490,97
2,53,201,1697,-314,7
2,53,203,1699,-500,0
2,53,205,1699,-500,0
2,47,139,1610,0,-500
2,47,150,1580,-140,-425
2,47,151,1584,-148,-450
2,47,156,1586,-191,-462
2,47,166,1520,408,91
2,47,171,1495,0,500
2,47,171,1497,0,500
2,47,171,1506,0,380
2,47,182,1533,-500,0
2,47,188,1569,-316,-350
2,47,189,1565,-340,-325
2,47,199,1529,-498,37
2,47,203,1533,-500,0
2,47,203,1534,-496,60
2,47,204,1532,-500,11
3,46,139,1521,-67,40
3,46,149,1562,-156,-474
3,46,153,1577,-156,-474
3,46,171,1533,-148,-450
3,46,182,1522,-353,-107
3,46,198,1444,-367,207
3,46,200,1436,-346,283
3,46,200,1531,-470,-167
3,46,203,1529,-414,-171
3,46,208,1527,-482,-132
3,46,218,1515,-500,0
3,46,224,1533,-361,-345
3,46,228,1525,-482,-132
42,124,1323,3963,-125,233
42,124,1325,3960,-183,-75
42,124,1330,3959,-125,233
42,124,1335,3902,-361,345
42,124,1336,3903,-335,371
42,124,1340,3921,0,447
42,124,1344,3921,0,447
42,124,1344,3923,0,421
42,124,1344,3925,0,421
42,124,1360,3917,0,473
42,124,1361,3921,0,447
42,124,1366,3928,0,395
42,124,1386,3913,-57,469
42,124,1394,3924,41,419
42,124,1395,3920,33,445
42,124,1395,3921,22,447
42,124,1408,3907,0,500
42,124,1408,3924,-500,0
42,124,1411,3924,-500,0
39,124,1279,3903,267,421
39,124,1282,3904,212,451
39,124,1293,3923,-31,419
39,124,1294,3917,-148,449
39,124,1294,3925,-41,419
39,124,1294,3928,-58,390
39,124,1329,3892,0,500
39,124,1338,3915,-287,408
39,124,1340,3907,0,500
39,124,1345,3913,-394,306
39,124,1345,3936,-332,258
39,124,1348,3936,-332,258
39,124,1348,3947,-283,142
39,124,1349,3915,-277,416
39,124,1350,3922,-300,366
38,123,1259,3858,0,500
38,123,1259,3896,0,395
38,123,1259,3899,0,314
38,123,1259,3904,0,264
38,123,1260,3895,-29,393
38,123,1263,3866,224,447
38,123,1280,3864,0,500
38,123,1294,3913,-85,59
38,123,1295,3860,0,500
38,123,1295,3903,-335,371
38,123,1296,3876,-277,416
38,123,1302,3878,-335,371
38,123,1302,3895,-361,345
38,123,1302,3895,-345,361
38,123,1303,3906,-176,194
38,123,1305,3867,0,500
38,123,1321,3914,-400,131
38,123,1326,3927,-402,296
38,123,1330,3924,-473,0
38,123,1331,3899,-345,361
38,123,1331,3902,-361,345
38,123,1334,3924,-500,0
38,123,1335,3922,-394,306
38,123,1341,3906,-469,-35
37,122,1234,3860,22,234
37,122,1259,3848,0,500
37,122,1259,3849,0,473
37,122,1268,3924,78,0
37,122,1271,3855,-148,449
37,122,1295,3910,-446,-33
37,122,1297,3907,-500,0
37,122,1298,3924,-473,0
37,122,1303,3888,-353,353
37,122,1304,3878,-351,351
37,122,1304,3904,-361,345
37,122,1305,3904,-361,345
37,122,1306,3872,-326,378
37,122,1306,3899,-345,361
37,122,1308,3871,-316,349
37,122,1308,3872,-325,340
37,122,1308,3873,-325,340
37,122,1308,3874,-340,325
37,122,1309,3870,-316,349
37,122,1309,3908,-500,0
37,122,1311,3873,-350,316
37,122,1314,3874,-386,316
37,122,1314,3908,-500,0
37,122,1315,3883,-500,0
37,122,1316,3877,-402,296
37,122,1319,3908,-500,0
37,122,1322,3910,-498,-37
37,122,1324,3908,-500,0
47,123,1432,3913,484,121
47,123,1447,3883,361,345
47,123,1447,3884,361,345
47,123,1448,3884,371,335
47,123,1448,3886,386,316
47,123,1450,3884,353,353
47,123,1450,3887,335,371
47,123,1451,3874,332,332
47,123,1454,3871,314,314
47,123,1454,3877,358,343
47,123,1459,3874,332,332
47,123,1461,3878,199,397
47,123,1472,3878,0,418
47,123,1472,3878,0,440
47,123,1472,3879,0,500
47,123,1476,3911,-428,129
47,123,1478,3874,332,332
47,123,1479,3874,332,332
47,123,1480,3915,-203,60
47,123,1483,3894,131,400
47,123,1483,3928,-1,-26
47,123,1483,3934,-12,22
47,123,1485,3927,-280,196
47,123,1503,3874,332,332
47,123,1503,3877,358,343
47,123,1504,3874,340,325
47,123,1505,3895,373,290
47,123,1506,3874,349,316
47,123,1541,3864,-74,494
47,123,1576,3900,-353,274
47,123,1605,3888,-272,386
45,124,1463,3920,490,97
45,124,1464,3920,490,97
45,124,1465,3915,457,203
45,124,1468,3924,451,212
45,124,1472,3922,492,85
45,124,1474,3904,212,451
45,124,1474,3911,277,416
45,124,1476,3902,0,500
45,124,1483,3921,0,447
45,124,1484,3920,-23,447
45,124,1513,3911,-435,246
45,124,1572,4013,-498,-37
125,77,3940,2499,148,-450
125,77,3954,2481,442,-66
124,78,3896,2535,314,0
124,78,3896,2536,314,0
124,78,3896,2538,314,0
124,78,3896,2539,314,0
124,78,3897,2541,340,-8
124,78,3907,2536,392,0
124,78,3911,2535,418,0
124,78,3911,2538,418,0
124,78,3911,2539,418,0
124,78,3927,2553,332,-157
124,78,3958,2541,101,152
124,78,3965,2548,0,-447
125,79,3953,2541,438,87
125,79,3956,2524,0,500
125,79,3956,2554,0,-302
125,79,3978,2539,158,-158
124,80,3893,2564,500,0
124,80,3896,2561,312,23
124,80,3896,2563,314,0
124,80,3896,2564,335,0
124,80,3899,2553,329,82
124,80,3899,2557,335,50
124,80,3902,2620,500,0
124,80,3922,2506,353,353
2,52,126,1642,-54,-312
2,52,128,1629,-332,-300
2,52,132,1646,-266,-360
2,52,140,1639,-61,-308
2,52,146,1617,-87,438
2,52,158,1662,-340,0
2,52,169,1691,-418,0
2,52,169,1697,-418,0
2,52,175,1622,-471,0
2,52,178,1655,-471,23
2,52,178,1657,-471,23
2,52,178,1658,-471,23
2,52,178,1659,-471,23
2,52,178,1661,-471,23
2,52,178,1663,-471,23
2,52,178,1664,-471,23
2,52,178,1666,-471,23
2,52,178,1668,-471,23
2,52,178,1670,-471,23
2,52,178,1672,-471,23
2,52,178,1679,-471,23
2,52,178,1680,-471,23
2,52,178,1681,-471,23
2,52,178,1682,-471,23
2,52,178,1697,-471,23
2,52,182,1697,-482,-132
2,52,183,1657,-444,22
2,52,183,1676,-444,22
2,52,183,1678,-444,22
2,52,184,1632,-345,361
2,52,186,1699,-500,0
2,52,187,1653,-417,30
2,52,191,1699,-497,0
2,52,197,1644,-340,0
2,52,199,1649,-340,17
2,52,199,1652,-340,17
2,52,199,1654,-340,17
2,52,199,1655,-340,17
2,52,199,1656,-340,17
2,52,199,1657,-340,17
2,52,199,1658,-340,17
2,52,199,1660,-340,17
2,52,199,1661,-340,17
2,52,199,1662,-340,17
2,52,199,1663,-340,17
2,52,199,1665,-340,17
2,52,199,1667,-340,17
2,52,199,1669,-340,17
2,52,199,1671,-340,17
2,52,199,1674,-340,17
2,52,199,1675,-340,17
2,52,199,1676,-340,17
2,52,199,1677,-340,17
2,52,199,1678,-340,17
2,52,199,1679,-340,17
2,52,199,1680,-340,17
2,52,199,1681,-340,17
2,52,199,1690,-340,17
2,52,199,1694,-340,17
2,52,199,1696,-340,17
2,52,200,1671,-314,0
2,52,200,1696,-314,0
2,52,203,1699,-500,0
2,52,205,1697,-500,25
1,51,108,1621,137,112
1,51,110,1634,-187,-100
1,51,129,1631,-369,0
1,51,141,1609,-361,345
1,51,143,1630,-446,43
1,51,146,1620,-473,0
1,51,146,1625,-473,0
1,51,146,1630,-473,0
1,51,146,1631,-473,0
1,51,146,1632,-473,0
1,51,146,1633,-473,10
1,51,146,1635,-473,0
1,51,146,1649,-473,23
1,51,146,1652,-473,0
1,51,147,1602,-361,345
1,51,156,1668,-500,0
1,50,139,1592,0,500
1,50,139,1593,0,500
1,50,139,1601,-182,-149
1,50,141,1625,-447,0
1,50,142,1633,-447,10
1,50,145,1660,-287,-408
1,50,146,1616,-472,-46
1,50,146,1625,-473,0
1,50,146,1626,-473,0
1,50,146,1629,-473,0
1,50,146,1634,-473,0
1,50,151,1649,-441,-236
1,50,156,1596,-478,-144
1,50,156,1652,-500,0
1,50,160,1600,-447,224
1,50,160,1601,-457,203
1,50,161,1610,-500,0
2,49,132,1644,-290,-374
2,49,162,1526,-283,346
2,49,170,1650,-345,-361
2,49,177,1596,-471,0
2,49,177,1599,-469,-46
2,49,178,1595,-471,23
2,49,178,1598,-471,-24
2,49,182,1599,-441,-53
2,49,184,1596,-440,0
2,49,191,1540,-500,0
2,49,193,1623,-337,-248
2,49,198,1596,-340,0
2,49,198,1599,-340,-8
2,49,198,1600,-339,-25
2,49,198,1601,-339,-33
2,49,199,1594,-340,17
2,49,199,1598,-340,-17
2,49,199,1599,-340,-17
2,49,199,1600,-339,-25
2,49,199,1604,-335,-58
2,49,200,1596,-335,0
2,49,200,1597,-314,0
2,49,202,1596,-500,0
2,49,203,1596,-500,0
2,49,205,1597,-500,0
123,119,3863,3828,500,0
123,119,3870,3781,402,296
123,119,3870,3782,402,296
123,119,3871,3782,402,296
123,119,3873,3765,321,307
123,119,3873,3777,340,325
123,119,3873,3778,340,325
123,119,3874,3778,340,325
123,119,3875,3763,332,332
123,119,3875,3764,332,332
123,119,3875,3765,332,332
123,119,3875,3766,332,332
123,119,3875,3767,332,332
123,119,3875,3768,332,332
123,119,3875,3768,340,325
123,119,3875,3770,332,332
123,119,3875,3771,332,332
123,119,3875,3772,332,332
123,119,3875,3773,332,332
123,119,3875,3774,332,332
123,119,3875,3775,316,349
123,119,3875,3775,332,332
123,119,3875,3776,332,332
123,119,3875,3777,332,332
123,119,3876,3778,332,332
123,119,3876,3786,345,361
123,119,3877,3795,353,353
123,119,3878,3804,498,-37
123,119,3879,3776,358,343
123,119,3879,3777,358,343
123,119,3882,3792,353,353
123,119,3892,3785,345,361
123,119,3894,3784,317,351
123,119,3899,3791,309,323
123,119,3900,3796,291,304
123,119,3901,3796,291,304
123,119,3902,3794,291,304
123,119,3904,3828,316,0
123,119,3905,3824,281,70
123,119,3908,3825,255,63
123,119,3909,3786,-462,191
123,119,3912,3759,109,488
123,119,3912,3759,148,449
123,119,3912,3765,121,484
123,119,3912,3781,132,482
123,119,3913,3764,121,484
123,119,3914,3733,121,484
123,119,3917,3791,-218,89
123,119,3918,3791,-218,89
123,119,3919,3733,121,484
123,119,3920,3791,-295,-196
123,119,3924,3793,86,-130
123,119,3924,3793,167,-251
123,119,3924,3795,167,-251
123,119,3934,3784,141,-341
123,16,3871,483,366,0
123,16,3874,482,392,0
123,16,3914,488,212,0
123,16,3920,494,265,293
123,16,3925,491,124,-233
123,16,3934,498,-134,163
124,13,3921,429,438,87
124,13,3924,447,0,-500
124,13,3950,427,22,-13
123,12,3859,381,500,0
123,12,3863,382,335,0
123,12,3864,419,314,0
123,12,3864,427,314,0
123,12,3873,454,353,-353
123,12,3879,419,418,0
123,12,3879,427,418,0
123,12,3880,448,353,-353
123,12,3903,480,306,-394
124,11,3904,380,500,0
124,11,3904,383,361,-345
124,11,3924,386,0,-500
3,115,159,3656,75,-72
3,115,163,3659,25,1
3,115,167,3666,-372,-199
3,115,170,3667,-23,-12
3,115,171,3739,-5,-25
3,115,173,3651,-277,-148
3,115,174,3657,-35,-365
3,115,175,3658,189,89
3,115,175,3716,-372,198
3,115,181,3712,-261,0
3,115,189,3656,190,-460
3,115,194,3670,-366,0
3,115,195,3714,-290,14
3,115,201,3680,-418,0
3,115,201,3681,-418,0
3,115,201,3687,-418,0
3,115,201,3703,-418,0
3,115,201,3711,-418,0
3,115,201,3712,-418,0
3,115,203,3715,-447,0
3,115,205,3679,-444,0
3,115,205,3701,-444,0
3,115,206,3713,-444,0
3,115,206,3715,-447,0
3,115,209,3711,-471,23
3,115,209,3713,-471,23
3,115,209,3714,-471,23
3,115,210,3667,-471,23
3,115,210,3669,-471,23
3,115,210,3671,-471,23
3,115,210,3672,-471,23
3,115,210,3673,-471,23
3,115,210,3674,-471,23
3,115,210,3675,-471,23
3,115,210,3676,-471,23
3,115,210,3677,-471,23
3,115,210,3678,-471,23
3,115,210,3679,-471,23
3,115,210,3680,-471,23
3,115,210,3683,-471,23
3,115,210,3685,-471,23
3,115,210,3687,-471,23
3,115,210,3688,-471,23
3,115,210,3689,-471,23
3,115,210,3690,-471,23
3,115,210,3691,-471,23
3,115,210,3692,-471,23
3,115,210,3693,-471,23
3,115,210,3694,-471,23
3,115,210,3695,-471,23
3,115,210,3696,-471,23
3,115,210,3697,-471,23
3,115,210,3698,-471,23
3,115,210,3699,-471,23
3,115,210,3700,-471,23
3,115,210,3702,-471,23
3,115,210,3703,-471,23
3,115,210,3705,-471,23
3,115,210,3706,-471,23
3,115,210,3707,-471,23
3,115,210,3708,-471,23
3,115,210,3710,-471,23
3,115,210,3711,-471,23
3,115,210,3712,-471,23
3,115,210,3713,-471,23
3,115,210,3715,-473,0
3,115,214,3715,-500,0
3,115,215,3672,-444,22
3,115,215,3675,-444,22
3,115,215,3688,-444,22
3,115,221,3716,-496,-60
3,115,223,3641,-353,353
3,115,223,3680,-392,19
3,115,223,3685,-392,19
3,115,227,3680,-366,18
3,115,227,3685,-366,18
3,115,229,3712,-339,25
3,115,229,3713,-340,17
3,115,230,3710,-340,17
3,115,230,3711,-340,17
3,115,230,3712,-340,17
3,115,230,3713,-340,7
3,115,230,3713,-340,17
3,115,231,3665,-340,17
3,115,231,3666,-340,17
3,115,231,3667,-340,17
3,115,231,3668,-340,17
3,115,231,3669,-340,-8
3,115,231,3669,-340,17
3,115,231,3670,-340,17
3,115,231,3671,-340,17
3,115,231,3672,-340,17
3,115,231,3673,-340,17
3,115,231,3674,-340,17
3,115,231,3675,-340,17
3,115,231,3676,-340,17
3,115,231,3677,-340,17
3,115,231,3678,-340,17
3,115,231,3679,-340,17
3,115,231,3680,-340,17
3,115,231,3682,-340,17
3,115,231,3683,-340,17
3,115,231,3684,-340,17
3,115,231,3686,-340,17
3,115,231,3687,-340,17
3,115,231,3688,-340,17
3,115,231,3689,-340,17
3,115,231,3690,-340,17
3,115,231,3691,-340,17
3,115,231,3692,-340,17
3,115,231,3693,-340,17
3,115,231,3694,-340,17
3,115,231,3695,-340,17
3,115,231,3696,-340,17
3,115,231,3697,-340,17
3,115,231,3698,-340,17
3,115,231,3699,-340,17
3,115,231,3700,-340,17
3,115,231,3701,-340,17
3,115,231,3702,-340,17
3,115,231,3703,-340,17
3,115,231,3704,-340,17
3,115,231,3705,-340,17
3,115,231,3706,-340,17
3,115,231,3707,-340,17
3,115,231,3708,-340,17
3,115,231,3709,-340,17
3,115,231,3710,-340,17
3,115,231,3711,-340,17
3,115,231,3712,-340,17
3,115,231,3713,-340,17
3,115,231,3716,-340,-8
3,115,232,3667,-314,0
3,115,232,3674,-314,0
3,115,232,3677,-314,0
3,115,232,3703,-314,0
3,115,232,3708,-314,0
3,115,232,3710,-314,0
3,115,232,3712,-314,0
3,115,232,3713,-314,0
3,115,232,3714,-314,0
3,115,233,3705,-490,97
44,123,1338,3924,500,25
44,123,1368,3924,-211,-395
44,123,1371,3875,361,345
44,123,1375,3956,25,-7
44,123,1376,3875,353,353
44,123,1377,3947,-163,-272
44,123,1396,3863,0,314
44,123,1397,3863,0,314
44,123,1399,3863,0,314
44,123,1405,3863,0,314
44,123,1407,3862,7,314
44,123,1407,3863,0,314
44,123,1408,3863,0,314
44,123,1411,3863,0,314
44,123,1414,3863,0,314
44,123,1416,3863,0,314
44,123,1418,3863,0,314
44,123,1418,3905,175,194
44,123,1419,3863,0,314
44,123,1420,3863,0,314
44,123,1421,3863,0,314
44,123,1422,3863,0,314
44,123,1424,3863,0,314
44,123,1425,3863,0,314
44,123,1430,3863,0,314
44,123,1431,3878,0,418
44,123,1452,3863,0,314
44,123,1453,3863,0,314
44,123,1455,3863,0,314
44,123,1456,3863,0,314
44,123,1457,3863,0,314
44,123,1458,3863,0,314
44,123,1461,3863,0,314
44,123,1471,3863,7,314
44,123,1472,3864,0,500
44,123,1472,3866,0,340
44,123,1476,3896,0,395
44,123,1514,3904,-384,230
44,123,1519,3910,-446,158
15,80,459,2635,473,-11
15,80,470,2626,353,-274
15,80,480,2628,0,-421
15,80,480,2642,10,-473
15,80,480,2650,0,-500
15,80,483,2639,33,-446
15,80,485,2639,192,-433
15,80,486,2632,189,-377
15,80,498,2638,43,-446
15,80,500,2638,0,-447
13,80,438,2648,236,-441
13,80,454,2638,451,-212
13,80,459,2630,0,-395
13,80,459,2638,0,-447
13,80,461,2638,-33,-446
13,80,469,2633,-141,-396
13,80,473,2642,-170,-442
13,80,476,2630,0,-395
13,80,476,2638,0,-447
13,80,476,2653,0,-500
13,80,480,2650,0,-500
13,80,537,2548,-500,0
12,81,312,2630,393,8
12,81,375,2652,-124,347
12,81,387,2670,0,-447
12,81,387,2682,0,-500
12,81,396,2692,236,-441
12,81,401,2689,224,-447
12,81,411,2527,-167,470
12,81,412,2682,0,-500
12,81,412,2702,0,-500
12,81,413,2697,37,-498
12,81,416,2548,-500,0
12,81,416,2686,0,-414
12,81,416,2694,0,-361
12,81,424,2666,0,-418
12,81,425,2666,0,-418
12,81,425,2696,-17,-340
12,81,426,2666,0,-418
12,81,426,2696,-17,-340
12,81,427,2666,0,-418
12,81,427,2696,-17,-340
12,81,428,2666,0,-418
12,81,428,2696,-17,-340
12,81,429,2666,0,-418
12,81,429,2696,-17,-340
12,81,430,2666,0,-418
12,81,430,2696,-17,-340
12,81,431,2666,0,-418
12,81,431,2696,-17,-340
12,81,432,2666,0,-418
12,81,432,2696,-17,-340
12,81,432,2697,0,-314
12,81,433,2666,0,-418
12,81,433,2696,-17,-340
12,81,434,2666,0,-418
12,81,434,2696,-17,-340
12,81,434,2696,25,-339
12,81,435,2666,0,-418
12,81,435,2696,-17,-340
12,81,435,2697,0,-314
12,81,436,2666,0,-418
12,81,436,2696,-17,-340
12,81,436,2697,0,-314
12,81,437,2666,0,-418
12,81,437,2696,-17,-340
12,81,438,2666,0,-418
12,81,438,2696,-17,-340
12,81,439,2666,0,-418
12,81,439,2696,-17,-340
12,81,440,2666,0,-418
12,81,440,2683,-344,-359
12,81,440,2696,-17,-340
12,81,441,2666,0,-418
12,81,441,2696,-17,-340
12,81,442,2696,-17,-340
12,81,443,2666,0,-418
12,81,443,2687,-325,-340
12,81,443,2696,-17,-340
12,81,444,2666,0,-418
12,81,444,2696,-17,-340
12,81,445,2666,0,-418
12,81,445,2696,-17,-340
12,81,446,2696,-17,-340
12,81,447,2696,-17,-340
12,81,449,2696,25,-339
12,81,450,2670,0,-444
12,81,450,2697,7,-314
12,81,451,2666,0,-418
12,81,452,2666,0,-418
12,81,452,2696,-17,-340
12,81,453,2666,0,-418
12,81,453,2696,-17,-340
12,81,454,2666,0,-418
12,81,454,2696,-17,-340
12,81,455,2666,0,-418
12,81,455,2696,-17,-340
12,81,456,2666,0,-418
12,81,456,2696,-17,-340
12,81,457,2666,0,-418
12,81,457,2696,-17,-340
12,81,458,2666,0,-418
12,81,458,2696,-17,-340
12,81,459,2666,0,-418
12,81,459,2670,-22,-444
12,81,459,2677,0,-444
12,81,459,2694,7,-340
12,81,459,2696,-17,-340
12,81,459,2697,0,-314
12,81,460,2634,61,-115
12,81,460,2696,-17,-340
12,81,461,2633,130,-87
12,81,461,2696,-17,-340
12,81,463,2633,182,-17
12,81,470,2633,261,13
12,81,473,2633,287,6
12,81,473,2633,287,14
16,81,461,2668,361,-345
16,81,480,2637,-418,223
16,81,501,2666,0,-418
16,81,501,2696,0,-314
16,81,502,2666,0,-418
16,81,502,2696,-17,-340
16,81,503,2666,0,-418
16,81,503,2696,-17,-340
16,81,504,2666,0,-418
16,81,504,2696,-17,-340
16,81,505,2666,0,-418
16,81,505,2696,-17,-340
16,81,506,2666,0,-418
16,81,506,2685,386,-316
16,81,506,2696,-17,-340
16,81,507,2666,0,-418
16,81,507,2696,-17,-340
16,81,508,2666,0,-418
16,81,508,2686,349,-316
16,81,508,2696,-17,-340
16,81,509,2666,0,-418
16,81,509,2686,349,-316
16,81,509,2696,-17,-340
16,81,510,2666,0,-418
16,81,510,2681,386,-316
16,81,510,2686,355,-340
16,81,510,2696,-17,-340
16,81,511,2666,0,-418
16,81,511,2684,355,-340
16,81,511,2687,325,-340
16,81,511,2687,360,-344
16,81,511,2696,-17,-340
16,81,512,2666,0,-418
16,81,512,2683,368,-334
16,81,512,2696,-17,-340
16,81,513,2666,0,-418
16,81,513,2696,-17,-340
16,81,514,2666,0,-418
16,81,514,2678,394,-306
16,81,514,2683,353,-353
16,81,514,2687,332,-333
16,81,514,2696,-17,-340
16,81,515,2681,371,-335
16,81,515,2696,-17,-340
16,81,516,2679,371,-335
16,81,516,2680,371,-335
16,81,516,2687,332,-333
16,81,517,2666,0,-418
16,81,517,2683,343,-359
16,81,517,2696,-17,-340
16,81,518,2680,361,-345
16,81,518,2693,217,-326
16,81,518,2696,-17,-340
16,81,519,2683,343,-359
16,81,519,2687,332,-333
16,81,519,2694,7,-340
16,81,519,2696,-17,-340
16,81,521,2666,0,-418
16,81,522,2666,0,-418
16,81,522,2683,343,-359
16,81,522,2696,-17,-340
16,81,523,2666,0,-418
16,81,523,2687,332,-333
16,81,523,2696,-17,-340
16,81,524,2666,0,-418
16,81,524,2696,-17,-340
16,81,525,2666,0,-418
16,81,525,2688,205,-364
16,81,525,2696,-17,-340
16,81,526,2666,0,-418
16,81,526,2683,343,-359
16,81,526,2696,-17,-340
16,81,527,2696,-17,-340
16,81,532,2666,0,-418
16,81,533,2696,-17,-340
16,81,533,2696,25,-339
16,81,534,2666,0,-418
16,81,534,2696,-17,-340
16,81,535,2666,0,-418
16,81,535,2696,-17,-340
16,81,536,2666,0,-418
16,81,536,2696,-17,-340
16,81,537,2666,0,-418
16,81,537,2696,-17,-340
16,81,538,2666,0,-418
16,81,538,2693,71,-359
16,81,538,2696,-17,-340
16,81,539,2666,0,-418
16,81,539,2692,54,-362
16,81,539,2695,50,-336
16,81,539,2696,-17,-340
16,81,540,2666,0,-418
16,81,540,2689,67,-386
16,81,540,2696,-17,-340
16,81,540,2696,41,-337
16,81,541,2666,0,-418
16,81,541,2696,-17,-340
16,81,541,2696,33,-339
16,81,542,2666,0,-418
16,81,542,2696,-17,-340
16,81,542,2696,25,-500
16,81,542,2696,25,-339
16,81,543,2666,0,-418
16,81,543,2670,32,-443
16,81,543,2671,22,-444
16,81,543,2696,-17,-340
16,81,543,2696,17,-340
16,81,544,2666,0,-418
16,81,544,2670,0,-444
16,81,544,2677,0,-444
16,81,544,2685,0,-414
16,81,544,2686,0,-414
16,81,544,2693,0,-361
16,81,544,2693,0,-340
16,81,544,2694,0,-361
16,81,544,2696,-17,-340
16,81,544,2696,0,-500
16,81,544,2696,0,-340
16,81,545,2666,0,-418
16,81,545,2696,-17,-340
16,81,546,2666,0,-418
16,81,546,2696,-17,-340
16,81,547,2696,-17,-340
16,81,548,2682,0,-500
16,81,548,2702,0,-500
16,81,576,2660,-38,-71
16,81,576,2660,0,-157
16,81,600,2642,0,0
16,81,608,2681,0,-500
16,81,614,2638,-326,-378
16,81,624,2662,-359,-309
16,81,624,2674,-386,-316
16,81,624,2675,-361,-345
16,81,641,2638,-496,-60
110,45,3556,1378,0,500
110,45,3572,1393,0,447
108,45,3446,1404,353,274
109,44,3521,1350,-361,345
109,44,3556,1368,0,395
85,113,2763,3592,-25,6
85,113,2763,3594,-26,3
85,113,2788,3603,100,30
85,113,2791,3602,88,-133
85,113,2799,3583,-335,371
85,113,2800,3556,-277,416
85,113,2801,3572,-82,412
85,113,2806,3558,-345,361
85,113,2806,3558,-335,371
85,113,2825,3594,-400,131
85,113,2827,3590,-323,309
85,113,2828,3591,-421,150
85,113,2828,3593,-428,129
85,113,2829,3593,-428,129
85,113,2831,3589,-438,181
85,113,2832,3558,-351,351
85,113,2834,3586,-457,203
85,113,2840,3582,-345,361
85,113,2841,3571,-353,353
85,113,2842,3594,-488,109
84,112,2650,3512,224,447
84,112,2764,3554,-15,20
84,112,2771,3555,-85,492
84,112,2772,3555,-85,492
84,112,2773,3545,-121,484
84,112,2774,3541,-121,484
84,112,2775,3548,-137,453
84,112,2776,3530,-277,416
84,112,2777,3531,-277,416
84,112,2779,3526,-441,236
84,112,2779,3538,-156,474
84,112,2782,3564,-230,384
84,112,2784,3524,-500,0
84,112,2790,3577,-323,309
84,112,2791,3565,-306,394
84,112,2791,3571,-318,351
84,112,2793,3572,-327,342
84,112,2795,3569,-345,361
84,112,2798,3555,-353,353
84,112,2798,3556,-353,353
84,112,2800,3556,-277,416
84,112,2800,3585,-361,345
84,112,2802,3552,-353,353
84,112,2805,3549,-353,353
84,112,2806,3548,-287,408
84,112,2807,3583,-335,371
84,112,2810,3557,-359,343
84,112,2810,3578,-345,361
84,112,2812,3539,-340,325
84,112,2812,3541,-340,325
84,112,2812,3542,-340,325
84,112,2812,3543,-340,325
84,112,2812,3550,-340,325
84,112,2812,3551,-340,325
84,112,2812,3554,-340,325
84,112,2813,3539,-340,325
84,112,2813,3542,-340,325
84,112,2813,3550,-340,325
84,112,2813,3550,-316,349
84,112,2813,3551,-340,325
84,112,2813,3554,-340,325
84,112,2813,3588,-500,0
84,112,2814,3554,-350,316
84,112,2814,3554,-340,325
84,112,2815,3553,-350,316
84,112,2817,3538,-378,326
84,112,2818,3588,-500,0
84,112,2823,3588,-500,0
84,112,2826,3584,-469,-35
84,112,2827,3587,-500,0
84,112,2828,3588,-500,0
84,111,2748,3531,-25,-5
84,111,2748,3531,-8,24
84,111,2749,3531,-59,-51
84,111,2750,3533,-19,-17
84,111,2752,3531,-26,-3
84,111,2753,3531,16,-20
84,111,2760,3539,-116,-105
84,111,2793,3532,-408,101
84,111,2805,3526,-500,0
84,111,2806,3526,-498,37
84,111,2807,3525,-498,37
84,111,2808,3525,-478,144
84,111,2809,3499,-344,358
84,111,2809,3513,-351,351
84,111,2809,3528,-500,0
84,111,2812,3510,-340,325
84,111,2812,3512,-340,325
84,111,2813,3523,-392,0
84,111,2814,3519,-441,53
84,111,2814,3521,-392,8
84,111,2815,3519,-419,31
84,111,2815,3521,-392,19
84,111,2815,3521,-391,28
84,111,2815,3523,-418,0
84,111,2816,3524,-366,0
84,111,2817,3519,-428,51
84,111,2817,3520,-403,39
84,111,2817,3521,-366,8
84,111,2817,3523,-500,0
84,111,2817,3524,-497,0
84,111,2818,3514,-490,97
84,111,2820,3516,-494,74
84,109,2665,3563,167,-357
84,109,2759,3467,25,-5
84,109,2766,3456,-57,230
84,109,2768,3474,-135,-192
84,109,2769,3547,377,239
84,109,2782,3516,-340,0
84,109,2783,3478,-183,0
84,109,2789,3521,-392,0
84,109,2790,3521,-392,0
84,109,2793,3477,-418,0
84,109,2793,3501,-418,0
84,109,2793,3511,-418,0
84,109,2793,3519,-418,0
84,109,2797,3496,-444,0
84,109,2797,3511,-444,0
84,109,2797,3515,-444,0
84,109,2797,3521,-444,0
84,109,2798,3521,-444,0
84,109,2798,3521,-289,21
84,109,2801,3519,-471,23
84,109,2802,3475,-471,23
84,109,2802,3476,-471,23
84,109,2802,3477,-471,23
84,109,2802,3479,-471,23
84,109,2802,3481,-471,23
84,109,2802,3483,-471,23
84,109,2802,3485,-471,23
84,109,2802,3489,-471,23
84,109,2802,3491,-471,23
84,109,2802,3492,-471,23
84,109,2802,3493,-471,23
84,109,2802,3498,-471,23
84,109,2802,3500,-471,23
84,109,2802,3503,-471,23
84,109,2802,3510,-471,23
84,109,2802,3512,-471,23
84,109,2802,3513,-471,23
84,109,2802,3514,-471,23
84,109,2802,3515,-471,23
84,109,2802,3519,-471,23
84,109,2802,3520,-471,23
84,109,2802,3521,-471,23
84,109,2802,3523,-473,0
84,109,2807,3509,-444,22
84,109,2808,3455,-345,361
84,109,2812,3523,-500,0
84,109,2814,3524,-495,-37
84,109,2815,3450,-333,332
84,109,2819,3523,-500,0
84,109,2819,3525,-471,-24
84,109,2821,3468,-340,0
84,109,2821,3520,-339,25
84,109,2822,3518,-340,7
84,109,2822,3518,-340,17
84,109,2822,3519,-340,17
84,109,2822,3520,-340,17
84,109,2822,3521,-340,17
84,109,2823,3473,-340,17
84,109,2823,3474,-340,17
84,109,2823,3475,-340,17
84,109,2823,3476,-340,17
84,109,2823,3478,-340,17
84,109,2823,3480,-340,17
84,109,2823,3482,-340,17
84,109,2823,3484,-340,17
84,109,2823,3486,-340,17
84,109,2823,3488,-340,17
84,109,2823,3490,-340,17
84,109,2823,3491,-340,17
84,109,2823,3492,-340,17
84,109,2823,3495,-340,17
84,109,2823,3495,-314,0
84,109,2823,3497,-340,17
84,109,2823,3499,-340,17
84,109,2823,3500,-340,17
84,109,2823,3502,-340,17
84,109,2823,3505,-340,17
84,109,2823,3507,-340,17
84,109,2823,3508,-340,17
84,109,2823,3509,-340,17
84,109,2823,3510,-340,17
84,109,2823,3511,-340,17
84,109,2823,3512,-340,17
84,109,2823,3513,-340,17
84,109,2823,3514,-340,17
84,109,2823,3515,-340,17
84,109,2823,3516,-340,17
84,109,2823,3517,-340,17
84,109,2823,3518,-340,17
84,109,2823,3520,-340,17
84,109,2823,3521,-340,-8
84,109,2823,3521,-340,17
84,109,2823,3525,-444,-22
84,109,2824,3490,-314,0
84,109,2824,3520,-314,0
84,109,2824,3523,-500,0
84,109,2824,3525,-444,-22
84,109,2827,3523,-500,0
83,108,2672,3529,-323,-173
83,108,2746,3467,-287,0
83,108,2761,3473,-416,-62
83,108,2762,3470,-416,62
83,108,2765,3449,-74,494
83,108,2765,3473,-442,-66
83,108,2766,3451,-97,490
83,108,2766,3473,-442,-66
83,108,2766,3474,-442,-66
83,108,2766,3492,-97,-490
83,108,2767,3492,-121,-484
83,108,2768,3497,-121,-484
84,107,2641,3462,97,-490
84,107,2643,3455,37,-498
84,107,2730,3398,-153,178
84,107,2748,3373,0,473
84,107,2760,3373,0,473
84,107,2763,3469,0,130
84,107,2763,3476,0,0
84,107,2763,3479,-24,-10
84,107,2763,3479,-23,-12
84,107,2763,3482,-14,-21
84,107,2763,3491,0,-302
84,107,2770,3502,-87,-439
84,107,2793,3387,-500,0
84,107,2793,3427,-418,0
84,107,2793,3428,-418,0
84,107,2797,3394,-424,212
84,107,2797,3439,-444,0
84,107,2797,3440,-444,0
84,107,2802,3419,-471,23
84,107,2802,3420,-471,23
84,107,2802,3422,-471,-24
84,107,2802,3422,-471,23
84,107,2802,3424,-471,23
84,107,2802,3429,-471,23
84,107,2802,3430,-471,23
84,107,2802,3431,-471,23
84,107,2802,3432,-471,23
84,107,2802,3441,-471,23
84,107,2802,3442,-471,23
84,107,2802,3443,-471,23
84,107,2802,3444,-471,23
84,107,2802,3445,-471,23
84,107,2802,3450,-471,23
84,107,2802,3452,-471,23
84,107,2802,3454,-471,23
84,107,2802,3455,-471,23
84,107,2802,3456,-471,23
84,107,2802,3457,-471,23
84,107,2802,3458,-471,23
84,107,2802,3460,-471,23
84,107,2802,3461,-471,23
84,107,2802,3462,-471,23
84,107,2802,3463,-471,23
84,107,2802,3464,-471,23
84,107,2802,3465,-471,23
84,107,2804,3433,-444,0
84,107,2804,3446,-444,0
84,107,2805,3422,-444,-10
84,107,2807,3443,-444,22
84,107,2807,3460,-444,22
84,107,2809,3421,-500,0
84,107,2810,3489,-353,-353
84,107,2812,3421,-500,0
84,107,2812,3492,-353,-353
84,107,2812,3492,-345,-361
84,107,2813,3492,-353,-353
84,107,2814,3494,-353,-353
84,107,2814,3495,-353,-353
84,107,2814,3495,-345,-361
84,107,2815,3458,-392,19
84,107,2815,3473,-392,19
84,107,2819,3458,-366,18
84,107,2819,3473,-366,18
84,107,2820,3413,-482,132
84,107,2821,3422,-340,-8
84,107,2822,3423,-340,-8
84,107,2823,3418,-340,17
84,107,2823,3419,-340,17
84,107,2823,3421,-340,17
84,107,2823,3423,-340,-8
84,107,2823,3423,-340,17
84,107,2823,3426,-340,17
84,107,2823,3427,-340,17
84,107,2823,3428,-340,17
84,107,2823,3429,-340,17
84,107,2823,3430,-340,17
84,107,2823,3431,-340,17
84,107,2823,3434,-340,17
84,107,2823,3438,-340,17
84,107,2823,3439,-340,17
84,107,2823,3440,-340,17
84,107,2823,3441,-340,17
84,107,2823,3442,-340,17
84,107,2823,3443,-340,17
84,107,2823,3444,-340,17
84,107,2823,3447,-340,17
84,107,2823,3449,-340,17
84,107,2823,3451,-340,17
84,107,2823,3452,-340,17
84,107,2823,3453,-340,17
84,107,2823,3454,-340,17
84,107,2823,3455,-340,17
84,107,2823,3456,-340,17
84,107,2823,3457,-340,17
84,107,2823,3458,-340,17
84,107,2823,3459,-340,17
84,107,2823,3460,-340,17
84,107,2823,3461,-340,17
84,107,2823,3462,-340,17
84,107,2823,3463,-340,17
84,107,2823,3464,-340,17
84,107,2824,3421,-366,0
84,107,2824,3433,-314,0
84,107,2824,3446,-314,0
84,107,2824,3456,-314,0
84,107,2824,3462,-314,0
84,107,2825,3429,-492,-85
84,107,2827,3421,-500,0
84,107,2829,3421,-500,0
41,19,1247,613,498,-37
41,19,1252,605,361,345
41,19,1257,636,473,0
41,19,1260,600,179,466
41,19,1261,619,473,0
41,19,1261,629,473,0
41,19,1261,635,473,0
41,19,1261,643,473,0
41,19,1264,600,85,492
41,19,1267,643,421,0
41,19,1273,666,366,-207
41,19,1286,619,2,-26
41,19,1344,678,0,-130
41,17,1252,579,148,-450
41,17,1252,580,500,0
41,17,1256,532,317,-351
41,17,1256,574,441,-236
41,17,1257,540,473,0
41,17,1261,541,473,0
41,17,1261,563,473,0
41,17,1261,564,473,0
41,17,1267,576,121,-484
41,17,1268,577,0,-500
41,17,1269,552,396,141
41,17,1409,610,-255,-266
40,18,1208,564,314,0
40,18,1208,566,314,0
40,18,1208,567,314,0
40,18,1208,572,314,0
40,18,1208,573,314,0
40,18,1208,575,314,0
40,18,1208,578,314,0
40,18,1208,579,314,0
40,18,1208,580,335,0
40,18,1208,581,314,0
40,18,1208,582,314,0
40,18,1208,585,314,0
40,18,1208,586,314,0
40,18,1208,590,314,0
40,18,1208,595,314,0
40,18,1208,599,314,0
40,18,1211,580,340,0
40,18,1212,580,340,0
40,18,1217,638,391,-29
40,18,1217,638,392,-20
40,18,1217,640,498,-48
40,18,1218,638,421,-21
40,18,1222,584,358,-344
40,18,1223,541,500,0
40,18,1223,643,500,0
40,18,1224,608,353,-353
40,18,1227,614,296,-402
40,18,1234,574,361,-345
40,18,1237,636,380,0
40,18,1241,615,185,-9
40,18,1244,590,-90,273
40,18,1249,638,293,-265
40,18,1299,558,267,169
40,18,1304,652,-283,-56
40,18,1309,651,-466,-179
41,15,1265,536,424,-140
41,15,1270,533,403,-121
41,15,1271,549,339,-292
41,15,1273,555,308,-359
41,15,1274,523,316,0
41,15,1274,556,299,-366
41,15,1275,556,290,-374
41,15,1280,523,264,0
41,15,1387,562,0,-473
41,14,1261,475,473,10
41,14,1261,477,473,10
41,14,1261,478,473,10
41,14,1265,473,445,33
41,14,1265,475,445,33
41,14,1265,476,445,33
41,14,1267,459,421,0
41,14,1267,487,366,-300
41,14,1273,509,299,-366
41,14,1274,510,290,-374
41,14,1275,551,224,-447
41,14,1277,546,236,-441
41,14,1281,498,129,428
40,13,1205,452,500,0
40,13,1207,467,466,-179
40,13,1207,468,466,-179
40,13,1208,470,482,-132
40,13,1210,467,404,-155
40,13,1211,463,470,-167
40,13,1211,466,462,-191
40,13,1211,471,382,-205
40,13,1211,471,387,-194
40,13,1217,468,482,-132
40,13,1221,462,466,-179
40,13,1222,459,500,0
40,13,1223,452,500,0
40,13,1224,503,361,-345
40,13,1224,503,371,-335
40,13,1224,504,371,-335
40,13,1225,503,361,-345
40,13,1225,503,371,-335
40,13,1226,505,345,-361
40,13,1226,506,345,-361
40,13,1227,477,148,-450
40,13,1229,509,296,-402
40,13,1231,469,462,-103
40,13,1231,497,361,-345
40,13,1231,497,371,-335
40,13,1232,496,361,-345
40,13,1232,499,345,-361
40,13,1233,496,371,-335
40,13,1233,498,345,-361
40,13,1235,468,437,-98
40,13,1238,497,296,-402
40,13,1249,480,408,-287
40,13,1271,461,315,30
40,13,1271,463,314,38
40,13,1274,510,306,-394
40,13,1280,474,244,200
40,13,1282,489,230,-384
40,13,1292,375,244,-101
40,13,1300,500,361,-345
