98,39,3061,1283,500,0
124,123,3905,3889,321,307
124,123,3907,3891,332,332
124,123,3907,3892,332,332
124,123,3907,3893,332,332
124,123,3907,3894,332,332
124,123,3907,3895,332,332
124,123,3911,3885,358,343
124,123,3911,3899,358,343
124,123,3911,3901,358,343
124,123,3911,3903,358,343
124,123,3911,3905,358,343
124,123,3914,3920,353,353
124,123,3915,3910,353,353
124,123,3915,3913,353,353
124,123,3918,3921,418,21
124,123,3921,3882,361,345
124,123,3937,3919,-390,220
124,123,3943,3901,-341,141
124,123,3944,3887,148,449
124,123,3945,3930,-266,117
124,123,3947,3895,131,400
124,123,3947,3916,-409,181
124,123,3948,3872,85,492
124,123,3948,3876,85,492
124,123,3948,3881,92,464
124,123,3948,3885,97,437
124,123,3948,3920,-165,202
124,123,3949,3887,76,440
124,123,3950,3928,-262,123
124,123,3953,3934,-85,-191
124,123,3954,3902,96,92
124,123,3954,3915,-97,39
124,123,3954,3925,-100,187
124,123,3954,3930,-49,-179
124,123,3956,3882,277,416
124,123,3956,3885,46,471
124,123,3956,3886,0,447
124,123,3960,3915,-23,-12
124,123,3960,3916,-14,-22
124,123,3993,4011,500,0
124,116,3904,3770,392,19
124,116,3904,3774,392,-20
124,116,3905,3774,391,-29
124,116,3905,3774,392,0
124,116,3907,3772,392,0
124,116,3911,3740,351,-351
124,116,3911,3742,351,-351
124,116,3911,3743,351,-351
124,116,3911,3744,351,-351
124,116,3911,3745,351,-351
124,116,3911,3754,351,-351
124,116,3911,3756,351,-351
124,116,3911,3761,351,-351
124,116,3911,3764,351,-351
124,116,3911,3768,351,-351
124,116,3911,3776,351,-351
124,116,3911,3779,351,-351
124,116,3915,3738,361,-345
124,116,3915,3752,361,-345
124,116,3915,3758,361,-345
124,116,3915,3770,361,-345
124,116,3916,3772,444,0
124,116,3921,3656,345,361
124,116,3922,3745,353,-353
124,116,3923,3688,424,139
124,116,3929,3773,500,25
124,116,3931,3667,316,386
124,116,3933,3697,-72,108
124,116,3936,3656,345,361
124,116,3937,3691,173,-261
124,116,3937,3743,203,-457
124,116,3938,3697,-305,203
124,116,3940,3736,201,-427
124,116,3942,3753,144,-478
124,116,3944,3754,132,-482
124,116,3944,3770,441,-236
124,116,3945,3755,121,-484
124,116,3946,3787,114,-459
124,116,3947,3766,277,-416
124,116,3949,3766,277,-416
124,116,3951,3767,82,-332
124,116,3952,3820,97,-490
124,116,3956,3763,0,0
124,116,3956,3818,0,-500
124,116,3972,3635,0,500
124,116,3973,3661,-11,473
124,116,4017,3671,-274,353
124,116,4051,3639,-132,482
124,117,3891,3773,500,0
124,117,3895,3774,335,-8
124,117,3895,3774,335,0
124,117,3896,3775,340,-17
124,117,3896,3775,340,-8
124,117,3896,3776,314,0
124,117,3896,3777,314,0
124,117,3896,3778,314,0
124,117,3896,3780,314,0
124,117,3896,3784,314,0
124,117,3896,3785,314,0
124,117,3896,3786,314,0
124,117,3896,3787,314,0
124,117,3897,3773,340,0
124,117,3897,3774,340,0
124,117,3897,3775,340,-17
124,117,3897,3780,334,-58
124,117,3898,3773,340,0
124,117,3898,3774,340,0
124,117,3899,3773,340,-8
124,117,3899,3773,340,0
124,117,3899,3774,340,-17
124,117,3899,3774,340,-8
124,117,3899,3775,340,-17
124,117,3899,3777,338,-33
124,117,3899,3780,333,-66
124,117,3899,3796,340,0
124,117,3900,3798,366,-8
124,117,3903,3796,366,0
124,117,3904,3773,287,-14
124,117,3908,3721,325,340
124,117,3911,3776,418,0
124,117,3911,3777,418,0
124,117,3911,3778,418,0
124,117,3911,3780,418,0
124,117,3911,3784,418,0
124,117,3911,3785,418,0
124,117,3911,3786,418,0
124,117,3911,3787,418,0
124,117,3926,3826,345,-361
124,117,3935,3757,94,90
124,117,3938,3775,157,0
124,117,3941,3686,213,193
124,117,3942,3695,181,438
124,117,3943,3738,118,361
124,117,3947,3708,108,433
124,117,3952,3789,277,-76
124,117,3954,3788,175,-53
124,117,3956,3700,-378,178
124,117,3956,3805,296,167
124,117,3958,3796,-26,1
124,117,3959,3796,-30,312
124,117,3963,3796,402,296
124,117,3975,3807,290,0
124,121,3891,3875,500,0
124,121,3895,3876,335,0
124,121,3896,3860,314,0
124,121,3896,3861,314,0
124,121,3896,3863,314,0
124,121,3896,3866,314,0
124,121,3896,3869,314,0
124,121,3896,3870,314,0
124,121,3896,3873,312,23
124,121,3896,3873,314,15
124,121,3896,3875,314,0
124,121,3896,3876,335,0
124,121,3898,3876,340,0
124,121,3898,3876,361,0
124,121,3899,3851,340,0
124,121,3900,3853,366,-8
124,121,3901,3853,366,-18
124,121,3901,3875,500,0
124,121,3902,3936,498,-48
124,121,3904,3877,392,-9
124,121,3905,3934,500,-25
124,121,3907,3934,314,-16
124,121,3909,3932,500,0
124,121,3920,3831,471,0
124,121,3922,3818,353,353
124,121,3944,3838,-317,131
124,121,3948,3823,160,417
124,121,3956,3827,0,152
124,121,3957,3854,74,-138
124,121,3958,3853,152,-101
124,121,3960,3851,48,-498
124,121,3961,3851,-25,-6
124,121,3961,3855,190,-285
124,121,3962,3854,248,-372
124,121,3963,3855,181,-258
124,121,3966,3851,26,0
124,121,3972,3857,310,46
121,124,3815,3936,345,361
121,124,3816,3935,345,361
121,124,3817,3934,361,345
121,124,3819,3940,335,371
121,124,3822,3941,316,386
121,124,3826,3932,494,-74
121,124,3826,3990,162,208
121,124,3830,3979,-198,170
121,124,3831,3983,21,286
121,124,3832,3946,433,108
121,124,3832,3988,188,314
121,124,3836,3904,336,322
121,124,3838,3936,253,264
121,124,3839,3906,332,332
121,124,3840,3906,345,361
121,124,3843,3906,332,332
121,124,3845,3905,325,340
121,124,3845,3905,332,332
121,124,3845,3906,332,332
121,124,3846,3906,332,332
121,124,3849,3906,332,332
121,124,3849,3972,0,183
121,124,3852,3906,332,332
121,124,3853,3905,325,340
121,124,3854,3905,332,332
121,124,3854,3906,332,332
121,124,3854,3932,-267,421
121,124,3855,3905,325,340
121,124,3855,3906,332,332
121,124,3857,3898,131,341
121,124,3857,3906,332,332
121,124,3858,3906,332,332
121,124,3859,3922,25,497
121,124,3861,3896,25,338
121,124,3861,3906,332,332
121,124,3863,3906,332,332
121,124,3864,3898,66,333
121,124,3865,3898,58,334
121,124,3865,3906,332,332
121,124,3865,3924,131,369
121,124,3866,3906,332,332
121,124,3867,3895,0,314
121,124,3867,3899,54,362
121,124,3867,3906,332,332
121,124,3868,3895,0,314
121,124,3870,3895,0,314
121,124,3871,3895,7,314
121,124,3871,3906,332,332
121,124,3871,3946,494,74
121,124,3872,3898,0,340
121,124,3876,3928,0,395
121,124,3880,3897,-38,391
121,124,3890,3937,175,194
121,124,3890,3938,189,180
121,124,3891,3906,332,332
121,124,3892,3906,340,325
121,124,3920,3923,0,421
123,124,3857,3952,482,132
123,124,3862,3952,494,74
123,124,3863,3951,492,85
123,124,3864,3951,492,85
123,124,3877,4012,462,-191
123,124,3882,3958,314,-7
123,124,3889,3955,447,0
123,124,3890,3946,431,118
123,124,3900,3946,433,108
123,124,3901,3945,431,118
123,124,3905,3927,373,290
123,124,3907,3904,325,340
123,124,3907,3905,325,340
123,124,3914,3910,345,361
123,124,3914,3912,345,361
123,124,3915,3911,345,361
123,124,3915,3913,353,353
123,124,3915,3947,344,132
123,124,3924,3939,317,234
123,124,3925,3908,345,361
123,124,3952,3935,-263,-175
123,124,3952,3946,433,108
123,124,3954,3949,-104,-10
123,124,3956,3948,0,0
123,124,3956,3950,0,0
3,96,139,3119,-280,-77
3,96,139,3124,-197,153
3,96,139,3124,-20,16
3,96,139,3142,0,-52
3,96,139,3151,0,-447
3,96,139,3174,0,-340
3,96,141,3150,-33,-446
3,96,153,3177,-156,-474
3,96,161,3139,-335,-371
3,96,164,3122,-76,306
3,96,165,3147,-287,-408
3,96,167,3146,-345,-361
3,96,168,3147,-335,-371
3,96,169,3117,-107,151
3,96,186,3108,-473,0
3,96,198,3044,-367,207
3,96,198,3127,-457,-126
3,96,204,3124,-462,-103
3,96,204,3128,-421,-150
3,96,205,3124,-437,-98
3,96,205,3126,-484,-121
3,96,206,3124,-439,-87
3,96,208,3122,-446,-159
3,96,208,3127,-482,-132
3,96,209,3108,-418,0
3,96,210,3127,-482,-132
3,96,210,3127,-453,-137
3,96,211,3124,-466,-179
3,96,213,3127,-482,-132
3,96,215,3129,-484,-121
3,96,216,3126,-470,-167
3,96,218,3096,-345,-361
3,96,218,3107,-500,0
3,96,218,3108,-500,0
3,96,218,3115,-500,0
3,96,218,3130,-484,-121
3,96,219,3131,-482,-132
3,96,221,3128,-267,-421
3,96,224,3133,-361,-345
3,96,224,3133,-148,-450
3,96,224,3133,-35,-472
2,105,125,3342,-131,196
2,105,131,3339,26,0
2,105,133,3339,26,0
2,105,134,3339,0,0
2,105,134,3339,23,-12
2,105,134,3339,30,-314
2,105,135,3339,23,-12
2,105,135,3339,92,-49
2,105,135,3340,0,-395
2,105,136,3342,-48,-498
2,105,136,3347,-167,78
2,105,137,3346,-101,123
2,105,139,3334,-5,25
2,105,142,3334,227,-217
2,105,145,3352,204,45
2,105,148,3343,244,-200
2,105,150,3342,198,-242
2,105,151,3311,-159,445
2,105,151,3311,-148,449
2,105,156,3411,-378,-114
2,105,164,3329,-339,250
2,105,174,3404,103,206
2,105,175,3365,-473,0
2,105,175,3367,-446,-33
2,105,182,3364,-316,386
2,105,183,3365,-361,345
2,105,183,3366,-361,345
2,105,185,3309,-359,343
2,105,185,3309,-351,351
2,105,185,3310,-351,351
2,105,185,3320,-351,351
2,105,185,3388,-500,0
2,105,186,3354,-345,361
2,105,188,3315,-333,332
2,105,188,3317,-340,325
2,105,188,3321,-340,325
2,105,188,3327,-325,340
2,105,188,3328,-325,340
2,105,188,3330,-340,325
2,105,189,3315,-340,325
2,105,189,3316,-340,325
2,105,189,3321,-340,325
2,105,189,3326,-318,351
2,105,189,3330,-340,325
2,105,189,3351,-353,353
2,105,190,3330,-350,316
2,105,190,3330,-340,325
2,105,193,3336,-408,287
2,105,194,3330,-386,316
2,105,203,3363,-500,0
2,105,204,3364,-500,0
2,105,204,3366,-500,-25
2,103,107,3249,0,157
2,103,126,3267,-372,-199
2,103,126,3274,-54,-312
2,103,128,3261,-332,-300
2,103,128,3274,106,-298
2,103,131,3264,-159,-446
2,103,132,3259,-159,-446
2,103,132,3278,-266,-360
2,103,133,3268,74,-494
2,103,135,3280,-88,-246
2,103,135,3282,-349,-187
2,103,137,3273,25,-339
2,103,138,3282,-7,-78
2,103,138,3283,-23,-12
2,103,157,3297,-340,0
2,103,161,3296,-252,69
2,103,166,3364,-339,-292
2,103,169,3298,-418,21
2,103,172,3298,-444,0
2,103,173,3298,-444,10
2,103,174,3298,-444,10
2,103,175,3299,-447,0
2,103,178,3283,-471,23
2,103,178,3285,-471,23
2,103,178,3287,-471,23
2,103,178,3289,-471,23
2,103,178,3291,-471,23
2,103,178,3293,-471,23
2,103,178,3295,-471,23
2,103,178,3297,-471,23
2,103,178,3299,-469,34
2,103,180,3299,-500,0
2,103,188,3300,-500,-25
2,103,191,3297,-391,28
2,103,194,3356,-500,0
2,103,195,3277,-366,-8
2,103,195,3297,-365,26
2,103,196,3300,-471,0
2,103,196,3301,-471,-24
2,103,198,3297,-340,17
2,103,199,3281,-340,17
2,103,199,3282,-340,17
2,103,199,3284,-340,17
2,103,199,3286,-340,17
2,103,199,3288,-340,17
2,103,199,3290,-340,17
2,103,199,3290,-333,66
2,103,199,3292,-340,17
2,103,199,3292,-335,58
2,103,199,3294,-340,17
2,103,199,3294,-337,41
2,103,199,3296,-340,17
2,103,199,3296,-339,25
2,103,199,3297,-340,17
2,103,199,3297,-339,25
2,103,199,3298,-340,7
2,103,199,3300,-314,0
2,103,199,3301,-443,-33
2,103,200,3283,-314,0
2,103,200,3296,-314,0
2,103,200,3301,-444,-10
2,103,201,3297,-314,7
2,103,202,3280,-341,25
2,103,204,3299,-500,0
1,102,120,3282,-289,28
1,102,146,3283,-473,0
1,102,146,3284,-473,0
1,102,156,3299,-500,0
1,102,156,3300,-478,144
1,102,158,3285,-496,60
1,102,158,3293,-457,-203
1,102,159,3292,-466,-179
1,102,159,3293,-457,-203
1,102,160,3292,-470,-167
1,102,160,3299,-500,0
1,102,162,3295,-451,-212
1,5,98,212,-22,13
1,5,101,212,24,9
1,5,104,206,95,159
1,5,132,236,-290,-374
1,5,135,241,-316,-386
1,5,143,235,-378,-326
1,5,144,236,-378,-326
1,5,157,221,-494,-74
1,5,160,164,-500,0
1,5,160,220,-500,0
1,5,161,222,-478,-144
3,13,139,376,0,395
3,13,175,383,-335,371
3,13,176,356,-277,416
3,13,178,388,-96,123
3,13,180,387,-170,162
3,13,181,384,-176,194
3,13,182,358,-335,371
3,13,182,375,-361,345
3,13,201,394,-403,121
3,13,201,394,-400,131
3,13,205,393,-428,129
3,13,207,480,-412,-233
3,13,211,387,-462,191
3,13,212,359,-351,351
3,13,212,397,-470,57
3,13,216,359,-333,332
2,10,136,307,-167,78
2,10,166,327,-314,0
2,10,169,322,-418,21
2,10,169,323,-418,21
2,10,170,270,-335,371
2,10,173,323,-444,0
2,10,174,320,-443,32
2,10,174,322,-444,10
2,10,175,324,-444,0
2,10,177,322,-467,57
2,10,178,307,-471,23
2,10,178,309,-471,23
2,10,178,311,-471,23
2,10,178,313,-471,23
2,10,178,315,-471,23
2,10,178,317,-471,23
2,10,178,319,-471,23
2,10,178,321,-471,23
2,10,178,322,-469,34
2,10,178,323,-471,10
2,10,182,323,-500,0
2,10,184,324,-418,0
2,10,188,324,-500,-25
2,10,189,393,-478,-144
2,10,191,321,-391,28
2,10,192,380,-500,0
2,10,195,296,-366,18
2,10,196,298,-340,0
2,10,196,309,-345,123
2,10,197,323,-340,7
2,10,198,319,-339,33
2,10,198,320,-340,17
2,10,198,321,-340,7
2,10,199,305,-340,17
2,10,199,306,-340,17
2,10,199,308,-340,17
2,10,199,310,-340,17
2,10,199,312,-340,17
2,10,199,314,-340,17
2,10,199,314,-333,66
2,10,199,316,-340,17
2,10,199,316,-335,58
2,10,199,317,-335,58
2,10,199,318,-340,17
2,10,199,320,-340,17
2,10,199,320,-339,25
2,10,199,321,-340,17
2,10,199,321,-339,25
2,10,199,322,-340,7
2,10,199,324,-340,0
2,10,199,324,-314,0
2,10,200,324,-340,0
3,3,137,171,46,-472
3,3,139,142,-16,-50
3,3,139,143,-280,-77
3,3,139,147,0,0
3,3,139,175,0,-447
3,3,153,201,-156,-474
3,3,161,163,-335,-371
3,3,165,171,-287,-408
3,3,168,171,-335,-371
3,3,182,172,-345,-361
3,3,221,159,-236,-441
2,4,108,174,-225,134
2,4,108,181,-62,-175
2,4,125,200,-408,101
2,4,130,193,-304,248
2,4,131,176,-197,279
2,4,131,186,-212,423
2,4,132,176,-162,302
2,4,133,173,-263,175
2,4,133,173,-258,181
2,4,134,172,-220,146
2,4,138,188,309,145
2,4,140,200,-109,-488
2,4,140,201,-109,-488
2,4,150,204,-140,-425
2,4,150,205,-140,-425
2,4,151,208,-148,-450
2,4,156,210,-191,-462
2,4,169,140,-209,-5
2,4,174,213,-361,-345
2,4,177,216,-361,-345
2,4,184,199,-351,-351
2,4,185,199,-359,-344
2,4,185,199,-351,-351
2,4,185,200,-359,-344
2,4,185,200,-351,-351
2,4,185,201,-351,-351
2,4,186,201,-359,-344
2,4,188,183,-353,-353
2,4,188,193,-316,-350
2,4,188,203,-333,-333
2,4,188,204,-340,-325
2,4,188,204,-333,-333
2,4,189,189,-340,-325
2,4,189,195,-340,-325
2,4,189,197,-340,-325
2,4,189,202,-340,-325
2,4,189,203,-340,-325
2,4,189,204,-340,-325
2,4,192,206,-321,-307
2,4,194,133,-488,109
1,7,117,244,-369,0
1,7,132,179,-241,309
1,7,146,244,-473,0
1,7,156,259,-361,-345
92,103,2872,3305,314,0
92,103,2887,3363,500,0
92,103,2931,3231,48,498
93,104,2925,3339,473,0
93,104,2925,3347,473,0
93,104,2925,3349,473,0
93,104,3083,3275,-451,212
2,12,129,371,180,35
2,12,134,369,112,-145
2,12,135,363,92,-49
2,12,139,367,0,0
2,12,140,374,132,88
2,12,149,377,261,0
2,12,151,335,-159,445
2,12,151,335,-148,449
2,12,153,361,-394,38
2,12,153,361,-391,58
2,12,153,362,-395,19
2,12,175,389,-361,345
2,12,175,394,-387,271
2,12,177,396,-464,92
2,12,179,352,-287,408
2,12,180,395,150,-421
2,12,181,406,-492,-85
2,12,184,384,-361,345
2,12,184,384,-345,361
2,12,185,333,-359,343
2,12,186,378,-345,361
2,12,188,340,-340,325
2,12,188,341,-340,325
2,12,188,342,-340,325
2,12,188,342,-333,332
2,12,188,346,-340,325
2,12,188,352,-325,340
2,12,188,354,-340,325
2,12,188,372,-345,361
2,12,189,339,-340,325
2,12,189,340,-340,325
2,12,189,342,-340,325
2,12,189,346,-340,325
2,12,189,350,-318,351
2,12,189,350,-316,349
2,12,189,354,-340,325
2,12,190,354,-340,325
2,12,193,340,-378,326
2,12,193,345,-378,326
2,12,204,388,-500,0
98,36,3077,1146,335,371
88,108,2792,3424,207,198
88,108,2815,3434,494,74
88,108,2835,3394,332,332
88,108,2852,3397,0,500
88,108,2909,3400,-203,457
89,109,2833,3499,18,-18
89,109,2872,3429,408,287
89,109,2891,3441,0,447
89,109,2892,3440,-23,447
89,109,2907,3429,-212,451
89,109,2915,3430,-361,345
124,28,3891,893,500,-11
124,28,3891,901,500,0
124,28,3898,874,500,0
124,28,3898,947,500,-25
124,28,3905,848,321,307
124,28,3907,851,340,325
124,28,3907,852,332,332
124,28,3907,852,340,325
124,28,3907,853,332,332
124,28,3907,854,332,332
124,28,3907,874,345,361
124,28,3907,874,353,353
124,28,3908,842,332,332
124,28,3911,845,358,343
124,28,3911,846,358,343
124,28,3923,898,418,0
124,28,3932,884,291,304
124,28,3933,884,291,304
124,28,3933,885,291,304
124,28,3935,906,-299,285
124,28,3936,903,316,0
124,28,3941,844,169,442
124,28,3942,915,-192,247
124,28,3944,847,148,449
124,28,3944,853,151,393
124,28,3946,858,151,365
124,28,3947,825,121,484
124,28,3947,857,123,375
124,28,3947,885,-462,-191
124,28,3956,862,0,52
124,28,3956,864,0,26
124,28,3957,883,78,0
124,28,3959,875,-25,-5
124,28,3959,875,0,0
124,28,3959,881,61,-172
124,28,3959,882,325,-174
124,28,3960,875,-23,-12
124,28,3962,875,23,-12
124,28,3962,878,248,-372
124,28,3963,875,296,-402
124,28,3968,881,287,6
124,28,3971,880,314,15
124,28,3972,881,314,15
124,28,3975,879,338,33
124,28,3977,878,376,45
124,26,3890,835,500,0
124,26,3891,835,500,0
124,26,3894,836,500,0
124,26,3895,836,500,0
124,26,3896,820,314,0
124,26,3896,822,314,0
124,26,3896,823,314,0
124,26,3896,824,314,0
124,26,3896,825,314,0
124,26,3896,826,314,0
124,26,3896,827,314,0
124,26,3896,828,314,0
124,26,3896,829,311,37
124,26,3896,829,314,0
124,26,3896,830,311,37
124,26,3896,831,312,30
124,26,3896,831,314,0
124,26,3896,832,312,23
124,26,3897,822,340,-8
124,26,3897,823,340,-17
124,26,3897,827,333,66
124,26,3899,825,329,82
124,26,3899,828,333,66
124,26,3907,799,316,349
124,26,3907,799,332,332
124,26,3907,800,316,349
124,26,3907,801,332,332
124,26,3907,802,332,332
124,26,3907,803,332,332
124,26,3907,900,451,-212
124,26,3922,778,353,353
124,26,3929,835,369,0
124,26,3932,836,366,0
124,26,3936,892,418,0
124,26,3950,805,-242,160
124,26,3956,806,-253,-400
124,26,3956,819,0,-130
124,26,3958,810,179,-336
124,26,3958,813,152,-101
124,26,3962,806,-60,-496
124,26,3962,814,248,-372
124,26,3962,814,274,-353
124,26,3967,797,339,-292
124,26,3967,800,136,-453
124,26,3972,811,308,174
125,25,3931,827,484,-121
125,25,3935,831,500,0
125,25,3940,835,500,0
125,25,3940,836,478,144
125,25,3940,836,488,109
125,25,3944,830,394,-306
125,25,3949,797,473,0
125,25,3949,798,473,0
125,25,3949,800,473,0
125,25,3949,802,473,0
125,25,3949,803,473,0
125,25,3949,804,473,0
125,25,3949,805,473,0
125,25,3949,806,473,0
125,25,3949,815,469,57
125,25,3949,815,471,46
125,25,3949,816,471,35
125,25,3949,817,473,23
125,25,3949,819,473,0
125,25,3949,820,473,0
125,25,3951,787,378,326
125,25,3952,794,394,262
125,25,3953,811,437,97
125,25,3953,812,437,97
125,25,3953,813,438,87
125,25,3954,814,442,66
125,25,3956,826,0,-302
125,25,3958,793,339,291
125,25,3975,790,-72,361
125,25,3975,792,-112,292
125,25,3977,813,-171,198
125,25,3984,787,132,-198
125,24,3949,779,473,0
125,24,3949,796,473,0
125,24,3949,797,473,0
125,24,3949,798,473,0
125,24,3949,800,473,0
125,24,3949,810,473,0
125,24,3962,812,299,-366
125,24,3988,814,112,210
125,118,3936,3812,394,-306
125,118,3940,3772,500,0
125,118,3940,3773,500,0
125,118,3940,3811,148,-450
125,118,3953,3809,447,22
125,118,3954,3793,442,-66
125,118,3956,3776,0,500
125,118,3956,3807,417,50
125,118,3976,3788,248,-30
125,118,3979,3787,-1,-26
125,118,3985,3787,18,-18
125,120,3934,3870,457,-203
125,120,3940,3837,224,447
125,120,3940,3875,500,0
125,120,3940,3876,500,0
125,120,3953,3853,438,87
125,120,3954,3854,442,66
125,120,3956,3862,0,-328
125,120,3956,3864,0,-249
125,120,3956,3865,0,-302
125,120,3956,3871,0,-500
125,120,4075,3788,0,473
124,119,3896,3796,314,0
124,119,3896,3797,314,0
124,119,3896,3799,314,0
124,119,3896,3800,314,0
124,119,3896,3801,314,0
124,119,3896,3802,314,0
124,119,3896,3803,314,0
124,119,3896,3805,314,0
124,119,3896,3806,314,0
124,119,3896,3807,314,0
124,119,3896,3808,314,0
124,119,3896,3809,314,0
124,119,3896,3810,314,0
124,119,3896,3811,314,0
124,119,3896,3812,314,0
124,119,3896,3813,314,0
124,119,3896,3814,314,0
124,119,3896,3818,314,0
124,119,3896,3819,314,0
124,119,3896,3821,314,0
124,119,3896,3822,314,0
124,119,3896,3823,314,0
124,119,3896,3824,314,0
124,119,3897,3799,340,-17
124,119,3911,3773,500,0
124,119,3912,3840,353,-353
124,119,3914,3778,439,169
124,119,3943,3734,144,478
124,119,3956,3742,0,500
124,119,3957,3791,74,-138
124,119,3957,3792,74,-138
124,119,3961,3788,160,241
2,37,156,1118,0,500
2,37,159,1162,-432,118
2,37,159,1163,-437,97
2,37,160,1163,-397,88
2,37,172,1122,-212,451
2,37,175,1194,-433,108
2,37,178,1188,-473,0
2,37,178,1189,-473,0
2,37,178,1189,-457,125
2,37,182,1188,-500,0
2,37,189,1147,-361,345
11,40,328,1248,198,207
11,40,328,1250,189,180
11,40,331,1272,-64,-114
11,40,340,1207,0,314
11,40,342,1207,0,314
11,40,344,1207,0,314
11,40,346,1207,0,314
11,40,348,1207,0,314
11,40,351,1249,189,180
11,40,352,1218,332,332
11,40,353,1218,332,332
11,40,354,1218,332,332
11,40,355,1218,332,332
11,40,356,1217,325,340
11,40,356,1218,332,332
11,40,357,1207,0,314
11,40,357,1217,325,340
11,40,357,1218,332,332
11,40,358,1207,0,314
11,40,358,1217,325,340
11,40,358,1218,332,332
11,40,359,1217,325,340
11,40,362,1217,325,340
11,40,362,1218,332,332
11,40,380,1207,0,314
11,40,381,1207,0,314
11,40,382,1207,0,314
11,40,383,1243,204,237
11,40,388,1202,0,500
11,40,414,1206,80,463
1,9,139,325,0,-500
1,9,139,326,0,-500
1,9,142,301,-439,87
1,9,146,302,-473,-24
1,9,156,285,-148,449
1,9,156,323,-500,0
1,9,160,316,-466,-179
1,9,160,323,-500,0
1,9,161,318,-451,-212
1,9,161,319,-451,-212
2,8,136,308,26,0
2,8,136,308,225,355
2,8,138,301,-17,182
2,8,139,313,-23,-11
2,8,139,341,-224,-447
2,8,151,362,-125,-455
2,8,158,284,-340,0
2,8,173,274,-444,0
2,8,176,292,-471,0
2,8,178,276,-471,23
2,8,178,278,-471,23
2,8,178,280,-471,23
2,8,178,282,-471,23
2,8,178,286,-471,23
2,8,178,287,-471,23
2,8,178,288,-471,23
2,8,178,289,-471,23
2,8,178,290,-471,23
2,8,178,291,-471,23
2,8,178,292,-471,23
2,8,178,293,-471,23
2,8,178,294,-471,23
2,8,178,295,-471,23
2,8,178,296,-471,23
2,8,178,297,-471,23
2,8,180,298,-444,0
2,8,183,290,-444,22
2,8,183,291,-444,22
2,8,183,292,-444,22
2,8,183,294,-444,22
2,8,183,323,-444,0
2,8,185,323,-500,0
2,8,186,323,-500,0
2,8,187,296,-417,30
2,8,191,290,-392,19
2,8,199,273,-340,17
2,8,199,275,-340,17
2,8,199,277,-340,17
2,8,199,279,-340,17
2,8,199,281,-340,17
2,8,199,283,-340,17
2,8,199,284,-340,17
2,8,199,285,-340,17
2,8,199,286,-340,17
2,8,199,287,-340,17
2,8,199,288,-340,17
2,8,199,289,-340,17
2,8,199,290,-340,17
2,8,199,291,-340,17
2,8,199,292,-340,17
2,8,199,293,-340,17
2,8,199,294,-340,17
2,8,199,295,-340,17
2,8,199,296,-340,17
2,8,200,275,-314,0
2,8,200,286,-314,0
2,8,200,288,-314,0
2,8,200,290,-314,0
2,8,200,292,-314,0
2,8,200,294,-314,0
2,8,200,298,-314,0
1,101,111,3243,0,0
1,101,112,3243,5,-104
1,101,137,3243,-421,0
1,101,142,3275,-447,0
1,101,144,3289,-361,-345
1,101,144,3289,-335,-371
1,101,146,3243,-473,0
1,101,146,3260,-473,0
1,101,146,3262,-473,0
1,101,146,3264,-473,0
1,101,146,3268,-473,0
1,101,146,3269,-473,0
1,101,146,3270,-473,0
1,101,146,3271,-473,0
1,101,146,3272,-473,0
1,101,146,3273,-473,0
1,101,146,3274,-473,0
1,101,146,3275,-473,0
1,101,151,3296,-441,-236
1,101,152,3296,-441,-236
1,101,161,3242,-500,0
2,100,130,3179,-19,17
2,100,139,3164,0,326
2,100,139,3175,-16,19
2,100,140,3180,-22,-14
2,100,145,3167,-112,238
2,100,146,3278,-87,-439
2,100,155,3149,-125,282
2,100,164,3267,-390,220
2,100,169,3199,-418,0
2,100,169,3223,-418,0
2,100,169,3230,-418,0
2,100,169,3235,-418,0
2,100,169,3238,-418,0
2,100,173,3211,-444,0
2,100,173,3219,-444,0
2,100,173,3221,-444,0
2,100,177,3196,-471,10
2,100,177,3200,-471,-11
2,100,177,3201,-471,-11
2,100,178,3195,-471,23
2,100,178,3196,-471,10
2,100,178,3196,-471,23
2,100,178,3198,-471,-24
2,100,178,3198,-471,23
2,100,178,3199,-471,-24
2,100,178,3199,-471,23
2,100,178,3200,-471,23
2,100,178,3201,-471,23
2,100,178,3202,-471,23
2,100,178,3203,-471,23
2,100,178,3204,-471,23
2,100,178,3205,-471,23
2,100,178,3206,-471,23
2,100,178,3207,-471,23
2,100,178,3208,-471,23
2,100,178,3209,-471,23
2,100,178,3210,-471,23
2,100,178,3211,-471,23
2,100,178,3212,-471,23
2,100,178,3213,-471,23
2,100,178,3214,-471,23
2,100,178,3215,-471,23
2,100,178,3216,-471,23
2,100,178,3217,-471,23
2,100,178,3218,-471,23
2,100,178,3220,-471,23
2,100,178,3221,-471,23
2,100,178,3222,-471,23
2,100,178,3223,-471,23
2,100,178,3224,-471,23
2,100,178,3225,-471,23
2,100,178,3226,-471,23
2,100,178,3230,-471,23
2,100,178,3231,-471,23
2,100,178,3232,-471,23
2,100,178,3233,-471,23
2,100,178,3234,-471,23
2,100,178,3235,-471,23
2,100,178,3237,-471,23
2,100,178,3239,-471,23
2,100,178,3241,-471,23
2,100,181,3197,-500,0
2,100,181,3198,-444,-10
2,100,182,3196,-444,10
2,100,183,3195,-444,22
2,100,183,3203,-444,22
2,100,183,3232,-444,22
2,100,184,3196,-418,0
2,100,184,3264,-353,-353
2,100,185,3196,-418,0
2,100,187,3268,-345,-361
2,100,190,3270,-353,-353
2,100,190,3271,-353,-353
2,100,197,3198,-340,-8
2,100,198,3196,-340,0
2,100,198,3199,-340,-8
2,100,198,3200,-340,-8
2,100,198,3201,-340,-8
2,100,198,3202,-340,-8
2,100,199,3194,-340,17
2,100,199,3195,-340,17
2,100,199,3196,-314,0
2,100,199,3197,-340,17
2,100,199,3198,-340,17
2,100,199,3199,-340,-8
2,100,199,3199,-340,17
2,100,199,3200,-340,17
2,100,199,3201,-340,17
2,100,199,3202,-340,17
2,100,199,3203,-340,17
2,100,199,3204,-340,17
2,100,199,3205,-340,17
2,100,199,3206,-340,17
2,100,199,3207,-340,17
2,100,199,3208,-340,17
2,100,199,3209,-340,17
2,100,199,3210,-340,17
2,100,199,3211,-340,17
2,100,199,3212,-340,17
2,100,199,3213,-340,17
2,100,199,3214,-340,17
2,100,199,3215,-340,17
2,100,199,3216,-340,17
2,100,199,3217,-340,17
2,100,199,3218,-340,17
2,100,199,3219,-340,17
2,100,199,3220,-340,17
2,100,199,3221,-340,17
2,100,199,3222,-340,17
2,100,199,3223,-340,17
2,100,199,3224,-340,17
2,100,199,3225,-340,17
2,100,199,3228,-340,17
2,100,199,3229,-340,17
2,100,199,3230,-340,17
2,100,199,3231,-340,17
2,100,199,3232,-340,17
2,100,199,3233,-340,17
2,100,199,3234,-340,17
2,100,199,3236,-340,17
2,100,199,3237,-340,17
2,100,199,3238,-340,17
2,100,199,3240,-340,17
2,100,199,3244,-340,7
2,100,200,3196,-314,0
2,100,200,3197,-314,0
2,100,200,3209,-314,0
2,100,200,3213,-314,0
2,100,200,3221,-314,0
2,100,200,3230,-314,0
2,100,200,3236,-314,0
2,100,201,3196,-335,0
2,100,202,3197,-485,0
2,100,205,3197,-500,0
1,99,139,3189,0,-235
1,99,144,3164,-143,475
1,99,145,3206,-167,-470
1,99,146,3207,-167,-470
1,99,147,3211,-179,-466
1,99,156,3197,-500,0
1,99,157,3196,-500,0
1,99,157,3197,-500,0
1,99,157,3197,-466,-179
1,99,158,3197,-496,-60
1,99,159,3195,-474,-156
1,99,159,3196,-500,0
1,99,160,3196,-500,0
1,99,160,3197,-500,0
2,98,132,3188,0,369
2,98,135,3183,-301,211
2,98,138,3188,43,-219
2,98,139,3193,0,0
2,98,145,3132,-28,233
2,98,150,3216,-137,-453
2,98,151,3220,-144,-478
2,98,158,3136,-203,457
2,98,159,3118,229,51
2,98,165,3197,-394,-262
2,98,166,3129,177,353
2,98,184,3115,-500,0
2,98,185,3204,-359,-344
2,98,185,3205,-359,-344
2,98,185,3206,-359,-344
2,98,185,3207,-351,-351
2,98,185,3208,-359,-344
2,98,186,3133,-494,74
2,98,186,3198,-418,-21
2,98,186,3198,-418,0
2,98,186,3203,-492,-85
2,98,187,3211,-441,-236
2,98,188,3211,-333,-333
2,98,189,3194,-340,-325
2,98,189,3207,-340,-325
2,98,189,3208,-340,-325
2,98,189,3209,-340,-325
2,98,189,3210,-340,-325
2,98,189,3211,-340,-325
2,98,190,3196,-392,0
2,98,190,3198,-392,-9
2,98,190,3198,-392,0
2,98,190,3199,-392,-9
2,98,191,3196,-392,0
2,98,192,3204,-492,-85
2,98,193,3196,-500,0
2,98,193,3196,-387,0
2,98,194,3203,-494,-74
2,98,194,3204,-494,-74
2,97,139,3148,-93,126
2,97,139,3148,0,52
2,97,139,3148,0,104
2,97,139,3171,-4,-25
2,97,139,3202,0,-500
2,97,145,3196,-121,-484
2,97,147,3165,-85,-492
2,97,148,3206,-132,-482
2,97,149,3167,-129,-428
2,97,149,3210,-121,-484
2,97,150,3171,-137,-453
2,97,152,3184,-121,-484
2,97,152,3189,-277,-416
2,97,155,3193,-441,-236
2,97,159,3145,-257,-365
2,97,160,3196,-500,0
2,97,162,3143,-283,-346
2,97,162,3196,-500,0
2,97,164,3149,-290,-374
2,97,165,3154,-287,-408
2,97,165,3196,-500,0
2,97,166,3132,-52,0
2,97,168,3153,-306,-394
2,97,171,3109,-123,123
2,97,174,3158,-361,-345
2,97,174,3159,-361,-345
2,97,174,3161,-361,-345
2,97,174,3161,-353,-353
2,97,174,3162,-361,-345
2,97,174,3163,-361,-345
2,97,176,3152,-361,-345
2,97,177,3138,-208,-20
2,97,177,3161,-353,-353
2,97,177,3164,-287,-408
2,97,178,3159,-361,-345
2,97,178,3164,-361,-345
2,97,178,3165,-361,-345
2,97,178,3167,-361,-345
2,97,179,3156,-361,-345
2,97,180,3120,-287,408
2,97,180,3151,-402,-296
2,97,180,3168,-287,-408
2,97,181,3161,-345,-361
2,97,182,3159,-361,-345
2,97,182,3161,-361,-345
2,97,182,3166,-361,-345
2,97,182,3167,-361,-345
2,97,182,3168,-361,-345
2,97,182,3169,-361,-345
2,97,184,3154,-408,-287
2,97,185,3162,-359,-344
2,97,185,3165,-359,-344
2,97,185,3165,-334,-369
2,97,185,3166,-359,-344
2,97,185,3167,-359,-344
2,97,185,3172,-359,-344
2,97,185,3173,-359,-344
2,97,185,3174,-359,-344
2,97,186,3162,-369,-334
2,97,186,3162,-359,-344
2,97,186,3176,-287,-408
2,97,188,3156,-408,-287
2,97,188,3169,-316,-350
2,97,188,3172,-333,-333
2,97,188,3173,-333,-333
2,97,188,3174,-333,-333
2,97,188,3175,-333,-333
2,97,189,3165,-340,-325
2,97,189,3166,-340,-325
2,97,189,3167,-340,-325
2,97,189,3168,-340,-325
2,97,189,3169,-340,-325
2,97,189,3170,-340,-325
2,97,189,3171,-340,-325
2,97,189,3172,-340,-325
2,97,189,3173,-340,-325
2,97,189,3174,-340,-325
2,97,189,3175,-340,-325
2,97,189,3176,-340,-325
2,97,189,3177,-340,-325
2,97,189,3178,-340,-325
2,97,189,3179,-340,-325
2,97,190,3137,-498,48
2,97,190,3165,-340,-325
2,97,190,3166,-350,-316
2,97,190,3166,-340,-325
2,97,192,3168,-321,-307
2,97,194,3160,-408,-287
2,97,194,3162,-402,-296
2,97,195,3112,-496,60
2,97,195,3160,-416,-277
2,97,195,3162,-408,-287
2,97,195,3165,-408,-287
2,97,196,3162,-408,-287
2,97,200,3136,-498,48
123,19,3865,664,334,-149
123,19,3880,667,500,0
123,19,3882,644,497,0
123,19,3885,644,473,0
123,19,3885,650,261,0
123,19,3888,665,445,-159
123,19,3891,644,421,0
123,19,3891,664,421,-150
123,19,3892,599,234,-17
123,19,3894,661,400,-132
123,19,3894,661,403,-121
123,19,3897,658,382,-96
123,19,3897,659,381,-105
123,19,3898,661,371,-132
123,19,3902,692,345,-361
123,19,3904,657,330,-91
123,19,3914,689,353,-353
123,19,3914,696,353,-353
123,19,3914,697,345,-361
123,19,3914,698,345,-361
123,19,3916,702,296,-402
123,19,3918,684,345,-361
123,19,3918,701,287,-408
123,19,3919,697,296,-402
123,19,3921,690,345,-361
123,19,3922,694,306,-394
123,19,3923,672,407,-244
123,19,3923,693,287,-408
123,19,3925,652,114,68
123,19,3930,652,-173,-67
123,19,3951,654,249,-150
123,19,3956,662,25,2
123,19,3956,687,0,-447
72,122,2295,3871,237,247
72,122,2299,3832,74,494
72,122,2332,3826,0,500
72,122,2332,3827,0,500
72,122,2368,3834,0,340
72,122,2373,3834,-50,335
72,122,2421,3891,-478,144
54,5,1677,236,361,-345
54,5,1707,257,256,-330
54,5,1707,260,217,-326
54,5,1711,262,7,-340
54,5,1717,234,0,-418
54,5,1718,264,-17,-340
54,5,1719,264,-17,-340
54,5,1723,257,67,-386
54,5,1723,260,62,-360
54,5,1727,264,17,-340
54,5,1728,254,0,-414
54,5,1728,261,0,-361
54,5,1728,261,0,-340
54,5,1728,262,0,-361
54,5,1764,228,0,-130
54,5,1774,255,-203,-457
54,5,1783,254,-335,-371
54,5,1798,267,-85,-492
54,5,1820,256,0,-500
54,5,1846,196,-500,0
53,4,1702,200,189,-377
53,4,1716,206,0,-447
53,4,1721,203,-314,-30
53,4,1737,216,-236,-441
53,4,1803,167,0,-500
8,69,321,2148,-74,494
8,69,340,2281,-121,-403
8,69,370,2210,-469,34
8,69,391,2209,-340,17
8,69,396,2205,-500,0
8,69,397,2206,-496,60
7,70,256,2196,-500,0
7,70,341,2229,-224,447
7,70,352,2268,-500,0
8,71,333,2206,-60,496
8,71,335,2229,-51,417
8,71,376,2268,-418,0
8,71,391,2268,-314,0
8,71,395,2307,-500,0
7,72,212,2257,0,447
7,72,336,2293,-121,484
7,72,352,2307,-500,0
7,72,353,2306,-498,37
8,73,212,2333,0,500
8,73,344,2278,-144,478
8,73,346,2279,-167,470
8,73,377,2307,-500,0
8,73,381,2299,-340,325
8,74,223,2369,224,447
8,74,347,2347,-179,466
8,74,361,2373,-394,-29
8,74,380,2338,-340,325
8,74,381,2334,-316,349
9,75,331,2345,0,473
9,75,331,2349,0,473
9,75,334,2381,-425,139
9,75,367,2367,-335,371
9,75,368,2340,-277,416
9,75,373,2343,-345,361
9,75,374,2342,-335,371
117,52,3694,1723,500,0
117,52,3702,1717,400,-132
117,52,3764,1732,0,-316
117,52,3764,1738,0,-369
117,52,3764,1753,0,-500
117,52,3764,1773,0,-500
118,53,3699,1724,500,11
118,53,3723,1730,264,5
118,53,3753,1771,121,-484
118,53,3764,1797,0,-500
118,54,3710,1789,444,-10
118,54,3711,1790,387,-9
118,54,3712,1791,391,-29
118,54,3713,1788,392,0
118,54,3713,1790,391,-29
118,54,3713,1791,391,-29
118,54,3714,1788,392,0
118,54,3715,1788,392,0
118,54,3715,1789,392,0
118,54,3750,1833,156,-474
118,54,3752,1812,156,-474
118,54,3754,1818,156,-474
118,54,3764,1796,0,-316
118,54,3764,1837,0,-500
119,55,3744,1788,478,-144
119,55,3744,1788,500,0
119,55,3764,1794,0,-500
119,55,3786,1771,103,-10
118,56,3700,1789,500,0
118,56,3703,1790,335,0
118,56,3704,1789,314,0
118,56,3705,1789,340,0
118,56,3705,1791,340,-17
118,56,3705,1791,340,-8
118,56,3707,1790,361,0
118,56,3719,1804,418,0
118,56,3724,1883,371,-335
118,56,3725,1789,473,0
118,56,3748,1740,169,442
118,56,3758,1764,-377,-239
118,56,3764,1902,0,-500
119,57,3748,1860,500,0
119,57,3761,1837,438,87
119,57,3763,1856,121,-484
119,57,3833,1899,500,0
118,58,3707,1860,340,0
118,58,3716,1819,345,361
118,58,3725,1922,278,-84
118,58,3739,1947,361,-345
118,58,3782,1946,74,-494
76,122,2377,3892,473,0
76,122,2385,3892,447,0
76,122,2417,3832,25,338
76,122,2420,3831,0,314
76,122,2517,3842,-340,325
79,122,2456,3885,494,74
79,122,2457,3884,492,85
79,122,2507,3849,353,353
79,122,2508,3867,345,361
80,121,2518,3834,339,291
89,3,2891,148,-26,3
89,3,2891,175,0,-447
89,3,2891,177,0,-287
89,3,2891,178,0,-473
89,3,2917,171,-287,-408
89,3,2920,171,-335,-371
89,3,2926,161,-335,-371
89,3,2939,162,-250,-339
89,3,2939,165,-339,-292
89,3,2952,174,-386,-316
89,3,2956,177,-386,-316
89,3,2960,135,-209,4
89,3,2960,181,-384,-314
89,3,2970,130,-500,11
89,3,2970,132,-500,0
88,4,2891,195,-4,-25
88,4,2891,229,0,-500
88,4,2891,230,0,-500
88,4,2891,235,0,-500
88,4,2897,220,-121,-484
88,4,2901,234,-121,-484
88,4,2905,233,-144,-478
88,4,2913,171,-272,-387
88,4,2914,170,-266,-360
88,4,2916,173,-281,-381
88,4,2917,172,-300,-366
88,4,2917,178,-287,-408
88,4,2920,177,-306,-394
88,4,2923,136,-294,65
88,4,2923,175,-361,-345
88,4,2923,176,-361,-345
88,4,2930,189,-361,-345
88,4,2933,185,-345,-361
88,4,2934,156,-500,11
88,4,2934,182,-361,-345
88,4,2934,191,-361,-345
88,4,2934,192,-361,-345
88,4,2937,186,-359,-344
88,4,2937,189,-334,-369
88,4,2937,196,-359,-344
88,4,2940,193,-316,-350
88,4,2940,197,-333,-333
88,4,2941,156,-500,11
88,4,2941,189,-340,-325
88,4,2941,192,-340,-325
88,4,2941,193,-340,-325
88,4,2941,197,-340,-325
88,4,2941,198,-340,-325
88,4,2941,199,-340,-325
88,4,2941,203,-340,-325
88,4,2942,189,-340,-325
88,4,2943,190,-350,-316
88,4,2956,155,-500,11
87,8,2858,242,-182,-36
87,8,2862,276,-132,198
87,8,2865,276,-116,175
87,8,2882,214,-274,353
87,8,2889,258,-421,0
87,8,2894,257,-447,10
87,8,2897,290,-203,-457
87,8,2898,244,-473,0
87,8,2898,248,-473,0
87,8,2898,252,-473,0
87,8,2898,256,-473,0
87,8,2898,257,-473,10
87,8,2898,259,-473,0
87,8,2898,260,-473,0
87,8,2898,275,-473,0
87,8,2898,276,-473,0
87,8,2901,299,-212,-451
87,8,2902,252,-500,0
87,8,2909,260,-361,-345
88,9,2875,273,160,-242
88,9,2886,268,-189,-377
88,9,2895,243,-132,482
88,9,2922,361,-342,-327
88,9,2927,316,-471,0
88,9,2928,364,-378,-326
88,9,2930,278,-471,23
88,9,2930,280,-471,23
88,9,2930,282,-471,23
88,9,2930,283,-471,23
88,9,2930,319,-471,23
88,9,2930,321,-471,23
88,9,2936,255,-345,361
88,9,2936,316,-418,0
88,9,2938,242,-416,277
88,9,2940,323,-500,0
88,9,2943,248,-345,361
88,9,2943,256,-389,47
88,9,2943,257,-391,28
88,9,2945,260,-366,0
88,9,2946,323,-497,-11
88,9,2947,323,-485,0
88,9,2947,325,-471,-24
88,9,2948,326,-469,-35
88,9,2949,324,-471,-11
88,9,2951,273,-340,17
88,9,2951,275,-340,17
88,9,2951,277,-340,17
88,9,2951,279,-340,17
88,9,2951,280,-340,17
88,9,2951,281,-340,17
88,9,2951,282,-340,17
88,9,2951,316,-340,17
88,9,2951,316,-314,0
88,9,2951,318,-340,17
88,9,2951,320,-340,17
88,9,2952,271,-314,0
88,9,2952,323,-459,0
88,9,2952,323,-340,0
88,9,2953,323,-500,0
88,9,2957,322,-498,-48
87,10,2869,340,-290,0
87,10,2891,311,-246,435
87,10,2891,315,0,500
87,10,2891,328,0,341
87,10,2908,316,-500,0
87,10,2908,354,-394,-306
87,10,2909,322,-494,74
87,10,2909,323,-494,74
87,10,2910,323,-496,60
87,10,2911,327,-488,109
87,10,2912,323,-500,0
87,10,2913,326,-490,97
87,10,2914,326,-490,97
87,10,2915,325,-488,109
87,10,2916,326,-488,109
51,4,1670,206,466,-179
51,4,1675,206,0,-447
51,4,1692,198,0,-395
51,4,1692,206,0,-447
51,4,1692,221,0,-500
51,4,1707,197,-374,-290
51,4,1708,197,-381,-281
50,5,1628,250,0,-500
50,5,1628,270,0,-500
50,5,1637,234,0,-418
50,5,1638,264,-17,-340
50,5,1653,251,-344,-359
50,5,1656,251,-344,-359
50,5,1656,255,-325,-340
50,5,1665,234,0,-418
50,5,1666,234,0,-418
50,5,1666,264,-17,-340
50,5,1667,234,0,-418
50,5,1667,264,-17,-340
50,5,1668,234,0,-418
50,5,1668,264,-17,-340
50,5,1669,234,0,-418
50,5,1669,264,-17,-340
50,5,1670,234,0,-418
50,5,1670,264,-17,-340
50,5,1671,234,0,-418
50,5,1671,264,-17,-340
50,5,1672,234,0,-418
50,5,1672,264,-17,-340
50,5,1673,234,0,-418
50,5,1673,264,-17,-340
50,5,1674,264,-17,-340
50,5,1675,238,-22,-444
50,5,1677,264,-17,-340
50,5,1698,256,-353,-353
50,5,1714,203,-473,0
50,5,1715,203,-341,0
50,5,1719,203,-500,0
49,4,1587,206,22,-447
49,4,1587,207,33,-446
49,4,1601,222,-287,-408
49,4,1602,203,-500,0
49,4,1607,212,-466,-179
91,108,2867,3444,421,0
91,108,2888,3408,353,353
91,108,2891,3401,353,353
91,108,2932,3399,0,500
92,107,2881,3393,340,325
92,107,2882,3394,340,325
92,107,2884,3394,332,332
92,107,2908,3412,291,304
92,107,2922,3349,121,484
92,107,2932,3346,0,500
92,107,2932,3377,0,447
92,106,2883,3356,325,340
92,106,2883,3359,332,332
92,106,2932,3345,0,447
93,105,2928,3355,399,253
93,105,2934,3353,339,291
93,105,3030,3293,345,361
46,6,1547,280,0,-500
46,6,1548,277,-394,-306
46,6,1556,294,-132,-482
46,6,1582,220,-447,10
46,6,1583,218,-446,33
46,6,1591,246,-500,0
46,6,1593,264,-359,-344
46,6,1597,253,-340,-325
46,6,1597,261,-340,-325
46,6,1597,267,-340,-325
47,5,1534,251,236,-441
47,5,1547,242,0,-473
47,5,1569,227,-335,-371
47,5,1576,235,-335,-371
47,5,1580,203,-96,92
47,5,1590,216,-62,-310
47,5,1590,233,-335,-371
47,5,1593,241,-361,-345
47,5,1603,203,-316,0
38,122,1149,3900,500,0
38,122,1151,3875,366,0
38,122,1154,3874,392,0
38,122,1154,3882,340,325
38,122,1155,3871,332,332
38,122,1155,3873,332,332
38,122,1155,3875,332,332
38,122,1155,3875,500,0
38,122,1155,3877,332,332
38,122,1155,3879,332,332
38,122,1155,3881,332,332
38,122,1155,3882,332,332
38,122,1155,3885,332,332
38,122,1156,3882,332,332
38,122,1159,3867,418,0
38,122,1159,3868,358,343
38,122,1159,3870,358,343
38,122,1159,3870,418,0
38,122,1159,3888,358,343
38,122,1163,3876,353,353
38,122,1176,3882,433,108
38,122,1176,3885,385,86
38,122,1181,3884,438,87
38,122,1192,3881,212,0
38,122,1196,3879,185,0
38,122,1200,3873,-239,-159
38,122,1206,3879,-35,-365
123,90,3871,2942,387,-9
123,90,3872,2940,366,0
123,90,3872,2940,418,0
123,90,3872,2943,391,-29
123,90,3872,2949,321,-307
123,90,3873,2942,391,-29
123,90,3873,2943,391,-29
123,90,3874,2940,392,0
123,90,3875,2940,392,0
123,90,3875,2941,392,0
123,90,3876,2953,340,-325
123,90,3876,2954,340,-325
123,90,3876,2956,340,-325
123,90,3879,2934,351,-351
123,90,3879,2935,351,-351
123,90,3879,2939,351,-351
123,90,3879,2942,351,-351
123,90,3879,2945,351,-351
123,90,3879,2949,351,-351
123,90,3879,2950,351,-351
123,90,3879,2952,351,-351
123,90,3881,2884,473,0
123,90,3912,2964,156,-474
123,90,3913,2926,114,-378
123,90,3915,2968,267,-421
123,90,3917,2912,-317,131
123,90,3924,2955,0,-421
123,90,3930,2967,335,-371
123,90,3933,2949,121,-293
123,90,4038,2903,285,-190
114,88,3623,2905,132,-482
114,88,3676,2895,0,-447
114,88,3676,2901,0,-500
114,88,3676,2906,0,-392
114,88,3677,2895,46,-472
114,88,3677,2921,-9,-405
114,88,3677,2925,-25,-500
114,88,3708,2895,0,-447
114,88,3708,2926,0,-500
114,88,3712,2890,0,-418
114,88,3712,2921,0,-314
114,88,3713,2890,0,-418
114,88,3713,2920,-17,-340
114,88,3714,2890,0,-418
114,88,3714,2920,-17,-340
114,88,3714,2921,0,-314
114,88,3715,2890,0,-418
114,88,3715,2904,-22,-444
114,88,3715,2920,-17,-340
114,88,3716,2890,0,-418
114,88,3716,2920,-17,-340
114,88,3717,2890,0,-418
114,88,3717,2920,-17,-340
114,88,3718,2890,0,-418
114,88,3718,2920,-17,-340
114,88,3719,2890,0,-418
114,88,3719,2920,-17,-340
114,88,3720,2890,0,-418
114,88,3720,2920,-17,-340
114,88,3721,2890,0,-418
114,88,3721,2920,-17,-340
114,88,3722,2890,0,-418
114,88,3722,2920,-17,-340
114,88,3723,2890,0,-418
114,88,3723,2894,-22,-444
114,88,3723,2920,-17,-340
114,88,3724,2858,61,-115
114,88,3724,2920,-17,-340
114,88,3725,2920,-17,-340
114,88,3728,2907,-344,-359
114,88,3731,2866,-210,155
114,88,3731,2911,-325,-340
114,88,3735,2906,-351,-351
114,88,3736,2907,-344,-359
114,88,3737,2857,287,6
114,88,3739,2910,-333,-333
114,88,3739,2911,-325,-340
114,88,3744,2906,0,-440
114,88,3744,2906,0,-418
114,88,3744,2907,0,-440
114,88,3745,2908,-21,-418
114,88,3761,2871,-484,-121
114,88,3781,2873,-466,-179
115,87,3705,2859,500,0
115,87,3705,2874,394,-306
115,87,3708,2877,0,-500
115,87,3718,2862,451,-212
115,87,3723,2830,-22,13
115,87,3723,2859,444,0
115,87,3733,2857,-141,-396
115,87,3737,2866,-170,-442
115,87,3738,2863,-192,-433
115,87,3742,2854,-248,-337
115,87,3746,2854,-300,-332
115,87,3755,2865,-326,-378
117,87,3734,2851,353,-274
117,87,3744,2856,0,-395
117,87,3744,2874,0,-500
117,87,3764,2862,0,-447
117,87,3772,2878,361,-345
117,87,3773,2872,-296,-402
124,23,3891,732,500,0
124,23,3891,733,500,0
124,23,3895,734,335,0
124,23,3896,739,314,0
124,23,3896,743,314,0
124,23,3896,747,314,0
124,23,3896,748,314,0
124,23,3896,749,314,0
124,23,3896,750,314,0
124,23,3896,752,314,0
124,23,3896,753,314,0
124,23,3896,754,314,0
124,23,3896,756,314,0
124,23,3896,757,314,0
124,23,3896,758,314,0
124,23,3896,759,314,0
124,23,3896,760,314,0
124,23,3896,761,314,0
124,23,3896,762,314,0
124,23,3896,763,314,0
124,23,3896,764,314,0
124,23,3896,765,314,0
124,23,3896,766,314,0
124,23,3896,767,314,0
124,23,3896,768,314,0
124,23,3896,769,314,0
124,23,3896,770,314,0
124,23,3896,771,314,0
124,23,3896,772,314,0
124,23,3896,773,314,0
124,23,3896,775,314,0
124,23,3896,776,314,0
124,23,3896,777,314,0
124,23,3896,778,314,0
124,23,3896,779,314,0
124,23,3897,735,340,-17
124,23,3899,776,340,0
124,23,3900,733,500,0
124,23,3907,775,392,0
124,23,3911,768,418,0
124,23,3911,769,418,0
124,23,3911,770,418,0
124,23,3911,771,418,0
124,23,3911,772,418,0
124,23,3911,773,418,0
124,23,3911,775,418,0
124,23,3911,776,418,0
124,23,3911,777,418,0
124,23,3911,778,418,0
124,23,3911,779,418,0
124,23,3920,776,471,0
124,23,3949,814,87,-439
124,21,3902,736,417,-31
124,21,3903,733,418,0
124,21,3903,733,500,0
124,21,3903,734,387,-9
124,21,3903,736,429,-52
124,21,3903,736,431,-32
124,21,3904,734,392,-20
124,21,3904,734,392,0
124,21,3904,735,391,-29
124,21,3904,744,321,-307
124,21,3904,746,321,-307
124,21,3904,747,321,-307
124,21,3904,751,321,-307
124,21,3905,734,391,-29
124,21,3905,734,392,0
124,21,3905,735,391,-29
124,21,3905,735,392,-9
124,21,3905,735,412,-30
124,21,3905,736,429,-42
124,21,3906,732,392,0
124,21,3907,732,392,0
124,21,3907,733,392,0
124,21,3907,736,457,-34
124,21,3908,741,340,-325
124,21,3908,745,340,-325
124,21,3908,747,340,-325
124,21,3908,748,340,-325
124,21,3909,734,418,0
124,21,3911,727,351,-351
124,21,3911,729,351,-351
124,21,3911,737,351,-351
124,21,3911,739,351,-351
124,21,3911,740,351,-351
124,21,3911,741,351,-351
124,21,3911,743,351,-351
124,21,3911,744,351,-351
124,21,3920,650,490,97
124,21,3923,648,257,429
124,21,3924,732,345,-361
124,21,3935,673,224,447
124,21,3944,756,156,-474
124,21,3949,723,258,-332
124,21,3953,708,112,238
124,21,3953,720,360,-80
124,21,3953,726,-210,10
124,21,3956,727,213,142
124,21,3959,716,18,18
124,21,3959,720,338,50
124,21,3961,724,-134,163
124,21,3962,724,-23,11
124,21,3962,724,20,15
124,21,3963,724,-26,0
124,21,3965,724,0,0
125,22,3935,733,500,0
125,22,3935,734,498,-37
125,22,3936,732,478,-144
125,22,3936,732,500,0
125,22,3936,733,500,0
125,22,3938,733,496,-60
125,22,3938,733,500,0
125,22,3940,730,466,-179
125,22,3940,733,492,-85
125,22,3946,695,224,447
125,22,3948,697,224,447
125,22,3950,742,167,-470
125,22,3953,716,447,0
125,22,3955,725,132,-126
125,22,3956,728,37,-247
125,22,3976,715,10,-24
124,20,3891,667,500,11
124,20,3891,668,500,0
124,20,3891,668,500,11
124,20,3891,675,500,11
124,20,3895,665,498,48
124,20,3901,696,416,-277
124,20,3901,698,408,-287
124,20,3905,702,349,-316
124,20,3906,701,340,-325
124,20,3906,702,349,-316
124,20,3907,701,340,-325
124,20,3907,705,325,-340
124,20,3911,702,351,-351
124,20,3911,703,351,-351
124,20,3911,712,351,-351
124,20,3914,688,353,-353
124,20,3914,705,287,-408
124,20,3924,640,0,500
124,20,3924,651,0,183
124,20,3929,684,345,-361
124,20,3932,651,274,0
124,20,3932,682,299,-366
124,20,3936,651,264,0
124,20,3936,732,478,-144
124,20,3937,682,-316,386
124,20,3941,677,-78,0
124,20,3944,720,121,-484
124,20,3945,715,121,-484
124,20,3946,746,121,-484
124,20,3947,705,118,-432
124,20,3947,706,114,-459
124,20,3948,651,169,-70
124,20,3956,684,211,394
38,117,1139,3747,500,0
38,117,1139,3747,500,11
38,117,1140,3742,496,60
38,117,1142,3729,462,191
38,117,1144,3787,314,0
38,117,1147,3796,340,0
38,117,1151,3804,366,0
38,117,1152,3806,391,-29
38,117,1152,3808,442,-43
38,117,1153,3806,391,-29
38,117,1155,3804,392,0
38,117,1155,3805,392,0
38,117,1159,3787,418,0
38,117,1160,3825,368,-334
38,117,1166,3723,437,97
38,117,1171,3748,421,0
38,117,1174,3826,345,-361
38,117,1185,3767,-264,-253
38,117,1199,3796,72,239
38,117,1203,3784,-75,-72
38,117,1204,3790,387,-77
38,117,1207,3788,18,17
38,117,1209,3796,-134,163
38,117,1210,3796,25,7
38,117,1211,3794,316,316
38,117,1211,3796,-23,11
38,117,1212,3796,-23,11
38,117,1236,3792,25,-7
38,119,1144,3796,314,0
38,119,1144,3804,314,0
38,119,1144,3851,314,0
38,119,1145,3806,340,-8
38,119,1145,3853,340,-17
38,119,1145,3853,340,-8
38,119,1147,3804,340,0
38,119,1148,3804,340,0
38,119,1159,3851,418,0
38,119,1159,3875,500,0
38,119,1162,3754,386,316
38,119,1166,3852,471,-24
38,119,1186,3884,500,11
38,119,1188,3756,181,438
38,119,1192,3759,148,449
38,119,1211,3852,-138,74
39,120,1192,3853,441,236
39,120,1197,3875,473,0
39,120,1200,3858,399,253
39,120,1200,3859,399,253
39,120,1204,3837,0,500
39,120,1204,3838,0,500
39,120,1227,3875,212,0
39,120,1230,3892,0,0
39,120,1234,3858,133,128
122,88,3832,2870,484,-121
122,88,3837,2870,466,-179
122,88,3842,2867,488,-109
122,88,3849,2879,457,-203
122,88,3859,2859,421,0
122,88,3862,2869,400,-132
122,88,3862,2869,403,-121
122,88,3867,2903,353,-353
122,88,3882,2897,353,-353
122,88,3882,2905,345,-361
122,88,3882,2906,345,-361
122,88,3889,2898,345,-361
122,88,3889,2898,353,-353
122,88,3890,2902,306,-394
122,88,3921,2894,43,-446
122,88,3924,2895,0,-447
123,89,3859,2876,500,11
123,89,3864,2881,500,25
123,89,3869,2876,500,0
123,89,3869,2906,408,-287
123,89,3869,2908,408,-287
123,89,3874,2909,340,-325
123,89,3874,2910,349,-316
123,89,3875,2909,340,-325
123,89,3875,2913,325,-340
123,89,3878,2906,358,-344
123,89,3879,2908,351,-351
123,89,3879,2917,351,-351
123,89,3881,2884,473,0
123,89,3882,2913,287,-408
123,89,3903,2891,271,-387
123,89,3908,2885,-428,-129
123,89,3912,2922,132,-482
123,89,3913,2923,121,-484
123,89,3914,2876,-303,-91
123,89,3914,2877,-328,-99
123,89,3914,2954,121,-484
123,89,3919,2874,-224,-80
123,89,3921,2886,-274,353
119,87,3834,2859,482,-132
119,87,3834,2860,482,-132
119,87,3836,2865,466,-179
119,87,3842,2872,267,-421
119,87,3851,2853,0,-157
119,87,3851,2862,0,-447
119,87,3852,2863,-23,-447
118,88,3725,2859,473,0
118,88,3739,2909,371,-335
118,88,3740,2908,361,-345
118,88,3743,2905,361,-345
118,88,3765,2890,0,-418
118,88,3766,2890,0,-418
118,88,3766,2894,0,-444
118,88,3766,2904,-22,-444
118,88,3766,2920,-17,-340
118,88,3767,2890,0,-418
118,88,3767,2920,-17,-340
118,88,3768,2890,0,-418
118,88,3768,2920,-17,-340
118,88,3769,2890,0,-418
118,88,3769,2920,-17,-340
118,88,3770,2890,0,-418
118,88,3770,2920,-17,-340
118,88,3771,2890,0,-418
118,88,3771,2920,-17,-340
118,88,3772,2890,0,-418
118,88,3772,2920,-17,-340
118,88,3772,2921,0,-314
118,88,3773,2890,0,-418
118,88,3773,2920,-17,-340
118,88,3774,2890,0,-418
118,88,3774,2920,-17,-340
118,88,3774,2921,0,-314
118,88,3775,2890,0,-418
118,88,3775,2920,-17,-340
118,88,3775,2921,7,-314
118,88,3776,2890,0,-418
118,88,3776,2909,353,-353
118,88,3776,2920,-17,-340
118,88,3777,2890,0,-418
118,88,3777,2920,-17,-340
118,88,3778,2890,0,-418
118,88,3778,2920,-17,-340
118,88,3779,2890,0,-418
118,88,3779,2920,-17,-340
118,88,3780,2890,0,-418
118,88,3780,2920,-17,-340
118,88,3781,2890,0,-418
118,88,3781,2920,-17,-340
118,88,3782,2890,0,-418
118,88,3782,2920,-17,-340
118,88,3783,2890,0,-418
118,88,3783,2920,-17,-340
118,88,3784,2890,0,-418
118,88,3784,2894,0,-444
118,88,3784,2920,-17,-340
118,88,3785,2890,0,-418
118,88,3785,2920,-17,-340
118,88,3786,2888,0,-418
118,88,3786,2890,0,-418
118,88,3786,2894,0,-444
118,88,3786,2920,-17,-340
118,88,3786,2921,0,-314
118,88,3787,2890,0,-418
118,88,3787,2912,-29,-391
118,88,3787,2920,-17,-340
118,88,3788,2883,0,-366
118,88,3788,2890,0,-418
118,88,3788,2916,-18,-366
118,88,3788,2920,-17,-340
118,88,3788,2921,0,-314
118,88,3789,2920,-17,-340
118,88,3790,2890,0,-418
118,88,3790,2920,-17,-340
118,88,3791,2920,-17,-340
118,88,3792,2886,0,-392
118,88,3792,2920,-17,-340
118,88,3793,2920,-17,-340
118,88,3794,2920,-17,-340
118,88,3795,2890,0,-418
118,88,3796,2890,0,-418
118,88,3796,2920,-17,-340
118,88,3797,2890,0,-418
118,88,3797,2920,-17,-340
118,88,3798,2886,0,-392
118,88,3798,2890,0,-418
118,88,3798,2920,-17,-340
118,88,3799,2890,0,-418
118,88,3799,2920,-17,-340
118,88,3800,2890,0,-418
118,88,3800,2920,-17,-340
118,88,3801,2890,0,-418
118,88,3801,2920,-17,-340
118,88,3801,2921,0,-314
118,88,3802,2890,0,-418
118,88,3802,2920,-17,-340
118,88,3803,2890,0,-418
118,88,3803,2920,-17,-340
118,88,3804,2894,0,-444
118,88,3804,2920,-17,-340
118,88,3805,2920,-17,-340
118,88,3806,2886,0,-392
118,88,3806,2890,0,-418
118,88,3807,2920,-17,-340
118,88,3809,2873,0,-287
118,88,3810,2920,-17,-340
118,88,3814,2890,0,-418
118,88,3815,2890,0,-418
118,88,3815,2920,-17,-340
118,88,3816,2920,-17,-340
118,88,3817,2920,-17,-340
118,88,3818,2890,0,-418
118,88,3819,2920,-17,-340
118,88,3824,2890,0,-418
118,88,3825,2920,-17,-340
118,88,3828,2880,0,-366
118,88,3828,2890,0,-418
118,88,3828,2921,0,-314
118,88,3829,2920,-17,-340
118,88,3836,2890,0,-418
118,88,3836,2920,-17,-340
118,88,3837,2920,-17,-340
118,88,3838,2920,-17,-340
118,88,3839,2920,26,-360
118,88,3840,2910,0,-414
118,88,3840,2918,0,-361
118,88,3844,2891,0,-421
7,41,244,1265,0,447
7,41,244,1277,0,0
7,41,244,1277,0,447
7,41,247,1247,-60,496
7,41,253,1255,-296,402
7,41,262,1264,-494,74
7,41,262,1265,-494,74
7,41,263,1263,-416,277
7,41,263,1265,-494,74
9,41,228,1362,496,-60
9,41,233,1361,469,-57
9,41,310,1255,236,441
9,41,316,1251,361,345
9,41,319,1251,316,386
9,41,330,1246,0,500
9,41,331,1265,0,447
9,41,331,1283,0,26
9,41,334,1265,0,447
9,41,335,1264,-23,447
8,40,221,1257,431,118
8,40,230,1231,181,438
8,40,233,1210,224,447
8,40,256,1210,0,340
8,40,257,1210,-17,340
8,40,258,1210,-25,338
8,40,264,1207,0,314
8,40,265,1207,0,314
8,40,271,1207,0,314
8,40,271,1246,0,261
8,40,271,1247,0,261
8,40,272,1207,0,314
8,40,273,1207,0,314
8,40,274,1207,0,314
8,40,275,1207,0,314
8,40,276,1207,0,314
8,40,277,1207,0,314
8,40,278,1207,0,314
8,40,278,1254,0,130
8,40,281,1207,0,314
8,40,281,1210,0,340
8,40,282,1207,0,314
8,40,283,1207,0,314
8,40,286,1207,7,314
8,40,287,1207,0,314
8,40,297,1207,0,314
8,40,301,1207,0,314
8,40,305,1207,0,314
8,40,305,1208,25,338
8,40,307,1207,0,314
8,40,308,1207,0,314
8,40,310,1207,0,314
8,40,311,1207,0,314
8,40,312,1207,0,314
8,40,313,1207,0,314
8,40,313,1208,25,338
8,40,316,1207,0,314
8,40,317,1207,0,314
8,40,318,1207,0,314
8,40,319,1207,0,314
8,40,320,1207,0,314
8,40,323,1207,0,314
8,40,324,1207,0,314
4,40,204,1256,125,-37
4,40,207,1247,-335,371
4,40,208,1220,-277,416
4,40,212,1248,-176,194
4,40,213,1248,-176,194
4,40,214,1222,-335,371
4,40,216,1249,-176,194
4,40,236,1255,-421,150
4,40,242,1250,-457,203
3,39,156,1182,0,500
3,39,161,1171,144,478
3,39,171,1201,0,447
3,39,179,1218,-114,458
3,39,179,1219,-85,492
3,39,180,1219,-85,492
3,39,181,1177,-121,484
3,39,182,1204,-121,484
3,39,182,1215,-140,424
3,39,184,1194,-277,416
3,39,184,1268,-15,20
3,39,186,1246,470,-167
3,39,187,1190,-441,236
3,39,187,1268,-26,3
3,39,187,1268,-25,4
3,39,188,1191,-441,236
3,39,192,1188,-500,0
3,39,192,1268,-25,-8
3,39,197,1188,-500,0
3,39,197,1267,-100,-30
3,39,213,1215,-287,408
3,39,220,1203,-340,325
3,39,220,1218,-340,325
3,39,221,1218,-340,325
3,38,135,1172,-157,116
3,38,156,1157,0,500
3,38,184,1158,-144,478
3,38,184,1164,-159,445
3,38,218,1193,-500,0
3,38,220,1174,-340,325
3,38,220,1175,-340,325
3,38,220,1177,-340,325
3,38,220,1178,-340,325
3,38,220,1181,-340,325
3,38,220,1193,-340,325
3,38,221,1174,-340,325
3,38,221,1175,-340,325
3,38,221,1187,-392,0
3,38,221,1187,-340,325
3,38,221,1188,-392,0
3,38,221,1193,-340,325
3,38,222,1185,-392,8
3,38,223,1185,-412,30
3,38,223,1185,-391,28
3,38,224,1188,-366,0
3,38,225,1185,-366,8
88,11,2835,453,0,-500
88,11,2882,331,-26,3
88,11,2883,332,-381,-281
88,11,2884,331,-26,-3
88,11,2893,291,-20,395
88,11,2912,422,0,-500
88,11,2913,404,-290,0
88,11,2914,391,-238,0
88,11,2916,388,-342,-8
88,11,2924,390,-419,-31
88,11,2925,326,-417,160
88,11,2927,380,-447,0
88,11,2927,390,-447,-23
88,11,2928,388,-447,0
88,11,2929,391,-472,-35
88,11,2930,388,-473,0
88,11,2932,380,-473,0
88,11,2934,381,-345,361
88,11,2934,382,-345,361
88,11,2934,393,-500,-11
88,11,2934,395,-316,386
88,11,2935,377,-361,345
88,11,2935,389,-361,345
88,11,2936,316,-418,0
88,11,2938,330,-488,109
88,11,2938,378,-345,361
88,11,2938,379,-345,361
88,11,2938,388,-500,0
88,11,2938,392,-500,0
88,11,2938,393,-500,-11
88,11,2942,321,-392,8
88,11,2942,325,-392,-9
88,11,2943,321,-392,19
88,11,2943,323,-392,0
88,11,2945,321,-366,8
88,11,2946,316,-492,85
88,11,2957,386,-500,11
39,118,1184,3773,361,345
39,118,1184,3804,500,0
39,118,1184,3806,462,-191
39,118,1188,3811,148,-450
39,118,1193,3765,224,447
39,118,1202,3793,442,-66
39,118,1206,3793,416,-62
39,118,1232,3796,83,62
39,118,1233,3787,-1,-26
35,124,1044,3956,500,0
35,124,1065,3934,345,361
35,124,1065,3934,361,345
35,124,1068,3915,371,335
35,124,1068,3941,470,167
35,124,1068,4036,500,0
35,124,1074,3933,459,0
35,124,1078,3937,384,230
35,124,1088,3906,332,332
35,124,1090,3905,325,340
35,124,1091,3906,332,332
35,124,1092,3905,325,340
35,124,1092,3905,332,332
35,124,1092,3906,332,332
35,124,1095,3906,332,332
35,124,1096,3905,325,340
35,124,1098,3906,332,332
35,124,1098,3907,368,333
35,124,1100,3898,0,340
35,124,1100,3951,355,225
35,124,1101,3905,332,332
35,124,1101,3906,332,332
35,124,1101,3908,368,333
35,124,1102,3899,0,340
35,124,1102,3905,325,340
35,124,1102,3905,332,332
35,124,1102,3906,332,332
35,124,1102,3906,340,325
35,124,1103,3906,332,332
35,124,1103,3906,340,325
35,124,1104,3933,198,207
35,124,1105,3895,0,314
35,124,1106,3906,332,332
35,124,1106,3909,351,351
35,124,1107,3905,325,340
35,124,1107,3906,332,332
35,124,1107,3908,368,333
35,124,1108,3895,0,314
35,124,1108,3938,153,178
35,124,1109,3895,0,314
35,124,1109,3896,17,340
35,124,1109,3905,332,332
35,124,1109,3906,332,332
35,124,1110,3895,0,314
35,124,1111,3895,0,314
35,124,1112,3906,332,332
35,124,1113,3895,0,314
35,124,1113,3906,332,332
35,124,1114,3895,0,314
35,124,1115,3905,325,340
35,124,1115,3906,332,332
35,124,1117,3895,0,314
35,124,1117,3906,332,332
35,124,1119,3906,332,332
35,124,1120,3895,0,314
35,124,1120,3905,332,332
35,124,1120,3906,332,332
35,124,1121,3906,332,332
35,124,1123,3906,332,332
35,124,1124,3938,0,369
35,124,1125,3905,325,340
35,124,1125,3906,332,332
35,124,1127,3906,332,332
35,124,1127,3909,358,343
35,124,1128,3905,325,340
35,124,1128,3906,332,332
35,124,1129,3905,325,340
35,124,1130,3905,325,340
35,124,1130,3906,332,332
35,124,1130,3906,340,325
35,124,1131,3906,340,325
38,123,1142,3933,500,0
38,123,1144,3933,500,0
38,123,1150,3910,402,296
38,123,1153,3905,340,325
38,123,1153,3906,340,325
38,123,1153,3906,349,316
38,123,1154,3906,340,325
38,123,1154,3906,349,316
38,123,1155,3892,332,332
38,123,1155,3893,332,332
38,123,1155,3894,332,332
38,123,1155,3896,332,332
38,123,1155,3896,340,325
38,123,1155,3898,332,332
38,123,1155,3899,332,332
38,123,1155,3900,332,332
38,123,1155,3902,332,332
38,123,1155,3903,316,349
38,123,1155,3906,340,325
38,123,1155,3920,345,361
38,123,1156,3906,332,332
38,123,1156,3925,353,353
38,123,1156,3946,482,132
38,123,1165,3940,457,125
38,123,1174,3912,317,351
38,123,1175,3912,317,351
38,123,1181,3924,291,304
38,123,1190,3956,21,-14
38,123,1204,3909,23,10
38,123,1204,3919,0,-78
37,124,1107,3944,470,167
37,124,1109,3946,470,167
37,124,1112,3941,470,167
37,124,1112,3949,494,74
37,124,1112,3951,492,85
37,124,1140,3949,442,66
37,124,1160,3916,353,353
37,124,1162,3910,345,361
37,124,1162,3923,345,361
37,124,1163,3912,353,353
37,124,1163,3913,353,353
37,124,1163,3927,345,361
37,124,1173,3949,-125,-233
37,124,1180,3950,-25,-260
37,124,1204,3950,0,0
88,5,2855,236,-137,-101
88,5,2860,213,-62,-175
88,5,2879,212,-262,394
88,5,2879,219,-171,385
88,5,2881,210,149,249
88,5,2891,229,0,-395
88,5,2891,242,0,-473
88,5,2902,236,-140,-425
88,5,2902,240,-137,-453
88,5,2903,240,-148,-450
88,5,2903,244,-144,-478
88,5,2910,164,-200,398
88,5,2919,222,-500,-25
88,5,2937,211,-344,-359
88,5,2937,223,-359,-344
88,5,2937,232,-359,-344
88,5,2938,160,-500,0
88,5,2938,222,-418,21
88,5,2940,228,-333,-333
88,5,2940,235,-333,-333
88,5,2941,212,-340,-325
88,5,2941,226,-340,-325
88,5,2941,227,-340,-325
88,5,2941,228,-340,-325
88,5,2941,235,-340,-325
88,5,2942,222,-392,0
88,5,2956,155,-500,11
88,5,2956,190,-495,48
87,6,2850,244,-22,13
87,6,2885,267,-300,-366
87,6,2893,241,-442,-66
87,6,2894,241,-442,-66
87,6,2898,235,-473,0
87,6,2903,236,-235,0
87,6,2908,259,-361,-345
87,6,2908,259,-306,-394
87,6,2908,259,-148,-450
87,6,2912,196,-500,0
87,6,2912,196,-457,125
87,6,2912,252,-500,0
