2,1,134,84,24,9
2,1,139,110,0,-447
2,1,141,114,-81,-466
2,1,156,99,-361,-345
2,1,170,114,-345,-361
2,1,173,117,-353,-353
2,1,176,104,-471,10
2,1,177,121,-345,-361
2,1,178,63,-471,23
2,1,178,65,-471,23
2,1,178,67,-471,23
2,1,178,69,-471,23
2,1,178,71,-471,23
2,1,178,73,-471,23
2,1,186,112,-382,-229
2,1,186,112,-375,-238
2,1,187,92,-418,21
2,1,192,92,-366,0
2,1,199,60,-340,17
2,1,199,62,-340,17
2,1,199,64,-340,17
2,1,199,66,-340,17
2,1,199,68,-340,17
2,1,199,70,-340,17
2,1,199,72,-340,17
2,1,200,74,-314,0
2,1,204,30,-495,48
2,1,204,36,-500,0
124,88,3891,2813,500,-11
124,88,3891,2814,500,0
124,88,3891,2815,500,-25
124,88,3891,2818,496,-60
124,88,3891,2820,500,0
124,88,3892,2815,500,-25
124,88,3892,2820,500,0
124,88,3892,2821,500,-25
124,88,3892,2836,471,0
124,88,3893,2836,500,0
124,88,3894,2813,500,0
124,88,3894,2814,500,0
124,88,3895,2836,471,0
124,88,3896,2815,500,-25
124,88,3898,2814,500,0
124,88,3898,2830,492,85
124,88,3899,2790,416,277
124,88,3902,2790,402,296
124,88,3904,2778,321,307
124,88,3905,2768,321,307
124,88,3905,2773,321,307
124,88,3905,2774,321,307
124,88,3905,2785,340,325
124,88,3905,2786,340,325
124,88,3906,2786,340,325
124,88,3907,2771,332,332
124,88,3907,2771,340,325
124,88,3907,2772,332,332
124,88,3907,2772,340,325
124,88,3907,2773,332,332
124,88,3907,2773,340,325
124,88,3907,2774,332,332
124,88,3907,2775,332,332
124,88,3907,2776,332,332
124,88,3907,2776,340,325
124,88,3907,2777,332,332
124,88,3907,2777,340,325
124,88,3907,2778,332,332
124,88,3907,2779,332,332
124,88,3907,2780,332,332
124,88,3907,2781,332,332
124,88,3907,2782,332,332
124,88,3907,2783,332,332
124,88,3907,2785,332,332
124,88,3907,2786,332,332
124,88,3907,2786,340,325
124,88,3907,2794,345,361
124,88,3907,2794,353,353
124,88,3907,2800,345,361
124,88,3907,2801,345,361
124,88,3907,2802,345,361
124,88,3908,2762,332,332
124,88,3908,2784,325,340
124,88,3908,2786,332,332
124,88,3908,2820,482,132
124,88,3909,2806,353,353
124,88,3910,2803,353,353
124,88,3910,2806,353,353
124,88,3911,2765,358,343
124,88,3911,2766,358,343
124,88,3921,2823,447,0
124,88,3923,2836,421,0
124,88,3929,2796,334,334
124,88,3929,2801,309,323
124,88,3931,2800,309,323
124,88,3932,2836,342,0
124,88,3933,2804,291,304
124,88,3933,2811,194,215
124,88,3933,2823,342,-8
124,88,3934,2802,291,304
124,88,3934,2803,291,304
124,88,3934,2804,291,304
124,88,3934,2806,237,247
124,88,3934,2822,316,-7
124,88,3934,2837,287,-14
124,88,3934,2838,287,-14
124,88,3935,2822,316,-7
124,88,3939,2764,181,438
124,88,3940,2800,25,5
124,88,3941,2761,232,348
124,88,3941,2768,181,438
124,88,3945,2775,93,244
124,88,3948,2747,121,484
124,88,3948,2748,156,474
124,88,3949,2747,121,484
124,88,3949,2806,-419,41
124,88,3952,2794,112,292
124,88,3953,2773,60,496
124,88,3955,2807,-22,128
124,88,3956,2739,0,500
124,88,3956,2765,0,473
124,88,3956,2769,0,447
124,88,3956,2774,0,500
124,88,3956,2776,0,395
124,88,3956,2781,224,447
124,88,3956,2802,-24,-196
124,88,3956,2802,0,-130
124,88,3956,2802,1,-78
124,88,3956,2803,0,-130
124,88,3957,2795,23,-155
124,88,3957,2798,74,-138
124,88,3957,2799,74,-138
124,88,3957,2800,61,-115
124,88,3957,2803,21,-14
124,88,3958,2797,152,-101
124,88,3958,2799,-15,-208
124,88,3959,2795,-51,-10
124,88,3959,2795,-33,-446
124,88,3959,2795,-25,-5
124,88,3959,2798,262,-394
124,88,3959,2802,325,-174
124,88,3959,2803,325,-174
124,88,3960,2795,-20,-16
124,88,3960,2799,155,-276
124,88,3961,2795,-23,-12
124,88,3962,2795,-60,-496
124,88,3962,2795,23,-12
124,88,3962,2795,26,0
124,88,3962,2798,248,-372
124,88,3963,2795,0,52
124,88,3963,2795,296,-402
124,88,3964,2795,-23,-12
124,88,3965,2797,202,50
124,88,3968,2913,-67,-386
124,88,3980,2795,25,-7
124,88,3980,2796,16,-19
124,88,3986,2786,198,207
124,88,3987,2798,57,-255
2,88,54,2799,-150,-45
2,88,64,2796,-105,-149
2,88,91,2769,-75,195
2,88,107,2770,0,183
2,88,107,2771,0,183
2,88,109,2774,-369,8
2,88,116,2777,-132,371
2,88,116,2799,-25,260
2,88,118,2774,-304,291
2,88,122,2775,-209,0
2,88,122,2784,-250,-339
2,88,124,2788,77,105
2,88,125,2765,-459,-114
2,88,126,2787,-372,-199
2,88,126,2794,-54,-312
2,88,126,2801,300,-99
2,88,127,2777,-381,-105
2,88,127,2798,-91,-220
2,88,127,2803,141,-75
2,88,128,2780,-418,-51
2,88,128,2781,-332,-300
2,88,128,2794,106,-298
2,88,129,2794,-281,-381
2,88,129,2799,74,-226
2,88,129,2800,122,-205
2,88,130,2774,-283,346
2,88,130,2795,-219,-297
2,88,130,2797,68,-228
2,88,131,2783,-285,-273
2,88,131,2784,-159,-446
2,88,131,2798,-137,-194
2,88,131,2800,46,-207
2,88,132,2779,-170,-442
2,88,132,2779,-159,-446
2,88,132,2785,-215,-263
2,88,132,2792,95,-383
2,88,132,2797,-203,-276
2,88,132,2798,-266,-360
2,88,133,2785,-161,-390
2,88,133,2788,74,-494
2,88,133,2791,58,-391
2,88,133,2793,-10,-447
2,88,133,2798,-210,-270
2,88,133,2802,117,-144
2,88,134,2779,-192,-433
2,88,134,2782,-160,-361
2,88,134,2793,35,-367
2,88,134,2796,-33,-341
2,88,134,2797,-33,-341
2,88,134,2803,-241,-107
2,88,135,2780,-362,-217
2,88,135,2790,38,-394
2,88,135,2801,-333,-211
2,88,135,2802,-372,-199
2,88,136,2795,-327,-342
2,88,136,2795,-41,-205
2,88,136,2801,-194,-250
2,88,136,2802,-319,-275
2,88,137,2778,-233,-412
2,88,137,2788,190,-285
2,88,137,2793,-41,-340
2,88,138,2803,-25,-45
2,88,139,2761,0,473
2,88,139,2788,176,-294
2,88,140,2774,-132,482
2,88,140,2775,-132,482
2,88,142,2803,161,-86
2,88,142,2804,198,132
2,88,150,2772,-140,424
2,88,151,2767,-159,445
2,88,151,2767,-148,449
2,88,151,2771,-187,217
2,88,153,2900,-167,-470
2,88,156,2759,-353,353
2,88,157,2760,-203,457
2,88,160,2814,-290,-14
2,88,162,2805,-273,285
2,88,162,2820,-237,-17
2,88,162,2836,-235,0
2,88,163,2807,-230,254
2,88,164,2785,-344,241
2,88,164,2785,-339,250
2,88,164,2813,-342,0
2,88,165,2785,-344,241
2,88,166,2776,-316,316
2,88,166,2777,-316,316
2,88,166,2813,-342,0
2,88,168,2783,-360,265
2,88,170,2875,-400,-201
2,88,172,2773,-351,317
2,88,172,2775,-366,299
2,88,173,2799,-394,306
2,88,173,2813,-395,0
2,88,174,2823,-446,-33
2,88,175,2814,-457,125
2,88,175,2820,-457,125
2,88,175,2836,-473,0
2,88,176,2817,-361,345
2,88,180,2826,-361,345
2,88,181,2782,-492,-85
2,88,182,2785,-353,353
2,88,182,2802,-500,25
2,88,182,2812,-345,361
2,88,182,2820,-500,0
2,88,182,2825,-482,132
2,88,183,2809,-402,296
2,88,183,2821,-361,345
2,88,185,2775,-359,343
2,88,185,2775,-351,351
2,88,185,2776,-351,351
2,88,185,2777,-351,351
2,88,185,2778,-351,351
2,88,185,2790,-361,345
2,88,185,2796,-345,361
2,88,185,2809,-345,361
2,88,185,2817,-361,345
2,88,186,2809,-345,361
2,88,186,2810,-345,361
2,88,186,2811,-345,361
2,88,187,2790,-500,0
2,88,187,2812,-345,361
2,88,188,2771,-333,332
2,88,188,2772,-340,325
2,88,188,2772,-333,332
2,88,188,2773,-340,325
2,88,188,2774,-340,325
2,88,188,2775,-340,325
2,88,188,2776,-340,325
2,88,188,2777,-340,325
2,88,188,2780,-340,325
2,88,188,2780,-333,332
2,88,188,2781,-340,325
2,88,188,2782,-340,325
2,88,188,2783,-340,325
2,88,188,2784,-500,0
2,88,188,2784,-357,307
2,88,188,2784,-340,325
2,88,188,2785,-364,298
2,88,188,2785,-340,325
2,88,188,2786,-340,325
2,88,188,2793,-345,361
2,88,188,2795,-408,287
2,88,188,2795,-402,296
2,88,188,2805,-345,361
2,88,188,2806,-353,353
2,88,189,2771,-340,325
2,88,189,2772,-340,325
2,88,189,2775,-340,325
2,88,189,2776,-340,325
2,88,189,2779,-340,325
2,88,189,2780,-340,325
2,88,189,2781,-340,325
2,88,189,2782,-316,349
2,88,189,2784,-357,307
2,88,189,2785,-340,325
2,88,189,2786,-340,325
2,88,189,2787,-340,325
2,88,189,2794,-402,296
2,88,189,2806,-361,345
2,88,190,2786,-350,316
2,88,190,2786,-340,325
2,88,190,2787,-340,325
2,88,191,2772,-371,335
2,88,191,2779,-321,307
2,88,191,2781,-330,298
2,88,192,2777,-321,307
2,88,192,2781,-337,290
2,88,192,2782,-337,290
2,88,192,2783,-321,307
2,88,192,2786,-394,306
2,88,192,2788,-378,326
2,88,192,2790,-402,296
2,88,193,2776,-378,326
2,88,193,2785,-402,296
2,88,193,2788,-386,316
2,88,193,2791,-408,287
2,88,193,2792,-408,287
2,88,194,2786,-386,316
2,88,194,2786,-378,326
2,88,194,2790,-402,296
2,88,194,2792,-408,287
2,88,195,2786,-386,316
2,88,195,2787,-421,267
2,88,195,2814,-500,-11
2,88,196,2789,-402,296
2,88,202,2828,-500,0
2,88,204,2813,-500,-11
2,88,204,2820,-500,0
2,88,205,2814,-500,0
125,87,3932,2808,494,-74
125,87,3935,2819,408,-287
125,87,3936,2812,381,-281
125,87,3936,2812,478,-144
125,87,3936,2812,492,-85
125,87,3936,2815,408,287
125,87,3938,2820,386,-316
125,87,3938,2822,488,-109
125,87,3940,2810,466,-179
125,87,3940,2819,378,-326
125,87,3941,2821,378,-326
125,87,3942,2819,378,-326
125,87,3942,2820,378,-326
125,87,3942,2821,378,-326
125,87,3945,2773,224,447
125,87,3945,2812,473,0
125,87,3946,2776,224,447
125,87,3948,2775,203,457
125,87,3949,2779,179,466
125,87,3949,2796,473,0
125,87,3949,2812,361,-345
125,87,3950,2778,203,457
125,87,3951,2775,144,478
125,87,3953,2775,60,496
125,87,3953,2790,224,447
125,87,3953,2797,442,66
125,87,3953,2799,445,43
125,87,3953,2815,132,-482
125,87,3953,2820,447,0
125,87,3954,2815,378,-326
125,87,3954,2818,85,-492
125,87,3956,2780,0,500
125,87,3956,2781,224,447
125,87,3956,2782,0,473
125,87,3956,2784,0,500
125,87,3956,2807,0,-341
125,87,3956,2808,0,-328
125,87,3956,2808,37,-247
125,87,3956,2812,51,-257
125,87,3956,2819,37,-498
125,87,3958,2795,262,5
125,87,3958,2804,167,-313
125,87,3965,2803,130,2
125,87,3968,2762,433,108
125,87,3975,2800,301,91
125,87,3979,2742,131,400
125,87,3979,2804,167,130
125,87,3983,2795,64,-114
125,87,3986,2795,7,-78
125,87,4024,2732,466,179
125,87,4075,2706,0,500
125,87,4075,2716,0,500
125,87,4075,2726,0,500
125,87,4081,2724,-74,494
1,87,16,2707,85,492
1,87,20,2706,0,500
1,87,54,2866,-44,-177
1,87,114,2800,97,273
1,87,117,2802,234,212
1,87,127,2763,-500,0
1,87,128,2777,-266,360
1,87,129,2772,-276,375
1,87,129,2774,-266,360
1,87,130,2781,0,0
1,87,131,2762,-432,118
1,87,131,2769,-272,386
1,87,132,2769,-272,386
1,87,133,2769,-290,373
1,87,133,2769,-281,381
1,87,136,2762,-462,103
1,87,136,2767,-246,435
1,87,136,2781,-306,394
1,87,136,2782,-360,265
1,87,139,2758,0,500
1,87,139,2804,0,-500
1,87,142,2819,-85,-492
1,87,143,2775,-316,386
1,87,145,2760,-470,167
1,87,145,2762,-492,85
1,87,146,2759,-451,212
1,87,146,2762,-498,37
1,87,148,2762,-500,25
1,87,148,2762,-496,60
1,87,149,2776,-224,-447
1,87,150,2759,-470,167
1,87,150,2767,-316,386
1,87,151,2757,-457,203
1,87,151,2759,-478,144
1,87,154,2808,-490,-97
1,87,155,2757,-478,144
1,87,155,2758,-478,144
1,87,155,2760,-496,60
1,87,155,2760,-492,85
1,87,155,2761,-498,37
1,87,155,2761,-496,60
1,87,155,2820,-371,-335
1,87,156,2755,-500,0
1,87,156,2761,-498,37
1,87,158,2761,-498,37
1,87,158,2761,-498,48
1,87,158,2814,-447,-224
1,87,160,2756,-500,0
1,87,160,2812,-500,0
124,86,3890,2755,500,0
124,86,3891,2755,500,0
124,86,3894,2756,500,0
124,86,3896,2740,314,0
124,86,3899,2731,340,0
124,86,3899,2745,329,82
124,86,3902,2736,353,166
124,86,3903,2728,341,240
124,86,3905,2704,321,307
124,86,3905,2706,321,307
124,86,3905,2710,321,307
124,86,3906,2707,340,325
124,86,3906,2716,361,345
124,86,3907,2704,325,340
124,86,3907,2707,332,332
124,86,3907,2707,340,325
124,86,3907,2708,332,332
124,86,3907,2708,340,325
124,86,3907,2709,332,332
124,86,3907,2709,340,325
124,86,3907,2710,332,332
124,86,3907,2711,332,332
124,86,3907,2712,332,332
124,86,3907,2712,340,325
124,86,3907,2713,332,332
124,86,3907,2713,340,325
124,86,3907,2714,332,332
124,86,3907,2715,332,332
124,86,3907,2716,332,332
124,86,3907,2716,340,325
124,86,3907,2717,332,332
124,86,3907,2717,340,325
124,86,3907,2718,332,332
124,86,3907,2719,316,349
124,86,3907,2719,332,332
124,86,3907,2720,316,349
124,86,3907,2720,332,332
124,86,3907,2721,332,332
124,86,3907,2722,332,332
124,86,3907,2723,332,332
124,86,3907,2724,332,332
124,86,3907,2725,332,332
124,86,3907,2729,332,332
124,86,3907,2731,332,332
124,86,3907,2732,332,332
124,86,3907,2735,332,332
124,86,3907,2736,332,332
124,86,3908,2705,325,340
124,86,3908,2707,332,332
124,86,3909,2702,351,351
124,86,3910,2703,316,386
124,86,3911,2710,358,343
124,86,3911,2711,358,343
124,86,3911,2722,358,343
124,86,3911,2726,358,343
124,86,3911,2730,358,343
124,86,3915,2700,353,353
124,86,3921,2697,353,353
124,86,3922,2697,353,353
124,86,3922,2698,353,353
124,86,3923,2756,421,0
124,86,3926,2721,-361,345
124,86,3927,2727,385,171
124,86,3928,2735,-20,392
124,86,3932,2731,-160,-300
124,86,3939,2728,-62,-227
124,86,3940,2728,-239,-277
124,86,3941,2722,362,217
124,86,3944,2732,-290,-337
124,86,3951,2717,63,253
124,86,3952,2713,337,290
124,86,3955,2737,25,-101
124,86,3956,2701,0,473
124,86,3956,2705,0,447
124,86,3956,2725,-253,-400
124,86,3958,2721,233,-412
124,86,3958,2735,-111,-111
124,86,3958,2736,219,-329
124,86,3959,2731,-37,-498
124,86,3959,2733,186,-349
124,86,3959,2739,156,-31
124,86,3960,2732,189,-377
124,86,3961,2715,377,-239
124,86,3961,2734,207,-367
124,86,3962,2734,248,-372
124,86,3962,2734,274,-353
124,86,3968,2736,-204,-167
124,86,3971,2737,314,15
124,86,3973,2709,189,376
124,86,3973,2715,381,104
124,86,3975,2711,-203,304
124,86,3976,2700,-69,346
124,86,3982,2726,141,341
124,86,3987,2804,112,112
124,86,3988,2798,72,-30
1,86,13,2692,85,492
1,86,20,2705,0,447
1,86,23,2860,-38,-394
1,86,108,2764,16,-20
1,86,112,2763,-51,-91
1,86,118,2763,157,0
1,86,119,2763,136,-77
1,86,128,2789,-266,-326
1,86,131,2797,-281,-381
1,86,132,2784,-342,0
1,86,138,2768,-416,-62
1,86,139,2757,-360,265
1,86,139,2758,0,177
1,86,143,2812,-224,-447
1,86,145,2745,-167,470
1,86,145,2759,-149,105
1,86,146,2755,-473,0
1,86,149,2774,-361,-345
1,86,150,2756,-500,0
1,86,151,2757,-457,203
1,86,154,2759,-492,85
1,86,154,2760,-490,97
1,86,154,2784,-500,0
1,86,155,2759,-492,85
1,86,157,2754,-494,74
1,86,157,2755,-500,0
1,86,157,2755,-494,74
1,86,157,2756,-466,179
1,86,158,2755,-496,60
1,86,159,2755,-500,0
1,86,159,2756,-478,144
1,86,159,2758,-488,109
1,86,160,2754,-498,48
1,86,160,2755,-500,0
1,86,160,2756,-500,0
1,86,160,2756,-488,109
1,86,160,2756,-478,144
1,86,160,2757,-484,121
1,86,161,2755,-500,0
1,86,161,2755,-498,-37
1,86,161,2757,-484,121
1,86,161,2758,-490,97
1,86,161,2759,-492,85
1,86,161,2760,-496,60
1,86,162,2757,-488,109
1,86,162,2758,-490,97
1,86,163,2757,-488,109
1,86,163,2758,-490,97
125,85,3928,2692,488,109
125,85,3932,2747,478,-144
125,85,3937,2749,457,-203
125,85,3939,2698,500,25
125,85,3940,2684,500,0
125,85,3940,2755,500,0
125,85,3942,2698,345,361
125,85,3949,2708,473,0
125,85,3949,2709,473,0
125,85,3949,2710,473,0
125,85,3949,2712,473,0
125,85,3949,2713,473,0
125,85,3949,2714,473,0
125,85,3949,2716,473,0
125,85,3949,2717,473,0
125,85,3949,2718,473,0
125,85,3949,2721,473,0
125,85,3949,2722,473,0
125,85,3949,2723,473,0
125,85,3949,2724,473,0
125,85,3949,2725,473,0
125,85,3949,2727,473,0
125,85,3949,2728,473,0
125,85,3952,2683,399,253
125,85,3953,2701,438,87
125,85,3953,2723,447,-23
125,85,3953,2724,447,-23
125,85,3953,2727,447,-23
125,85,3953,2729,447,-23
125,85,3954,2702,442,66
125,85,3954,2715,447,0
125,85,3956,2680,0,500
125,85,3956,2742,0,-328
125,85,3956,2743,0,-392
125,85,3959,2733,119,-53
125,85,3962,2648,224,447
125,85,3962,2686,325,266
125,85,3966,2690,311,242
125,85,3968,2735,248,88
125,85,3969,2686,265,293
125,85,3969,2720,363,-44
125,85,3969,2738,287,28
125,85,3972,2700,-283,346
125,85,3974,2738,287,28
125,85,3978,2700,-183,224
125,85,3982,2699,-220,91
125,85,3982,2702,-315,-31
125,85,3983,2700,-230,57
125,85,3988,2673,0,157
125,85,3988,2692,3,25
125,85,3988,2697,-123,-205
125,85,3989,2703,23,-237
125,85,3989,2707,117,-63
125,85,4075,2652,0,500
2,85,112,2689,-107,212
2,85,112,2707,5,-25
2,85,114,2698,0,-157
2,85,123,2771,0,78
2,85,126,2698,-54,-312
2,85,126,2704,191,-183
2,85,129,2704,122,-205
2,85,132,2702,-266,-360
2,85,132,2702,-248,-372
2,85,133,2702,-233,-350
2,85,136,2771,-43,287
2,85,138,2707,0,-287
2,85,139,2643,0,500
2,85,139,2665,0,473
2,85,146,2673,-87,438
2,85,156,2730,-176,48
2,85,156,2802,-191,-462
2,85,166,2755,-342,0
2,85,167,2755,-340,0
2,85,169,2708,-418,0
2,85,169,2709,-418,0
2,85,169,2711,-418,0
2,85,169,2716,-418,0
2,85,169,2717,-418,0
2,85,169,2718,-418,0
2,85,169,2741,-418,0
2,85,169,2744,-418,0
2,85,171,2716,-31,-180
2,85,173,2708,-340,0
2,85,173,2725,-444,0
2,85,173,2727,-444,0
2,85,173,2729,-444,0
2,85,173,2743,-444,0
2,85,173,2752,-444,0
2,85,173,2753,-444,0
2,85,173,2754,-444,0
2,85,174,2753,-444,0
2,85,174,2755,-447,0
2,85,175,2716,-392,0
2,85,176,2710,-471,0
2,85,177,2751,-471,23
2,85,177,2753,-471,23
2,85,177,2754,-471,23
2,85,178,2707,-471,23
2,85,178,2708,-471,23
2,85,178,2709,-471,23
2,85,178,2710,-471,23
2,85,178,2711,-471,23
2,85,178,2712,-471,23
2,85,178,2713,-471,23
2,85,178,2714,-471,23
2,85,178,2715,-471,23
2,85,178,2716,-471,23
2,85,178,2717,-471,23
2,85,178,2718,-471,23
2,85,178,2719,-471,23
2,85,178,2720,-471,23
2,85,178,2721,-471,23
2,85,178,2722,-471,23
2,85,178,2723,-471,23
2,85,178,2724,-471,23
2,85,178,2725,-471,23
2,85,178,2726,-471,23
2,85,178,2727,-471,23
2,85,178,2728,-471,23
2,85,178,2729,-471,23
2,85,178,2730,-471,23
2,85,178,2731,-471,23
2,85,178,2732,-471,23
2,85,178,2734,-471,23
2,85,178,2735,-471,23
2,85,178,2736,-471,23
2,85,178,2737,-471,23
2,85,178,2738,-471,23
2,85,178,2739,-471,23
2,85,178,2740,-471,23
2,85,178,2741,-471,23
2,85,178,2742,-471,23
2,85,178,2743,-471,23
2,85,178,2744,-471,23
2,85,178,2745,-471,23
2,85,178,2746,-471,23
2,85,178,2747,-471,23
2,85,178,2748,-471,23
2,85,178,2750,-471,23
2,85,178,2751,-471,23
2,85,178,2752,-471,23
2,85,178,2753,-471,23
2,85,178,2755,-500,0
2,85,178,2755,-473,0
2,85,180,2719,-444,0
2,85,180,2753,-444,0
2,85,180,2754,-444,0
2,85,181,2753,-444,22
2,85,181,2755,-500,0
2,85,181,2755,-447,0
2,85,182,2753,-444,22
2,85,182,2755,-500,0
2,85,183,2713,-444,22
2,85,183,2732,-444,22
2,85,183,2738,-444,22
2,85,183,2751,-444,22
2,85,184,2687,-345,361
2,85,184,2755,-500,0
2,85,184,2756,-498,-37
2,85,185,2754,-418,0
2,85,185,2755,-500,0
2,85,185,2756,-498,-37
2,85,185,2806,-333,-333
2,85,187,2683,-345,361
2,85,188,2755,-500,0
2,85,188,2756,-500,-25
2,85,189,2710,-392,0
2,85,189,2757,-496,-60
2,85,191,2680,-345,361
2,85,191,2756,-495,-37
2,85,191,2757,-497,-25
2,85,193,2756,-497,-11
2,85,195,2757,-471,-24
2,85,195,2757,-469,-35
2,85,196,2756,-471,-24
2,85,196,2758,-469,-35
2,85,197,2755,-340,0
2,85,197,2756,-471,-11
2,85,197,2756,-471,0
2,85,197,2758,-467,-57
2,85,198,2750,-340,7
2,85,198,2750,-340,17
2,85,198,2751,-340,17
2,85,198,2752,-340,0
2,85,198,2752,-340,17
2,85,198,2753,-340,7
2,85,198,2753,-340,17
2,85,199,2705,-340,17
2,85,199,2706,-340,17
2,85,199,2707,-340,17
2,85,199,2708,-340,17
2,85,199,2709,-340,17
2,85,199,2710,-340,17
2,85,199,2711,-340,17
2,85,199,2712,-340,17
2,85,199,2713,-340,17
2,85,199,2714,-340,17
2,85,199,2715,-340,17
2,85,199,2716,-340,17
2,85,199,2717,-340,17
2,85,199,2718,-340,17
2,85,199,2719,-340,17
2,85,199,2720,-340,17
2,85,199,2721,-340,17
2,85,199,2722,-340,17
2,85,199,2723,-340,17
2,85,199,2724,-340,17
2,85,199,2725,-340,17
2,85,199,2726,-340,17
2,85,199,2727,-340,17
2,85,199,2728,-340,17
2,85,199,2729,-340,17
2,85,199,2730,-340,17
2,85,199,2731,-340,17
2,85,199,2732,-340,17
2,85,199,2733,-340,17
2,85,199,2734,-340,17
2,85,199,2735,-340,17
2,85,199,2736,-340,17
2,85,199,2737,-340,17
2,85,199,2738,-340,17
2,85,199,2739,-340,17
2,85,199,2740,-340,17
2,85,199,2741,-340,17
2,85,199,2742,-340,17
2,85,199,2743,-340,17
2,85,199,2744,-340,17
2,85,199,2745,-340,17
2,85,199,2746,-340,17
2,85,199,2747,-340,17
2,85,199,2748,-340,17
2,85,199,2749,-340,17
2,85,199,2750,-340,17
2,85,199,2751,-340,17
2,85,199,2752,-340,17
2,85,199,2753,-340,-8
2,85,199,2753,-340,17
2,85,199,2755,-500,0
2,85,199,2756,-340,-8
2,85,199,2757,-444,-22
2,85,199,2757,-443,-33
2,85,200,2707,-314,0
2,85,200,2708,-314,0
2,85,200,2709,-314,0
2,85,200,2710,-314,0
2,85,200,2711,-314,0
2,85,200,2712,-314,0
2,85,200,2716,-314,0
2,85,200,2717,-314,0
2,85,200,2718,-314,0
2,85,200,2719,-314,0
2,85,200,2721,-314,0
2,85,200,2732,-314,0
2,85,200,2734,-314,0
2,85,200,2735,-314,0
2,85,200,2736,-314,0
2,85,200,2737,-314,0
2,85,200,2740,-314,0
2,85,200,2743,-314,0
2,85,200,2746,-314,0
2,85,200,2747,-314,0
2,85,200,2749,-314,0
2,85,200,2750,-314,0
2,85,200,2752,-314,0
2,85,200,2753,-314,0
2,85,200,2754,-314,0
2,85,200,2757,-444,-22
2,85,200,2757,-444,-10
2,85,200,2757,-443,-33
2,85,200,2758,-443,-33
2,85,203,2755,-500,0
2,85,205,2755,-500,0
2,85,205,2756,-497,0
1,84,104,2667,23,-12
1,84,106,2675,-117,-63
1,84,106,2675,-115,-62
1,84,107,2668,-12,-23
1,84,114,2672,211,-301
1,84,115,2665,58,-337
1,84,116,2705,-303,91
1,84,116,2708,0,0
1,84,125,2652,-250,305
1,84,130,2646,-283,346
1,84,130,2646,-274,353
1,84,132,2641,-241,327
1,84,133,2677,-372,-248
1,84,138,2689,-421,21
1,84,139,2711,0,-393
1,84,139,2713,-80,-264
1,84,139,2715,0,-328
1,84,141,2691,-447,0
1,84,142,2687,-446,33
1,84,142,2689,-447,10
1,84,143,2686,-446,43
1,84,146,2676,-473,0
1,84,146,2677,-473,0
1,84,146,2678,-473,0
1,84,146,2679,-473,0
1,84,146,2680,-473,0
1,84,146,2681,-473,0
1,84,146,2682,-473,0
1,84,146,2683,-473,0
1,84,146,2684,-473,0
1,84,146,2685,-473,0
1,84,146,2686,-473,0
1,84,146,2687,-473,0
1,84,146,2688,-473,0
1,84,146,2688,-473,10
1,84,146,2689,-473,0
1,84,146,2689,-473,10
1,84,146,2690,-473,0
1,84,146,2691,-473,0
1,84,146,2707,-473,0
1,84,146,2708,-473,0
1,84,146,2712,-473,0
1,84,156,2653,-500,0
1,84,160,2715,-482,-132
125,83,3944,2651,500,0
125,83,3945,2653,500,0
125,83,3945,2684,473,0
125,83,3949,2653,473,0
125,83,3949,2654,473,0
125,83,3949,2655,473,0
125,83,3949,2656,473,0
125,83,3949,2657,473,0
125,83,3949,2658,473,0
125,83,3949,2659,473,0
125,83,3949,2660,473,0
125,83,3949,2661,473,0
125,83,3949,2662,473,0
125,83,3949,2663,473,0
125,83,3949,2664,473,0
125,83,3949,2665,473,0
125,83,3949,2666,473,0
125,83,3949,2667,473,0
125,83,3949,2668,473,0
125,83,3949,2669,473,0
125,83,3949,2670,473,0
125,83,3949,2671,473,0
125,83,3949,2672,473,0
125,83,3949,2673,473,0
125,83,3949,2674,473,0
125,83,3949,2675,473,0
125,83,3949,2676,473,0
125,83,3949,2677,473,0
125,83,3949,2678,473,0
125,83,3949,2679,473,0
125,83,3949,2680,473,0
125,83,3949,2681,473,0
125,83,3949,2682,473,0
125,83,3949,2683,473,0
125,83,3949,2684,473,0
125,83,3949,2685,473,0
125,83,3949,2686,473,0
125,83,3949,2687,473,0
125,83,3949,2688,473,0
125,83,3949,2689,473,0
125,83,3949,2690,473,0
125,83,3949,2691,473,0
125,83,3949,2692,473,0
125,83,3949,2693,473,0
125,83,3949,2694,473,0
125,83,3949,2695,473,0
125,83,3949,2696,473,0
125,83,3949,2697,473,0
125,83,3949,2698,473,0
125,83,3949,2699,473,0
125,83,3949,2700,473,0
125,83,3952,2620,132,482
125,83,3954,2653,447,0
125,83,3954,2663,447,0
125,83,3954,2696,447,0
125,83,3955,2654,421,0
125,83,3955,2689,209,0
125,83,3956,2622,0,500
125,83,3956,2635,492,85
125,83,3956,2687,417,50
125,83,3957,2640,500,0
125,83,3958,2692,421,0
125,83,3958,2693,421,0
125,83,3961,2731,308,-359
125,83,3962,2732,299,-366
125,83,3963,2694,287,0
125,83,3965,2673,26,0
125,83,3967,2650,-129,428
125,83,3967,2656,224,447
125,83,3969,2655,203,457
125,83,3972,2695,316,0
125,83,3972,2713,-341,-33
125,83,3974,2669,179,380
125,83,3976,2642,-171,-198
125,83,3980,2645,-244,-94
125,83,3980,2708,-226,291
125,83,3981,2654,53,308
125,83,3981,2706,-219,296
125,83,3983,2699,-131,317
125,83,3983,2716,209,200
125,83,3984,2700,151,-107
125,83,3985,2700,-121,292
125,83,3986,2696,187,100
125,83,3986,2704,-111,268
125,83,3986,2716,226,291
125,83,3987,2645,-43,-29
125,83,3987,2702,-98,125
125,83,3988,2642,0,-212
125,83,3988,2643,46,-22
125,83,3988,2708,21,14
125,83,3988,2709,21,14
125,83,3988,2711,24,-10
125,83,3989,2700,73,110
125,83,3989,2702,15,158
125,83,3989,2708,-13,257
125,83,3989,2708,110,73
125,83,3990,2700,88,132
125,83,4061,2583,224,447
125,83,4061,2583,236,441
125,82,3932,2628,482,132
125,82,3936,2628,492,85
125,82,3941,2618,326,378
125,82,3944,2619,345,361
125,82,3945,2653,500,0
125,82,3945,2661,500,0
125,82,3946,2615,246,435
125,82,3946,2661,366,0
125,82,3949,2653,473,0
125,82,3949,2654,473,0
125,82,3949,2655,473,0
125,82,3949,2656,473,0
125,82,3949,2657,473,0
125,82,3949,2658,473,0
125,82,3949,2659,473,0
125,82,3949,2660,473,0
125,82,3949,2661,473,0
125,82,3949,2662,473,0
125,82,3949,2663,473,0
125,82,3949,2664,473,0
125,82,3949,2665,473,0
125,82,3949,2666,473,0
125,82,3949,2667,473,0
125,82,3951,2715,326,-378
125,82,3952,2628,246,435
125,82,3954,2653,447,0
125,82,3954,2656,447,0
125,82,3955,2660,421,0
125,82,3956,2622,0,500
125,82,3958,2653,421,0
125,82,3959,2659,353,-274
125,82,3959,2674,306,-394
125,82,3961,2661,323,-309
125,82,3963,2689,272,-351
125,82,3964,2679,217,-326
125,82,3965,2641,-181,-438
125,82,3965,2722,236,-441
125,82,3968,2698,239,-377
125,82,3970,2661,241,-344
125,82,3975,2729,92,-369
125,82,3977,2635,14,-21
125,82,3978,2682,169,-267
125,82,3982,2635,-7,-104
125,82,3984,2651,210,-112
125,82,3986,2647,-155,103
125,82,3986,2654,-187,-349
125,82,3986,2661,-211,-395
125,82,3987,2644,-128,89
125,82,3987,2646,-75,141
125,82,3987,2650,-160,-300
125,82,3988,2668,74,138
125,82,3988,2668,112,210
125,82,3988,2668,124,233
125,82,3988,2669,74,138
125,82,3988,2669,112,210
125,82,3988,2670,112,210
125,82,3988,2670,307,204
125,82,3988,2672,0,0
125,82,3988,2674,0,0
125,82,3988,2676,307,204
125,82,3988,2677,22,13
125,82,4043,2576,-23,447
125,82,4043,2577,0,447
125,82,4043,2603,-92,-153
125,82,4044,2580,-21,421
125,82,4045,2597,-83,166
125,82,4075,2699,400,-121
1,82,45,2564,85,492
1,82,51,2601,23,237
1,82,98,2676,-22,13
1,82,99,2676,-2,52
1,82,100,2676,44,94
1,82,104,2676,113,161
1,82,105,2668,-141,75
1,82,105,2668,-74,110
1,82,105,2668,-29,43
1,82,106,2668,-117,62
1,82,106,2668,-15,158
1,82,106,2671,71,171
1,82,110,2670,121,292
1,82,111,2649,-161,-242
1,82,112,2667,131,317
1,82,112,2674,216,265
1,82,115,2654,-256,137
1,82,120,2682,341,141
1,82,137,2652,-421,0
1,82,137,2653,-421,0
1,82,137,2659,-421,0
1,82,137,2660,-421,0
1,82,139,2622,0,500
1,82,141,2665,-447,0
1,82,141,2667,-447,0
1,82,141,2673,-442,-66
1,82,142,2673,-442,-66
1,82,145,2621,-203,457
1,82,146,2651,-473,0
1,82,146,2652,-473,0
1,82,146,2653,-473,0
1,82,146,2655,-473,0
1,82,146,2656,-473,0
1,82,146,2657,-473,0
1,82,146,2658,-473,0
1,82,146,2659,-473,0
1,82,146,2660,-473,0
1,82,146,2661,-473,0
1,82,146,2662,-473,0
1,82,146,2663,-473,0
1,82,146,2664,-473,0
1,82,146,2665,-473,0
1,82,146,2666,-473,0
1,82,146,2667,-473,0
1,82,148,2671,-418,-224
1,82,150,2652,-500,0
1,82,154,2653,-500,0
1,82,156,2620,-386,316
1,82,156,2691,-361,-345
1,82,156,2691,-306,-394
1,82,156,2691,-224,-447
1,82,156,2691,-148,-450
1,82,158,2618,-378,326
1,82,159,2651,-500,0
1,82,162,2630,-500,0
124,81,3891,2627,500,11
124,81,3892,2622,498,48
124,81,3900,2659,494,-74
124,81,3902,2655,393,-20
124,81,3902,2656,393,-20
124,81,3902,2658,445,-43
124,81,3903,2653,418,0
124,81,3903,2653,500,0
124,81,3903,2654,366,0
124,81,3903,2655,407,-20
124,81,3903,2656,393,-20
124,81,3903,2656,395,-20
124,81,3904,2660,321,-307
124,81,3904,2661,321,-307
124,81,3904,2662,321,-307
124,81,3904,2664,321,-307
124,81,3904,2665,321,-307
124,81,3904,2666,321,-307
124,81,3904,2667,321,-307
124,81,3904,2668,321,-307
124,81,3904,2670,321,-307
124,81,3904,2671,321,-307
124,81,3905,2654,392,0
124,81,3905,2655,392,-9
124,81,3905,2655,414,-21
124,81,3905,2655,419,-10
124,81,3905,2656,414,-21
124,81,3905,2660,321,-307
124,81,3906,2654,392,-9
124,81,3906,2654,392,0
124,81,3906,2655,392,-9
124,81,3906,2657,469,-57
124,81,3907,2624,496,60
124,81,3907,2653,444,0
124,81,3907,2655,417,-31
124,81,3907,2668,340,-325
124,81,3908,2655,433,-10
124,81,3908,2657,340,-325
124,81,3908,2658,340,-325
124,81,3908,2659,340,-325
124,81,3908,2661,340,-325
124,81,3908,2665,340,-325
124,81,3908,2666,340,-325
124,81,3908,2667,340,-325
124,81,3908,2668,332,-333
124,81,3908,2668,340,-325
124,81,3909,2654,418,0
124,81,3910,2658,494,-74
124,81,3910,2664,358,-344
124,81,3911,2636,351,-351
124,81,3911,2641,351,-351
124,81,3911,2642,351,-351
124,81,3911,2643,351,-351
124,81,3911,2644,351,-351
124,81,3911,2645,351,-351
124,81,3911,2646,351,-351
124,81,3911,2647,351,-351
124,81,3911,2648,351,-351
124,81,3911,2649,351,-351
124,81,3911,2650,351,-351
124,81,3911,2651,351,-351
124,81,3911,2652,351,-351
124,81,3911,2653,351,-351
124,81,3911,2654,351,-351
124,81,3911,2654,418,0
124,81,3911,2655,351,-351
124,81,3911,2655,446,-22
124,81,3911,2657,351,-351
124,81,3911,2658,351,-351
124,81,3911,2659,351,-351
124,81,3911,2660,351,-351
124,81,3911,2661,351,-351
124,81,3911,2662,351,-351
124,81,3911,2663,351,-351
124,81,3911,2664,351,-351
124,81,3911,2665,351,-351
124,81,3914,2654,444,-22
124,81,3915,2640,361,-345
124,81,3917,2612,88,-249
124,81,3923,2597,421,0
124,81,3940,2527,306,394
124,81,3944,2676,156,-474
124,81,3952,2639,393,29
124,81,3953,2640,385,-86
124,81,3956,2639,396,-141
124,81,3959,2636,268,110
124,81,3959,2640,82,163
124,81,3959,2640,328,219
124,81,3960,2636,308,69
124,81,3960,2648,-212,301
124,81,3960,2650,-219,296
124,81,3961,2637,258,181
124,81,3961,2638,317,190
124,81,3961,2657,139,424
124,81,3961,2661,323,-309
124,81,3962,2640,230,254
124,81,3962,2643,-8,369
124,81,3963,2639,176,294
124,81,3963,2640,153,306
124,81,3963,2640,161,302
124,81,3963,2643,149,337
124,81,3964,2522,0,444
124,81,3964,2645,41,340
124,81,3965,2642,-137,256
124,81,3965,2645,160,361
124,81,3965,2661,291,-339
124,81,3966,2639,-112,223
124,81,3967,2639,-118,220
124,81,3967,2644,274,353
124,81,3967,2676,495,48
124,81,3968,2663,431,-119
124,81,3969,2655,181,408
124,81,3969,2688,236,-441
124,81,3973,2521,0,500
124,81,3974,2524,0,500
124,81,3982,2640,212,-157
124,81,3983,2642,151,-216
124,81,3986,2674,23,-473
124,81,3987,2643,94,157
124,81,3987,2678,224,-447
124,81,3988,2640,0,78
124,81,3988,2671,0,-392
124,81,3988,2676,361,-345
2,81,107,2639,-100,85
2,81,107,2644,-25,-7
2,81,107,2645,-201,60
2,81,107,2667,-155,-92
2,81,108,2645,-62,-175
2,81,116,2663,-176,-351
2,81,120,2653,-290,0
2,81,125,2643,-180,132
2,81,127,2648,-242,343
2,81,129,2678,-325,-340
2,81,131,2640,22,234
2,81,132,2638,182,128
2,81,132,2640,-210,270
2,81,132,2643,-157,332
2,81,132,2644,-117,248
2,81,133,2639,-150,249
2,81,133,2640,24,248
2,81,133,2645,-166,330
2,81,133,2645,-157,332
2,81,133,2646,-22,300
2,81,134,2640,-83,235
2,81,134,2653,-132,400
2,81,135,2637,-166,150
2,81,135,2642,-210,270
2,81,136,2638,-300,98
2,81,137,2517,48,498
2,81,137,2636,-191,47
2,81,137,2639,-289,128
2,81,139,2636,-166,-41
2,81,140,2639,-386,-86
2,81,141,2640,-386,-86
2,81,142,2513,-37,498
2,81,147,2668,-287,-408
2,81,150,2621,112,-144
2,81,150,2672,-137,-453
2,81,150,2682,-335,-371
2,81,151,2676,-144,-478
2,81,153,2650,-143,63
2,81,155,2687,-335,-371
2,81,167,2653,-400,-253
2,81,168,2647,-482,-132
2,81,171,2599,-419,-41
2,81,171,2649,-414,-171
2,81,172,2663,-495,36
2,81,173,2651,-495,36
2,81,173,2652,-495,36
2,81,173,2663,-495,36
2,81,173,2664,-495,36
2,81,175,2596,-446,-33
2,81,175,2600,-446,-33
2,81,176,2647,-482,-132
2,81,178,2660,-471,23
2,81,181,2657,-494,-74
2,81,182,2658,-444,22
2,81,184,2658,-492,-85
2,81,185,2644,-359,-344
2,81,185,2653,-497,0
2,81,185,2654,-418,0
2,81,185,2658,-496,-60
2,81,185,2658,-494,-74
2,81,185,2659,-494,-74
2,81,186,2650,-484,-121
2,81,186,2653,-497,0
2,81,186,2659,-492,-85
2,81,187,2654,-417,30
2,81,187,2658,-496,-60
2,81,187,2658,-494,-74
2,81,188,2600,-500,0
2,81,188,2651,-482,-132
2,81,189,2647,-340,-325
2,81,189,2649,-340,-325
2,81,189,2650,-340,-325
2,81,189,2651,-340,-325
2,81,189,2654,-392,0
2,81,189,2654,-340,-325
2,81,189,2655,-340,-325
2,81,190,2652,-392,0
2,81,190,2654,-392,0
2,81,190,2659,-494,-74
2,81,191,2652,-392,0
2,81,191,2660,-492,-85
2,81,192,2656,-419,-31
2,81,192,2658,-470,-57
2,81,192,2659,-494,-74
2,81,193,2652,-387,0
2,81,193,2653,-500,0
2,81,193,2654,-366,0
2,81,194,2653,-500,0
2,81,194,2658,-444,-54
2,81,194,2659,-468,-70
2,81,194,2660,-494,-74
2,81,195,2653,-500,0
2,81,195,2659,-468,-70
2,81,195,2660,-494,-74
2,81,195,2660,-492,-85
2,81,196,2588,-500,0
2,81,203,2600,-500,0
124,80,3893,2547,500,0
124,80,3893,2596,500,0
124,80,3898,2586,500,25
124,80,3901,2618,408,-287
124,80,3901,2619,408,-287
124,80,3901,2620,408,-287
124,80,3901,2621,408,-287
124,80,3902,2621,386,-316
124,80,3904,2578,497,-11
124,80,3904,2628,321,-307
124,80,3904,2631,321,-307
124,80,3905,2622,349,-316
124,80,3906,2621,340,-325
124,80,3906,2622,340,-325
124,80,3907,2621,340,-325
124,80,3907,2622,340,-325
124,80,3907,2624,325,-340
124,80,3907,2625,325,-340
124,80,3907,2627,317,-351
124,80,3908,2532,345,361
124,80,3908,2565,482,132
124,80,3908,2584,482,-132
124,80,3908,2596,500,0
124,80,3908,2624,325,-340
124,80,3909,2627,326,-378
124,80,3910,2628,306,-394
124,80,3911,2620,351,-351
124,80,3911,2621,351,-351
124,80,3911,2622,351,-351
124,80,3911,2623,351,-351
124,80,3911,2624,351,-351
124,80,3911,2624,496,60
124,80,3911,2625,351,-351
124,80,3911,2626,351,-351
124,80,3911,2628,306,-394
124,80,3911,2628,351,-351
124,80,3911,2629,351,-351
124,80,3911,2630,287,-408
124,80,3911,2630,351,-351
124,80,3911,2631,351,-351
124,80,3911,2632,351,-351
124,80,3912,2532,500,0
124,80,3912,2628,296,-402
124,80,3913,2585,471,35
124,80,3913,2598,361,-345
124,80,3914,2608,353,-353
124,80,3914,2625,287,-408
124,80,3915,2563,316,386
124,80,3917,2585,471,35
124,80,3919,2536,453,136
124,80,3921,2585,445,33
124,80,3921,2585,445,43
124,80,3922,2615,361,-345
124,80,3922,2621,361,-345
124,80,3923,2538,148,-247
124,80,3924,2585,417,50
124,80,3927,2626,496,60
124,80,3928,2519,323,309
124,80,3928,2538,433,108
124,80,3928,2547,395,8
124,80,3928,2548,395,0
124,80,3928,2556,395,0
124,80,3928,2588,339,-292
124,80,3933,2595,224,-447
124,80,3934,2585,257,-429
124,80,3934,2592,236,-441
124,80,3935,2559,44,177
124,80,3936,2538,433,108
124,80,3937,2585,233,-412
124,80,3937,2592,203,-457
124,80,3938,2520,334,334
124,80,3938,2587,212,-451
124,80,3939,2520,334,334
124,80,3939,2586,192,-433
124,80,3939,2588,203,-457
124,80,3940,2591,-394,-262
124,80,3941,2581,190,-404
124,80,3941,2585,192,-433
124,80,3941,2587,192,-433
124,80,3942,2499,361,345
124,80,3942,2518,323,309
124,80,3945,2610,132,-482
124,80,3945,2618,132,-482
124,80,3946,2603,114,-459
124,80,3946,2607,121,-484
124,80,3946,2613,97,-490
124,80,3946,2613,109,-488
124,80,3946,2666,121,-484
124,80,3948,2624,-48,-498
124,80,3948,2628,-277,-416
124,80,3949,2584,-416,-277
124,80,3950,2627,-179,-466
124,80,3953,2593,-224,-418
124,80,3953,2597,-236,-441
124,80,3956,2604,74,138
124,80,3956,2604,236,441
124,80,3956,2605,152,101
124,80,3956,2605,223,417
124,80,3956,2608,0,0
124,80,3956,2611,0,0
124,80,3956,2616,25,2
124,80,3956,2617,25,2
124,80,3956,2669,0,-500
124,80,3956,2671,0,-500
124,80,3960,2635,-459,0
124,80,3963,2641,-408,-287
124,80,3968,2665,-191,-462
124,80,3977,2657,-353,-353
124,80,3979,2659,-361,-345
124,80,4003,2497,361,345
124,80,4006,2496,361,345
124,80,4006,2497,361,345
124,80,4007,2499,361,345
124,80,4008,2499,386,316
124,80,4009,2500,361,345
124,80,4010,2498,361,345
124,80,4010,2502,361,345
124,80,4011,2501,378,326
124,80,4018,2506,361,345
124,80,4028,2531,0,185
124,80,4032,2523,0,287
124,80,4033,2505,-418,223
124,80,4036,2511,-438,181
2,80,109,2527,-279,279
2,80,115,2525,-279,279
2,80,117,2527,-237,247
2,80,119,2520,-298,297
2,80,121,2523,18,369
2,80,124,2517,-316,316
2,80,124,2527,-132,161
2,80,125,2660,188,-315
2,80,133,2605,-263,175
2,80,137,2637,23,-473
2,80,139,2612,0,0
2,80,139,2613,0,0
2,80,139,2642,0,-473
2,80,139,2669,0,-500
2,80,140,2528,-210,200
2,80,141,2497,0,500
2,80,145,2530,-255,266
2,80,145,2619,-60,-493
2,80,145,2629,246,-370
2,80,145,2652,-121,-484
2,80,145,2669,-74,-494
2,80,146,2521,-105,381
2,80,146,2629,-148,-450
2,80,146,2647,-136,-451
2,80,148,2588,-114,-459
2,80,148,2593,-109,-488
2,80,149,2622,-114,-459
2,80,149,2666,-121,-484
2,80,149,2667,-121,-484
2,80,149,2670,-121,-484
2,80,150,2573,-166,-330
2,80,150,2593,-111,-445
2,80,151,2518,-161,389
2,80,151,2601,-105,-419
2,80,151,2640,-148,-450
2,80,151,2641,-109,-488
2,80,154,2594,-167,-470
2,80,155,2564,195,75
2,80,155,2587,-192,-433
2,80,155,2637,-156,-474
2,80,155,2649,-441,-236
2,80,156,2580,-230,-384
2,80,156,2580,-220,-390
2,80,156,2580,-211,-395
2,80,156,2585,-201,-427
2,80,157,2584,-212,-424
2,80,157,2594,-151,-144
2,80,158,2582,-233,-412
2,80,158,2583,-233,-412
2,80,158,2590,-212,-451
2,80,158,2592,-203,-457
2,80,158,2596,-191,-462
2,80,159,2583,-233,-412
2,80,159,2584,-233,-412
2,80,159,2587,-236,-441
2,80,159,2587,-224,-447
2,80,159,2590,-224,-447
2,80,159,2591,-224,-447
2,80,160,2652,-500,0
2,80,161,2588,-246,-435
2,80,161,2588,-236,-441
2,80,161,2589,-246,-435
2,80,161,2594,-316,-7
2,80,161,2595,-290,-14
2,80,162,2652,-500,0
2,80,163,2587,-289,28
2,80,163,2634,-361,-345
2,80,164,2587,-342,7
2,80,165,2652,-500,0
2,80,166,2519,-309,323
2,80,166,2597,-246,-435
2,80,166,2608,-236,-441
2,80,167,2638,-361,-345
2,80,168,2587,-369,8
2,80,168,2601,-246,-435
2,80,169,2601,-246,-435
2,80,170,2641,-361,-345
2,80,173,2518,-359,308
2,80,174,2587,-447,10
2,80,175,2533,-438,181
2,80,175,2582,-447,-10
2,80,175,2588,-447,10
2,80,177,2569,-466,-81
2,80,177,2648,-361,-345
2,80,178,2531,-462,191
2,80,178,2533,-446,158
2,80,178,2585,-433,-192
2,80,178,2587,-473,23
2,80,178,2587,-369,0
2,80,178,2595,-473,-11
2,80,178,2623,-361,-345
2,80,180,2624,-287,-408
2,80,181,2627,-361,-345
2,80,182,2587,-500,11
2,80,182,2623,-361,-345
2,80,182,2626,-361,-345
2,80,182,2627,-361,-345
2,80,183,2597,-345,-361
2,80,184,2623,-316,-386
2,80,185,2588,-500,0
2,80,185,2588,-500,11
2,80,185,2589,-306,-394
2,80,185,2630,-359,-344
2,80,185,2632,-359,-344
2,80,186,2539,-492,85
2,80,186,2587,-500,11
2,80,186,2618,-359,-344
2,80,186,2624,-335,-371
2,80,187,2585,-500,0
2,80,188,2588,-500,0
2,80,188,2589,-500,0
2,80,188,2615,-353,-353
2,80,188,2624,-325,-340
2,80,188,2624,-316,-350
2,80,188,2627,-333,-333
2,80,188,2634,-333,-333
2,80,189,2588,-500,0
2,80,189,2618,-345,-361
2,80,189,2621,-340,-325
2,80,189,2622,-340,-325
2,80,189,2623,-340,-325
2,80,189,2625,-340,-325
2,80,189,2626,-340,-325
2,80,189,2627,-340,-325
2,80,189,2628,-340,-325
2,80,189,2629,-340,-325
2,80,189,2630,-340,-325
2,80,189,2631,-340,-325
2,80,189,2633,-340,-325
2,80,189,2634,-340,-325
2,80,189,2635,-340,-325
2,80,190,2621,-340,-325
2,80,190,2622,-350,-316
2,80,190,2622,-340,-325
2,80,191,2622,-350,-316
2,80,194,2588,-500,0
2,80,194,2615,-416,-277
2,80,194,2616,-408,-287
2,80,195,2620,-408,-287
2,80,203,2588,-500,0
2,80,203,2589,-500,0
2,80,204,2588,-500,11
2,80,204,2596,-500,0
2,80,205,2587,-500,11
2,80,207,2587,-500,11
57,77,1938,2459,-471,23
57,77,1938,2460,-471,23
57,77,1938,2462,-471,-24
57,77,1944,2461,-500,0
57,77,1945,2461,-500,0
57,77,1946,2461,-500,0
57,77,1948,2532,-353,-353
57,77,1949,2461,-500,0
57,77,1958,2463,-340,-8
57,77,1959,2458,-340,17
57,77,1959,2459,-340,17
57,77,1959,2463,-340,-8
57,77,1960,2461,-314,0
57,77,1962,2461,-500,0
57,77,1964,2461,-500,0
57,77,1965,2461,-500,0
70,76,2171,2470,422,-139
70,76,2175,2434,470,167
70,76,2176,2432,441,236
70,76,2176,2436,478,144
70,76,2176,2437,484,121
70,76,2178,2461,500,0
70,76,2185,2460,473,0
70,76,2189,2460,473,0
70,76,2189,2461,473,0
70,76,2189,2462,473,0
70,76,2189,2470,473,0
70,76,2189,2475,473,0
70,76,2190,2460,447,0
70,76,2193,2492,427,-201
70,76,2194,2481,442,-66
70,76,2196,2468,417,50
70,76,2196,2496,384,-230
70,76,2208,2482,440,-76
70,76,2227,2456,31,126
56,76,1902,2443,-447,0
56,76,1903,2429,-446,43
56,76,1903,2438,-446,43
56,76,1905,2470,-167,-470
56,76,1906,2440,-473,10
56,76,1917,2461,-500,0
56,76,1917,2461,-466,-179
56,76,1918,2461,-500,0
56,76,1918,2461,-496,-60
56,76,1919,2461,-361,-345
56,76,1920,2461,-500,0
56,76,1926,2421,-500,0
69,75,2131,2445,500,0
69,75,2144,2461,500,0
69,75,2144,2462,392,-20
69,75,2144,2463,391,-29
69,75,2144,2466,386,-67
69,75,2145,2462,391,-29
69,75,2147,2460,392,0
69,75,2147,2461,392,0
69,75,2148,2476,340,-325
69,75,2150,2477,382,-229
69,75,2151,2472,351,-351
69,75,2153,2447,471,-35
69,75,2153,2461,500,0
69,75,2157,2444,473,0
69,75,2157,2459,442,-170
69,75,2160,2442,447,0
69,75,2162,2484,353,-353
69,75,2163,2444,421,0
69,75,2163,2456,421,-150
69,75,2164,2457,414,-171
69,75,2169,2483,361,-345
69,75,2170,2453,371,-132
69,75,2176,2450,238,0
101,74,3211,2356,-23,12
101,74,3216,2356,-101,152
101,74,3228,2321,0,447
101,74,3228,2321,22,447
101,74,3229,2321,0,447
101,74,3230,2321,22,447
101,74,3230,2354,-198,132
101,74,3231,2321,0,447
101,74,3232,2321,0,447
101,74,3232,2321,22,447
101,74,3233,2317,-11,473
101,74,3233,2321,22,447
101,74,3234,2321,0,447
101,74,3234,2321,22,447
101,74,3234,2329,0,395
101,74,3235,2321,0,447
101,74,3235,2321,22,447
101,74,3236,2321,0,447
101,74,3236,2321,22,447
101,74,3237,2321,22,447
101,74,3238,2321,0,447
101,74,3238,2321,22,447
101,74,3238,2325,21,421
101,74,3239,2321,0,447
101,74,3239,2321,22,447
101,74,3240,2321,0,447
101,74,3240,2321,22,447
101,74,3241,2321,0,447
101,74,3242,2321,0,447
101,74,3243,2321,0,447
101,74,3243,2321,22,447
101,74,3244,2321,-33,445
101,74,3244,2321,0,447
101,74,3245,2321,0,447
101,74,3245,2321,22,447
101,74,3245,2343,453,136
101,74,3246,2321,0,447
101,74,3246,2321,22,447
101,74,3246,2328,-20,395
101,74,3246,2329,0,395
101,74,3246,2331,0,369
101,74,3247,2317,0,473
101,74,3247,2317,148,449
101,74,3247,2320,-23,447
101,74,3247,2321,0,447
101,74,3247,2321,22,447
101,74,3248,2316,10,473
101,74,3248,2317,0,473
101,74,3248,2317,148,449
101,74,3248,2321,0,447
101,74,3248,2321,22,447
101,74,3249,2316,10,473
101,74,3249,2317,148,449
101,74,3249,2321,0,447
101,74,3249,2321,22,447
101,74,3249,2328,0,395
101,74,3250,2320,-23,447
101,74,3250,2321,0,447
101,74,3250,2321,22,447
101,74,3251,2321,0,447
101,74,3251,2321,22,447
101,74,3252,2321,0,447
101,74,3252,2321,22,447
101,74,3253,2321,0,447
101,74,3253,2321,22,447
101,74,3254,2321,22,447
101,74,3254,2328,0,395
101,74,3255,2317,0,473
101,74,3255,2321,22,447
101,74,3256,2317,148,449
101,74,3256,2321,0,447
101,74,3256,2321,22,447
101,74,3258,2321,22,447
101,74,3259,2316,10,473
101,74,3259,2321,0,447
101,74,3259,2321,22,447
101,74,3260,2321,0,447
101,74,3261,2321,22,447
101,74,3262,2321,0,447
101,74,3262,2321,22,447
101,74,3263,2321,22,447
101,74,3264,2321,0,447
101,74,3264,2321,22,447
101,74,3265,2321,0,447
101,74,3267,2321,22,447
101,74,3268,2321,0,447
101,74,3268,2321,22,447
101,74,3269,2321,0,447
101,74,3269,2321,22,447
101,74,3270,2321,0,447
101,74,3270,2321,22,447
101,74,3274,2321,22,447
101,74,3275,2320,0,447
101,74,3275,2321,0,447
101,74,3277,2321,22,447
101,74,3278,2321,0,447
101,74,3278,2321,22,447
101,74,3278,2337,141,368
101,74,3279,2321,0,447
101,74,3279,2321,22,447
101,74,3280,2321,0,447
101,74,3280,2321,22,447
101,74,3281,2321,0,447
101,74,3282,2321,0,447
101,74,3282,2325,0,421
101,74,3283,2321,0,447
101,74,3283,2321,22,447
101,74,3284,2321,0,447
101,74,3284,2352,106,10
101,74,3289,2302,-77,387
101,74,3291,2300,-132,482
101,74,3292,2310,-236,441
101,74,3295,2302,-246,435
101,74,3295,2324,-500,0
101,74,3296,2307,0,500
101,74,3299,2324,-500,0
101,74,3300,2307,0,500
101,74,3300,2311,-361,345
101,74,3300,2312,-148,449
101,74,3305,2313,-447,224
101,74,3305,2317,-478,144
99,74,3189,2319,416,277
99,74,3191,2313,0,500
99,74,3191,2319,416,277
99,74,3192,2315,236,441
99,74,3192,2322,498,48
99,74,3193,2319,484,121
99,74,3193,2320,490,97
99,74,3195,2321,492,85
99,74,3199,2321,494,74
99,74,3199,2323,500,25
99,74,3200,2324,-45,228
99,74,3201,2320,478,144
99,74,3208,2302,0,500
99,74,3210,2302,0,500
99,74,3211,2316,0,473
99,74,3211,2321,0,447
99,74,3211,2324,-31,180
99,74,3211,2339,0,26
99,74,3211,2340,-21,286
99,74,3211,2342,-16,19
99,74,3212,2338,-3,25
99,74,3225,2327,-189,376
99,74,3227,2333,-227,322
99,74,3228,2321,0,447
99,74,3229,2312,-203,457
99,74,3229,2320,-23,447
99,74,3230,2327,-257,365
99,74,3233,2317,-11,473
99,74,3238,2322,-386,316
99,74,3239,2330,-359,308
99,74,3239,2330,-332,300
99,74,3242,2324,-457,125
99,74,3243,2327,-359,308
99,74,3244,2328,-366,299
99,74,3248,2342,-366,299
99,74,3257,2337,-424,212
97,74,3097,2324,416,277
97,74,3107,2309,224,447
97,74,3110,2324,276,0
97,74,3115,2324,126,199
97,74,3115,2351,-84,132
97,74,3115,2352,0,0
97,74,3116,2320,33,445
97,74,3117,2317,-148,449
97,74,3118,2317,-148,449
97,74,3118,2320,33,445
97,74,3118,2341,0,290
97,74,3119,2317,0,473
97,74,3119,2320,33,445
97,74,3119,2328,0,395
97,74,3120,2328,19,395
97,74,3120,2331,18,369
97,74,3121,2346,57,228
97,74,3124,2347,215,194
97,74,3124,2349,25,-101
97,74,3124,2352,116,58
97,74,3129,2321,-451,212
97,74,3133,2308,-335,371
97,74,3134,2307,-361,345
97,74,3134,2321,-484,121
97,74,3134,2321,-478,144
97,74,3135,2302,-224,447
97,74,3135,2321,-488,109
97,74,3135,2322,-488,109
97,74,3135,2322,-484,121
97,74,3136,2322,-498,48
97,74,3137,2305,-287,408
97,74,3137,2324,-500,0
97,74,3138,2324,-500,0
97,74,3139,2321,-492,85
97,74,3139,2324,-500,0
97,74,3140,2317,-457,203
97,74,3140,2318,-470,167
97,74,3141,2319,-484,121
97,74,3143,2312,-382,229
97,74,3143,2313,-382,229
97,74,3146,2312,-435,246
97,74,3214,2411,-447,0
57,74,1892,2413,-278,148
57,74,1893,2413,-263,175
57,74,1893,2429,-98,355
57,74,1893,2434,-89,357
57,74,1897,2412,-116,105
57,74,1899,2455,0,-366
57,74,1906,2465,-132,-482
57,74,1908,2470,-132,-482
57,74,1912,2447,-170,-442
57,74,1913,2443,-171,-414
57,74,1916,2450,-224,-447
57,74,1922,2400,-219,-229
57,74,1924,2430,-339,-250
57,74,1932,2386,-413,-82
57,74,1934,2419,-437,-98
57,74,1938,2456,-353,-353
57,74,1940,2389,-472,46
57,74,1940,2392,-473,10
57,74,1942,2402,-361,-345
57,74,1944,2416,-353,-353
57,74,1945,2438,-359,-344
57,74,1945,2440,-359,-344
57,74,1946,2387,-482,-132
57,74,1946,2426,-359,-344
57,74,1948,2423,-353,-353
57,74,1949,2429,-340,-325
57,74,1949,2441,-340,-325
57,74,1949,2443,-340,-325
57,74,1950,2416,-361,-345
57,74,1950,2429,-340,-325
29,74,950,2319,484,121
29,74,956,2309,371,335
29,74,956,2324,500,0
29,74,957,2324,500,0
29,74,958,2305,287,408
29,74,958,2324,500,0
29,74,959,2324,500,0
29,74,960,2324,500,0
29,74,971,2321,0,447
29,74,971,2324,442,66
29,74,971,2329,0,78
29,74,971,2342,0,52
29,74,972,2320,-23,447
29,74,972,2330,105,348
29,74,980,2352,26,-45
27,74,837,2337,423,212
27,74,837,2337,427,201
27,74,854,2332,353,274
27,74,867,2316,181,438
27,74,867,2320,33,445
27,74,868,2321,0,447
27,74,869,2316,169,442
27,74,872,2334,174,325
27,74,877,2328,95,382
27,74,878,2332,80,360
27,74,879,2317,57,469
27,74,880,2317,46,471
27,74,880,2317,148,449
27,74,880,2321,66,442
27,74,882,2318,22,447
27,74,882,2320,33,445
27,74,883,2321,22,447
27,74,883,2325,21,421
27,74,883,2329,19,395
27,74,883,2335,17,342
27,74,884,2321,0,447
27,74,888,2307,0,500
25,74,795,2311,316,386
25,74,797,2306,306,394
25,74,800,2307,0,500
25,74,800,2324,466,179
25,74,811,2316,0,473
25,74,811,2321,0,447
25,74,811,2333,0,447
25,74,812,2321,0,447
25,74,813,2321,22,447
25,74,814,2321,0,447
25,74,814,2321,22,447
25,74,815,2321,0,447
25,74,815,2321,22,447
25,74,816,2317,0,473
25,74,816,2321,0,447
25,74,816,2321,22,447
25,74,816,2323,0,421
25,74,817,2317,0,473
25,74,817,2321,0,447
25,74,817,2328,0,395
25,74,818,2321,22,447
25,74,819,2300,0,500
25,74,819,2320,33,445
25,74,819,2321,22,447
25,74,820,2321,0,447
25,74,820,2321,22,447
25,74,821,2321,0,447
25,74,824,2321,22,447
25,74,825,2321,0,447
25,74,828,2321,22,447
25,74,829,2321,0,447
25,74,829,2336,0,342
25,74,833,2321,22,447
25,74,833,2329,0,395
25,74,834,2321,0,447
25,74,838,2321,22,447
25,74,839,2317,0,473
25,74,840,2321,22,447
25,74,841,2321,0,447
25,74,841,2321,22,447
25,74,843,2321,22,447
25,74,845,2321,22,447
25,74,846,2321,0,447
25,74,846,2321,22,447
25,74,846,2343,-353,177
25,74,847,2321,0,447
25,74,848,2321,22,447
25,74,849,2321,0,447
25,74,849,2323,0,421
25,74,851,2321,22,447
25,74,853,2321,0,447
25,74,857,2333,0,369
25,74,857,2337,-424,212
25,74,860,2341,0,212
25,74,864,2321,0,447
25,74,869,2317,-148,449
103,73,3227,2310,406,180
103,73,3239,2304,345,361
103,73,3240,2304,345,361
103,73,3241,2307,335,371
103,73,3242,2307,335,371
103,73,3242,2308,335,371
103,73,3243,2308,361,345
103,73,3243,2309,326,378
103,73,3244,2307,361,345
103,73,3244,2311,326,378
103,73,3254,2319,445,-43
103,73,3256,2324,-211,-395
103,73,3258,2332,-211,-395
103,73,3259,2350,63,363
103,73,3260,2314,433,108
103,73,3260,2345,-87,438
103,73,3260,2350,-140,424
103,73,3261,2274,349,316
103,73,3262,2337,-323,-227
103,73,3263,2274,332,332
103,73,3263,2316,-21,-421
103,73,3264,2274,332,332
103,73,3265,2274,332,332
103,73,3266,2274,332,332
103,73,3267,2274,332,332
103,73,3268,2335,-462,191
103,73,3270,2341,-457,125
103,73,3271,2277,358,343
103,73,3272,2334,-289,21
103,73,3277,2329,-372,165
103,73,3280,2332,-183,-191
103,73,3281,2264,25,338
103,73,3281,2287,33,338
103,73,3282,2264,17,340
103,73,3283,2270,0,366
103,73,3284,2263,0,314
103,73,3285,2263,0,314
103,73,3287,2263,0,314
103,73,3288,2263,0,314
103,73,3288,2266,66,333
103,73,3289,2263,0,314
103,73,3289,2300,173,260
103,73,3290,2263,0,314
103,73,3291,2263,0,314
103,73,3291,2263,46,310
103,73,3292,2263,0,314
103,73,3292,2263,30,312
103,73,3292,2267,44,363
103,73,3293,2263,0,314
103,73,3293,2263,23,312
103,73,3293,2267,35,364
103,73,3294,2263,0,314
103,73,3294,2263,15,314
103,73,3294,2264,-17,340
103,73,3294,2267,35,364
103,73,3295,2263,0,314
103,73,3295,2263,7,314
103,73,3295,2263,15,314
103,73,3296,2263,0,314
103,73,3296,2264,0,500
103,73,3296,2267,0,340
103,73,3298,2265,17,340
103,73,3299,2263,0,314
103,73,3299,2265,7,340
103,73,3300,2258,0,500
103,73,3300,2281,0,473
103,73,3300,2296,0,395
103,73,3302,2264,-17,340
103,73,3313,2259,-144,478
103,73,3356,2281,0,473
103,73,3357,2275,-353,353
103,73,3362,2262,-37,498
103,73,3364,2307,0,185
103,73,3373,2285,-24,473
103,73,3373,2289,-43,445
103,73,3373,2296,-29,393
103,73,3381,2268,0,500
103,73,3389,2294,-351,317
103,73,3389,2296,-298,297
103,73,3425,2311,-498,-37
98,73,3104,2279,0,500
98,73,3147,2289,0,447
98,73,3150,2261,156,474
98,73,3161,2263,25,338
98,73,3162,2263,25,338
98,73,3164,2258,0,500
98,73,3164,2262,0,314
98,73,3164,2292,0,421
98,73,3165,2264,-8,340
98,73,3165,2265,-8,340
98,73,3166,2263,0,314
98,73,3167,2263,0,314
98,73,3168,2264,0,500
98,73,3168,2278,-351,351
98,73,3168,2307,-34,153
98,73,3169,2305,-27,180
98,73,3169,2307,-44,177
98,73,3170,2278,-351,351
98,73,3170,2304,-60,200
98,73,3170,2305,-46,204
98,73,3170,2306,-51,229
98,73,3172,2278,-359,343
98,73,3172,2278,-351,351
98,73,3172,2295,-83,275
98,73,3173,2278,-351,351
98,73,3174,2278,-359,343
98,73,3174,2278,-351,351
98,73,3175,2278,-351,351
98,73,3179,2265,-90,328
98,73,3181,2278,-351,351
98,73,3181,2282,-295,400
98,73,3182,2264,17,340
98,73,3182,2274,-333,332
98,73,3182,2302,0,261
98,73,3182,2307,0,183
98,73,3183,2263,0,314
98,73,3183,2265,-114,319
98,73,3183,2302,0,261
98,73,3183,2303,0,261
98,73,3184,2274,-333,332
98,73,3184,2278,-359,343
98,73,3185,2303,0,235
98,73,3188,2263,0,314
98,73,3188,2267,-173,323
98,73,3190,2266,-180,319
98,73,3190,2278,-351,351
98,73,3190,2284,-136,450
98,73,3191,2263,0,314
98,73,3191,2266,-189,314
98,73,3192,2274,-264,357
98,73,3192,2296,-299,330
98,73,3193,2269,-217,326
98,73,3194,2274,-333,332
98,73,3194,2278,-351,351
98,73,3195,2271,-257,330
98,73,3196,2278,-351,351
98,73,3196,2298,-80,193
98,73,3197,2278,-351,351
98,73,3198,2278,-351,351
98,73,3199,2278,-351,351
98,73,3200,2278,-351,351
98,73,3201,2271,-314,314
98,73,3201,2278,-351,351
98,73,3202,2278,-351,351
98,73,3203,2273,-325,340
98,73,3203,2274,-350,316
98,73,3203,2278,-351,351
98,73,3204,2273,-350,316
98,73,3205,2271,-314,314
98,73,3205,2274,-378,326
98,73,3205,2278,-351,351
98,73,3206,2273,-325,340
98,73,3206,2278,-351,351
98,73,3207,2278,-351,351
98,73,3209,2302,-217,226
98,73,3210,2274,-333,332
98,73,3210,2278,-351,351
98,73,3211,2278,-351,351
98,73,3212,2278,-351,351
98,73,3213,2278,-351,351
98,73,3214,2303,-199,207
98,73,3215,2278,-359,343
98,73,3215,2278,-351,351
98,73,3216,2278,-351,351
98,73,3217,2271,-314,314
98,73,3219,2278,-351,351
98,73,3222,2278,-359,343
98,73,3222,2278,-351,351
98,73,3224,2273,-325,340
98,73,3224,2278,-351,351
98,73,3226,2325,412,-233
98,73,3227,2278,-351,351
98,73,3228,2273,-325,340
98,73,3229,2311,-297,-219
98,73,3240,2273,-325,340
98,73,3241,2273,-325,340
98,73,3242,2273,-325,340
98,73,3243,2271,-314,314
98,73,3243,2273,-325,340
98,73,3246,2271,-314,314
98,73,3246,2273,-325,340
98,73,3247,2356,-392,0
98,73,3250,2292,-361,345
98,73,3250,2292,-335,371
98,73,3251,2320,-378,326
98,73,3253,2285,-345,361
98,73,3253,2286,-353,353
98,73,3258,2321,-451,212
98,73,3260,2313,-394,306
98,73,3266,2300,-394,306
98,73,3276,2314,-466,179
98,73,3276,2318,-494,74
98,73,3276,2324,-500,0
95,73,3083,2259,0,500
95,73,3083,2268,0,500
95,73,3083,2289,0,447
95,73,3083,2296,0,395
95,73,3083,2300,-121,-33
95,73,3088,2299,-142,283
95,73,3094,2260,-121,484
95,73,3097,2262,-156,474
95,73,3097,2320,-57,-228
95,73,3115,2322,-41,151
95,73,3116,2321,-70,140
95,73,3116,2324,157,0
95,73,3116,2325,61,115
95,73,3120,2276,-277,416
95,73,3122,2274,-287,408
95,73,3123,2309,-94,90
95,73,3124,2304,-189,180
95,73,3124,2304,-176,194
95,73,3124,2326,13,-22
95,73,3124,2330,-3,-157
95,73,3125,2279,-345,361
95,73,3125,2280,-345,361
95,73,3125,2304,-176,194
95,73,3126,2278,-335,371
95,73,3126,2279,-345,361
95,73,3126,2280,-345,361
95,73,3126,2303,-193,213
95,73,3127,2281,-361,345
95,73,3127,2304,-199,207
95,73,3127,2307,-91,220
95,73,3128,2304,-199,207
95,73,3136,2322,-262,31
95,73,3139,2319,-280,76
95,73,3139,2324,-316,0
95,73,3140,2324,-316,0
95,73,3144,2308,-466,179
95,73,3144,2316,-381,104
95,73,3145,2309,-474,156
95,73,3145,2309,-470,167
95,73,3145,2314,-403,121
95,73,3145,2314,-400,131
95,73,3145,2318,-331,91
95,73,3145,2319,-335,75
95,73,3146,2316,-411,92
95,73,3147,2307,-148,449
95,73,3148,2274,-333,332
95,73,3148,2278,-359,343
95,73,3148,2303,-335,371
95,73,3148,2311,-421,150
95,73,3148,2313,-428,129
95,73,3149,2308,-382,157
95,73,3149,2310,-417,160
95,73,3149,2314,-432,118
95,73,3149,2315,-437,97
95,73,3150,2313,-432,118
95,73,3150,2314,-433,108
95,73,3151,2281,-353,353
95,73,3151,2309,-438,181
95,73,3151,2311,-450,148
95,73,3152,2281,-353,353
95,73,3153,2315,-439,87
95,73,3154,2306,-457,203
95,73,3155,2307,-462,191
95,73,3155,2313,-459,114
95,73,3156,2298,-345,361
95,73,3157,2286,-353,353
95,73,3157,2298,-345,361
95,73,3158,2324,-500,0
95,73,3160,2310,-482,132
95,73,3162,2279,-340,325
95,73,3162,2324,-500,0
95,73,3171,2323,-500,11
95,73,3175,2324,-500,0
95,73,3177,2324,-314,0
69,73,2127,2382,361,-345
69,73,2129,2382,361,-345
69,73,2129,2384,224,-447
69,73,2131,2391,484,-121
69,73,2131,2392,484,-121
69,73,2133,2392,367,-101
69,73,2135,2379,302,0
69,73,2135,2379,340,0
69,73,2139,2381,488,-109
69,73,2141,2389,484,-121
69,73,2148,2380,500,0
69,73,2150,2386,482,-132
69,73,2150,2409,361,-345
69,73,2152,2423,361,-345
69,73,2153,2423,371,-335
69,73,2154,2379,157,0
69,73,2154,2416,353,-353
69,73,2154,2426,345,-361
69,73,2156,2393,445,-159
69,73,2157,2402,361,-345
69,73,2157,2429,296,-402
69,73,2160,2416,361,-345
69,73,2161,2418,345,-361
69,73,2162,2388,433,-108
69,73,2165,2423,345,-361
69,73,2166,2387,408,-102
69,73,2169,2387,381,-105
69,73,2172,2421,361,-345
69,73,2181,2415,181,-438
69,73,2182,2395,-102,-23
69,73,2185,2382,500,-25
69,73,2185,2440,132,-482
69,73,2186,2440,121,-484
69,73,2187,2415,108,-433
69,73,2189,2379,23,-12
69,73,2189,2379,56,-204
69,73,2189,2438,132,-482
69,73,2190,2433,121,-484
69,73,2191,2379,-6,-25
69,73,2191,2379,0,-26
69,73,2191,2384,338,-25
69,73,2193,2399,76,-253
69,73,2194,2379,0,0
69,73,2194,2382,115,-141
69,73,2194,2382,342,-8
69,73,2196,2385,53,-150
69,73,2199,2383,314,38
69,73,2199,2384,432,192
69,73,2201,2383,369,-18
69,73,2201,2386,316,-211
69,73,2202,2388,0,0
69,73,2205,2382,500,-11
69,73,2231,2388,0,0
67,73,2087,2420,361,-345
67,73,2088,2418,386,-316
67,73,2088,2420,361,-345
67,73,2090,2420,345,-361
67,73,2091,2417,361,-345
67,73,2091,2417,371,-335
67,73,2098,2426,351,-351
67,73,2098,2428,343,-359
67,73,2099,2426,358,-344
67,73,2100,2426,351,-351
67,73,2100,2430,332,-333
67,73,2100,2431,332,-333
67,73,2101,2409,226,-217
67,73,2103,2431,332,-333
67,73,2104,2409,235,-246
67,73,2106,2393,315,-233
67,73,2106,2426,358,-344
67,73,2106,2427,343,-359
67,73,2106,2431,332,-333
67,73,2107,2391,298,-210
67,73,2107,2423,353,-353
67,73,2109,2427,343,-359
67,73,2110,2429,332,-333
67,73,2110,2431,332,-333
67,73,2111,2411,139,-221
67,73,2112,2379,26,0
67,73,2112,2402,277,-277
67,73,2112,2428,0,-418
67,73,2113,2395,358,-309
67,73,2115,2384,227,-128
67,73,2118,2371,-421,0
67,73,2124,2378,0,0
67,73,2128,2431,332,-333
67,73,2131,2407,297,-298
67,73,2178,2402,-54,-444
67,73,2180,2437,0,-500
59,73,1944,2427,-344,-359
59,73,1949,2427,-344,-359
59,73,1950,2408,-386,-316
59,73,1952,2431,-325,-340
59,73,1955,2402,-335,-371
59,73,1960,2427,-344,-359
59,73,1963,2431,-325,-340
59,73,1966,2427,-344,-359
59,73,1970,2431,-325,-340
59,73,1971,2427,-344,-359
59,73,1973,2427,-344,-359
59,73,1974,2426,-351,-351
59,73,1974,2431,-325,-340
59,73,1976,2431,-325,-340
59,73,1978,2426,-351,-351
59,73,1981,2427,-344,-359
59,73,1982,2427,-344,-359
59,73,1984,2427,-344,-359
59,73,1984,2428,-344,-359
59,73,1984,2431,-325,-340
59,73,1985,2431,-333,-333
59,73,1985,2431,-325,-340
59,73,1986,2427,-344,-359
59,73,1987,2431,-325,-340
59,73,1989,2427,-344,-359
59,73,1989,2431,-325,-340
59,73,1990,2426,-359,-344
59,73,1990,2426,-351,-351
59,73,1991,2427,-344,-359
59,73,1993,2379,-287,-408
59,73,1995,2431,-325,-340
59,73,1996,2379,-387,-272
59,73,1996,2430,-340,-325
59,73,2001,2384,-472,-46
59,73,2002,2379,-473,0
59,73,2006,2423,-361,-345
59,73,2010,2391,-345,-361
59,73,2010,2395,-345,-361
59,73,2010,2396,-345,-361
59,73,2024,2387,-490,-97
31,73,914,2324,500,0
31,73,929,2321,492,85
31,73,932,2322,492,85
31,73,937,2324,473,0
31,73,939,2274,332,332
31,73,939,2323,482,132
31,73,942,2276,351,351
31,73,942,2277,358,343
31,73,942,2288,353,353
31,73,943,2277,351,351
31,73,944,2277,358,343
31,73,945,2274,340,325
31,73,945,2274,349,316
31,73,946,2274,332,332
31,73,947,2274,332,332
31,73,947,2295,345,361
31,73,947,2295,361,345
31,73,947,2324,421,0
31,73,951,2288,353,353
31,73,951,2291,335,371
31,73,951,2291,345,361
31,73,952,2292,345,361
31,73,953,2320,364,54
31,73,960,2324,238,0
31,73,960,2324,264,0
31,73,966,2284,353,353
31,73,966,2324,81,0
31,73,967,2279,332,332
31,73,967,2323,152,46
31,73,968,2280,361,345
31,73,968,2323,268,110
31,73,969,2280,361,345
31,73,969,2281,361,345
31,73,969,2288,353,353
31,73,970,2278,345,361
31,73,970,2281,353,353
31,73,970,2284,353,353
31,73,971,2281,353,353
31,73,971,2284,353,353
31,73,971,2291,345,361
31,73,971,2324,107,0
31,73,971,2327,-5,-25
31,73,971,2330,-12,23
31,73,971,2330,0,26
31,73,971,2331,-5,25
31,73,971,2333,-63,-46
31,73,971,2333,0,26
31,73,971,2334,-12,22
31,73,972,2295,345,361
31,73,978,2327,-174,325
31,73,979,2324,94,-50
31,73,980,2322,73,-111
31,73,980,2323,94,-50
31,73,981,2323,61,-115
31,73,996,2315,348,186
31,73,1010,2306,40,181
31,73,1012,2278,0,500
31,73,1012,2279,0,500
31,73,1012,2296,0,395
31,73,1022,2321,319,-275
28,73,818,2324,500,0
28,73,820,2316,492,85
28,73,832,2324,500,0
28,73,840,2286,353,353
28,73,842,2285,345,361
28,73,842,2285,353,353
28,73,842,2286,353,353
28,73,842,2288,361,345
28,73,842,2323,421,267
28,73,847,2313,457,125
28,73,855,2347,-82,412
28,73,856,2324,-211,-395
28,73,858,2332,-211,-395
28,73,859,2272,342,327
28,73,860,2345,-87,438
28,73,863,2356,46,-22
28,73,866,2321,-239,-377
28,73,872,2304,198,207
28,73,873,2301,198,207
28,73,874,2267,26,364
28,73,874,2305,175,194
28,73,875,2304,175,194
28,73,875,2305,175,194
28,73,877,2266,0,340
28,73,878,2308,94,90
28,73,878,2339,-339,250
28,73,879,2266,0,340
28,73,879,2267,0,340
28,73,880,2266,0,340
28,73,880,2326,-329,219
28,73,880,2332,-183,-191
28,73,882,2263,0,314
28,73,883,2270,0,366
28,73,884,2263,0,314
28,73,885,2263,0,314
28,73,886,2263,0,314
28,73,887,2263,0,314
28,73,890,2263,0,314
28,73,892,2263,0,314
28,73,893,2263,0,314
28,73,894,2263,0,314
28,73,895,2263,0,314
28,73,895,2305,189,180
28,73,896,2263,0,314
28,73,896,2274,332,332
28,73,898,2273,325,340
28,73,899,2263,0,314
28,73,899,2274,332,332
28,73,900,2263,0,314
28,73,901,2263,0,314
28,73,901,2274,332,332
28,73,902,2263,0,314
28,73,902,2273,325,340
28,73,903,2263,0,314
28,73,903,2274,332,332
28,73,904,2263,0,314
28,73,904,2273,325,340
28,73,904,2274,332,332
28,73,905,2263,0,314
28,73,907,2263,0,314
28,73,908,2277,358,343
28,73,909,2263,0,314
28,73,910,2263,0,314
28,73,912,2263,0,314
28,73,912,2302,0,261
28,73,913,2263,0,314
28,73,914,2263,0,314
28,73,915,2263,0,314
28,73,916,2263,0,314
28,73,917,2263,0,314
28,73,919,2278,0,418
28,73,920,2263,0,314
28,73,923,2263,0,314
28,73,924,2263,0,314
28,73,926,2263,0,314
28,73,927,2263,0,314
28,73,932,2258,0,500
28,73,933,2277,-37,498
23,73,685,2275,353,353
23,73,692,2282,353,353
23,73,703,2289,414,-72
23,73,715,2283,0,500
23,73,718,2280,0,500
23,73,718,2307,317,234
23,73,732,2307,0,185
23,73,734,2262,37,498
23,73,735,2280,121,484
23,73,740,2281,0,473
23,73,756,2305,247,237
23,73,793,2264,25,338
23,73,796,2258,0,500
23,73,796,2278,-351,351
23,73,796,2281,0,473
23,73,797,2264,-8,340
23,73,800,2264,0,500
23,73,800,2266,0,340
23,73,800,2267,0,340
23,73,800,2274,-340,325
23,73,801,2266,-17,340
23,73,801,2267,-17,340
23,73,802,2263,0,314
23,73,802,2266,-33,338
23,73,802,2266,-25,338
23,73,803,2266,-41,337
23,73,803,2266,-33,338
23,73,805,2263,0,314
23,73,806,2266,-66,333
23,73,808,2263,0,314
23,73,809,2263,0,314
23,73,810,2263,0,314
23,73,811,2263,0,314
23,73,814,2278,129,428
23,73,817,2306,0,183
23,73,817,2306,0,209
23,73,819,2267,-17,340
23,73,819,2335,306,-154
23,73,821,2281,-353,353
23,73,821,2330,471,46
23,73,821,2332,438,181
23,73,824,2278,-351,351
23,73,824,2289,-170,411
23,73,831,2329,498,-48
23,73,836,2274,-350,316
23,73,837,2274,-378,326
23,73,837,2323,211,-395
23,73,845,2315,-437,97
23,73,858,2279,-340,325
94,71,3061,2229,-141,396
94,71,3070,2243,-63,253
94,71,3073,2250,0,0
94,71,3079,2241,-136,-123
94,71,3083,2225,0,447
94,71,3084,2222,-10,209
94,71,3088,2274,257,-51
94,71,3091,2282,-283,142
94,71,3096,2214,-144,478
94,71,3104,2244,-289,224
94,71,3105,2324,-290,0
94,71,3106,2244,157,0
94,71,3113,2252,-408,101
94,71,3113,2297,-323,106
94,71,3114,2250,-400,131
94,71,3115,2247,-421,150
94,71,3116,2250,-432,118
94,71,3116,2321,-283,-49
94,71,3117,2246,-417,160
94,71,3117,2296,-353,-353
94,71,3120,2248,-453,136
94,71,3122,2243,-500,0
94,71,3124,2243,-500,0
94,71,3124,2248,-482,132
94,71,3125,2243,-500,0
94,71,3126,2237,-444,-22
94,71,3126,2249,-498,-37
94,71,3127,2233,-444,22
94,71,3127,2250,-498,-37
94,71,3128,2232,-351,351
94,71,3128,2242,-418,0
94,71,3128,2243,-500,0
94,71,3128,2246,-482,132
94,71,3128,2250,-500,-25
94,71,3129,2233,-359,343
94,71,3129,2233,-351,351
94,71,3129,2234,-351,351
94,71,3129,2247,-500,0
94,71,3129,2248,-500,0
94,71,3130,2249,-500,-25
94,71,3130,2250,-500,-25
94,71,3131,2250,-500,-25
94,71,3131,2304,-494,-74
94,71,3132,2230,-340,325
94,71,3132,2231,-340,325
94,71,3132,2232,-340,325
94,71,3132,2234,-340,325
94,71,3132,2236,-340,325
94,71,3132,2237,-340,325
94,71,3132,2250,-333,332
94,71,3133,2228,-340,325
94,71,3133,2230,-340,325
94,71,3133,2231,-340,325
94,71,3133,2232,-340,325
94,71,3133,2236,-340,325
94,71,3133,2242,-392,19
94,71,3133,2243,-392,0
94,71,3133,2243,-340,325
94,71,3133,2245,-418,-21
94,71,3133,2246,-340,325
94,71,3133,2250,-340,325
94,71,3134,2231,-371,335
94,71,3134,2241,-392,8
94,71,3134,2242,-392,8
94,71,3134,2244,-392,0
94,71,3135,2241,-395,8
94,71,3135,2241,-391,28
94,71,3135,2244,-500,0
94,71,3135,2244,-497,0
94,71,3135,2282,-500,0
94,71,3136,2233,-321,307
94,71,3136,2242,-391,28
94,71,3136,2243,-497,11
94,71,3136,2243,-392,0
94,71,3136,2243,-366,0
94,71,3136,2244,-366,0
94,71,3137,2227,-378,326
94,71,3137,2229,-378,326
94,71,3137,2231,-378,326
94,71,3137,2233,-378,326
94,71,3137,2241,-366,8
94,71,3137,2242,-366,0
94,71,3137,2243,-444,10
94,71,3137,2243,-392,0
94,71,3137,2243,-366,0
94,71,3137,2244,-500,0
94,71,3137,2244,-425,0
94,71,3137,2308,-470,-167
94,71,3138,2234,-490,97
94,71,3138,2244,-500,0
94,71,3138,2244,-444,0
94,71,3138,2244,-414,0
94,71,3138,2305,-498,-48
94,71,3138,2310,-498,-37
94,71,3139,2239,-419,31
94,71,3139,2307,-490,-97
94,71,3143,2305,-496,-60
94,71,3143,2310,-500,-25
94,71,3145,2282,-500,0
94,71,3146,2300,-500,0
94,71,3146,2306,-496,-60
94,71,3147,2302,-500,-11
94,71,3147,2305,-496,-60
94,71,3147,2307,-500,0
94,71,3147,2307,-492,-85
94,71,3148,2300,-500,0
94,71,3148,2306,-496,-60
94,71,3149,2310,-500,0
32,71,959,2243,366,0
32,71,959,2243,500,0
32,71,959,2244,500,0
32,71,961,2225,321,307
32,71,961,2230,321,307
32,71,962,2242,392,0
32,71,962,2243,340,325
32,71,962,2250,340,325
32,71,963,2224,332,332
32,71,963,2227,332,332
32,71,963,2228,332,332
32,71,963,2228,340,325
32,71,963,2230,332,332
32,71,963,2231,332,332
32,71,963,2233,332,332
32,71,963,2233,340,325
32,71,963,2234,332,332
32,71,963,2236,332,332
32,71,963,2237,332,332
32,71,963,2238,332,332
32,71,963,2240,332,332
32,71,963,2241,332,332
32,71,963,2243,332,332
32,71,963,2246,332,332
32,71,963,2247,332,332
32,71,963,2247,500,0
32,71,963,2248,332,332
32,71,963,2249,500,0
32,71,963,2250,332,332
32,71,963,2251,332,332
32,71,963,2252,332,332
32,71,963,2254,332,332
32,71,963,2255,332,332
32,71,963,2256,332,332
32,71,964,2224,340,325
32,71,964,2251,332,332
32,71,967,2216,343,358
32,71,967,2234,418,0
32,71,967,2235,418,0
32,71,967,2237,358,343
32,71,967,2238,418,0
32,71,967,2245,358,343
32,71,967,2248,358,343
32,71,967,2249,358,343
32,71,968,2243,500,0
32,71,970,2248,500,0
32,71,975,2249,457,125
32,71,977,2246,417,160
32,71,977,2250,433,108
32,71,979,2260,421,0
32,71,980,2250,433,108
32,71,980,2251,411,92
32,71,981,2250,403,121
32,71,981,2251,406,111
32,71,984,2253,385,86
32,71,985,2251,378,114
32,71,991,2233,500,0
32,71,999,2248,212,0
32,71,1000,2219,136,453
32,71,1002,2252,317,234
32,71,1002,2258,232,51
32,71,1003,2248,212,0
32,71,1003,2249,185,0
32,71,1004,2249,185,0
32,71,1005,2246,159,0
32,71,1009,2276,-132,-198
32,71,1010,2254,-56,204
32,71,1011,2225,7,157
32,71,1012,2225,0,447
32,71,1028,2237,208,268
93,70,2948,2176,0,500
93,70,3056,2259,-26,263
93,70,3057,2260,78,0
93,70,3063,2246,294,196
93,70,3068,2177,0,500
93,70,3071,2218,-432,118
93,70,3071,2219,-437,97
93,70,3072,2243,-264,0
93,70,3073,2219,-24,9
93,70,3073,2243,-316,0
93,70,3075,2217,-459,114
93,70,3076,2218,-462,103
93,70,3076,2220,-151,41
93,70,3076,2243,-316,0
93,70,3077,2242,-342,7
93,70,3079,2243,-342,0
93,70,3080,2216,-484,121
93,70,3080,2218,-125,37
93,70,3080,2222,-205,382
93,70,3081,2183,-267,421
93,70,3081,2217,-484,121
93,70,3082,2179,-236,441
93,70,3082,2251,-407,111
93,70,3083,2201,0,500
93,70,3083,2219,0,392
93,70,3083,2243,-421,0
93,70,3084,2201,-167,470
93,70,3084,2243,-421,0
93,70,3085,2215,-484,121
93,70,3086,2179,-246,435
93,70,3086,2221,-442,66
93,70,3086,2221,-439,87
93,70,3086,2225,-447,22
93,70,3086,2244,-447,0
93,70,3086,2245,-447,0
93,70,3086,2250,-433,108
93,70,3087,2250,-433,108
93,70,3088,2217,-402,-296
93,70,3088,2239,-224,417
93,70,3088,2250,-433,108
93,70,3088,2278,-156,-474
93,70,3090,2243,-473,0
93,70,3090,2244,-473,0
93,70,3090,2245,-473,0
93,70,3091,2198,-203,457
93,70,3091,2235,0,500
93,70,3091,2249,-459,114
93,70,3092,2218,-394,306
93,70,3092,2249,-459,114
93,70,3092,2249,-457,125
93,70,3093,2255,-421,-267
93,70,3094,2243,-500,0
93,70,3094,2244,-500,0
93,70,3096,2183,-361,345
93,70,3097,2248,-484,121
93,70,3100,2204,-361,345
93,70,3100,2205,-148,449
93,70,3100,2210,-500,0
93,70,3101,2203,-361,345
93,70,3101,2204,-316,386
33,70,991,2209,498,-37
33,70,991,2212,500,0
33,70,994,2210,496,-60
33,70,996,2196,500,0
33,70,1000,2204,441,236
33,70,1000,2206,462,191
33,70,1000,2213,488,109
33,70,1003,2203,500,0
33,70,1003,2205,361,345
33,70,1005,2214,488,109
33,70,1005,2216,208,180
33,70,1005,2219,108,282
33,70,1005,2221,270,-54
33,70,1005,2223,469,57
33,70,1005,2223,471,46
33,70,1005,2229,473,0
33,70,1005,2235,473,0
33,70,1005,2242,473,0
33,70,1005,2243,473,0
33,70,1006,2182,306,394
33,70,1006,2198,-211,394
33,70,1007,2224,167,312
33,70,1007,2239,223,417
33,70,1009,2221,438,87
33,70,1010,2215,488,109
33,70,1010,2222,442,66
33,70,1011,2220,346,77
33,70,1012,2213,0,302
33,70,1015,2216,484,121
33,70,1016,2215,121,50
33,70,1017,2218,375,123
33,70,1017,2259,195,308
33,70,1018,2251,-148,261
33,70,1019,2213,182,108
33,70,1022,2217,458,114
33,70,1023,2245,-217,144
33,70,1024,2218,433,108
33,70,1025,2179,267,421
33,70,1025,2247,-94,90
33,70,1027,2219,0,0
33,70,1029,2220,100,27
33,70,1032,2220,126,31
33,70,1035,2237,0,0
33,70,1039,2219,494,74
33,70,1041,2243,-220,-146
124,53,3902,1667,500,0
124,53,3902,1668,387,0
124,53,3902,1668,405,0
124,53,3903,1666,366,0
124,53,3903,1667,366,0
124,53,3903,1667,500,0
124,53,3903,1668,387,0
124,53,3904,1668,387,0
124,53,3904,1668,418,0
124,53,3904,1669,392,-9
124,53,3906,1665,392,8
124,53,3906,1666,392,0
124,53,3909,1667,497,0
124,53,3923,1674,433,108
124,53,3941,1622,224,447
124,53,3944,1643,136,453
124,53,3944,1691,-395,0
124,53,3949,1670,133,0
124,53,3956,1680,396,141
124,53,3960,1676,188,-89
124,53,3965,1681,266,-255
124,53,3968,1679,-26,-263
124,53,3972,1674,98,-328
125,52,3938,1632,496,-60
125,52,3949,1653,473,0
125,52,3949,1661,473,0
125,52,3949,1662,473,0
125,52,3949,1666,473,0
125,52,3949,1667,473,0
125,52,3949,1668,473,0
125,52,3953,1645,438,87
125,52,3964,1622,291,339
125,52,3965,1662,16,76
125,52,3988,1650,7,-78
125,52,4079,1621,-51,417
125,50,3944,1664,441,-236
125,50,3949,1611,473,0
125,50,3949,1628,473,0
125,50,3949,1630,473,0
125,50,3949,1631,473,0
125,50,3949,1633,473,0
125,50,3949,1643,473,0
125,50,3949,1668,500,0
125,50,3953,1600,97,490
125,50,3988,1655,24,-10
125,50,3993,1652,-317,131
124,49,3892,1565,500,0
124,49,3895,1566,335,0
124,49,3896,1603,314,0
124,49,3896,1611,314,0
124,49,3897,1565,340,0
124,49,3897,1567,340,-17
124,49,3899,1566,340,-17
124,49,3905,1639,353,-353
124,49,3908,1636,353,-353
124,49,3911,1603,418,0
124,49,3911,1611,418,0
124,49,3912,1632,353,-353
124,49,3913,1565,473,0
124,49,3928,1565,395,0
124,49,3955,1520,22,447
124,49,3955,1524,21,421
124,49,3988,1547,12,130
124,49,4015,1538,93,-187
125,48,3935,1566,498,-37
125,48,3936,1564,478,-144
125,48,3936,1564,500,0
125,48,3936,1565,500,0
125,48,3938,1565,496,-60
125,48,3939,1532,386,316
125,48,3939,1565,500,0
125,48,3940,1562,466,-179
125,48,3950,1574,167,-470
124,47,3903,1566,387,-9
124,47,3904,1567,391,-29
124,47,3905,1518,500,0
124,47,3905,1566,391,-29
124,47,3905,1566,392,0
124,47,3906,1564,392,0
124,47,3906,1565,392,0
124,47,3906,1573,378,-104
124,47,3907,1564,392,0
124,47,3907,1565,392,0
124,47,3908,1578,340,-325
124,47,3908,1580,340,-325
124,47,3908,1581,435,-246
124,47,3911,1547,351,-351
124,47,3911,1567,361,-345
124,47,3911,1576,351,-351
124,47,3937,1476,285,233
124,47,3951,1581,67,-386
124,47,3956,1550,387,-77
124,47,3963,1554,316,316
102,22,3306,766,-384,-230
102,22,3324,789,0,-473
102,22,3339,786,0,-473
102,22,3341,735,144,151
102,22,3350,780,-140,-425
102,22,3351,784,-148,-450
102,22,3352,789,-287,-408
102,22,3364,796,-500,0
102,22,3382,732,-500,0
102,22,3385,776,-359,-344
102,22,3389,767,-340,-325
102,22,3389,779,-340,-325
102,22,3404,732,-500,11
24,22,691,739,500,11
24,22,715,716,457,125
24,22,739,786,203,-457
24,22,743,783,169,-442
24,22,744,784,148,-450
24,22,747,806,132,-482
24,22,749,801,132,-482
110,21,3469,748,361,-345
110,21,3497,723,311,-242
110,21,3509,773,114,-348
110,21,3512,766,140,-394
110,21,3513,779,97,-490
110,21,3515,769,67,-386
110,21,3515,772,62,-360
110,21,3515,775,50,-336
110,21,3516,774,41,-337
110,21,3517,764,50,-415
110,21,3517,772,35,-365
110,21,3518,768,28,-391
110,21,3518,768,38,-391
110,21,3518,772,26,-365
110,21,3518,774,25,-339
110,21,3519,768,28,-391
110,21,3519,773,17,-340
110,21,3519,776,17,-340
110,21,3520,746,0,-418
110,21,3520,750,0,-444
110,21,3520,757,0,-466
110,21,3520,757,0,-444
110,21,3520,766,0,-414
110,21,3520,769,0,-387
110,21,3520,773,0,-361
110,21,3520,773,0,-340
110,21,3520,774,0,-361
110,21,3520,776,0,-340
110,21,3556,782,0,-500
110,21,3636,741,0,-473
107,21,3420,762,0,-500
107,21,3424,750,0,-444
107,21,3424,771,0,-500
107,21,3424,776,0,-500
107,21,3426,776,-25,-339
107,21,3429,775,-17,-340
107,21,3430,776,-17,-340
107,21,3433,776,-17,-340
107,21,3438,746,0,-418
107,21,3439,746,0,-418
107,21,3439,776,-17,-340
107,21,3440,764,10,-444
107,21,3440,776,-17,-340
107,21,3442,746,0,-418
107,21,3443,776,-17,-340
107,21,3446,746,0,-418
107,21,3447,776,-17,-340
107,21,3448,776,-17,-340
107,21,3449,746,0,-418
107,21,3450,746,0,-418
107,21,3450,776,-17,-340
107,21,3451,746,0,-418
107,21,3451,776,-17,-340
107,21,3452,746,0,-418
107,21,3452,776,-17,-340
107,21,3453,746,0,-418
107,21,3453,776,-17,-340
107,21,3454,746,0,-418
107,21,3454,776,-17,-340
107,21,3455,746,0,-418
107,21,3455,776,-17,-340
107,21,3456,746,0,-418
107,21,3456,776,-17,-340
107,21,3457,746,0,-418
107,21,3457,776,-17,-340
107,21,3457,777,0,-314
107,21,3458,746,0,-418
107,21,3458,776,-17,-340
107,21,3459,746,0,-418
107,21,3459,776,-17,-340
107,21,3460,746,0,-418
107,21,3460,776,-17,-340
107,21,3460,777,0,-314
107,21,3461,746,0,-418
107,21,3461,776,-17,-340
107,21,3462,746,0,-418
107,21,3462,776,-17,-340
107,21,3463,746,0,-418
107,21,3463,776,-17,-340
107,21,3464,746,0,-418
107,21,3464,776,-17,-340
107,21,3465,746,0,-418
107,21,3465,776,-17,-340
107,21,3466,746,0,-418
107,21,3466,776,-17,-340
107,21,3467,746,0,-418
107,21,3467,776,-17,-340
107,21,3468,746,0,-418
107,21,3468,776,-17,-340
107,21,3469,746,0,-418
107,21,3469,776,-17,-340
107,21,3470,746,0,-418
107,21,3470,776,-17,-340
107,21,3471,746,0,-418
107,21,3471,776,-17,-340
107,21,3472,746,0,-418
107,21,3472,776,-17,-340
107,21,3473,746,0,-418
107,21,3473,776,-17,-340
107,21,3474,746,0,-418
107,21,3474,776,-17,-340
107,21,3475,746,0,-418
107,21,3475,776,-17,-340
107,21,3475,777,0,-314
107,21,3476,746,0,-418
107,21,3476,776,-17,-340
107,21,3477,742,0,-392
107,21,3477,746,0,-418
107,21,3477,776,-17,-340
107,21,3478,746,0,-418
107,21,3478,776,-17,-340
107,21,3479,746,0,-418
107,21,3479,776,-17,-340
107,21,3480,776,-17,-340
107,21,3482,746,0,-418
107,21,3482,776,-17,-340
107,21,3482,776,25,-339
107,21,3483,750,0,-444
107,21,3483,776,-17,-340
107,21,3484,746,0,-418
107,21,3485,746,0,-418
107,21,3485,776,-17,-340
107,21,3486,776,-17,-340
107,21,3487,776,-17,-340
107,21,3488,757,0,-444
107,21,3489,746,0,-418
107,21,3489,777,-7,-314
107,21,3490,746,0,-418
107,21,3490,776,-17,-340
107,21,3491,776,-17,-340
107,21,3492,776,-17,-340
104,21,3339,771,0,-500
104,21,3352,778,11,-500
104,21,3375,754,-335,-371
104,21,3385,765,-334,-369
104,21,3434,715,-342,0
104,21,3437,725,-490,-97
104,21,3444,752,-361,-345
104,21,3445,752,-378,-326
104,21,3446,759,-361,-345
104,21,3447,754,-378,-326
104,21,3448,756,-371,-335
104,21,3448,756,-361,-345
104,21,3449,755,-386,-316
22,21,629,715,500,0
22,21,648,756,361,-345
22,21,648,756,371,-335
22,21,651,753,361,-345
22,21,659,758,296,-402
22,21,660,767,332,-333
22,21,676,715,235,0
19,21,575,742,332,-300
19,21,576,757,0,-466
19,21,580,715,235,0
19,21,597,746,0,-418
19,21,598,776,-17,-340
19,21,599,776,-17,-340
19,21,605,746,0,-418
19,21,606,746,0,-418
19,21,606,776,-17,-340
19,21,607,746,0,-418
19,21,607,776,-17,-340
19,21,608,746,0,-418
19,21,608,776,-17,-340
19,21,608,777,0,-340
19,21,609,739,0,-366
19,21,609,776,-17,-340
19,21,610,776,-17,-340
19,21,630,746,0,-418
19,21,631,776,-17,-340
19,21,632,776,-17,-340
19,21,672,776,0,-500
16,21,458,739,466,-179
16,21,523,736,325,-266
16,21,540,782,0,-500
16,21,549,746,0,-418
16,21,550,746,0,-418
16,21,550,776,-17,-340
16,21,551,776,-17,-340
16,21,552,746,0,-418
16,21,552,776,-17,-340
16,21,553,776,-17,-340
16,21,568,763,-344,-359
16,21,571,767,-325,-340
16,21,576,775,0,-361
16,21,578,776,-25,-339
108,20,3484,733,148,-450
108,20,3490,727,277,-416
108,20,3499,718,0,-447
108,20,3508,687,0,0
108,20,3508,718,0,-447
106,20,3393,720,451,-212
106,20,3401,737,224,-447
106,20,3403,696,0,-290
106,20,3411,719,33,-446
106,20,3421,728,-287,-408
106,20,3424,718,0,-447
106,20,3424,730,0,-500
106,20,3424,733,0,-500
106,20,3434,723,-451,-136
106,20,3473,719,-408,-287
20,20,663,715,500,0
20,20,666,715,500,0
20,20,674,728,267,-421
18,20,567,715,471,0
18,20,587,718,0,-447
18,20,587,723,0,-473
18,20,596,697,24,-10
18,20,596,718,0,-447
18,20,603,715,-380,0
68,13,2095,400,482,132
68,13,2146,378,339,291
68,13,2196,369,0,447
66,13,2093,347,164,327
66,13,2112,369,0,444
66,13,2176,382,0,342
66,13,2185,367,0,238
60,13,1982,367,-453,-137
60,13,1984,346,0,340
60,13,1984,347,0,340
60,13,1986,346,-25,338
60,13,1989,394,-494,74
60,13,1994,399,-416,277
60,13,2020,354,-350,316
60,13,2048,404,-361,345
58,13,1894,395,0,0
58,13,1913,342,-156,474
58,13,1955,394,-433,108
58,13,1958,392,-457,125
58,13,1974,361,-277,416
69,11,2131,348,500,0
69,11,2131,353,495,-37
69,11,2179,318,92,126
69,11,2184,303,148,449
69,11,2228,301,0,473
69,11,2247,300,-466,179
57,11,1862,305,466,179
57,11,1877,313,-151,365
57,11,1947,308,-387,218
57,11,1950,309,-407,180
57,11,1951,307,-441,236
57,11,1951,321,-391,28
57,11,1951,323,-500,0
57,11,1952,324,-366,0
70,10,2176,348,500,0
70,10,2204,298,433,108
70,10,2284,275,-201,400
70,10,2298,273,0,447
56,10,1869,286,-219,228
56,10,1877,340,0,0
56,10,1902,325,-447,0
56,10,1906,324,-473,0
56,10,1910,323,-500,0
56,10,1910,324,-500,0
124,9,3903,260,500,0
124,9,3906,255,361,345
124,9,3907,255,353,353
124,9,3909,340,345,-361
124,9,3909,353,353,-353
124,9,3917,257,482,-132
124,9,3921,315,445,33
124,9,3925,245,500,0
124,9,3931,345,316,-316
124,9,3939,278,237,17
124,9,3948,244,121,403
124,9,3949,280,74,-494
124,9,3955,232,417,223
124,9,3956,275,0,-130
124,9,3957,238,248,372
124,9,3958,238,248,372
124,9,3959,236,296,402
124,9,3960,247,316,316
124,9,3963,240,271,386
124,9,3963,241,281,381
124,9,3965,258,317,234
124,9,3968,249,250,339
124,9,3972,257,322,-115
124,9,3973,270,-250,-141
124,9,3981,266,136,194
124,9,3985,260,-242,-161
124,9,3985,275,88,55
124,9,3987,233,203,457
124,9,3987,233,224,447
2,9,135,273,212,-107
2,9,144,256,-203,457
2,9,157,263,-280,196
2,9,162,246,-266,360
2,9,165,241,-290,373
2,9,165,293,-341,-25
2,9,167,319,-367,35
2,9,171,294,-419,-31
2,9,171,319,-394,29
2,9,174,294,-447,-23
2,9,175,294,-447,-23
2,9,175,294,-446,-33
2,9,177,295,-472,-35
2,9,177,359,-441,-236
2,9,179,263,-500,0
2,9,179,293,-498,-37
2,9,181,295,-472,-35
2,9,184,293,-498,-37
2,9,185,258,-361,345
2,9,189,255,-361,345
2,9,194,299,-498,-37
2,9,196,293,-498,-37
2,9,197,294,-498,-37
2,9,199,294,-500,-25
2,9,199,299,-500,-25
125,8,3940,285,482,132
125,8,3947,239,378,326
125,8,3947,292,267,-421
125,8,3953,246,386,316
125,8,3953,288,132,-482
125,8,3955,245,351,317
125,8,3955,260,421,0
125,8,3956,287,230,45
125,8,3956,288,0,-500
125,8,3958,190,316,386
125,8,3958,232,287,408
125,8,3959,189,306,394
125,8,3962,184,224,447
125,8,3962,247,291,339
125,8,3963,241,281,381
125,8,3963,242,281,381
125,8,3963,263,366,44
125,8,3964,240,271,386
125,8,3964,252,304,291
125,8,3965,182,203,457
125,8,3965,232,283,346
125,8,3965,246,274,353
125,8,3965,258,317,234
125,8,3966,250,282,312
125,8,3967,184,224,447
125,8,3967,247,265,360
125,8,3974,229,353,274
125,8,3978,281,0,0
125,8,3988,236,0,0
1,8,116,226,-109,488
1,8,119,211,-109,488
1,8,120,206,-203,457
1,8,131,184,-212,451
1,8,131,261,-339,203
1,8,140,280,-48,-325
1,8,142,252,-400,253
1,8,145,250,-421,267
1,8,146,298,-203,-457
1,8,149,283,-386,-316
1,8,152,283,-462,-191
1,8,153,269,-361,-345
1,8,153,283,-457,-203
1,8,156,290,-394,-306
1,8,160,286,-457,-203
1,8,160,288,-435,-246
125,7,3930,260,418,-21
125,7,3942,219,345,361
125,7,3944,220,418,0
125,7,3944,224,345,361
125,7,3945,220,473,0
125,7,3948,203,494,74
125,7,3949,228,473,0
125,7,3953,228,447,0
125,7,3953,230,447,-23
125,7,3955,227,421,0
125,7,3955,242,416,62
125,7,3957,220,418,0
125,7,3960,228,395,-9
125,7,3963,177,281,381
125,7,3964,182,274,353
125,7,3964,182,291,339
125,7,3965,220,-427,201
125,7,3966,194,282,312
125,7,3968,185,244,407
125,7,3970,190,248,303
125,7,3971,239,264,-13
125,7,3978,194,311,242
125,7,3982,195,317,234
125,7,3987,221,-87,164
125,7,3990,204,-14,-21
125,7,4003,205,311,37
125,7,4007,208,338,25
125,7,4012,203,-69,-211
1,7,97,207,-103,28
1,7,106,211,96,45
1,7,108,212,126,34
1,7,130,182,-274,353
1,7,133,209,-335,334
1,7,136,250,-306,-394
1,7,138,192,-372,248
1,7,139,230,-421,0
1,7,141,234,-447,0
1,7,142,228,-447,0
1,7,142,230,-447,-23
1,7,146,228,-473,-11
1,7,146,228,-473,0
1,7,146,235,-473,0
1,7,154,227,-500,0
125,5,3935,163,500,0
125,5,3936,163,496,60
125,5,3936,163,500,0
125,5,3936,164,500,0
125,5,3936,220,253,-400
125,5,3936,220,306,-394
125,5,3936,220,500,0
125,5,3937,164,500,0
125,5,3938,163,500,0
125,5,3939,163,494,74
125,5,3940,164,500,0
125,5,3941,164,466,179
125,5,3956,167,37,246
125,5,3963,184,366,44
125,5,3984,180,-307,204
1,5,122,226,-219,-329
1,5,127,234,-248,-372
1,5,139,171,0,341
1,5,140,154,-48,498
1,5,141,171,-151,-41
1,5,144,156,-144,478
1,5,157,162,-494,74
1,5,157,163,-494,74
1,5,160,164,-500,0
1,5,160,164,-488,109
1,5,160,220,-500,0
1,5,161,165,-484,121
1,5,161,166,-484,121
1,5,162,165,-488,109
1,5,163,166,-490,97
124,4,3891,162,500,0
124,4,3891,163,500,0
124,4,3891,164,500,0
124,4,3892,163,485,0
124,4,3892,163,500,0
124,4,3893,163,500,0
124,4,3894,164,340,0
124,4,3894,164,353,0
124,4,3894,177,482,-132
124,4,3895,164,335,0
124,4,3896,118,314,0
124,4,3896,134,314,0
124,4,3896,137,314,0
124,4,3896,140,314,0
124,4,3896,147,314,0
124,4,3896,148,314,0
124,4,3896,150,314,0
124,4,3896,152,314,0
124,4,3896,155,314,0
124,4,3896,156,314,0
124,4,3896,157,314,0
124,4,3896,158,314,0
124,4,3896,161,312,23
124,4,3896,161,314,0
124,4,3896,161,314,15
124,4,3896,162,314,0
124,4,3896,162,314,7
124,4,3896,163,314,0
124,4,3896,164,335,0
124,4,3896,165,340,-8
124,4,3898,161,340,7
124,4,3898,164,340,0
124,4,3899,134,340,0
124,4,3899,150,340,0
124,4,3899,160,338,25
124,4,3902,164,366,0
124,4,3902,164,444,0
124,4,3907,163,500,0
124,4,3908,163,500,0
124,4,3908,163,500,11
124,4,3910,164,444,0
124,4,3911,162,416,30
124,4,3911,162,418,21
124,4,3911,163,418,0
124,4,3913,163,473,0
124,4,3917,163,473,0
124,4,3917,164,471,-24
124,4,3917,164,473,0
124,4,3920,129,-219,387
124,4,3921,163,447,0
124,4,3924,164,414,0
124,4,3924,164,418,0
124,4,3925,118,-232,-283
124,4,3925,164,414,0
124,4,3929,164,387,0
124,4,3939,210,203,-457
124,4,3940,211,191,-462
124,4,3944,208,148,-450
124,4,3948,120,53,308
124,4,3956,190,384,-230
124,4,3961,181,187,374
124,4,3965,184,141,368
124,4,3988,213,224,-447
2,4,121,207,-119,-396
2,4,123,223,-257,-429
2,4,125,228,-236,-441
2,4,126,227,-246,-435
2,4,162,158,0,0
2,4,169,130,-418,0
2,4,169,133,-418,0
2,4,169,146,-418,0
2,4,169,160,-418,0
2,4,173,153,-444,0
2,4,173,156,-444,0
2,4,174,161,-444,0
2,4,175,163,-447,0
2,4,178,135,-471,23
2,4,178,153,-471,23
2,4,178,159,-471,23
2,4,178,161,-471,23
2,4,183,159,-444,22
2,4,185,163,-500,0
2,4,185,163,-498,-37
2,4,186,137,-340,0
2,4,188,164,-500,-25
2,4,191,158,-392,19
2,4,195,165,-471,-24
2,4,196,164,-471,-11
2,4,197,161,-340,17
2,4,198,159,-340,17
2,4,198,161,-340,7
2,4,198,161,-340,17
2,4,199,113,-340,17
2,4,199,129,-340,17
2,4,199,132,-340,17
2,4,199,134,-340,17
2,4,199,142,-340,17
2,4,199,145,-340,17
2,4,199,152,-340,17
2,4,199,155,-340,17
2,4,199,156,-340,17
2,4,199,158,-340,17
2,4,199,160,-340,17
2,4,199,161,-340,17
2,4,200,161,-340,7
2,4,201,163,-500,0
2,4,201,164,-444,0
124,3,3896,84,314,0
124,3,3896,86,314,0
124,3,3896,92,314,0
124,3,3896,94,314,0
124,3,3896,95,314,0
124,3,3896,99,314,0
124,3,3896,102,314,0
124,3,3896,105,314,0
124,3,3896,114,314,0
124,3,3896,115,314,0
124,3,3896,116,314,0
124,3,3896,118,314,0
124,3,3896,119,314,0
124,3,3896,120,314,0
124,3,3896,121,314,0
124,3,3897,94,340,-17
124,3,3897,94,340,-8
124,3,3899,92,340,0
124,3,3900,92,340,0
124,3,3911,61,500,0
124,3,3912,128,353,-353
124,3,3912,128,361,-345
124,3,3919,121,353,-353
124,3,3926,117,365,-257
124,3,3927,112,392,19
124,3,3930,115,287,0
124,3,3939,39,378,326
124,3,3939,39,394,306
124,3,3944,182,107,-431
124,3,3945,146,121,-484
124,3,3947,156,277,-416
124,3,3949,183,60,-496
124,3,3956,207,0,-500
124,3,3979,76,24,-9
2,3,110,185,296,-402
2,3,148,156,-277,-416
2,3,149,127,-121,-484
2,3,153,194,-361,-345
2,3,166,163,-500,0
2,3,175,92,-471,0
2,3,178,102,-471,23
2,3,178,104,-471,23
2,3,178,106,-471,23
2,3,178,108,-471,23
2,3,178,110,-471,23
2,3,178,111,-471,23
2,3,178,112,-471,23
2,3,178,113,-471,23
2,3,178,114,-471,23
2,3,178,115,-471,23
2,3,178,116,-471,23
2,3,178,118,-471,23
2,3,178,120,-471,23
2,3,178,122,-471,23
2,3,178,124,-471,23
2,3,178,126,-471,23
2,3,178,128,-471,23
2,3,178,130,-471,23
2,3,180,163,-500,0
2,3,184,92,-418,0
2,3,185,61,-500,0
2,3,190,135,-353,-353
2,3,199,92,-314,0
2,3,199,101,-340,17
2,3,199,103,-340,17
2,3,199,105,-340,17
2,3,199,107,-340,17
2,3,199,109,-340,17
2,3,199,110,-340,17
2,3,199,111,-340,17
2,3,199,112,-340,17
2,3,199,113,-340,17
2,3,199,114,-340,17
2,3,199,115,-340,17
2,3,199,117,-340,17
2,3,199,119,-340,17
2,3,199,121,-340,17
2,3,199,123,-340,17
2,3,199,125,-340,17
2,3,199,127,-340,17
2,3,199,129,-340,17
125,2,3936,92,500,0
125,2,3940,99,148,-450
125,2,3940,99,361,-345
125,2,3940,100,361,-345
125,2,3948,57,203,457
125,2,3954,81,442,-66
125,2,3956,98,0,-500
125,2,3979,84,50,14
125,2,3983,84,154,97
125,2,3984,84,83,62
125,2,3985,75,60,-146
125,2,3985,82,132,-126
125,2,4020,144,488,-109
1,2,139,102,0,-500
1,2,140,100,-48,-498
1,2,141,81,-442,-66
1,2,145,61,-179,466
1,2,156,99,-361,-345
1,2,156,99,-306,-394
1,2,156,99,-148,-450
1,2,160,92,-500,0
124,1,3891,36,500,0
124,1,3892,30,498,48
124,1,3893,29,496,60
124,1,3896,75,314,0
124,1,3899,84,340,0
124,1,3900,86,366,-8
124,1,3903,92,366,0
124,1,3904,86,392,-9
124,1,3904,94,391,-29
124,1,3904,96,442,-43
124,1,3905,94,391,-29
124,1,3905,94,392,-20
124,1,3907,92,392,0
124,1,3907,93,392,0
124,1,3911,75,418,0
124,1,3916,125,378,-326
124,1,3926,114,345,-361
124,1,3948,137,121,-484
124,1,3950,82,-135,-192
124,1,3956,100,0,-316
124,1,3956,114,0,-473
124,1,3956,121,0,-500
124,1,3956,141,0,-500
124,1,3958,77,101,152
124,1,3958,79,20,208
124,1,3963,84,-26,0
124,1,3964,82,151,393
124,1,3964,84,-23,11
124,1,3967,84,17,19
