30,106,1054,3402,0,0
30,106,1057,3370,-432,118
30,103,1080,3263,-345,361
30,102,1055,3205,-316,386
30,102,1081,3229,-500,0
33,107,1161,3410,-395,0
31,107,1106,3412,-473,0
31,107,1125,3381,-394,306
123,123,3862,3939,500,0
123,123,3864,3916,500,0
123,123,3864,3919,500,0
123,123,3873,3913,500,-11
123,123,3873,3914,500,-11
123,123,3874,3912,500,-11
123,123,3874,3913,500,-11
123,123,3877,3914,500,-25
123,123,3878,3911,500,-25
123,123,3882,3910,500,0
123,123,3885,3958,490,-97
123,123,3886,3910,484,121
123,123,3889,3918,-92,-464
123,123,3891,3940,421,0
123,123,3891,3976,421,0
123,123,3894,3908,382,204
123,123,3894,3914,403,121
123,123,3894,3924,395,0
123,123,3895,3956,380,-179
123,123,3896,3968,266,325
123,123,3898,3911,453,136
123,123,3899,3910,445,158
123,123,3899,3910,449,148
123,123,3899,3911,449,148
123,123,3900,3914,433,108
123,123,3900,3916,438,87
123,123,3901,3913,431,118
123,123,3903,3911,417,160
123,123,3908,3916,381,104
123,123,3914,3895,345,361
123,123,3915,3881,353,353
123,123,3916,3899,345,361
123,123,3916,3916,0,52
123,123,3926,3905,384,230
123,123,3928,3909,258,-332
123,123,3930,3921,230,-57
123,123,3932,3916,110,-269
123,123,3933,3915,-14,-290
123,123,3938,3915,30,-312
123,123,3942,3862,144,478
123,123,3942,3862,156,474
123,123,3942,3923,-88,-133
123,123,3943,3861,132,482
123,123,3944,3915,332,258
123,123,3945,3860,121,484
123,123,3946,3895,-419,-41
123,123,3952,3881,46,471
123,123,3956,3885,0,473
123,123,3956,3891,0,421
123,123,3956,3896,0,395
123,123,3956,3914,24,8
123,123,3956,3916,0,0
123,123,3956,3921,82,-101
124,122,3891,3900,500,0
124,122,3891,3901,500,0
124,122,3891,3908,500,0
124,122,3892,3900,500,0
124,122,3892,3909,500,0
124,122,3895,3900,500,0
124,122,3896,3913,484,121
124,122,3902,3878,402,296
124,122,3904,3939,402,-296
124,122,3905,3874,340,325
124,122,3906,3874,340,325
124,122,3906,3874,349,316
124,122,3907,3861,332,332
124,122,3907,3862,332,332
124,122,3907,3863,332,332
124,122,3907,3864,332,332
124,122,3907,3864,340,325
124,122,3907,3866,332,332
124,122,3907,3868,332,332
124,122,3907,3869,332,332
124,122,3907,3870,332,332
124,122,3907,3873,332,332
124,122,3908,3874,332,332
124,122,3914,3907,361,345
124,122,3916,3928,454,-202
124,122,3921,3942,97,-490
124,122,3924,3939,10,-465
124,122,3929,3881,290,373
124,122,3932,3844,500,0
124,122,3934,3890,291,304
124,122,3937,3907,264,0
124,122,3940,3921,255,63
124,122,3941,3921,232,51
124,122,3944,3855,109,488
124,122,3944,3855,148,449
124,122,3946,3860,121,484
124,122,3948,3888,-165,202
124,122,3949,3887,-218,89
124,122,3952,3887,-295,-196
124,122,3952,3888,-208,-20
124,122,3956,3841,0,500
124,122,3956,3890,167,-251
124,121,3891,3900,451,-212
124,121,3892,3900,500,0
124,121,3901,3844,500,0
124,121,3902,3844,387,0
124,121,3902,3844,405,0
124,121,3903,3843,366,0
124,121,3903,3844,387,0
124,121,3903,3844,405,0
124,121,3903,3844,407,0
124,121,3904,3843,366,0
124,121,3904,3844,387,0
124,121,3904,3845,392,-9
124,121,3905,3841,392,8
124,121,3905,3843,500,0
124,121,3905,3844,500,0
124,121,3906,3841,392,8
124,121,3906,3842,392,0
124,121,3907,3828,332,332
124,121,3907,3828,340,325
124,121,3907,3829,332,332
124,121,3907,3829,340,325
124,121,3907,3830,332,332
124,121,3907,3832,332,332
124,121,3907,3833,332,332
124,121,3907,3833,340,325
124,121,3907,3836,332,332
124,121,3907,3839,332,332
124,121,3907,3840,332,332
124,121,3907,3841,332,332
124,121,3907,3843,332,332
124,121,3907,3847,340,325
124,121,3911,3847,358,343
124,121,3914,3841,444,22
124,121,3918,3928,416,-277
124,121,3923,3853,412,82
124,121,3927,3844,314,0
124,121,3929,3851,375,123
124,121,3929,3900,157,0
124,121,3944,3819,136,453
124,121,3946,3848,212,0
124,121,3949,3846,133,0
124,121,3949,3846,159,0
124,121,3954,3852,-122,-47
124,121,3956,3844,0,0
124,121,3956,3850,232,147
124,121,3956,3859,50,-14
124,121,3957,3859,56,-54
124,121,3961,3853,254,-188
124,121,3963,3856,-21,-211
124,121,3968,3851,-60,-85
124,121,3968,3854,130,28
124,121,3969,3851,-9,-78
124,121,3970,3851,9,-24
124,121,3970,3851,18,17
124,121,3970,3851,25,-5
124,121,3979,3851,19,-16
124,121,3979,3852,-40,-179
124,121,3981,3852,-50,-203
124,115,3892,3684,500,0
124,115,3892,3708,500,0
124,115,3902,3740,500,0
124,115,3902,3741,500,0
124,115,3902,3744,417,-31
124,115,3903,3741,500,0
124,115,3903,3742,387,-9
124,115,3903,3744,431,-32
124,115,3904,3740,366,0
124,115,3904,3742,392,0
124,115,3904,3743,391,-29
124,115,3904,3759,321,-307
124,115,3905,3742,391,-29
124,115,3905,3742,392,-9
124,115,3905,3742,392,0
124,115,3905,3743,391,-29
124,115,3905,3743,392,-9
124,115,3905,3744,429,-42
124,115,3905,3746,471,-46
124,115,3906,3740,392,0
124,115,3906,3741,392,0
124,115,3906,3743,392,-9
124,115,3907,3740,392,0
124,115,3907,3741,392,0
124,115,3907,3742,392,-20
124,115,3908,3756,340,-325
124,115,3909,3742,418,0
124,115,3911,3737,351,-351
124,115,3911,3740,351,-351
124,115,3911,3751,351,-351
124,115,3911,3752,351,-351
124,115,3917,3708,473,0
124,115,3925,3651,211,394
124,115,3931,3668,201,-55
124,115,3944,3680,151,144
124,115,3944,3764,144,-478
124,115,3944,3764,156,-474
124,115,3945,3761,136,-453
124,115,3946,3644,126,-34
124,115,3949,3731,149,149
124,115,3950,3620,156,474
124,115,3955,3726,143,117
124,115,3956,3726,387,-77
124,115,3956,3759,0,-447
124,115,3958,3725,75,195
124,115,3959,3724,126,34
124,115,3959,3728,338,50
124,115,3962,3732,-212,301
124,115,3962,3732,-46,23
124,115,3962,3732,20,15
124,115,3963,3730,316,316
124,115,3963,3732,-23,11
124,115,3964,3732,-23,11
124,115,3964,3732,136,453
124,115,3969,3732,22,12
125,116,3926,3729,498,37
125,116,3933,3741,498,48
125,116,3935,3741,500,0
125,116,3935,3742,498,-37
125,116,3936,3740,478,-144
125,116,3936,3740,488,-109
125,116,3936,3740,500,0
125,116,3936,3741,500,0
125,116,3938,3741,496,-60
125,116,3938,3741,500,0
125,116,3939,3741,500,0
125,116,3940,3738,466,-179
125,116,3940,3741,492,-85
125,116,3940,3741,500,0
125,116,3950,3750,167,-470
125,116,3956,3721,395,19
125,116,3956,3746,0,-500
125,116,3961,3732,78,0
125,116,3979,3732,25,1
125,116,3980,3732,-78,7
125,116,3980,3732,0,0
124,117,3891,3741,500,0
124,117,3893,3741,500,0
124,117,3895,3742,335,0
124,117,3896,3743,340,-8
124,117,3896,3744,314,0
124,117,3896,3746,314,0
124,117,3896,3764,314,0
124,117,3896,3765,314,0
124,117,3896,3767,314,0
124,117,3896,3768,314,0
124,117,3896,3771,314,0
124,117,3896,3772,314,0
124,117,3896,3773,314,0
124,117,3896,3774,314,0
124,117,3896,3776,314,0
124,117,3896,3777,314,0
124,117,3896,3779,314,0
124,117,3896,3780,314,0
124,117,3896,3781,314,0
124,117,3896,3782,314,0
124,117,3896,3783,314,0
124,117,3896,3784,314,0
124,117,3896,3785,314,0
124,117,3896,3786,314,0
124,117,3896,3787,314,0
124,117,3897,3741,340,0
124,117,3897,3741,500,0
124,117,3897,3743,340,-17
124,117,3897,3781,340,-8
124,117,3899,3741,340,0
124,117,3899,3742,340,-17
124,117,3899,3742,340,-8
124,117,3899,3779,340,0
124,117,3903,3761,366,0
124,117,3905,3814,353,-353
124,117,3905,3815,353,-353
124,117,3908,3812,353,-353
124,117,3911,3777,418,0
124,117,3911,3779,418,0
124,117,3911,3780,418,0
124,117,3911,3781,418,0
124,117,3911,3783,418,0
124,117,3911,3784,418,0
124,117,3911,3785,418,0
124,117,3911,3786,418,0
124,117,3911,3787,418,0
124,117,3912,3808,353,-353
124,117,3915,3742,264,-6
124,117,3917,3741,473,0
124,117,3923,3741,421,0
124,117,3925,3779,444,0
124,117,3927,3764,366,0
124,117,3939,3692,181,438
124,117,3946,3822,118,-432
124,117,3949,3822,87,-439
124,117,3953,3787,33,338
124,117,3953,3797,-183,3
124,117,3953,3849,109,-488
124,117,3954,3707,27,367
124,117,3956,3806,4,-25
124,117,3957,3790,17,182
125,120,3932,3847,494,74
125,120,3934,3844,500,0
125,120,3935,3843,500,0
125,120,3936,3843,500,0
125,120,3936,3844,478,144
125,120,3936,3844,500,0
125,120,3936,3869,466,-179
125,120,3937,3844,500,0
125,120,3938,3843,496,60
125,120,3939,3843,494,74
125,120,3939,3843,500,0
125,120,3947,3880,191,-462
125,120,3950,3833,167,470
125,120,3952,3870,203,-457
125,120,3956,3840,0,500
125,120,3973,3860,20,16
125,120,3983,3851,128,-90
125,120,3984,3851,-7,-104
125,120,3984,3860,-162,302
125,118,3949,3788,464,92
125,118,3949,3796,473,0
125,118,3949,3807,473,0
125,118,3952,3808,156,-474
125,118,3953,3776,97,490
125,118,3953,3789,438,87
125,118,3953,3807,97,-490
125,118,3979,3796,167,130
125,118,3987,3787,92,-93
124,119,3890,3843,500,0
124,119,3891,3843,500,0
124,119,3892,3843,485,0
124,119,3893,3843,500,0
124,119,3894,3843,340,0
124,119,3894,3844,444,0
124,119,3894,3856,482,-132
124,119,3894,3857,482,-132
124,119,3896,3796,314,0
124,119,3896,3798,314,0
124,119,3896,3799,314,0
124,119,3896,3800,314,0
124,119,3896,3801,314,0
124,119,3896,3802,314,0
124,119,3896,3803,314,0
124,119,3896,3804,314,0
124,119,3896,3805,314,0
124,119,3896,3806,314,0
124,119,3896,3807,314,0
124,119,3896,3808,314,0
124,119,3896,3809,314,0
124,119,3896,3810,314,0
124,119,3896,3811,314,0
124,119,3896,3812,314,0
124,119,3896,3813,314,0
124,119,3896,3814,314,0
124,119,3896,3817,314,0
124,119,3896,3820,314,0
124,119,3896,3824,314,0
124,119,3896,3826,314,0
124,119,3896,3828,314,0
124,119,3896,3830,314,0
124,119,3896,3832,314,0
124,119,3896,3833,314,0
124,119,3896,3835,314,0
124,119,3896,3836,314,0
124,119,3896,3837,314,0
124,119,3896,3838,314,0
124,119,3896,3839,314,0
124,119,3896,3840,314,0
124,119,3896,3841,312,23
124,119,3896,3841,314,0
124,119,3896,3841,314,15
124,119,3896,3842,314,0
124,119,3896,3842,314,7
124,119,3896,3843,314,0
124,119,3896,3844,335,0
124,119,3896,3845,340,-8
124,119,3898,3844,340,0
124,119,3899,3787,340,0
124,119,3899,3824,340,0
124,119,3899,3825,340,0
124,119,3899,3840,338,25
124,119,3899,3844,361,0
124,119,3900,3789,366,-8
124,119,3900,3790,366,-8
124,119,3901,3789,366,-18
124,119,3901,3843,500,0
124,119,3902,3844,366,0
124,119,3903,3844,387,0
124,119,3904,3854,482,-132
124,119,3906,3843,500,0
124,119,3908,3771,345,361
124,119,3908,3843,500,0
124,119,3909,3843,500,0
124,119,3910,3843,500,0
124,119,3910,3844,418,0
124,119,3911,3840,418,0
124,119,3911,3841,416,30
124,119,3911,3842,416,30
124,119,3911,3842,418,0
124,119,3911,3843,418,0
124,119,3911,3843,500,0
124,119,3917,3843,473,0
124,119,3917,3844,471,-24
124,119,3921,3843,447,0
124,119,3923,3843,421,0
124,119,3925,3806,416,-62
124,119,3926,3843,421,0
124,119,3934,3778,392,-20
124,119,3942,3808,-444,0
124,119,3944,3888,148,-450
124,119,3956,3727,0,500
124,119,3956,3865,24,-10
124,119,3957,3792,74,-138
57,122,1760,3907,500,0
57,122,1760,3908,500,0
57,122,1761,3908,500,0
57,122,1899,3857,0,447
56,121,1715,3907,500,0
56,121,1719,3908,335,0
56,121,1720,3907,314,0
56,121,1721,3870,340,-17
56,121,1721,3870,340,-8
56,121,1723,3868,340,0
56,121,1724,3868,340,0
56,121,1732,3835,345,361
56,121,1735,3907,418,0
56,121,1737,3908,473,0
56,121,1749,3908,414,0
56,121,1751,3906,395,19
56,121,1768,3952,148,-450
56,121,1779,3824,22,447
57,120,1760,3868,500,0
57,120,1760,3871,402,-296
57,120,1777,3853,438,87
57,120,1777,3871,97,-490
53,125,1639,3949,353,353
53,125,1639,3968,345,361
53,125,1656,3978,433,108
53,125,1660,3937,349,316
53,125,1661,3938,349,316
53,125,1663,3938,332,332
53,125,1664,3936,298,330
53,125,1668,3934,256,330
53,125,1669,3940,368,333
53,125,1688,3930,66,333
53,125,1693,3927,0,314
53,125,1693,3927,23,312
53,125,1695,3927,7,314
53,125,1696,3930,0,340
53,125,1760,3953,0,447
55,125,1685,3981,496,60
55,125,1686,3984,494,74
55,125,1687,3983,492,85
55,125,1690,3984,488,109
55,125,1719,3973,470,167
55,125,1724,3978,433,108
55,125,1739,3945,353,353
55,125,1767,3974,327,342
55,125,1780,3968,0,264
55,125,1780,3970,0,26
56,119,1719,3806,335,0
56,119,1720,3843,314,0
56,119,1721,3808,338,25
56,119,1723,3812,340,0
56,119,1727,3868,366,0
56,119,1728,3870,392,-20
56,119,1729,3870,391,-29
56,119,1731,3868,392,0
56,119,1736,3872,353,-353
56,119,1737,3805,473,0
56,119,1741,3805,473,0
56,119,1768,3840,0,0
56,119,1828,3763,0,421
56,124,1715,3965,500,0
56,124,1715,3972,500,0
56,124,1731,3923,340,325
56,124,1737,3988,473,0
56,124,1763,3911,353,353
56,124,1768,3919,148,449
56,124,1768,3971,-181,189
56,124,1780,3911,0,500
2,6,137,240,-31,315
2,6,141,235,-154,-98
2,6,145,247,372,248
2,6,146,270,-87,-439
2,6,162,234,-248,-237
2,6,163,223,-392,0
2,6,169,188,-418,0
2,6,169,198,-418,0
2,6,169,205,-418,0
2,6,173,211,-444,0
2,6,173,212,-444,0
2,6,176,228,-471,0
2,6,178,187,-471,23
2,6,178,190,-471,-24
2,6,178,190,-471,23
2,6,178,191,-471,23
2,6,178,192,-471,23
2,6,178,194,-471,23
2,6,178,197,-471,23
2,6,178,199,-471,23
2,6,178,201,-471,23
2,6,178,202,-471,23
2,6,178,203,-471,23
2,6,178,205,-471,23
2,6,178,207,-471,23
2,6,178,209,-471,23
2,6,178,211,-471,23
2,6,178,213,-471,23
2,6,178,214,-471,23
2,6,178,215,-471,23
2,6,178,216,-471,23
2,6,178,217,-471,23
2,6,178,220,-471,23
2,6,178,222,-471,23
2,6,178,223,-471,23
2,6,178,224,-471,23
2,6,178,225,-471,23
2,6,178,226,-471,23
2,6,178,227,-471,23
2,6,178,228,-471,23
2,6,178,229,-471,23
2,6,178,230,-471,23
2,6,178,231,-471,23
2,6,178,232,-471,23
2,6,178,233,-471,23
2,6,183,190,-444,22
2,6,183,197,-444,22
2,6,183,228,-444,22
2,6,187,260,-345,-361
2,6,188,260,-353,-353
2,6,190,262,-361,-345
2,6,190,262,-353,-353
2,6,190,263,-353,-353
2,6,191,217,-392,19
2,6,191,241,-392,19
2,6,195,217,-366,18
2,6,195,241,-366,18
2,6,197,233,-340,0
2,6,197,243,-340,0
2,6,198,191,-340,-8
2,6,199,186,-340,17
2,6,199,187,-340,17
2,6,199,188,-340,17
2,6,199,189,-340,17
2,6,199,190,-340,17
2,6,199,191,-340,17
2,6,199,193,-340,17
2,6,199,196,-340,17
2,6,199,197,-340,17
2,6,199,198,-340,17
2,6,199,199,-340,17
2,6,199,200,-340,17
2,6,199,201,-340,17
2,6,199,202,-340,17
2,6,199,204,-340,17
2,6,199,206,-340,17
2,6,199,208,-340,17
2,6,199,210,-340,17
2,6,199,211,-340,17
2,6,199,212,-340,17
2,6,199,213,-340,17
2,6,199,214,-340,17
2,6,199,215,-340,17
2,6,199,216,-340,17
2,6,199,217,-340,17
2,6,199,219,-340,17
2,6,199,220,-340,17
2,6,199,221,-340,17
2,6,199,222,-340,17
2,6,199,223,-340,17
2,6,199,224,-340,17
2,6,199,225,-340,17
2,6,199,226,-340,17
2,6,199,227,-340,17
2,6,199,228,-340,17
2,6,199,229,-340,17
2,6,199,230,-340,17
2,6,199,231,-340,17
2,6,199,232,-340,17
2,6,200,199,-314,0
2,6,200,208,-314,0
2,6,200,216,-314,0
2,6,200,222,-314,0
2,6,200,223,-314,0
2,6,200,224,-314,0
2,6,200,225,-314,0
2,6,200,227,-314,0
2,6,200,228,-314,0
2,6,200,229,-314,0
2,6,200,230,-314,0
2,6,200,234,-314,0
2,6,204,188,-500,0
2,6,204,192,-500,-25
2,4,129,180,-212,451
2,4,131,180,-190,317
2,4,132,180,0,369
2,4,132,180,136,194
2,4,132,180,161,302
2,4,133,173,-263,175
2,4,133,173,-258,181
2,4,133,180,25,45
2,4,133,180,30,41
2,4,135,175,-301,211
2,4,139,202,0,-157
2,4,141,174,-367,35
2,4,141,186,152,101
2,4,150,208,-137,-453
2,4,151,212,-144,-478
2,4,181,190,-444,-10
2,4,182,190,-444,-10
2,4,182,194,-444,22
2,4,184,194,-492,-85
2,4,185,196,-359,-344
2,4,185,198,-359,-344
2,4,185,199,-359,-344
2,4,185,199,-351,-351
2,4,185,200,-359,-344
2,4,186,190,-418,-21
2,4,186,190,-418,0
2,4,188,201,-333,-333
2,4,188,203,-333,-333
2,4,189,189,-392,0
2,4,189,199,-340,-325
2,4,189,201,-340,-325
2,4,189,202,-340,-325
2,4,189,203,-340,-325
2,4,190,188,-392,0
2,4,190,190,-392,-9
2,4,190,190,-392,0
2,4,190,191,-392,-9
2,4,190,201,-369,-132
2,4,191,188,-392,0
2,4,192,188,-387,0
2,4,193,174,-500,0
2,4,193,188,-387,0
2,4,194,189,-500,0
2,4,194,195,-494,-74
2,4,194,196,-494,-74
2,4,194,196,-492,-85
2,4,203,132,-500,0
2,4,204,132,-500,0
1,5,15,238,76,-441
1,5,145,198,-167,-470
1,5,146,199,-167,-470
1,5,147,203,-179,-466
1,5,157,188,-500,0
1,5,157,189,-500,0
1,5,157,189,-466,-179
1,5,160,188,-500,0
1,5,160,189,-500,0
1,7,111,244,0,0
1,7,114,235,0,0
1,7,139,233,0,289
1,7,141,241,-442,-66
1,7,142,219,-97,490
1,7,142,241,-442,-66
1,7,142,242,-442,-66
1,7,142,260,-121,-484
1,7,142,260,-97,-490
1,7,143,260,-121,-484
1,7,150,224,-345,361
2,8,133,241,170,-163
2,8,135,235,26,0
2,8,138,242,-7,-78
2,8,138,243,-23,-12
2,8,138,318,466,179
2,8,141,228,-209,0
2,8,141,240,104,-5
2,8,145,243,-231,-123
2,8,146,209,-87,438
2,8,154,335,-192,-433
2,8,169,245,-418,0
2,8,169,247,-418,0
2,8,169,250,-418,0
2,8,169,255,-418,0
2,8,169,267,-418,0
2,8,173,242,-495,36
2,8,174,289,-444,0
2,8,174,290,-447,10
2,8,175,291,-447,0
2,8,177,287,-471,23
2,8,177,289,-471,23
2,8,178,243,-471,23
2,8,178,244,-471,23
2,8,178,245,-471,23
2,8,178,246,-471,23
2,8,178,248,-471,23
2,8,178,249,-471,23
2,8,178,250,-471,23
2,8,178,252,-471,23
2,8,178,254,-471,23
2,8,178,256,-471,23
2,8,178,257,-471,23
2,8,178,258,-471,23
2,8,178,260,-471,23
2,8,178,262,-471,23
2,8,178,264,-471,23
2,8,178,266,-471,23
2,8,178,268,-471,23
2,8,178,270,-471,23
2,8,178,272,-471,23
2,8,178,274,-471,23
2,8,178,276,-471,23
2,8,178,278,-471,23
2,8,178,279,-471,23
2,8,178,280,-471,23
2,8,178,281,-471,23
2,8,178,282,-471,23
2,8,178,284,-471,23
2,8,178,286,-471,23
2,8,178,288,-471,23
2,8,178,289,-471,23
2,8,180,289,-443,43
2,8,181,289,-444,22
2,8,182,289,-444,22
2,8,183,251,-444,22
2,8,183,265,-444,22
2,8,187,245,-417,30
2,8,188,291,-500,0
2,8,188,320,-500,0
2,8,191,286,-392,19
2,8,192,298,-474,-156
2,8,193,292,-497,-11
2,8,195,286,-366,18
2,8,196,294,-469,-46
2,8,197,288,-339,25
2,8,198,286,-340,7
2,8,198,287,-340,17
2,8,198,288,-340,17
2,8,198,289,-340,7
2,8,199,237,-340,17
2,8,199,241,-340,17
2,8,199,242,-340,17
2,8,199,243,-340,17
2,8,199,244,-340,17
2,8,199,245,-340,17
2,8,199,246,-340,17
2,8,199,247,-340,17
2,8,199,248,-340,17
2,8,199,249,-340,17
2,8,199,250,-340,17
2,8,199,251,-340,17
2,8,199,253,-340,17
2,8,199,254,-340,17
2,8,199,255,-340,17
2,8,199,256,-340,17
2,8,199,257,-340,17
2,8,199,259,-340,17
2,8,199,261,-340,17
2,8,199,263,-340,17
2,8,199,264,-340,17
2,8,199,265,-340,17
2,8,199,266,-340,17
2,8,199,267,-340,17
2,8,199,269,-340,17
2,8,199,271,-340,17
2,8,199,273,-340,17
2,8,199,275,-340,17
2,8,199,277,-340,17
2,8,199,278,-340,17
2,8,199,279,-340,17
2,8,199,280,-340,17
2,8,199,281,-340,17
2,8,199,283,-340,17
2,8,199,284,-340,17
2,8,199,285,-340,17
2,8,199,286,-340,17
2,8,199,287,-340,17
2,8,199,288,-340,17
2,8,199,289,-340,-8
2,8,199,289,-340,17
2,8,199,293,-444,-22
2,8,200,251,-314,0
2,8,200,253,-314,0
2,8,200,255,-314,0
2,8,200,257,-314,0
2,8,200,263,-314,0
2,8,200,286,-314,0
2,8,200,288,-314,0
2,8,200,290,-314,0
2,8,200,294,-443,-33
2,8,201,281,-490,97
2,8,202,281,-490,97
2,8,203,291,-500,0
2,8,205,289,-500,25
1,9,150,292,-500,0
1,9,150,330,-224,-447
1,9,156,291,-500,0
1,9,157,290,-494,74
1,9,157,291,-494,74
1,9,158,291,-496,60
1,9,160,291,-500,0
1,9,160,292,-500,0
1,9,160,292,-488,109
1,9,160,292,-478,144
1,9,160,293,-484,121
1,9,161,293,-484,121
1,9,161,311,-498,-48
1,9,163,292,-484,121
2,10,124,299,-8,24
2,10,125,299,-59,-51
2,10,125,299,9,-78
2,10,126,301,-319,-275
2,10,128,299,116,-58
2,10,128,306,118,102
2,10,131,300,-212,-451
2,10,135,303,-442,-66
2,10,138,307,-49,-17
2,10,139,288,0,264
2,10,151,282,-303,248
2,10,166,286,-227,216
2,10,177,356,-439,-87
2,10,180,299,-464,92
2,10,185,295,-500,0
2,10,185,296,-500,0
2,10,188,292,-340,325
2,10,189,290,-392,0
2,10,189,291,-392,0
2,10,190,287,-441,53
2,10,190,289,-392,8
2,10,191,287,-419,31
2,10,191,289,-392,8
2,10,191,289,-392,19
2,10,191,289,-391,28
2,10,192,292,-366,0
2,10,193,289,-366,8
2,10,193,291,-500,0
2,10,193,291,-392,0
2,10,194,282,-490,97
2,10,195,284,-492,85
2,10,196,284,-494,74
2,10,203,348,-500,0
2,11,146,340,183,0
2,11,147,322,-114,458
2,11,147,322,-85,492
2,11,147,323,-85,492
2,11,147,327,-85,492
2,11,148,318,-114,458
2,11,148,323,-85,492
2,11,148,372,130,0
2,11,150,309,-121,484
2,11,151,303,-121,484
2,11,152,304,-121,484
2,11,153,298,-277,416
2,11,153,299,-277,416
2,11,153,305,-144,478
2,11,155,294,-441,236
2,11,157,345,-233,350
2,11,158,332,-230,384
2,11,160,292,-500,0
2,11,161,349,-298,297
2,11,162,342,-274,353
2,11,167,332,-361,345
2,11,167,333,-306,394
2,11,168,347,-421,21
2,11,169,340,-327,342
2,11,171,328,-345,361
2,11,171,332,-345,361
2,11,171,379,0,-380
2,11,174,324,-353,353
2,11,175,327,-287,408
2,11,176,324,-277,416
2,11,176,352,-361,345
2,11,178,322,-353,353
2,11,180,361,-316,386
2,11,180,362,-361,345
2,11,181,317,-353,353
2,11,181,318,-353,353
2,11,181,324,-353,353
2,11,181,325,-353,353
2,11,182,316,-287,408
2,11,182,348,-361,345
2,11,182,349,-345,361
2,11,183,350,-361,345
2,11,183,357,-361,345
2,11,184,315,-296,402
2,11,184,352,-361,345
2,11,185,321,-351,351
2,11,185,324,-351,351
2,11,186,325,-359,343
2,11,186,346,-345,361
2,11,187,348,-345,361
2,11,188,307,-340,325
2,11,188,308,-340,325
2,11,188,310,-340,325
2,11,188,311,-340,325
2,11,188,312,-340,325
2,11,188,313,-340,325
2,11,188,314,-340,325
2,11,188,317,-340,325
2,11,188,318,-340,325
2,11,188,321,-340,325
2,11,188,322,-340,325
2,11,189,307,-340,325
2,11,189,314,-340,325
2,11,189,317,-340,325
2,11,189,318,-340,325
2,11,189,318,-316,349
2,11,189,322,-340,325
2,11,190,322,-350,316
2,11,190,322,-340,325
2,11,193,306,-378,326
2,11,193,372,-500,11
2,11,193,380,-470,-167
2,11,195,324,-394,306
2,11,196,325,-402,296
2,11,204,348,-500,0
3,12,139,357,0,261
3,12,139,363,-23,-12
3,12,139,364,-20,-16
3,12,141,337,-33,445
3,12,151,365,-76,252
3,12,152,326,-144,478
3,12,168,370,161,-132
3,12,175,351,-335,371
3,12,176,324,-277,416
3,12,177,350,-217,226
3,12,178,356,-96,123
3,12,179,343,-345,361
3,12,179,354,-153,178
3,12,180,352,-176,194
3,12,182,326,-335,371
3,12,182,352,-141,155
3,12,183,342,-345,361
3,12,196,444,-433,-192
3,12,201,351,-372,248
3,12,204,359,-421,150
3,12,206,357,-438,181
3,12,206,376,-447,0
3,12,207,357,-446,158
3,12,209,355,-438,181
3,12,210,354,-457,203
3,12,211,355,-462,191
3,12,212,411,-472,-46
3,12,215,325,-340,325
3,12,215,325,-333,332
3,12,215,326,-333,332
3,12,223,358,-500,-25
3,12,229,384,-500,0
3,12,230,360,-500,0
3,12,233,359,-470,167
88,124,2840,3916,466,179
88,124,2840,3917,470,167
88,124,2859,3921,0,447
88,124,2859,3939,0,26
88,124,2864,3917,0,473
88,124,2864,3917,148,449
88,124,2875,3909,-212,451
88,124,2884,3920,-378,326
87,123,2768,3903,0,261
87,123,2769,3905,0,209
87,123,2772,3863,0,314
87,123,2775,3863,0,314
87,123,2779,3875,361,345
87,123,2784,3874,345,361
87,123,2807,3865,0,342
87,123,2811,3863,0,314
87,123,2812,3863,0,314
87,123,2814,3863,0,314
87,123,2816,3863,0,314
87,123,2817,3863,0,314
87,123,2820,3863,0,314
87,123,2822,3863,0,314
87,123,2834,3863,0,314
87,123,2836,3863,0,314
87,123,2838,3863,0,314
87,123,2841,3863,0,314
87,123,2843,3863,0,314
87,123,2848,3863,0,314
87,123,2849,3863,0,314
87,123,2852,3863,0,314
87,123,2852,3875,-353,353
87,123,2853,3863,0,314
87,123,2854,3863,0,314
87,123,2855,3863,0,314
87,123,2856,3863,0,314
87,123,2857,3863,0,314
87,123,2858,3863,0,314
87,123,2859,3863,0,314
87,123,2864,3893,-72,414
87,123,2876,3896,-217,362
87,123,2884,3877,0,500
85,124,2764,3921,-23,447
85,124,2766,3917,-46,471
85,124,2767,3917,-57,469
85,124,2768,3917,-70,467
85,124,2771,3916,10,473
85,124,2771,3921,22,447
85,124,2772,3921,0,447
85,124,2787,3919,-474,156
85,124,2788,3924,-500,0
84,123,2697,3874,340,325
84,123,2713,3903,285,273
84,123,2745,3902,-217,226
84,123,2752,3866,0,340
84,123,2755,3863,0,314
84,123,2756,3863,0,314
84,123,2758,3863,0,314
84,123,2759,3878,-351,351
84,123,2760,3863,0,314
84,123,2761,3863,0,314
84,123,2762,3863,0,314
84,123,2762,3878,-351,351
84,123,2763,3863,0,314
84,123,2763,3878,-351,351
84,123,2765,3878,-351,351
84,123,2767,3878,-351,351
84,123,2767,3900,0,287
84,123,2768,3903,0,261
84,123,2769,3878,-351,351
84,123,2770,3878,-351,351
84,123,2771,3866,0,340
84,123,2772,3866,0,340
84,123,2772,3878,-351,351
84,123,2772,3927,46,-233
84,123,2772,3930,51,-3
84,123,2772,3930,394,-262
84,123,2772,3930,498,-48
84,123,2772,3931,12,23
84,123,2775,3878,-351,351
84,123,2776,3869,-210,330
84,123,2776,3873,-335,334
84,123,2776,3873,-325,340
84,123,2776,3878,-351,351
84,123,2785,3924,-290,0
84,123,2797,3915,-437,97
106,96,3324,3060,500,0
106,96,3360,3010,332,332
103,96,3249,3120,444,-54
103,96,3253,3120,417,-51
90,123,2822,3879,340,325
90,123,2823,3904,345,361
90,123,2827,3908,335,371
90,123,2829,3924,457,125
90,123,2851,3874,332,332
90,123,2854,3877,358,343
90,123,2856,3874,332,332
90,123,2856,3905,189,180
90,123,2859,3925,-180,319
90,123,2868,3863,0,314
90,123,2868,3863,98,325
90,123,2869,3863,0,314
90,123,2871,3863,0,314
90,123,2872,3866,66,333
90,123,2876,3863,37,311
90,123,2877,3863,23,312
90,123,2878,3863,15,314
90,123,2878,3866,0,340
90,123,2879,3863,7,314
90,123,2879,3863,15,314
90,123,2880,3876,0,444
90,123,2880,3889,0,444
90,123,2881,3874,332,332
90,123,2882,3874,332,332
90,123,2883,3865,7,340
90,123,2883,3874,332,332
90,123,2884,3873,325,340
90,123,2884,3874,332,332
90,123,2884,3877,358,343
90,123,2885,3873,325,340
90,123,2885,3874,332,332
90,123,2885,3874,340,325
90,123,2886,3873,325,340
90,123,2886,3874,332,332
90,123,2887,3873,325,340
90,123,2887,3874,332,332
90,123,2888,3873,325,340
90,123,2888,3874,332,332
90,123,2889,3873,325,340
90,123,2889,3874,332,332
90,123,2890,3873,325,340
90,123,2890,3874,332,332
90,123,2891,3874,340,325
90,123,2892,3888,353,353
90,123,2940,3889,0,447
90,123,2944,3891,0,421
90,123,2959,3893,-51,417
38,4,1209,221,371,-335
38,4,1214,216,236,-441
38,4,1221,203,327,0
38,4,1223,203,183,0
38,4,1223,220,121,-484
38,4,1236,175,73,0
38,4,1236,179,0,0
38,4,1236,206,0,-447
38,4,1239,222,0,-500
36,5,1120,246,361,-345
36,5,1131,259,0,-500
36,5,1145,256,156,-474
36,5,1148,239,0,-447
36,5,1152,250,0,-500
36,5,1212,239,0,-447
36,5,1215,248,7,-340
36,5,1216,234,0,-418
36,5,1216,238,0,-444
36,5,1216,239,0,-444
36,5,1216,242,0,-471
36,5,1216,251,0,-444
36,5,1224,234,0,-418
36,5,1225,234,0,-418
36,5,1225,264,-17,-340
36,5,1226,234,0,-418
36,5,1226,264,-17,-340
36,5,1227,234,0,-418
36,5,1227,238,-22,-444
36,5,1227,264,-17,-340
36,5,1228,264,-17,-340
36,5,1229,201,130,-87
36,5,1229,264,-17,-340
36,5,1231,200,244,-94
36,5,1233,199,286,-28
36,5,1236,199,134,224
36,5,1236,199,247,148
36,5,1236,199,314,15
36,5,1236,201,1,25
36,5,1236,201,261,5
36,5,1236,262,0,-340
36,5,1237,252,-21,-418
36,5,1238,260,-18,-366
36,5,1240,251,-344,-359
36,5,1243,255,-325,-340
36,5,1253,255,-335,-335
36,5,1259,203,-369,0
39,5,1206,226,365,-257
39,5,1216,203,25,-7
39,5,1237,234,0,-418
39,5,1238,234,0,-418
39,5,1238,264,-17,-340
39,5,1239,234,0,-418
39,5,1239,264,-17,-340
39,5,1240,234,0,-418
39,5,1240,238,0,-444
39,5,1240,248,-22,-444
39,5,1240,264,-17,-340
39,5,1241,234,0,-418
39,5,1241,264,-17,-340
39,5,1242,230,0,-392
39,5,1242,234,0,-418
39,5,1242,264,-17,-340
39,5,1243,234,0,-418
39,5,1243,253,371,-335
39,5,1243,264,-17,-340
39,5,1244,233,351,-318
39,5,1244,248,-22,-444
39,5,1244,264,-17,-340
39,5,1245,264,-17,-340
39,5,1245,265,0,-314
39,5,1246,234,0,-418
39,5,1247,234,0,-418
39,5,1247,249,361,-345
39,5,1247,264,-17,-340
39,5,1248,234,0,-418
39,5,1248,264,-17,-340
39,5,1249,234,0,-418
39,5,1249,245,0,-444
39,5,1249,264,-17,-340
39,5,1249,265,0,-314
39,5,1250,234,0,-418
39,5,1250,264,-17,-340
39,5,1251,234,0,-418
39,5,1251,264,-17,-340
39,5,1252,234,0,-418
39,5,1252,264,-17,-340
39,5,1253,234,0,-418
39,5,1253,264,-17,-340
39,5,1254,264,-17,-340
39,5,1255,238,0,-444
39,5,1256,264,-17,-340
39,5,1259,238,0,-444
39,5,1259,264,-17,-340
39,5,1260,263,17,-340
39,5,1260,264,-17,-340
39,5,1261,234,0,-418
39,5,1262,264,-17,-340
39,5,1263,234,0,-418
39,5,1263,264,-17,-340
39,5,1264,234,0,-418
39,5,1264,264,-17,-340
39,5,1265,234,0,-418
39,5,1265,264,-17,-340
39,5,1265,265,0,-314
39,5,1266,234,0,-418
39,5,1266,264,-17,-340
39,5,1267,234,0,-418
39,5,1267,264,-17,-340
39,5,1268,234,0,-418
39,5,1268,264,-17,-340
39,5,1269,234,0,-418
39,5,1269,264,-17,-340
39,5,1270,234,0,-418
39,5,1270,264,-17,-340
39,5,1271,234,0,-418
39,5,1271,264,-17,-340
39,5,1272,234,0,-418
39,5,1272,264,-17,-340
39,5,1273,234,0,-418
39,5,1273,264,-17,-340
39,5,1274,234,0,-418
39,5,1274,264,-17,-340
39,5,1275,234,0,-418
39,5,1275,264,-17,-340
39,5,1276,234,0,-418
39,5,1276,264,-17,-340
39,5,1277,234,0,-418
39,5,1277,264,-17,-340
39,5,1278,234,0,-418
39,5,1278,264,-17,-340
39,5,1279,230,0,-392
39,5,1279,234,0,-418
39,5,1279,264,-17,-340
39,5,1280,234,0,-418
39,5,1280,264,-17,-340
39,5,1281,234,0,-418
39,5,1281,264,-17,-340
39,5,1282,234,0,-418
39,5,1282,264,-17,-340
39,5,1283,234,0,-418
39,5,1283,264,-17,-340
39,5,1284,234,0,-418
39,5,1284,264,-17,-340
39,5,1285,234,0,-418
39,5,1285,264,-17,-340
39,5,1286,234,0,-418
39,5,1286,264,-17,-340
39,5,1287,234,0,-418
39,5,1287,264,-17,-340
39,5,1288,264,-17,-340
39,5,1289,248,-22,-444
39,5,1291,234,0,-418
39,5,1291,264,-17,-340
39,5,1292,264,-17,-340
39,5,1293,228,-253,-264
39,5,1293,234,0,-418
39,5,1294,234,0,-418
39,5,1294,264,-17,-340
39,5,1295,234,0,-418
39,5,1295,264,-17,-340
39,5,1296,234,0,-418
39,5,1296,264,-17,-340
39,5,1297,234,0,-418
39,5,1297,264,-17,-340
39,5,1298,264,-17,-340
39,5,1299,234,0,-418
39,5,1300,234,0,-418
39,5,1300,264,-17,-340
39,5,1301,234,0,-418
39,5,1301,264,-17,-340
39,5,1302,234,0,-418
39,5,1302,264,-17,-340
39,5,1303,264,-17,-340
39,5,1310,234,0,-418
39,5,1311,264,-17,-340
39,5,1313,234,0,-418
39,5,1314,264,-17,-340
39,5,1315,234,0,-418
39,5,1315,264,-17,-340
39,5,1316,234,0,-418
39,5,1316,264,-17,-340
39,5,1317,234,0,-418
39,5,1317,264,-17,-340
39,5,1318,234,0,-418
39,5,1318,264,-17,-340
39,5,1319,234,0,-418
39,5,1319,264,-17,-340
39,5,1320,234,0,-418
39,5,1320,264,-17,-340
39,5,1321,217,0,-287
39,5,1321,264,-17,-340
39,5,1322,234,0,-418
39,5,1322,248,-22,-444
39,5,1322,264,-17,-340
39,5,1323,238,-22,-444
39,5,1323,264,-17,-340
39,5,1323,265,0,-314
39,5,1324,202,74,-138
39,5,1324,264,-17,-340
39,5,1325,264,-17,-340
39,5,1326,201,152,-101
39,5,1332,201,1,25
82,123,2667,3891,0,421
82,123,2680,3878,-144,478
82,123,2680,3884,-159,445
82,123,2704,3876,-277,416
82,123,2709,3880,-345,361
82,123,2710,3878,-345,361
82,123,2710,3878,-335,371
82,123,2711,3904,-345,361
82,123,2712,3904,-345,361
82,123,2713,3917,-466,81
82,123,2726,3912,-457,125
81,122,2650,3853,23,473
81,122,2666,3840,-224,447
81,122,2668,3836,-224,447
81,122,2676,3834,-121,484
81,122,2679,3834,-74,494
81,122,2682,3856,-192,432
81,122,2703,3915,-361,345
81,122,2706,3912,-361,345
81,122,2712,3867,-296,402
81,122,2712,3878,-351,351
81,122,2712,3907,-345,361
81,122,2713,3863,-351,351
81,122,2713,3864,-359,343
81,122,2713,3864,-351,351
81,122,2713,3865,-359,343
81,122,2713,3865,-351,351
81,122,2713,3867,-359,343
81,122,2716,3859,-333,332
81,122,2716,3860,-340,325
81,122,2716,3860,-333,332
81,122,2716,3861,-340,325
81,122,2716,3861,-333,332
81,122,2716,3862,-340,325
81,122,2716,3862,-333,332
81,122,2716,3864,-340,325
81,122,2716,3865,-340,325
81,122,2716,3866,-340,325
81,122,2716,3868,-340,325
81,122,2716,3869,-340,325
81,122,2716,3870,-340,325
81,122,2716,3874,-340,325
81,122,2717,3859,-340,325
81,122,2717,3861,-340,325
81,122,2717,3862,-340,325
81,122,2717,3864,-340,325
81,122,2717,3866,-340,325
81,122,2717,3867,-340,325
81,122,2717,3868,-340,325
81,122,2717,3870,-340,325
81,122,2717,3870,-316,349
81,122,2717,3874,-340,325
81,122,2717,3896,-353,353
81,122,2718,3874,-340,325
81,122,2721,3864,-378,326
81,122,2721,3866,-378,326
2,91,108,2989,108,-433
2,91,125,2983,-33,-341
2,91,130,2891,-185,-99
2,91,134,2891,204,-167
2,91,145,2907,-231,-123
2,91,162,2911,-366,0
2,91,162,2983,-283,-346
2,91,164,2989,-281,-381
2,91,169,2915,-418,21
2,91,169,2928,-418,0
2,91,169,2933,-418,0
2,91,173,2934,-444,0
2,91,178,2900,-471,23
2,91,178,2902,-471,23
2,91,178,2904,-471,23
2,91,178,2906,-471,23
2,91,178,2908,-471,23
2,91,178,2910,-471,23
2,91,178,2912,-471,23
2,91,178,2913,-471,23
2,91,178,2914,-471,23
2,91,178,2915,-471,23
2,91,178,2916,-471,23
2,91,178,2917,-471,23
2,91,178,2918,-471,23
2,91,178,2920,-471,23
2,91,178,2922,-471,23
2,91,178,2924,-471,23
2,91,178,2926,-471,23
2,91,178,2930,-471,23
2,91,178,2932,-471,23
2,91,178,2934,-471,23
2,91,178,2935,-471,23
2,91,178,2936,-471,23
2,91,178,2937,-471,23
2,91,178,2938,-471,23
2,91,178,2939,-471,23
2,91,178,2940,-471,23
2,91,178,2942,-471,23
2,91,178,2943,-471,23
2,91,178,2944,-471,23
2,91,178,2945,-471,23
2,91,180,2908,-444,0
2,91,180,2946,-444,0
2,91,181,2945,-444,22
2,91,181,2946,-444,10
2,91,184,2879,-345,361
2,91,184,2880,-353,353
2,91,184,2916,-418,0
2,91,186,2947,-500,0
2,91,188,2947,-500,0
2,91,191,2873,-353,353
2,91,191,2913,-391,28
2,91,194,2976,-498,-37
2,91,195,2913,-366,18
2,91,195,2949,-471,-24
2,91,198,2945,-340,7
2,91,199,2897,-340,17
2,91,199,2898,-314,0
2,91,199,2899,-340,17
2,91,199,2901,-340,17
2,91,199,2903,-340,17
2,91,199,2905,-340,17
2,91,199,2906,-340,17
2,91,199,2907,-340,17
2,91,199,2909,-340,17
2,91,199,2910,-340,17
2,91,199,2911,-340,17
2,91,199,2912,-340,17
2,91,199,2913,-340,17
2,91,199,2914,-340,17
2,91,199,2915,-340,17
2,91,199,2916,-340,17
2,91,199,2917,-340,17
2,91,199,2919,-340,17
2,91,199,2921,-340,17
2,91,199,2923,-340,17
2,91,199,2925,-340,17
2,91,199,2927,-340,17
2,91,199,2929,-340,17
2,91,199,2931,-340,17
2,91,199,2932,-340,17
2,91,199,2933,-340,17
2,91,199,2934,-340,17
2,91,199,2935,-340,17
2,91,199,2936,-340,17
2,91,199,2937,-340,17
2,91,199,2938,-340,17
2,91,199,2939,-340,17
2,91,199,2940,-340,17
2,91,199,2941,-340,17
2,91,199,2942,-340,17
2,91,199,2943,-340,17
2,91,199,2944,-340,17
2,91,200,2908,-314,0
2,91,200,2911,-314,0
2,91,200,2916,-314,0
2,91,200,2931,-314,0
2,91,200,2936,-314,0
2,91,200,2942,-314,0
2,91,200,2944,-314,0
2,91,200,2946,-314,0
2,91,200,2949,-443,-33
2,91,201,2911,-391,38
2,91,203,2947,-500,0
1,88,15,2897,70,-468
1,88,16,2895,43,-446
1,88,19,2894,22,-447
1,88,19,2898,10,-473
1,88,20,2898,0,-473
1,88,145,2854,-167,-470
1,88,147,2859,-179,-466
1,88,156,2845,-500,0
1,88,156,2852,-361,-345
1,88,157,2844,-500,0
1,88,157,2845,-500,0
1,88,157,2845,-466,-179
2,87,132,2836,0,0
2,87,132,2836,0,369
2,87,133,2829,-263,175
2,87,133,2829,-258,181
2,87,139,2854,0,-52
2,87,139,2893,0,-500
2,87,146,2812,135,-254
2,87,148,2887,-224,-447
2,87,149,2864,-126,-457
2,87,151,2868,-144,-478
2,87,181,2868,-353,-353
2,87,184,2850,-492,-85
2,87,185,2852,-359,-344
2,87,185,2853,-359,-344
2,87,185,2854,-359,-344
2,87,185,2855,-359,-344
2,87,185,2855,-351,-351
2,87,185,2856,-359,-344
2,87,186,2846,-418,-21
2,87,186,2846,-418,0
2,87,186,2851,-492,-85
2,87,186,2867,-379,-280
2,87,188,2859,-333,-333
2,87,189,2836,-340,-325
2,87,189,2838,-340,-325
2,87,189,2851,-340,-325
2,87,189,2853,-340,-325
2,87,189,2855,-340,-325
2,87,189,2856,-340,-325
2,87,189,2857,-340,-325
2,87,189,2858,-340,-325
2,87,189,2859,-340,-325
2,87,190,2846,-392,-9
2,87,190,2846,-392,0
2,87,190,2847,-392,-9
2,87,191,2844,-392,0
2,87,191,2847,-392,-9
2,87,191,2852,-492,-85
2,87,193,2844,-387,0
2,87,193,2845,-500,0
2,87,194,2851,-494,-74
2,87,194,2852,-492,-85
1,90,54,2966,-97,-490
1,90,57,2955,-177,0
1,90,69,2971,-378,-326
1,90,70,2969,-402,-296
1,90,135,2891,-140,-339
1,90,137,2897,-416,-62
1,90,139,2900,0,-497
1,90,139,2911,0,-418
1,90,141,2897,-442,-66
1,90,141,2916,-121,-484
1,90,142,2898,-442,-66
1,90,142,2904,-205,-238
1,90,142,2911,-335,-371
1,90,142,2916,-97,-490
1,90,143,2916,-121,-484
1,90,144,2921,-121,-484
1,90,146,2915,-470,-167
1,90,152,2920,-287,-408
1,90,156,2914,-500,0
1,90,156,2915,-500,0
1,90,156,2916,-500,0
1,90,156,2916,-478,144
2,89,145,2936,-109,-488
2,89,150,2932,-132,-482
2,89,150,2955,-121,-484
2,89,152,2847,-287,0
2,89,157,2828,-237,-17
2,89,169,2855,-418,0
2,89,169,2865,-418,0
2,89,169,2870,-418,0
2,89,169,2873,-418,0
2,89,169,2874,-418,0
2,89,169,2880,-418,0
2,89,177,2846,-471,-11
2,89,178,2843,-471,23
2,89,178,2844,-471,23
2,89,178,2846,-471,-24
2,89,178,2846,-471,23
2,89,178,2848,-471,23
2,89,178,2849,-471,23
2,89,178,2856,-471,23
2,89,178,2857,-471,23
2,89,178,2858,-471,23
2,89,178,2860,-471,23
2,89,178,2862,-471,23
2,89,178,2864,-471,23
2,89,178,2866,-471,23
2,89,178,2867,-471,23
2,89,178,2868,-471,23
2,89,178,2869,-471,23
2,89,178,2870,-471,23
2,89,178,2872,-471,23
2,89,178,2873,-471,23
2,89,178,2874,-471,23
2,89,178,2875,-471,23
2,89,178,2876,-471,23
2,89,178,2878,-471,0
2,89,178,2878,-471,23
2,89,178,2879,-471,23
2,89,178,2880,-471,23
2,89,178,2881,-471,23
2,89,178,2882,-471,23
2,89,178,2883,-471,23
2,89,178,2884,-471,23
2,89,178,2885,-471,23
2,89,178,2886,-471,23
2,89,178,2887,-471,23
2,89,178,2889,-471,23
2,89,180,2882,-444,0
2,89,181,2846,-444,-10
2,89,182,2845,-500,0
2,89,183,2854,-444,22
2,89,183,2884,-444,22
2,89,184,2912,-353,-353
2,89,186,2913,-353,-353
2,89,187,2914,-353,-353
2,89,188,2916,-361,-345
2,89,189,2916,-353,-353
2,89,190,2918,-353,-353
2,89,191,2897,-392,19
2,89,191,2919,-353,-353
2,89,195,2897,-366,18
2,89,197,2846,-340,-8
2,89,198,2847,-340,-8
2,89,199,2842,-340,17
2,89,199,2843,-340,17
2,89,199,2845,-340,17
2,89,199,2846,-340,17
2,89,199,2847,-340,-8
2,89,199,2847,-340,17
2,89,199,2848,-340,17
2,89,199,2849,-340,17
2,89,199,2853,-340,17
2,89,199,2854,-340,17
2,89,199,2855,-340,17
2,89,199,2856,-340,17
2,89,199,2857,-340,17
2,89,199,2859,-340,17
2,89,199,2861,-340,17
2,89,199,2863,-340,17
2,89,199,2864,-340,17
2,89,199,2865,-340,17
2,89,199,2866,-340,17
2,89,199,2867,-340,17
2,89,199,2868,-340,17
2,89,199,2869,-340,17
2,89,199,2871,-340,17
2,89,199,2872,-340,17
2,89,199,2873,-340,17
2,89,199,2874,-340,17
2,89,199,2875,-340,17
2,89,199,2876,-340,17
2,89,199,2877,-340,17
2,89,199,2878,-340,17
2,89,199,2879,-340,17
2,89,199,2880,-340,17
2,89,199,2881,-340,17
2,89,199,2882,-340,17
2,89,199,2883,-340,17
2,89,199,2884,-340,17
2,89,199,2885,-340,17
2,89,199,2886,-340,17
2,89,199,2888,-340,17
2,89,200,2870,-314,0
2,89,200,2875,-314,0
2,89,200,2878,-314,0
2,89,200,2882,-314,0
2,89,200,2886,-314,0
2,86,139,2796,-16,222
2,86,139,2853,0,-500
2,86,143,2798,208,20
2,86,145,2806,312,30
2,86,145,2844,-121,-484
2,86,146,2802,326,32
2,86,146,2814,-108,-433
2,86,147,2859,-179,-466
2,86,147,2860,-179,-466
2,86,149,2822,-121,-484
2,86,149,2823,-132,-482
2,86,149,2858,-121,-484
2,86,149,2859,-144,-478
2,86,150,2775,-230,-254
2,86,150,2827,-121,-484
2,86,150,2828,-121,-484
2,86,151,2805,-144,-478
2,86,154,2803,462,-191
2,86,157,2790,-242,-344
2,86,167,2801,-306,-394
2,86,170,2808,-441,-236
2,86,171,2807,-361,-345
2,86,174,2804,-361,-345
2,86,174,2806,-361,-345
2,86,174,2807,-361,-345
2,86,174,2811,-361,-345
2,86,176,2774,-457,-126
2,86,178,2807,-361,-345
2,86,178,2809,-361,-345
2,86,178,2812,-361,-345
2,86,178,2813,-361,-345
2,86,178,2814,-361,-345
2,86,178,2815,-361,-345
2,86,178,2816,-361,-345
2,86,178,2817,-361,-345
2,86,180,2799,-402,-296
2,86,181,2809,-345,-361
2,86,182,2807,-361,-345
2,86,182,2809,-361,-345
2,86,182,2814,-361,-345
2,86,182,2815,-361,-345
2,86,182,2816,-361,-345
2,86,182,2817,-361,-345
2,86,182,2818,-361,-345
2,86,183,2807,-371,-335
2,86,184,2802,-408,-287
2,86,185,2810,-359,-344
2,86,185,2811,-359,-344
2,86,185,2812,-359,-344
2,86,185,2813,-359,-344
2,86,185,2813,-334,-369
2,86,185,2814,-359,-344
2,86,185,2820,-359,-344
2,86,185,2821,-359,-344
2,86,185,2822,-359,-344
2,86,186,2810,-369,-334
2,86,186,2810,-359,-344
2,86,187,2810,-359,-344
2,86,187,2811,-369,-334
2,86,188,2804,-408,-287
2,86,188,2817,-316,-350
2,86,188,2823,-333,-333
2,86,189,2813,-340,-325
2,86,189,2814,-340,-325
2,86,189,2815,-340,-325
2,86,189,2816,-340,-325
2,86,189,2817,-340,-325
2,86,189,2818,-340,-325
2,86,189,2819,-340,-325
2,86,189,2820,-340,-325
2,86,189,2821,-340,-325
2,86,189,2822,-340,-325
2,86,189,2823,-340,-325
2,86,189,2824,-340,-325
2,86,189,2825,-340,-325
2,86,189,2826,-340,-325
2,86,189,2827,-340,-325
2,86,190,2813,-340,-325
2,86,190,2814,-350,-316
2,86,190,2814,-340,-325
2,86,191,2814,-350,-316
2,86,192,2816,-321,-307
2,86,193,2810,-402,-296
2,86,194,2780,-500,0
2,86,194,2808,-408,-287
2,86,195,2813,-408,-287
2,86,196,2810,-408,-287
2,86,199,2780,-500,0
2,86,204,2780,-500,11
3,85,139,2770,0,0
3,85,139,2786,0,-26
3,85,139,2799,0,-447
3,85,139,2809,0,-500
3,85,139,2829,0,-500
3,85,141,2764,-233,-172
3,85,161,2787,-335,-371
3,85,165,2795,-287,-408
3,85,168,2795,-335,-371
3,85,182,2793,-335,-371
3,85,209,2759,-183,3
3,85,218,2756,-500,0
3,85,224,2781,-361,-345
42,5,1278,203,500,0
42,5,1279,203,500,0
42,5,1293,203,287,0
42,5,1298,212,437,-98
42,5,1306,203,316,0
42,5,1312,203,264,0
42,5,1314,255,332,-333
42,5,1317,251,343,-359
42,5,1318,255,332,-333
42,5,1319,203,0,-26
42,5,1320,203,11,-23
42,5,1321,251,343,-359
42,5,1321,255,332,-333
42,5,1322,218,182,-287
42,5,1323,201,-192,115
42,5,1324,251,343,-359
42,5,1324,255,332,-333
42,5,1325,255,332,-333
42,5,1327,255,332,-333
42,5,1328,251,343,-359
42,5,1328,255,332,-333
42,5,1329,255,332,-333
42,5,1330,251,343,-359
42,5,1331,251,343,-359
42,5,1331,265,98,-325
42,5,1332,251,343,-359
42,5,1332,254,332,-333
42,5,1332,255,332,-333
42,5,1333,234,0,-418
42,5,1333,255,332,-333
42,5,1334,234,0,-418
42,5,1334,264,-17,-340
42,5,1335,234,0,-418
42,5,1335,238,0,-444
42,5,1335,251,343,-359
42,5,1335,264,-17,-340
42,5,1336,234,0,-418
42,5,1336,250,351,-351
42,5,1336,251,343,-359
42,5,1336,264,-17,-340
42,5,1337,234,0,-418
42,5,1337,264,-17,-340
42,5,1338,234,0,-418
42,5,1338,264,-17,-340
42,5,1339,234,0,-418
42,5,1339,264,-17,-340
42,5,1340,234,0,-418
42,5,1340,254,332,-333
42,5,1340,255,332,-333
42,5,1340,264,-17,-340
42,5,1341,234,0,-418
42,5,1341,264,-17,-340
42,5,1342,234,0,-418
42,5,1342,264,-17,-340
42,5,1342,265,15,-314
42,5,1343,234,0,-418
42,5,1343,251,343,-359
42,5,1343,255,332,-333
42,5,1343,264,-17,-340
42,5,1344,234,0,-418
42,5,1344,238,0,-444
42,5,1344,239,0,-444
42,5,1344,251,0,-444
42,5,1344,251,0,-440
42,5,1344,264,-17,-340
42,5,1344,265,0,-314
42,5,1345,234,0,-418
42,5,1345,264,-17,-340
42,5,1346,234,0,-418
42,5,1346,251,343,-359
42,5,1346,264,-17,-340
42,5,1347,264,-17,-340
42,5,1354,255,332,-333
42,5,1355,255,332,-333
42,5,1358,251,343,-359
42,5,1364,244,353,-353
42,5,1412,239,0,-447
44,5,1327,203,497,0
44,5,1328,203,500,0
44,5,1332,203,500,0
44,5,1333,203,500,0
44,5,1333,205,488,-109
44,5,1354,203,500,0
44,5,1364,241,386,-316
44,5,1368,237,386,-316
44,5,1376,230,366,-300
44,5,1378,229,339,-292
44,5,1386,241,353,-353
44,5,1386,249,345,-361
44,5,1386,250,345,-361
44,5,1387,233,345,-361
44,5,1388,221,279,-241
44,5,1390,219,265,-217
44,5,1390,253,287,-408
44,5,1391,218,259,-223
44,5,1391,249,296,-402
44,5,1393,242,345,-361
44,5,1393,242,353,-353
44,5,1394,246,306,-394
44,5,1395,245,287,-408
44,5,1405,216,394,-211
44,5,1416,244,156,-474
44,5,1432,242,-168,-265
44,5,1437,235,-78,-260
41,4,1307,203,392,0
41,4,1308,208,474,-156
41,4,1323,206,0,-447
41,4,1323,211,0,-473
41,4,1334,203,-209,0
41,4,1337,203,-314,-30
41,4,1348,221,0,-500
45,6,1364,220,500,0
45,6,1368,217,498,37
45,6,1373,250,408,-287
45,6,1376,261,321,-307
45,6,1376,263,321,-307
45,6,1376,269,321,-307
45,6,1376,271,321,-307
45,6,1377,254,349,-316
45,6,1378,253,340,-325
45,6,1378,254,349,-316
45,6,1379,253,340,-325
45,6,1380,268,340,-325
45,6,1382,250,358,-344
45,6,1382,250,368,-334
45,6,1383,252,351,-351
45,6,1383,254,351,-351
45,6,1383,256,351,-351
45,6,1383,256,496,60
45,6,1383,262,351,-351
45,6,1383,264,351,-351
45,6,1384,256,496,60
45,6,1384,260,500,0
45,6,1386,240,353,-353
45,6,1387,221,361,-345
45,6,1387,261,361,-345
45,6,1390,264,500,0
45,6,1417,273,136,-453
45,6,1423,263,339,203
45,6,1427,232,-7,-290
45,6,1428,282,0,-500
45,6,1443,278,287,-408
124,37,3890,1183,498,48
124,37,3896,1188,314,0
124,37,3896,1188,335,0
124,37,3896,1216,314,0
124,37,3896,1219,314,0
124,37,3896,1226,314,0
124,37,3896,1227,314,0
124,37,3897,1227,340,-17
124,37,3899,1188,340,0
124,37,3905,1255,353,-353
124,37,3908,1252,353,-353
124,37,3910,1145,435,86
124,37,3911,1216,418,0
124,37,3911,1219,418,0
124,37,3911,1226,418,0
124,37,3911,1227,418,0
124,37,3912,1248,353,-353
124,37,3912,1248,361,-345
124,37,3917,1148,-77,387
124,37,3923,1181,421,0
124,41,3900,1288,500,0
124,41,3903,1283,366,0
124,41,3906,1276,361,345
124,41,3906,1281,392,8
124,41,3906,1282,392,0
124,41,3907,1275,332,332
124,41,3907,1276,340,325
124,41,3907,1283,332,332
124,41,3915,1288,457,125
124,41,3944,1259,136,453
124,41,3956,1261,0,473
124,41,3957,1291,137,-125
125,40,3936,1283,500,0
125,40,3938,1283,496,60
125,40,3939,1283,494,74
125,40,3951,1269,121,484
124,39,3896,1245,314,0
124,39,3896,1247,314,0
124,39,3896,1283,314,0
124,39,3896,1285,340,-8
124,39,3897,1246,340,-8
124,39,3897,1247,340,-17
124,39,3898,1281,340,7
124,39,3899,1244,340,0
124,39,3908,1211,345,361
124,39,3908,1212,353,353
124,39,3911,1283,418,0
124,39,3913,1283,473,0
124,39,3917,1284,471,-24
124,39,3923,1283,421,0
124,39,3940,1201,49,403
125,38,3936,1244,500,0
125,38,3940,1242,466,-179
125,38,3948,1208,179,466
125,38,3953,1216,97,490
125,38,3953,1229,438,87
123,43,3883,1349,432,154
123,43,3896,1349,376,189
123,43,3915,1321,353,353
123,43,3916,1325,353,353
123,43,3916,1339,345,361
123,43,3919,1336,361,345
123,43,3956,1336,0,395
124,42,3896,1364,500,0
124,42,3904,1309,337,290
124,42,3905,1313,349,316
124,42,3905,1314,349,316
124,42,3906,1314,340,325
124,42,3907,1307,332,332
124,42,3907,1308,332,332
124,42,3907,1310,332,332
124,42,3908,1314,332,332
124,42,3914,1347,361,345
124,42,3932,1359,361,71
124,42,3946,1269,121,484
104,97,3358,3060,500,0
124,4,3899,106,340,0
124,4,3901,193,431,-32
124,4,3902,189,500,0
124,4,3903,192,431,-32
124,4,3904,190,392,0
124,4,3904,191,391,-29
124,4,3904,203,321,-307
124,4,3904,207,321,-307
124,4,3905,190,391,-29
124,4,3905,190,392,0
124,4,3905,191,392,-9
124,4,3907,189,392,0
124,4,3907,192,457,-34
124,4,3908,203,340,-325
124,4,3908,204,340,-325
124,4,3909,190,418,0
124,4,3911,196,351,-351
124,4,3911,199,351,-351
124,4,3911,200,351,-351
124,4,3925,110,364,54
124,4,3944,212,156,-474
124,4,3956,207,0,-447
124,4,3957,172,317,-131
124,4,3959,176,338,50
124,4,3962,180,-212,301
124,4,3962,180,-6,51
124,4,3967,180,-257,365
123,12,3874,358,500,-11
123,12,3874,360,500,-11
123,12,3878,358,500,0
123,12,3881,445,498,37
123,12,3882,358,500,0
123,12,3885,406,490,-97
123,12,3889,459,345,-361
123,12,3891,361,428,129
123,12,3899,358,445,158
123,12,3900,362,433,108
123,12,3913,336,353,353
123,12,3915,329,353,353
123,12,3915,343,345,361
123,12,3916,346,345,361
123,12,3916,346,361,345
123,12,3916,347,345,361
123,12,3934,474,353,-353
123,12,3952,343,-295,-196
123,12,3956,344,0,395
123,12,3956,359,16,20
123,12,3956,360,25,-5
123,12,3956,363,-37,-69
125,5,3935,190,498,-37
125,5,3936,164,500,0
125,5,3936,188,478,-144
125,5,3936,188,500,0
125,5,3936,189,500,0
125,5,3938,189,496,-60
125,5,3938,189,500,0
125,5,3944,186,441,-236
125,5,3950,198,167,-470
125,5,3973,179,157,23
125,5,3980,180,0,0
125,5,3982,173,-128,-25
125,5,3987,177,-51,6
124,6,3896,227,314,0
124,6,3896,231,314,0
124,6,3896,233,314,0
124,6,3896,235,314,0
124,6,3905,263,353,-353
124,6,3908,260,353,-353
124,6,3911,227,418,0
124,6,3911,231,418,0
124,6,3911,233,418,0
124,6,3911,235,418,0
124,6,3912,256,353,-353
124,6,3946,270,118,-432
124,6,3950,237,-312,-30
124,6,3954,254,217,326
124,6,3956,246,25,1
124,6,3958,237,101,152
124,6,3958,237,116,173
124,6,3958,242,-19,260
124,11,3891,349,500,0
124,11,3891,356,500,-11
124,11,3891,356,500,0
124,11,3902,326,402,296
124,11,3905,322,340,325
124,11,3906,322,340,325
124,11,3907,311,332,332
124,11,3907,314,332,332
124,11,3907,315,332,332
124,11,3907,319,332,332
124,11,3907,322,340,325
124,11,3908,322,332,332
124,11,3909,391,296,-402
124,11,3933,292,500,0
124,11,3934,338,291,304
124,11,3935,367,334,75
124,11,3944,303,109,488
124,11,3946,277,121,484
124,11,3955,336,203,-305
124,11,3956,339,0,-78
125,7,3953,237,438,87
125,7,3953,255,97,-490
125,7,3973,239,353,106
125,7,3983,241,-154,-30
124,8,3891,288,500,25
124,8,3892,291,485,0
124,8,3894,305,482,-132
124,8,3895,292,335,0
124,8,3896,246,314,0
124,8,3896,250,314,0
124,8,3896,251,314,0
124,8,3896,252,314,0
124,8,3896,253,314,0
124,8,3896,254,314,0
124,8,3896,255,314,0
124,8,3896,258,314,0
124,8,3896,286,314,0
124,8,3896,289,312,23
124,8,3896,289,314,15
124,8,3896,290,314,7
124,8,3896,291,314,0
124,8,3896,292,335,0
124,8,3896,293,340,-8
124,8,3904,302,482,-132
124,8,3907,291,500,0
124,8,3908,219,345,361
124,8,3911,290,416,30
124,8,3911,290,418,21
124,8,3911,291,418,0
124,8,3913,291,473,0
124,8,3914,292,500,0
124,8,3917,291,473,0
124,8,3917,292,471,-24
124,8,3920,292,440,0
124,8,3924,292,414,0
124,8,3925,292,414,0
124,8,3928,292,387,0
124,8,3929,292,387,0
124,8,3953,295,173,260
21,31,783,1038,-447,-23
21,31,803,1036,-500,-11
24,31,836,1093,0,-500
24,31,864,1014,75,-72
17,33,639,1050,-203,457
101,96,3188,3093,342,-327
108,96,3378,3060,500,0
109,95,3441,3060,447,0
69,5,2281,205,-44,177
69,5,2313,240,-236,-441
69,5,2322,188,-473,0
69,5,2332,227,-361,-345
69,5,2332,227,-148,-450
70,4,2290,187,-130,-260
70,4,2367,188,-392,0
70,4,2370,188,-500,0
7,59,168,1875,451,212
7,59,170,1876,500,0
7,59,220,1848,0,395
7,59,223,1815,7,314
7,59,224,1818,0,340
7,59,225,1815,0,314
7,59,227,1815,0,314
7,59,246,1853,0,261
7,59,273,1815,0,314
7,59,273,1816,25,338
7,59,274,1815,0,314
7,59,275,1815,0,314
7,59,282,1815,0,314
7,59,283,1815,0,314
7,59,287,1815,0,314
7,59,288,1818,0,340
7,59,288,1819,0,340
7,59,292,1849,-76,303
7,59,293,1816,-60,496
7,59,305,1885,152,304
7,59,348,1892,-500,0
7,59,363,1892,-500,0
7,59,365,1884,-496,60
6,60,212,1873,0,447
6,60,224,1859,0,500
6,60,224,1874,-488,109
6,60,224,1876,-451,212
6,60,231,1862,-361,345
6,60,231,1866,-346,185
6,60,307,1912,-203,457
6,60,309,1911,-246,435
70,8,2227,348,0,-500
70,8,2236,342,0,-500
70,8,2350,291,-447,0
70,8,2354,287,-471,23
70,8,2354,289,-471,23
70,8,2354,291,-473,0
70,8,2360,223,-345,361
70,8,2367,216,-345,361
70,8,2375,284,-340,17
70,8,2375,286,-340,17
70,8,2375,288,-340,17
71,2,2315,132,0,-316
71,2,2315,143,0,-447
71,2,2367,116,-468,-70
71,2,2377,122,-474,-156
71,2,2395,123,-482,-132
1,116,46,3673,-217,326
1,116,63,3668,-418,0
1,116,68,3652,-371,335
1,116,110,3726,80,66
1,116,134,3723,-78,0
1,116,139,3730,-419,31
1,116,141,3729,-442,-66
1,116,142,3729,-442,-66
1,116,142,3730,-442,-66
1,116,155,3749,-361,-345
1,116,156,3709,-500,0
1,116,156,3747,-361,-345
1,116,156,3747,-306,-394
1,116,156,3747,-287,-408
1,116,156,3747,-148,-450
2,121,139,3856,-74,-138
2,121,139,3859,-74,-138
2,121,147,3796,-179,466
2,121,147,3806,-132,482
2,121,147,3842,-108,433
2,121,148,3802,-121,484
2,121,151,3823,-109,488
2,121,152,3818,-277,416
2,121,152,3825,-132,482
2,121,153,3818,-277,416
2,121,153,3851,-96,270
2,121,155,3814,-441,236
2,121,156,3815,-441,236
2,121,157,3865,-233,350
2,121,157,3871,209,0
2,121,158,3852,-239,377
2,121,158,3861,-265,293
2,121,160,3812,-500,0
2,121,160,3861,-257,365
2,121,160,3892,-25,-8
2,121,161,3864,-283,346
2,121,162,3869,-304,291
2,121,165,3812,-500,0
2,121,165,3856,-281,381
2,121,165,3866,-316,316
2,121,166,3865,-323,309
2,121,167,3858,-318,351
2,121,167,3859,-318,351
2,121,171,3855,-345,361
2,121,174,3842,-353,353
2,121,174,3843,-353,353
2,121,174,3848,-353,353
2,121,174,3855,-353,353
2,121,174,3892,-444,0
2,121,175,3851,-353,353
2,121,178,3838,-353,353
2,121,178,3840,-353,353
2,121,178,3842,-353,353
2,121,179,3840,-287,408
2,121,180,3881,-316,386
2,121,180,3882,-361,345
2,121,180,3882,-316,386
2,121,181,3835,-353,353
2,121,181,3837,-353,353
2,121,181,3839,-353,353
2,121,181,3841,-353,353
2,121,182,3836,-287,408
2,121,182,3839,-378,326
2,121,182,3868,-500,0
2,121,183,3877,-361,345
2,121,184,3835,-296,402
2,121,185,3831,-351,351
2,121,185,3832,-277,416
2,121,185,3833,-351,351
2,121,185,3839,-351,351
2,121,185,3842,-334,368
2,121,186,3845,-359,343
2,121,186,3866,-345,361
2,121,186,3867,-345,361
2,121,188,3827,-340,325
2,121,188,3828,-340,325
2,121,188,3829,-340,325
2,121,188,3830,-340,325
2,121,188,3831,-340,325
2,121,188,3832,-340,325
2,121,188,3834,-340,325
2,121,188,3836,-340,325
2,121,188,3836,-333,332
2,121,188,3837,-340,325
2,121,188,3838,-340,325
2,121,188,3841,-340,325
2,121,188,3842,-340,325
2,121,188,3861,-345,361
2,121,188,3868,-500,0
2,121,189,3827,-340,325
2,121,189,3828,-340,325
2,121,189,3830,-340,325
2,121,189,3832,-340,325
2,121,189,3834,-340,325
2,121,189,3836,-340,325
2,121,189,3837,-340,325
2,121,189,3838,-316,349
2,121,189,3842,-340,325
2,121,189,3850,-371,335
2,121,190,3842,-340,325
2,121,191,3841,-350,316
2,121,191,3841,-340,325
2,121,191,3842,-340,325
2,121,193,3826,-378,326
2,121,193,3829,-378,326
2,121,193,3836,-378,326
2,121,203,3891,-500,0
2,115,116,3635,-335,334
2,115,123,3629,0,473
2,115,132,3635,-335,334
2,115,135,3732,0,0
2,115,136,3732,22,12
2,115,137,3728,-31,315
2,115,138,3725,-17,182
2,115,138,3730,-112,292
2,115,139,3729,0,287
2,115,139,3741,-3,-26
2,115,140,3722,96,-88
2,115,145,3728,130,-7
2,115,153,3631,-170,442
2,115,153,3745,-183,-191
2,115,162,3751,-292,-339
2,115,167,3708,-387,0
2,115,168,3754,-500,25
2,115,170,3762,-345,-361
2,115,171,3638,-351,317
2,115,173,3710,-444,-10
2,115,173,3753,-495,36
2,115,173,3765,-353,-353
2,115,173,3766,-353,-353
2,115,174,3693,-444,53
2,115,174,3709,-444,0
2,115,174,3710,-444,-22
2,115,174,3710,-444,-10
2,115,174,3712,-443,-33
2,115,174,3766,-361,-345
2,115,174,3766,-353,-353
2,115,174,3766,-345,-361
2,115,174,3767,-353,-353
2,115,175,3709,-473,0
2,115,176,3768,-353,-353
2,115,176,3768,-345,-361
2,115,176,3769,-353,-353
2,115,177,3708,-471,0
2,115,177,3711,-469,-46
2,115,177,3768,-353,-353
2,115,177,3769,-361,-345
2,115,177,3769,-353,-353
2,115,177,3769,-345,-361
2,115,178,3707,-471,23
2,115,178,3708,-471,23
2,115,178,3709,-471,-11
2,115,178,3710,-471,-24
2,115,178,3710,-471,23
2,115,178,3710,-469,-46
2,115,178,3711,-471,23
2,115,178,3712,-471,23
2,115,178,3712,-464,-81
2,115,178,3713,-471,23
2,115,178,3714,-471,23
2,115,178,3715,-471,23
2,115,178,3716,-471,23
2,115,178,3717,-471,23
2,115,178,3718,-471,23
2,115,178,3719,-471,23
2,115,178,3720,-471,23
2,115,178,3721,-471,23
2,115,178,3770,-345,-361
2,115,180,3716,-447,-147
2,115,180,3722,-444,0
2,115,180,3731,-444,0
2,115,183,3718,-444,22
2,115,184,3718,-422,-139
2,115,185,3709,-500,0
2,115,187,3675,-353,353
2,115,191,3729,-392,19
2,115,195,3652,-500,0
2,115,195,3729,-366,18
2,115,196,3731,-340,0
2,115,198,3708,-340,0
2,115,198,3710,-471,-11
2,115,198,3711,-340,-8
2,115,198,3712,-339,-25
2,115,198,3713,-339,-33
2,115,199,3706,-340,17
2,115,199,3707,-340,17
2,115,199,3708,-340,17
2,115,199,3709,-340,0
2,115,199,3709,-340,17
2,115,199,3710,-340,-17
2,115,199,3710,-340,-8
2,115,199,3710,-340,17
2,115,199,3711,-340,-17
2,115,199,3711,-340,-8
2,115,199,3711,-340,17
2,115,199,3712,-340,17
2,115,199,3712,-339,-25
2,115,199,3713,-340,17
2,115,199,3713,-339,-33
2,115,199,3713,-337,-41
2,115,199,3714,-340,17
2,115,199,3715,-340,17
2,115,199,3715,-336,-50
2,115,199,3716,-340,17
2,115,199,3716,-335,-58
2,115,199,3717,-340,17
2,115,199,3718,-340,17
2,115,199,3719,-340,17
2,115,199,3720,-340,17
2,115,200,3708,-335,0
2,115,200,3709,-314,0
2,115,200,3711,-314,-16
2,115,200,3714,-314,0
2,115,200,3716,-314,0
2,115,200,3717,-314,0
2,115,200,3720,-314,0
2,115,200,3722,-314,0
2,115,200,3723,-323,-106
2,115,201,3695,-478,144
2,115,202,3709,-340,0
2,115,203,3697,-482,132
2,115,205,3709,-500,0
2,115,206,3709,-471,0
124,72,3912,2368,353,-353
5,122,184,3877,-132,126
5,122,187,3874,-153,178
5,122,193,3870,-227,216
5,122,193,3870,-217,226
5,122,206,3829,156,474
5,122,208,3876,-498,48
5,122,209,3846,-351,351
5,122,210,3846,-351,351
5,122,211,3846,-351,351
5,122,216,3839,-314,314
5,122,217,3831,25,338
5,122,217,3839,-314,314
5,122,220,3826,0,500
5,122,220,3830,0,314
5,122,220,3831,0,314
5,122,220,3833,0,340
5,122,220,3864,0,395
5,122,221,3832,-8,340
5,122,222,3832,-17,340
5,122,222,3833,-17,340
5,122,223,3831,0,314
5,122,224,3831,0,314
5,122,224,3834,0,340
5,122,224,3835,0,340
5,122,225,3831,0,314
5,122,225,3834,-17,340
5,122,226,3831,0,314
5,122,227,3831,0,314
5,122,228,3829,-43,442
5,122,228,3831,0,314
5,122,228,3835,-54,362
5,122,228,3891,138,-74
5,122,229,3831,0,314
5,122,230,3831,0,314
5,122,230,3834,-66,333
5,122,231,3831,0,314
5,122,231,3837,-69,278
5,122,232,3831,0,314
5,122,232,3883,-208,-15
5,122,233,3831,0,314
5,122,233,3856,-198,242
5,122,234,3831,0,314
5,122,235,3831,0,314
5,122,238,3831,0,314
5,122,238,3872,0,209
5,122,238,3876,0,130
5,122,240,3873,0,209
5,122,240,3873,0,235
5,122,240,3874,0,209
5,122,241,3834,0,340
5,122,244,3834,0,340
5,122,248,3837,-265,323
5,122,250,3929,0,78
5,122,255,3843,-335,371
5,122,258,3907,115,-62
5,122,260,3942,-13,76
5,122,265,3876,-344,-281
5,122,267,3842,-333,332
5,122,267,3873,-234,17
5,122,269,3883,-437,97
3,122,141,3853,-24,473
3,122,142,3885,-425,139
3,122,154,3886,-56,-204
3,122,154,3887,62,-227
3,122,155,3890,88,-133
3,122,171,3875,-400,200
3,122,176,3844,-277,416
3,122,178,3884,-464,92
3,122,179,3856,-353,353
3,122,181,3847,-345,361
3,122,181,3848,-345,361
3,122,182,3846,-335,371
3,122,182,3880,-372,122
3,122,183,3872,-345,361
3,122,185,3881,-488,109
3,122,185,3885,-494,74
3,122,186,3866,-345,361
3,122,191,3883,-494,74
3,122,194,3860,-386,316
3,122,198,3880,-457,125
3,122,200,3853,-361,345
3,122,201,3878,-474,156
3,122,206,3881,-358,80
3,122,212,3876,-482,132
3,122,213,3949,-444,-10
3,122,226,3878,-253,63
3,122,226,3888,-261,13
2,120,123,3824,-93,-53
2,120,124,3819,-8,24
2,120,131,3819,23,-11
2,120,131,3819,130,0
2,120,132,3819,-26,-3
2,120,133,3819,26,0
2,120,135,3823,-442,-66
2,120,140,3827,-107,118
2,120,141,3767,-25,500
2,120,141,3830,154,103
2,120,152,3782,-144,478
2,120,163,3821,-356,98
2,120,169,3820,-408,101
2,120,170,3869,-62,115
2,120,173,3819,-433,108
2,120,182,3868,-407,0
2,120,183,3813,-498,37
2,120,184,3813,-500,25
2,120,185,3801,-359,343
2,120,185,3801,-351,351
2,120,185,3802,-351,351
2,120,185,3815,-500,0
2,120,185,3816,-500,0
2,120,186,3817,-500,0
2,120,188,3796,-340,325
2,120,188,3798,-340,325
2,120,188,3799,-340,325
2,120,188,3800,-340,325
2,120,188,3801,-340,325
2,120,188,3802,-340,325
2,120,188,3803,-340,325
2,120,188,3804,-340,325
2,120,188,3813,-340,325
2,120,188,3817,-340,325
2,120,188,3818,-340,325
2,120,189,3796,-340,325
2,120,189,3798,-340,325
2,120,189,3799,-340,325
2,120,189,3800,-340,325
2,120,189,3804,-340,325
2,120,189,3810,-392,0
2,120,189,3811,-392,0
2,120,189,3811,-340,325
2,120,189,3812,-392,0
2,120,189,3813,-340,325
2,120,189,3817,-340,325
2,120,189,3818,-340,325
2,120,189,3868,-497,0
2,120,190,3807,-441,53
2,120,190,3809,-392,8
2,120,191,3807,-419,31
2,120,191,3809,-392,19
2,120,191,3809,-391,28
2,120,192,3803,-492,85
2,120,192,3812,-366,0
2,120,193,3797,-378,326
2,120,193,3809,-366,8
2,120,194,3802,-490,97
2,120,194,3804,-492,85
2,120,196,3804,-494,74
2,120,201,3881,-484,-121
1,119,28,3766,291,339
1,119,115,3809,-50,285
1,119,152,3799,-306,394
1,119,156,3811,-500,0
1,119,156,3811,-381,281
1,119,157,3810,-494,74
1,119,157,3811,-494,74
1,119,158,3811,-500,0
1,119,158,3811,-496,60
1,119,160,3811,-500,0
1,119,160,3812,-500,0
1,119,160,3812,-488,109
1,119,160,3813,-484,121
1,119,160,3816,-494,74
1,119,161,3813,-484,121
1,119,163,3812,-484,121
1,119,163,3814,-490,97
2,118,76,3833,-183,0
2,118,139,3698,0,500
2,118,139,3747,0,0
2,118,140,3747,-233,-316
2,118,143,3754,-41,-337
2,118,147,3810,-235,0
2,118,156,3783,-212,423
2,118,168,3809,-418,0
2,118,169,3782,-418,0
2,118,169,3783,-418,0
2,118,169,3787,-418,0
2,118,169,3793,-418,0
2,118,169,3801,-418,0
2,118,173,3797,-444,0
2,118,173,3802,-444,0
2,118,174,3809,-444,0
2,118,177,3809,-471,23
2,118,178,3763,-471,23
2,118,178,3765,-471,23
2,118,178,3766,-471,23
2,118,178,3767,-471,23
2,118,178,3768,-471,23
2,118,178,3769,-471,23
2,118,178,3770,-471,23
2,118,178,3771,-471,23
2,118,178,3772,-471,23
2,118,178,3773,-471,23
2,118,178,3774,-471,23
2,118,178,3775,-471,23
2,118,178,3776,-471,23
2,118,178,3777,-471,23
2,118,178,3778,-471,23
2,118,178,3779,-471,23
2,118,178,3780,-471,23
2,118,178,3781,-471,23
2,118,178,3782,-471,23
2,118,178,3784,-471,23
2,118,178,3785,-471,23
2,118,178,3786,-471,23
2,118,178,3787,-471,23
2,118,178,3788,-471,23
2,118,178,3790,-471,23
2,118,178,3792,-471,23
2,118,178,3793,-471,23
2,118,178,3794,-471,23
2,118,178,3796,-471,23
2,118,178,3798,-471,23
2,118,178,3800,-471,23
2,118,178,3801,-471,23
2,118,178,3802,-471,23
2,118,178,3803,-471,23
2,118,178,3804,-471,23
2,118,178,3806,-471,23
2,118,178,3807,-471,23
2,118,178,3808,-471,23
2,118,178,3809,-471,23
2,118,178,3811,-473,0
2,118,180,3809,-443,43
2,118,182,3808,-444,22
2,118,182,3809,-444,22
2,118,182,3811,-500,0
2,118,183,3803,-444,22
2,118,183,3804,-444,22
2,118,183,3808,-444,22
2,118,183,3809,-444,22
2,118,184,3743,-345,361
2,118,186,3811,-500,0
2,118,186,3812,-498,-37
2,118,187,3763,-417,30
2,118,188,3812,-500,-25
2,118,188,3812,-496,-60
2,118,189,3810,-500,0
2,118,191,3808,-392,19
2,118,197,3808,-339,25
2,118,197,3809,-340,17
2,118,198,3767,-340,-8
2,118,198,3806,-340,7
2,118,198,3806,-340,17
2,118,198,3807,-340,17
2,118,198,3808,-340,17
2,118,198,3809,-340,7
2,118,198,3809,-340,17
2,118,199,3762,-340,17
2,118,199,3763,-340,17
2,118,199,3764,-340,17
2,118,199,3765,-340,17
2,118,199,3766,-340,17
2,118,199,3767,-340,17
2,118,199,3768,-340,17
2,118,199,3769,-340,17
2,118,199,3770,-340,17
2,118,199,3771,-340,17
2,118,199,3772,-340,17
2,118,199,3773,-340,17
2,118,199,3774,-340,17
2,118,199,3775,-340,17
2,118,199,3776,-340,17
2,118,199,3777,-340,17
2,118,199,3778,-340,17
2,118,199,3779,-340,17
2,118,199,3780,-340,17
2,118,199,3781,-340,17
2,118,199,3782,-340,17
2,118,199,3783,-340,17
2,118,199,3784,-340,17
2,118,199,3785,-340,17
2,118,199,3786,-340,17
2,118,199,3787,-340,17
2,118,199,3788,-340,17
2,118,199,3789,-340,17
2,118,199,3790,-340,17
2,118,199,3791,-340,17
2,118,199,3792,-340,17
2,118,199,3793,-340,17
2,118,199,3794,-340,17
2,118,199,3795,-340,17
2,118,199,3796,-340,17
2,118,199,3797,-340,17
2,118,199,3798,-340,17
2,118,199,3799,-340,17
2,118,199,3800,-340,17
2,118,199,3801,-340,17
2,118,199,3802,-340,17
2,118,199,3803,-340,17
2,118,199,3804,-340,17
2,118,199,3805,-340,17
2,118,199,3806,-340,17
2,118,199,3807,-340,17
2,118,199,3808,-340,17
2,118,199,3809,-340,17
2,118,200,3798,-314,0
2,118,200,3804,-314,0
2,118,200,3806,-314,0
2,118,201,3801,-490,97
2,118,202,3805,-365,35
2,118,204,3810,-500,0
2,117,133,3723,110,-269
2,117,136,3727,-33,-341
2,117,139,3697,0,447
2,117,144,3786,40,-205
2,117,145,3783,-41,-337
2,117,146,3789,-81,-466
2,117,146,3790,-74,-494
2,117,147,3789,-74,-494
2,117,153,3736,-314,0
2,117,156,3777,-179,-466
2,117,156,3811,-500,0
2,117,165,3741,-392,0
2,117,165,3759,-392,0
2,117,166,3811,-500,0
2,117,169,3733,-418,0
2,117,169,3734,-418,0
2,117,169,3744,-418,0
2,117,169,3761,-418,0
2,117,169,3772,-418,0
2,117,173,3732,-444,0
2,117,178,3731,-471,23
2,117,178,3732,-471,23
2,117,178,3733,-471,23
2,117,178,3734,-471,23
2,117,178,3735,-471,23
2,117,178,3736,-471,23
2,117,178,3737,-471,23
2,117,178,3738,-471,23
2,117,178,3739,-471,23
2,117,178,3740,-471,23
2,117,178,3741,-471,23
2,117,178,3742,-471,23
2,117,178,3743,-471,23
2,117,178,3744,-471,23
2,117,178,3745,-471,23
2,117,178,3746,-471,23
2,117,178,3747,-471,23
2,117,178,3748,-471,23
2,117,178,3749,-471,23
2,117,178,3750,-471,23
2,117,178,3751,-471,23
2,117,178,3752,-471,23
2,117,178,3753,-471,23
2,117,178,3754,-471,23
2,117,178,3755,-471,23
2,117,178,3756,-471,23
2,117,178,3757,-471,23
2,117,178,3758,-471,23
2,117,178,3759,-471,23
2,117,178,3760,-471,23
2,117,178,3761,-471,23
2,117,178,3763,-471,23
2,117,178,3764,-471,23
2,117,178,3765,-471,23
2,117,178,3766,-471,23
2,117,178,3767,-471,23
2,117,178,3768,-471,23
2,117,178,3770,-471,23
2,117,178,3772,-471,23
2,117,178,3774,-471,23
2,117,178,3776,-471,23
2,117,178,3777,-471,23
2,117,178,3778,-471,23
2,117,178,3780,-471,23
2,117,178,3784,-471,23
2,117,180,3775,-444,0
2,117,180,3811,-500,0
2,117,183,3757,-444,22
2,117,183,3763,-444,22
2,117,185,3709,-500,0
2,117,190,3782,-353,-353
2,117,191,3761,-392,19
2,117,195,3761,-366,18
2,117,199,3729,-340,17
2,117,199,3730,-340,17
2,117,199,3731,-340,17
2,117,199,3732,-340,17
2,117,199,3733,-340,17
2,117,199,3734,-340,17
2,117,199,3735,-340,17
2,117,199,3736,-340,17
2,117,199,3737,-340,17
2,117,199,3738,-340,17
2,117,199,3739,-340,17
2,117,199,3740,-340,17
2,117,199,3741,-340,17
2,117,199,3742,-340,17
2,117,199,3743,-340,17
2,117,199,3744,-340,17
2,117,199,3745,-340,17
2,117,199,3746,-340,17
2,117,199,3747,-340,17
2,117,199,3748,-340,17
2,117,199,3749,-340,17
2,117,199,3750,-340,17
2,117,199,3751,-340,17
2,117,199,3752,-340,17
2,117,199,3753,-340,17
2,117,199,3754,-340,17
2,117,199,3755,-340,17
2,117,199,3756,-340,17
2,117,199,3757,-340,17
2,117,199,3758,-340,17
2,117,199,3759,-340,17
2,117,199,3760,-340,17
2,117,199,3762,-340,17
2,117,199,3763,-340,17
2,117,199,3764,-340,17
2,117,199,3765,-340,17
2,117,199,3766,-340,17
2,117,199,3767,-340,17
2,117,199,3768,-340,17
2,117,199,3769,-340,17
2,117,199,3771,-340,17
2,117,199,3772,-340,17
2,117,199,3773,-340,17
2,117,199,3775,-340,17
2,117,199,3776,-340,17
2,117,199,3777,-340,17
2,117,199,3778,-340,17
2,117,199,3779,-340,17
2,117,199,3781,-340,17
2,117,199,3783,-340,17
2,117,199,3784,-340,17
2,117,200,3731,-314,0
2,117,200,3732,-314,0
2,117,200,3736,-314,0
2,117,200,3751,-314,0
2,117,200,3766,-314,0
2,117,200,3768,-314,0
2,117,200,3775,-314,0
2,117,200,3781,-314,0
69,7,2232,322,-97,-490
69,7,2322,212,-473,0
124,10,3897,296,500,0
124,10,3897,359,350,-106
124,10,3902,292,405,0
124,10,3902,292,500,0
124,10,3903,291,366,0
124,10,3903,292,387,0
124,10,3903,292,405,0
124,10,3906,290,392,0
124,10,3907,276,332,332
124,10,3907,276,340,325
124,10,3907,279,332,332
124,10,3907,281,332,332
124,10,3907,281,340,325
124,10,3907,284,332,332
124,10,3907,285,332,332
124,10,3907,288,332,332
124,10,3907,289,332,332
124,10,3907,290,332,332
124,10,3907,292,332,332
124,10,3917,292,466,0
124,10,3924,377,0,-500
124,10,3954,299,30,156
124,10,3956,299,98,-147
124,10,3956,306,0,-130
124,10,3959,300,228,-219
124,10,3970,299,7,24
124,10,3970,299,18,17
125,9,3935,291,500,0
125,9,3936,291,500,0
125,9,3936,292,500,0
125,9,3937,292,500,0
125,9,3939,291,494,74
125,9,3947,327,224,-447
125,9,3950,281,167,470
125,9,3956,323,0,-500
125,9,3984,299,-7,-104
125,9,3984,308,-162,302
29,105,1055,3332,-478,144
1,56,127,1806,-341,-33
1,56,131,1806,-366,-44
1,56,144,1781,-109,488
1,56,145,1826,-203,-457
1,56,146,1826,-224,-447
1,56,157,1794,-494,74
1,56,157,1795,-494,74
1,56,160,1795,-500,0
1,56,160,1799,-492,85
2,58,100,1949,-345,-361
2,58,150,1836,-126,457
2,58,158,1876,-26,3
2,58,159,1851,-258,332
2,58,164,1847,-300,332
2,58,165,1850,-323,309
2,58,169,1844,-327,342
2,58,171,1849,-345,361
2,58,175,1835,-353,353
2,58,175,1840,-353,353
2,58,178,1831,-353,353
2,58,179,1824,-287,408
2,58,179,1836,-361,345
2,58,182,1820,-287,408
2,58,182,1826,-353,353
2,58,186,1851,-345,361
2,58,188,1811,-340,325
2,58,188,1819,-340,325
2,58,188,1821,-340,325
2,58,188,1823,-340,325
2,58,188,1826,-340,325
2,58,189,1819,-340,325
2,58,189,1821,-340,325
2,58,189,1822,-316,349
2,58,189,1823,-340,325
2,58,189,1826,-340,325
2,58,190,1826,-340,325
2,58,195,1829,-394,306
2,58,204,1849,-498,37
3,59,175,1855,-335,371
3,59,176,1828,-277,416
3,59,176,1859,-132,126
3,59,181,1832,-345,361
3,59,181,1837,-345,361
3,59,182,1830,-335,371
3,59,185,1972,-267,-421
3,59,197,1963,-500,0
3,59,203,1862,-414,171
2,55,124,1812,-26,0
2,55,139,1815,-235,11
2,55,147,1792,-235,0
2,55,150,1718,-151,183
2,55,160,1799,-211,20
2,55,166,1796,-342,0
2,55,173,1747,-444,0
2,55,178,1751,-471,23
2,55,178,1753,-471,23
2,55,178,1791,-471,23
2,55,178,1793,-471,23
2,55,180,1754,-444,0
2,55,184,1727,-345,361
2,55,184,1795,-500,0
2,55,189,1822,-371,-335
2,55,191,1748,-392,19
2,55,191,1801,-484,-121
2,55,195,1748,-366,18
2,55,198,1757,-340,-8
2,55,198,1792,-340,17
2,55,198,1793,-340,7
2,55,199,1745,-340,17
2,55,199,1746,-340,17
2,55,199,1750,-340,17
2,55,199,1751,-340,17
2,55,199,1752,-340,17
2,55,199,1764,-340,17
2,55,199,1788,-340,17
2,55,199,1790,-340,17
2,55,199,1791,-340,17
2,55,199,1792,-340,17
2,55,200,1754,-314,0
2,55,200,1790,-314,0
2,55,201,1785,-490,97
2,55,204,1795,-500,0
2,57,157,1849,-212,-424
2,57,182,1801,-500,0
2,57,185,1785,-351,351
2,57,188,1782,-340,325
2,57,188,1785,-340,325
2,57,188,1786,-340,325
2,57,188,1786,-333,332
2,57,188,1801,-340,325
2,57,188,1830,-353,-353
2,57,189,1786,-340,325
2,57,189,1801,-340,325
2,57,190,1793,-392,0
2,57,190,1793,-392,8
2,57,193,1785,-378,326
2,57,193,1793,-366,8
2,57,194,1796,-500,0
2,57,204,1849,-498,37
22,30,772,1037,-478,-144
18,31,673,1035,-238,0
17,32,665,1035,-500,0
70,3,2315,205,0,-500
70,3,2322,158,-108,-433
70,3,2322,164,277,-416
70,3,2326,171,-121,-484
70,3,2365,124,-500,0
70,3,2380,124,-500,11
73,2,2400,142,0,-444
73,2,2401,168,-17,-340
73,2,2402,168,-25,-339
73,2,2427,162,-248,-337
73,2,2433,154,-359,-344
73,2,2464,123,-457,-203
