67,124,2145,3927,373,290
123,122,3864,3906,496,-60
123,122,3869,3957,498,-37
123,122,3873,3856,321,307
123,122,3873,3861,321,307
123,122,3873,3873,340,325
123,122,3873,3874,340,325
123,122,3874,3874,340,325
123,122,3875,3859,340,325
123,122,3875,3860,332,332
123,122,3875,3860,340,325
123,122,3875,3861,332,332
123,122,3875,3861,340,325
123,122,3875,3862,332,332
123,122,3875,3864,332,332
123,122,3875,3864,340,325
123,122,3875,3865,332,332
123,122,3875,3865,340,325
123,122,3875,3866,332,332
123,122,3875,3867,332,332
123,122,3875,3868,332,332
123,122,3875,3869,332,332
123,122,3875,3870,332,332
123,122,3875,3871,325,340
123,122,3879,3853,358,343
123,122,3894,3955,405,-101
123,122,3895,3883,334,334
123,122,3897,3884,334,334
123,122,3899,3886,309,323
123,122,3900,3892,291,304
123,122,3901,3892,291,304
123,122,3902,3890,291,304
123,122,3902,3891,291,304
123,122,3910,3882,-137,-453
123,122,3912,3855,148,449
123,122,3913,3859,138,422
123,122,3913,3865,151,365
123,122,3915,3893,-462,-191
123,122,3924,3879,-239,-377
123,122,3924,3879,0,0
123,122,3924,3883,98,-147
123,122,3924,3891,0,-157
123,122,3924,3891,0,-130
123,122,3925,3887,74,-138
123,122,3925,3888,74,-138
123,122,3927,3883,-25,-5
123,122,3927,3890,325,-174
123,122,3928,3883,-133,-210
123,122,3930,3883,23,-12
123,122,3930,3886,248,-372
123,122,4032,3922,-419,41
3,122,147,3992,0,-340
3,122,172,3874,-16,20
3,122,172,3883,-183,-305
3,122,175,3885,-67,335
3,122,176,3856,-60,496
3,122,176,3877,-43,445
3,122,176,3881,-80,360
3,122,177,3843,-132,482
3,122,177,3868,-60,496
3,122,177,3873,-81,466
3,122,177,3873,-60,496
3,122,177,3878,-43,445
3,122,177,3888,-57,469
3,122,180,3834,-121,484
3,122,180,3854,-97,490
3,122,180,3859,-71,358
3,122,180,3860,-97,490
3,122,181,3829,-121,484
3,122,181,3850,-277,416
3,122,181,3866,-114,458
3,122,183,3841,-482,-132
3,122,183,3855,-159,445
3,122,183,3855,-121,484
3,122,183,3855,-109,488
3,122,184,3845,-441,236
3,122,184,3846,-441,236
3,122,184,3846,-394,306
3,122,184,3856,-121,484
3,122,185,3851,-277,416
3,122,185,3857,-144,478
3,122,186,3908,-181,438
3,122,186,3914,-190,403
3,122,187,3846,-441,236
3,122,187,3858,-156,474
3,122,187,3911,-201,427
3,122,188,3843,-500,0
3,122,188,3843,-492,85
3,122,188,3847,-441,236
3,122,188,3847,-353,353
3,122,188,3904,-212,423
3,122,188,3907,-191,462
3,122,189,3843,-500,0
3,122,189,3843,-494,-74
3,122,189,3843,-494,74
3,122,189,3843,-492,85
3,122,189,3867,-203,457
3,122,189,3868,-191,462
3,122,189,3882,-230,384
3,122,190,3843,-496,-60
3,122,190,3843,-496,60
3,122,190,3870,-203,457
3,122,192,3843,-498,48
3,122,192,3861,-203,457
3,122,192,3897,-224,447
3,122,193,3842,-498,37
3,122,193,3843,-500,0
3,122,193,3843,-498,37
3,122,194,3842,-498,37
3,122,194,3843,-498,-37
3,122,194,3898,-236,441
3,122,195,3842,-498,37
3,122,195,3873,-267,421
3,122,195,3898,-257,429
3,122,196,3866,-267,421
3,122,196,3896,-224,447
3,122,197,3842,-500,25
3,122,197,3895,-257,429
3,122,198,3842,-500,25
3,122,198,3843,-500,0
3,122,198,3891,-224,447
3,122,200,3886,-246,435
3,122,200,3886,-224,447
3,122,201,3850,-326,378
3,122,204,3884,-246,435
3,122,210,3870,-353,353
3,122,210,3871,-353,353
3,122,210,3877,-353,353
3,122,210,3879,-353,353
3,122,213,3867,-353,353
3,122,213,3871,-353,353
3,122,213,3872,-353,353
3,122,213,3873,-353,353
3,122,213,3875,-353,353
3,122,213,3877,-353,353
3,122,217,3863,-351,351
3,122,217,3864,-351,351
3,122,217,3866,-359,343
3,122,217,3866,-351,351
3,122,220,3859,-340,325
3,122,220,3859,-333,332
3,122,220,3860,-340,325
3,122,220,3861,-340,325
3,122,220,3861,-333,332
3,122,220,3863,-340,325
3,122,220,3864,-340,325
3,122,220,3865,-340,325
3,122,220,3866,-340,325
3,122,220,3867,-340,325
3,122,220,3868,-340,325
3,122,220,3869,-340,325
3,122,220,3870,-340,325
3,122,221,3859,-340,325
3,122,221,3861,-340,325
3,122,221,3862,-340,325
3,122,221,3863,-340,325
3,122,225,3858,-378,326
3,122,225,3860,-378,326
3,122,225,3862,-378,326
3,122,225,3863,-378,326
3,122,225,3869,-378,326
3,122,226,3919,-416,277
3,122,232,3940,-500,0
3,121,156,3851,-8,24
3,121,158,3851,59,-85
3,121,158,3853,0,0
3,121,158,3857,31,-126
3,121,159,3851,28,-128
3,121,160,3851,116,-58
3,121,163,3851,23,-11
3,121,164,3851,23,-11
3,121,166,3851,171,-71
3,121,167,3855,-442,-66
3,121,168,3859,-116,-105
3,121,169,3851,111,-176
3,121,171,3820,0,261
3,121,171,3843,0,26
3,121,172,3856,-390,161
3,121,172,3858,157,-12
3,121,173,3859,-222,85
3,121,175,3859,-253,76
3,121,182,3871,75,72
3,121,184,3814,-144,478
3,121,191,3836,-167,204
3,121,215,3906,-345,-361
3,121,217,3833,-351,351
3,121,217,3834,-359,343
3,121,217,3835,-359,343
3,121,217,3848,-500,0
3,121,218,3849,-500,0
3,121,220,3830,-340,325
3,121,220,3831,-340,325
3,121,220,3832,-340,325
3,121,220,3833,-340,325
3,121,220,3834,-340,325
3,121,220,3842,-340,325
3,121,220,3843,-466,10
3,121,220,3843,-340,325
3,121,221,3830,-340,325
3,121,221,3831,-340,325
3,121,221,3832,-340,325
3,121,221,3833,-340,325
3,121,221,3842,-340,325
3,121,221,3843,-392,0
3,121,222,3839,-441,53
3,121,222,3841,-392,8
3,121,223,3839,-419,31
3,121,223,3841,-392,19
3,121,223,3841,-391,28
3,121,224,3835,-492,85
3,121,224,3837,-385,76
3,121,224,3844,-366,0
3,121,225,3835,-490,97
3,121,225,3841,-366,8
3,121,225,3843,-500,0
3,121,226,3834,-490,97
3,121,226,3844,-500,0
3,121,234,3906,-496,-60
124,121,3900,3882,500,0
124,121,3903,3869,416,277
124,121,3904,3900,500,0
124,121,3916,3864,179,466
124,121,3921,3885,442,66
124,121,3924,3868,0,500
124,121,3950,3883,18,-18
69,121,2162,3818,353,353
2,120,171,3840,0,407
2,120,177,3833,-167,470
2,120,186,3847,-492,85
2,120,188,3843,-381,281
2,120,189,3842,-494,74
2,120,189,3843,-494,74
2,120,190,3843,-496,60
2,120,191,3840,-498,48
2,120,191,3841,-498,48
2,120,191,3847,-492,85
2,120,192,3843,-500,0
2,120,192,3844,-500,0
2,120,192,3844,-488,109
2,120,192,3844,-478,144
2,120,192,3844,-451,212
2,120,192,3845,-484,121
2,120,193,3843,-500,0
2,120,193,3845,-484,121
2,120,194,3845,-488,109
2,120,195,3844,-484,121
2,120,195,3846,-490,97
123,120,3858,3843,500,0
123,120,3859,3843,500,0
123,120,3862,3857,482,-132
123,120,3863,3844,335,0
123,120,3864,3828,314,0
123,120,3864,3829,314,0
123,120,3864,3830,314,0
123,120,3864,3831,314,0
123,120,3864,3832,314,0
123,120,3864,3833,314,0
123,120,3864,3834,314,0
123,120,3864,3836,314,0
123,120,3864,3837,311,37
123,120,3864,3837,314,0
123,120,3864,3838,311,37
123,120,3864,3839,314,0
123,120,3864,3841,312,23
123,120,3864,3842,314,0
123,120,3864,3843,314,0
123,120,3864,3844,335,0
123,120,3864,3845,340,-8
123,120,3867,3819,340,0
123,120,3867,3833,329,82
123,120,3868,3819,340,0
123,120,3868,3821,366,-8
123,120,3869,3821,366,-18
123,120,3871,3901,500,-11
123,120,3881,3844,473,0
123,120,3888,3799,471,0
123,120,3890,3786,353,353
123,120,3893,3796,497,0
123,120,3900,3797,345,361
123,120,3914,3799,-419,-41
123,120,3924,3793,0,447
123,120,3924,3813,197,-105
123,120,3924,3820,94,-142
123,120,3924,3827,0,-130
123,120,3926,3821,152,-101
123,120,3927,3819,-33,-446
123,120,3932,3820,35,-288
3,119,157,3790,-131,196
3,119,169,3795,-87,-130
3,119,169,3852,-121,99
3,119,170,3795,-23,-12
3,119,171,3760,-23,447
3,119,171,3863,-23,-12
3,119,173,3780,-189,-283
3,119,175,3792,-159,-239
3,119,176,3774,-257,-330
3,119,178,3761,-87,438
3,119,182,3782,-83,-275
3,119,182,3800,-261,0
3,119,189,3841,-157,0
3,119,201,3803,-418,0
3,119,201,3818,-418,0
3,119,201,3825,-418,0
3,119,201,3831,-418,0
3,119,201,3835,-418,0
3,119,205,3821,-444,0
3,119,205,3830,-444,0
3,119,205,3840,-444,0
3,119,206,3841,-444,0
3,119,206,3843,-447,0
3,119,209,3842,-471,23
3,119,210,3795,-471,23
3,119,210,3796,-471,23
3,119,210,3797,-471,23
3,119,210,3799,-471,23
3,119,210,3801,-471,23
3,119,210,3802,-471,23
3,119,210,3803,-471,23
3,119,210,3805,-471,23
3,119,210,3807,-471,23
3,119,210,3808,-471,23
3,119,210,3809,-471,23
3,119,210,3811,-471,23
3,119,210,3813,-471,23
3,119,210,3815,-471,23
3,119,210,3817,-471,23
3,119,210,3819,-471,23
3,119,210,3821,-471,23
3,119,210,3824,-471,23
3,119,210,3825,-471,23
3,119,210,3826,-471,23
3,119,210,3827,-471,23
3,119,210,3828,-471,23
3,119,210,3829,-471,23
3,119,210,3831,-471,23
3,119,210,3833,-471,23
3,119,210,3835,-471,23
3,119,210,3838,-471,23
3,119,210,3839,-471,23
3,119,210,3840,-471,23
3,119,210,3841,-471,23
3,119,213,3841,-444,22
3,119,214,3841,-444,22
3,119,214,3843,-500,0
3,119,215,3806,-444,22
3,119,215,3823,-444,22
3,119,215,3824,-444,22
3,119,215,3826,-444,22
3,119,215,3840,-444,22
3,119,216,3843,-498,-48
3,119,220,3844,-498,-48
3,119,223,3836,-392,19
3,119,230,3839,-340,17
3,119,230,3840,-340,0
3,119,230,3840,-340,17
3,119,230,3841,-340,7
3,119,230,3841,-340,17
3,119,231,3793,-340,17
3,119,231,3794,-340,17
3,119,231,3795,-340,17
3,119,231,3796,-340,17
3,119,231,3798,-340,17
3,119,231,3799,-340,17
3,119,231,3800,-340,17
3,119,231,3801,-340,17
3,119,231,3802,-340,17
3,119,231,3804,-340,17
3,119,231,3805,-340,17
3,119,231,3806,-340,17
3,119,231,3807,-340,17
3,119,231,3808,-340,17
3,119,231,3809,-340,17
3,119,231,3810,-340,17
3,119,231,3812,-340,17
3,119,231,3814,-340,17
3,119,231,3816,-340,17
3,119,231,3817,-340,17
3,119,231,3818,-340,17
3,119,231,3820,-340,17
3,119,231,3822,-340,17
3,119,231,3823,-340,17
3,119,231,3824,-340,17
3,119,231,3825,-340,17
3,119,231,3826,-340,17
3,119,231,3827,-340,17
3,119,231,3828,-340,17
3,119,231,3829,-340,17
3,119,231,3830,-340,17
3,119,231,3832,-340,17
3,119,231,3834,-340,17
3,119,231,3836,-340,17
3,119,231,3837,-340,17
3,119,231,3838,-340,17
3,119,231,3839,-340,17
3,119,231,3840,-340,17
3,119,231,3841,-340,17
3,119,231,3844,-340,-8
3,119,232,3795,-314,0
3,119,232,3796,-314,7
3,119,232,3803,-314,0
3,119,232,3810,-314,0
3,119,232,3818,-314,0
3,119,232,3822,-314,0
3,119,232,3837,-314,0
3,119,232,3838,-314,0
3,119,232,3842,-314,0
3,119,232,3845,-444,-22
124,119,3903,3838,500,0
124,119,3908,3843,500,0
124,119,3921,3821,438,87
124,119,3924,3835,63,-254
124,119,3937,3820,421,-10
2,118,142,3796,-88,132
2,118,170,3793,-415,-72
2,118,171,3815,0,-500
2,118,172,3782,-287,86
2,118,173,3793,-442,-66
2,118,174,3771,-97,490
2,118,174,3794,-442,-66
2,118,174,3812,-97,-490
2,118,175,3812,-121,-484
2,118,176,3817,-121,-484
2,118,182,3817,-224,-447
123,118,3864,3772,314,0
123,118,3864,3792,314,0
123,118,3864,3793,314,0
123,118,3864,3794,314,0
123,118,3864,3795,314,0
123,118,3864,3796,314,0
123,118,3864,3797,314,0
123,118,3864,3798,314,0
123,118,3864,3799,314,0
123,118,3864,3800,314,0
123,118,3864,3801,314,0
123,118,3864,3802,314,0
123,118,3864,3803,314,0
123,118,3864,3804,314,0
123,118,3864,3805,314,0
123,118,3864,3806,314,0
123,118,3864,3807,314,0
123,118,3864,3808,314,0
123,118,3864,3809,314,0
123,118,3864,3810,314,0
123,118,3864,3811,314,0
123,118,3864,3813,314,0
123,118,3864,3815,314,0
123,118,3864,3816,314,0
123,118,3864,3817,314,0
123,118,3864,3818,314,0
123,118,3864,3819,314,0
123,118,3879,3808,418,0
123,118,3879,3809,418,0
123,118,3879,3810,418,0
123,118,3879,3811,418,0
123,118,3879,3813,418,0
123,118,3879,3815,418,0
123,118,3879,3819,418,0
123,118,3879,3843,500,0
123,118,3888,3819,471,0
123,118,3925,3825,27,286
3,117,133,3805,-126,34
3,117,168,3796,225,355
3,117,169,3792,-31,315
3,117,171,3723,0,-444
3,117,171,3797,-287,0
3,117,178,3841,-132,-482
3,117,181,3822,-150,-421
3,117,183,3791,26,0
3,117,188,3693,-192,432
3,117,190,3741,-342,0
3,117,201,3745,-418,0
3,117,201,3746,-418,0
3,117,201,3751,-418,0
3,117,201,3759,-418,0
3,117,201,3769,-418,0
3,117,201,3780,-418,0
3,117,201,3781,-418,0
3,117,205,3750,-444,0
3,117,205,3756,-444,0
3,117,205,3758,-444,0
3,117,205,3772,-444,0
3,117,207,3741,-447,0
3,117,209,3744,-471,-11
3,117,209,3745,-471,-11
3,117,210,3739,-471,23
3,117,210,3742,-471,-24
3,117,210,3743,-471,23
3,117,210,3748,-471,23
3,117,210,3750,-471,23
3,117,210,3751,-471,23
3,117,210,3752,-471,23
3,117,210,3753,-471,23
3,117,210,3754,-471,23
3,117,210,3756,-471,23
3,117,210,3758,-471,23
3,117,210,3760,-471,23
3,117,210,3761,-471,23
3,117,210,3762,-471,23
3,117,210,3764,-471,23
3,117,210,3765,-471,23
3,117,210,3766,-471,23
3,117,210,3768,-471,23
3,117,210,3770,-471,23
3,117,210,3771,-471,23
3,117,210,3772,-471,23
3,117,210,3774,-471,23
3,117,210,3775,-471,23
3,117,210,3776,-471,23
3,117,210,3777,-471,23
3,117,210,3778,-471,23
3,117,210,3779,-471,23
3,117,210,3781,-471,23
3,117,210,3783,-471,23
3,117,210,3784,-471,23
3,117,210,3785,-471,23
3,117,215,3771,-444,22
3,117,215,3783,-444,22
3,117,216,3740,-440,0
3,117,216,3740,-418,0
3,117,216,3808,-353,-353
3,117,217,3740,-418,0
3,117,217,3741,-418,0
3,117,219,3811,-353,-353
3,117,219,3812,-345,-361
3,117,220,3812,-361,-345
3,117,220,3812,-353,-353
3,117,221,3812,-353,-353
3,117,222,3815,-353,-353
3,117,223,3793,-392,19
3,117,223,3815,-353,-353
3,117,227,3740,-366,0
3,117,227,3793,-366,18
3,117,230,3740,-340,0
3,117,230,3745,-340,-8
3,117,230,3746,-340,-8
3,117,231,3738,-340,17
3,117,231,3740,-340,17
3,117,231,3740,-314,0
3,117,231,3742,-340,17
3,117,231,3743,-340,-8
3,117,231,3744,-340,17
3,117,231,3745,-340,17
3,117,231,3747,-340,17
3,117,231,3748,-340,17
3,117,231,3749,-340,17
3,117,231,3750,-340,17
3,117,231,3751,-340,17
3,117,231,3752,-340,17
3,117,231,3753,-340,17
3,117,231,3754,-340,17
3,117,231,3755,-340,17
3,117,231,3757,-340,17
3,117,231,3758,-340,17
3,117,231,3759,-340,17
3,117,231,3760,-340,17
3,117,231,3761,-340,17
3,117,231,3762,-340,17
3,117,231,3763,-340,17
3,117,231,3764,-340,17
3,117,231,3765,-340,17
3,117,231,3766,-340,17
3,117,231,3767,-340,17
3,117,231,3768,-340,17
3,117,231,3769,-340,17
3,117,231,3770,-340,17
3,117,231,3771,-340,17
3,117,231,3772,-340,17
3,117,231,3773,-340,17
3,117,231,3774,-340,17
3,117,231,3775,-340,17
3,117,231,3776,-340,17
3,117,231,3777,-340,17
3,117,231,3778,-340,17
3,117,231,3779,-340,17
3,117,231,3780,-340,17
3,117,231,3781,-340,17
3,117,231,3782,-340,17
3,117,231,3783,-340,17
3,117,231,3784,-340,17
3,117,232,3740,-335,0
3,117,232,3740,-314,0
3,117,232,3741,-314,0
3,117,232,3757,-314,0
3,117,232,3766,-314,0
3,117,232,3774,-314,0
3,117,232,3776,-314,0
3,117,232,3780,-314,0
3,117,232,3786,-314,0
3,117,233,3776,-314,7
3,117,237,3740,-500,0
123,117,3860,3741,500,0
123,117,3862,3737,338,25
123,117,3863,3742,335,0
123,117,3864,3741,314,0
123,117,3864,3742,314,0
123,117,3864,3743,340,-8
123,117,3864,3744,314,0
123,117,3864,3748,314,0
123,117,3864,3756,314,0
123,117,3864,3759,314,0
123,117,3864,3760,314,0
123,117,3864,3762,314,0
123,117,3864,3763,314,0
123,117,3864,3765,314,0
123,117,3864,3767,314,0
123,117,3864,3772,314,0
123,117,3864,3775,314,0
123,117,3864,3778,314,0
123,117,3864,3779,314,0
123,117,3865,3741,340,0
123,117,3865,3742,340,-8
123,117,3865,3742,340,0
123,117,3865,3743,340,-17
123,117,3865,3743,340,-8
123,117,3866,3742,340,0
123,117,3866,3743,340,-8
123,117,3867,3741,340,0
123,117,3867,3742,340,-17
123,117,3867,3742,361,0
123,117,3867,3743,340,-17
123,117,3879,3779,418,0
123,117,3880,3808,353,-353
123,117,3882,3741,500,0
123,117,3891,3741,421,0
123,117,3896,3764,-50,335
123,117,3901,3778,392,0
123,117,3908,3768,201,-427
123,117,3915,3772,114,-459
123,117,3916,3708,86,-130
123,117,3924,3731,0,-157
123,117,3926,3716,192,-359
123,117,3952,3692,323,106
2,116,80,3663,43,445
2,116,177,3750,-167,-470
2,116,178,3751,-167,-470
2,116,189,3740,-500,0
2,116,189,3741,-500,0
2,116,189,3741,-466,-179
2,116,190,3741,-496,-60
2,116,192,3740,-500,0
2,116,192,3741,-500,0
2,116,193,3740,-500,0
2,116,196,3725,-498,-37
124,116,3903,3741,500,0
124,116,3903,3742,498,-37
124,116,3904,3740,478,-144
124,116,3904,3740,500,0
124,116,3904,3741,500,0
124,116,3905,3741,500,0
124,116,3906,3741,496,-60
124,116,3906,3741,500,0
124,116,3907,3741,435,-246
124,116,3908,3741,492,-85
124,116,3918,3750,167,-470
124,116,3947,3732,101,22
124,116,3948,3732,0,0
124,116,3950,3695,-218,89
124,116,3952,3722,-301,-212
123,114,3859,3675,500,11
123,114,3859,3676,500,11
123,114,3863,3673,498,48
123,114,3870,3704,408,-287
123,114,3870,3709,386,-316
123,114,3872,3716,321,-307
123,114,3872,3717,321,-307
123,114,3872,3721,321,-307
123,114,3872,3722,321,-307
123,114,3872,3727,321,-307
123,114,3873,3710,340,-325
123,114,3873,3710,349,-316
123,114,3874,3701,416,-277
123,114,3874,3709,340,-325
123,114,3874,3710,349,-316
123,114,3875,3709,340,-325
123,114,3876,3713,340,-325
123,114,3876,3714,340,-325
123,114,3876,3722,340,-325
123,114,3876,3724,340,-325
123,114,3878,3706,358,-344
123,114,3879,3709,351,-351
123,114,3879,3710,351,-351
123,114,3879,3712,351,-351
123,114,3879,3714,351,-351
123,114,3879,3715,351,-351
123,114,3879,3718,351,-351
123,114,3879,3720,351,-351
123,114,3882,3696,353,-353
123,114,3882,3713,287,-408
123,114,3892,3646,0,500
123,114,3894,3662,239,377
123,114,3907,3705,83,132
123,114,3912,3728,148,-450
123,114,3913,3689,-341,141
123,114,3915,3750,132,-482
123,114,3917,3745,132,-482
123,114,3922,3690,-137,-256
123,114,3924,3700,0,447
123,114,3924,3730,0,-473
123,114,3929,3695,130,259
123,114,3929,3698,-7,316
123,114,3929,3708,-51,417
123,114,3930,3696,139,313
123,114,3930,3699,-8,369
123,114,3930,3703,-77,387
123,114,3931,3696,153,306
123,114,3973,3580,121,484
123,114,4040,3612,0,500
3,114,52,3719,0,-500
3,114,157,3720,-408,101
3,114,161,3703,-141,341
3,114,164,3700,0,369
3,114,164,3700,8,369
3,114,165,3693,-263,175
3,114,165,3693,-258,181
3,114,165,3707,80,360
3,114,166,3698,-33,341
3,114,166,3699,-33,341
3,114,167,3699,-142,283
3,114,178,3745,-132,-482
3,114,179,3745,-132,-482
3,114,180,3750,-132,-482
3,114,181,3676,-185,0
3,114,182,3724,-140,-425
3,114,182,3725,-140,-425
3,114,183,3728,-148,-450
3,114,210,3659,-473,0
3,114,212,3678,-361,-345
3,114,217,3662,-393,-20
3,114,217,3716,-359,-344
3,114,217,3719,-359,-344
3,114,217,3719,-351,-351
3,114,217,3720,-359,-344
3,114,220,3713,-316,-350
3,114,220,3723,-333,-333
3,114,221,3676,-500,0
3,114,221,3709,-340,-325
3,114,221,3711,-340,-325
3,114,221,3719,-340,-325
3,114,221,3722,-340,-325
3,114,221,3723,-340,-325
3,114,222,3709,-340,-325
3,114,222,3710,-340,-325
3,114,224,3726,-321,-307
3,114,236,3675,-500,11
3,114,236,3676,-500,11
5,113,187,3719,85,-492
5,113,191,3718,28,-378
5,113,192,3720,0,-500
5,113,202,3586,-177,196
5,113,213,3662,190,-285
5,113,245,3573,-141,396
5,113,247,3700,-144,-478
5,113,252,3707,-344,-359
5,113,254,3707,-344,-359
5,113,255,3707,-344,-359
5,113,255,3711,-325,-340
5,113,256,3705,0,-500
5,113,256,3707,-344,-359
5,113,256,3708,0,-500
5,113,257,3711,-325,-340
5,113,258,3707,-344,-359
5,113,258,3707,-50,-415
5,113,258,3711,-325,-340
5,113,259,3711,-325,-340
5,113,260,3707,-344,-359
5,113,260,3711,-333,-333
5,113,261,3707,-344,-359
5,113,262,3588,-367,207
5,113,262,3706,-351,-351
5,113,263,3707,-344,-359
5,113,263,3711,-325,-340
5,113,264,3580,-346,283
5,113,264,3710,-325,-340
5,113,266,3711,-325,-340
5,113,268,3634,-235,11
5,113,268,3704,-232,-410
5,113,269,3657,-183,0
5,113,269,3667,-437,-98
5,113,269,3705,-270,-384
5,113,269,3711,-325,-340
5,113,270,3670,-372,-248
5,113,271,3699,-371,-335
5,113,273,3694,-361,-345
5,113,274,3677,-224,-447
5,113,276,3696,-361,-345
5,113,277,3695,-353,-353
5,113,278,3699,-361,-345
5,113,279,3698,-378,-326
5,113,280,3675,-500,0
5,113,280,3700,-371,-335
5,113,280,3700,-361,-345
5,113,280,3701,-361,-345
5,113,281,3675,-500,0
5,113,282,3652,-500,0
5,113,295,3666,-466,-179
122,113,3835,3668,447,-224
122,113,3844,3653,500,0
122,113,3848,3651,366,0
122,113,3859,3652,421,0
122,113,3859,3670,424,-140
122,113,3859,3672,421,-150
122,113,3861,3670,361,-119
122,113,3862,3585,423,212
122,113,3862,3669,400,-132
122,113,3862,3669,403,-121
122,113,3862,3670,400,-132
122,113,3865,3666,382,-96
122,113,3865,3667,378,-114
122,113,3865,3667,381,-105
122,113,3866,3640,21,-287
122,113,3866,3669,371,-132
122,113,3875,3690,220,-390
122,113,3882,3697,353,-353
122,113,3882,3704,345,-361
122,113,3882,3705,345,-361
122,113,3882,3706,345,-361
122,113,3883,3689,345,-361
122,113,3884,3686,361,-345
122,113,3887,3705,296,-402
122,113,3889,3698,345,-361
122,113,3889,3705,287,-408
122,113,3890,3702,306,-394
122,113,3911,3721,144,-478
122,113,3916,3664,279,-150
122,113,3924,3662,49,92
122,113,3924,3669,21,14
122,113,3924,3671,74,138
122,113,3924,3695,0,-447
122,113,3924,3698,0,-473
123,95,3864,3028,314,0
123,95,3864,3030,314,0
123,95,3864,3033,314,0
123,95,3864,3034,314,0
123,95,3864,3035,314,0
123,95,3864,3037,314,0
123,95,3864,3039,314,0
123,95,3864,3043,314,0
123,95,3864,3044,314,0
123,95,3864,3048,314,0
123,95,3864,3050,314,0
123,95,3864,3051,314,0
123,95,3864,3052,314,0
123,95,3864,3053,314,0
123,95,3864,3054,314,0
123,95,3864,3062,314,0
123,95,3864,3063,314,0
123,95,3864,3064,314,0
123,95,3864,3068,314,0
123,95,3864,3069,314,0
123,95,3864,3076,314,0
123,95,3864,3079,314,0
123,95,3864,3080,314,0
123,95,3864,3082,314,0
123,95,3864,3083,314,0
123,95,3865,3031,340,-17
123,95,3867,3046,340,0
123,95,3867,3067,340,0
123,95,3875,3083,392,0
123,95,3879,3079,418,0
123,95,3879,3082,418,0
123,95,3879,3083,418,0
123,95,3879,3107,500,0
123,95,3880,3072,353,-353
123,95,3884,3083,444,0
123,95,3898,3116,299,-366
123,95,3902,3119,253,-400
123,95,3910,3112,179,-380
123,95,3913,3089,80,-360
123,95,3917,3076,261,0
123,95,3927,3092,52,0
123,95,3929,3008,46,-472
123,95,3934,3140,107,-431
123,95,3939,3147,11,-500
123,95,3956,3004,38,35
2,95,36,3133,0,-500
2,95,178,3051,-473,0
2,95,178,3067,-473,0
2,95,178,3083,-473,0
2,95,182,3068,-500,0
2,95,188,3110,-361,-345
2,95,190,3115,-421,-267
2,95,193,3107,-500,0
2,95,197,3107,-500,0
2,94,149,3067,-109,-488
2,94,149,3068,-114,-459
2,94,157,3065,-212,-424
2,94,169,3048,-342,-327
2,94,170,3050,-335,-335
2,94,171,3039,-418,50
2,94,173,3025,-442,-66
2,94,174,3027,-437,-98
2,94,176,3055,-371,-335
2,94,178,3019,-473,0
2,94,178,3020,-473,0
2,94,180,3058,-361,-345
2,94,192,3012,-500,0
124,93,3903,3029,500,0
124,93,3908,3043,148,-450
124,93,3913,3004,473,0
124,93,3917,3003,473,0
124,93,3917,3004,473,0
124,93,3917,3005,473,0
124,93,3921,3044,97,-490
124,93,3922,3003,447,0
124,93,3922,3025,442,-66
124,93,3924,3015,417,50
124,93,3924,3047,0,-500
124,93,3954,3011,-130,86
124,93,3955,2987,-43,-29
124,93,4017,3066,-74,-494
3,93,139,3020,0,0
3,93,139,3050,0,-366
3,93,140,3063,-8,-366
3,93,169,3048,-351,-318
3,93,184,3014,-287,0
3,93,201,3010,-418,0
3,93,202,3058,-345,-361
3,93,203,2949,-409,181
3,93,204,3061,-353,-353
3,93,205,3061,-361,-345
3,93,205,3061,-353,-353
3,93,206,3062,-361,-345
3,93,208,3064,-345,-361
3,93,209,3064,-353,-353
3,93,209,3065,-345,-361
3,93,210,3007,-471,23
3,93,210,3009,-471,23
3,93,210,3010,-469,34
3,93,210,3011,-471,23
3,93,210,3013,-471,23
3,93,210,3015,-471,23
3,93,210,3017,-471,23
3,93,212,3011,-444,10
3,93,215,3003,-444,22
3,93,222,3051,-333,-333
3,93,223,3009,-391,28
3,93,226,2948,-500,0
3,93,229,3011,-340,0
3,93,230,3007,-340,-8
3,93,231,3002,-340,17
3,93,231,3004,-340,17
3,93,231,3005,-340,17
3,93,231,3006,-340,17
3,93,231,3007,-340,17
3,93,231,3008,-340,17
3,93,231,3009,-340,17
3,93,231,3010,-340,17
3,93,231,3011,-340,17
3,93,231,3012,-340,17
3,93,231,3013,-340,17
3,93,231,3014,-340,17
3,93,231,3016,-340,17
3,93,231,3018,-340,-8
3,93,232,3010,-314,0
3,93,232,3015,-314,0
3,93,233,3023,-314,0
3,93,234,3015,-341,25
123,92,3869,3010,469,-57
123,92,3870,3011,494,-74
123,92,3871,3004,444,0
123,92,3871,3006,387,-9
123,92,3871,3009,445,-33
123,92,3871,3010,496,-60
123,92,3872,3006,391,-29
123,92,3872,3006,392,-20
123,92,3873,3006,391,-29
123,92,3873,3007,391,-29
123,92,3873,3007,412,-30
123,92,3874,3004,392,0
123,92,3874,3006,392,0
123,92,3875,2997,340,-325
123,92,3875,3004,392,0
123,92,3875,3005,392,0
123,92,3875,3010,494,-74
123,92,3878,2993,358,-344
123,92,3879,2988,351,-351
123,92,3879,2990,351,-351
123,92,3879,2992,351,-351
123,92,3879,2993,351,-351
123,92,3879,2994,351,-351
123,92,3879,2995,351,-351
123,92,3879,2996,351,-351
123,92,3879,3000,351,-351
123,92,3879,3004,351,-351
123,92,3887,2986,353,-353
123,92,3898,3021,500,0
123,92,3912,3028,144,-478
123,92,3912,3028,156,-474
123,92,3914,2971,-447,10
123,92,3920,2960,-74,-138
123,92,3932,2994,151,393
123,92,3933,3006,106,353
123,92,3956,2995,317,190
3,91,163,2959,-176,294
3,91,163,2960,-176,294
3,91,163,2964,26,-1
3,91,164,2964,0,369
3,91,165,2957,-263,175
3,91,165,2964,94,44
3,91,171,2994,0,-473
3,91,179,3009,-132,-482
3,91,179,3016,-97,-490
3,91,180,3014,-132,-482
3,91,180,3014,-121,-484
3,91,213,2989,-361,-345
3,91,214,2989,-361,-345
3,91,217,2984,-359,-344
3,91,217,2992,-351,-351
3,91,217,2993,-359,-344
3,91,218,2923,-500,0
3,91,220,2980,-333,-333
3,91,221,2980,-340,-325
3,91,221,2987,-340,-325
10,90,283,2973,371,-335
10,90,284,2974,353,-353
10,90,287,2969,361,-345
10,90,288,2970,353,-353
10,90,321,2954,0,-418
10,90,322,2954,0,-418
10,90,322,2984,-17,-340
10,90,323,2954,0,-418
10,90,323,2984,-17,-340
10,90,324,2954,0,-418
10,90,324,2984,-17,-340
10,90,325,2954,0,-418
10,90,325,2984,-17,-340
10,90,325,2985,0,-314
10,90,326,2954,0,-418
10,90,326,2984,-17,-340
10,90,327,2954,0,-418
10,90,327,2984,-17,-340
10,90,328,2954,0,-418
10,90,328,2984,-17,-340
10,90,329,2954,0,-418
10,90,329,2984,-17,-340
10,90,330,2954,0,-418
10,90,330,2984,-17,-340
10,90,331,2958,0,-444
10,90,331,2984,-17,-340
10,90,332,2984,-17,-340
10,90,333,2983,-17,-340
10,90,333,2984,-17,-340
10,90,341,2954,0,-418
10,90,342,2984,-17,-340
10,90,343,2984,-17,-340
10,90,349,2984,-17,-340
10,90,351,2985,0,-314
10,90,352,2954,0,-418
10,90,353,2954,0,-418
10,90,353,2984,-17,-340
10,90,354,2958,0,-444
10,90,354,2984,-17,-340
10,90,355,2984,-17,-340
10,90,364,2954,0,-418
10,90,365,2954,0,-418
10,90,365,2984,-17,-340
10,90,366,2954,0,-418
10,90,366,2984,-17,-340
10,90,367,2984,-17,-340
10,90,369,2954,0,-418
10,90,370,2954,0,-418
10,90,370,2984,-17,-340
10,90,370,2984,25,-339
10,90,371,2954,0,-418
10,90,371,2958,0,-444
10,90,371,2984,-17,-340
10,90,372,2954,0,-418
10,90,372,2984,-17,-340
10,90,372,2985,0,-314
10,90,373,2954,0,-418
10,90,373,2984,-17,-340
10,90,373,2984,25,-339
10,90,374,2954,0,-418
10,90,374,2984,-17,-340
10,90,375,2954,0,-418
10,90,375,2984,-17,-340
10,90,376,2954,0,-418
10,90,376,2984,-17,-340
10,90,377,2954,0,-418
10,90,377,2984,-17,-340
10,90,378,2954,0,-418
10,90,378,2984,-17,-340
10,90,378,2984,25,-339
10,90,379,2954,0,-418
10,90,379,2958,0,-444
10,90,379,2984,-17,-340
10,90,379,2984,25,-339
10,90,380,2954,0,-418
10,90,380,2958,0,-444
10,90,380,2984,-17,-340
10,90,381,2954,0,-418
10,90,381,2984,-17,-340
10,90,381,2984,25,-339
10,90,381,2985,0,-314
10,90,382,2954,0,-418
10,90,382,2958,0,-444
10,90,382,2984,-17,-340
10,90,383,2954,0,-418
10,90,383,2984,-17,-340
10,90,384,2954,0,-418
10,90,384,2984,-17,-340
10,90,385,2984,-17,-340
10,90,388,2965,0,-500
10,90,388,2970,0,-500
10,90,388,2990,0,-500
10,90,410,2966,212,-451
116,90,3705,2987,97,-490
116,90,3708,2959,0,-447
116,90,3708,2966,48,-498
116,90,3708,2970,0,-500
116,90,3708,2990,0,-500
116,90,3709,2985,37,-498
116,90,3710,2975,37,-498
116,90,3710,2982,25,-339
116,90,3712,2956,0,-444
116,90,3712,2965,0,-444
116,90,3712,2974,0,-414
116,90,3712,2981,0,-340
116,90,3712,2982,0,-361
116,90,3770,2984,25,-339
116,90,3771,2958,0,-444
116,90,3772,2954,0,-418
116,90,3773,2954,0,-418
116,90,3773,2984,-17,-340
116,90,3774,2954,0,-418
116,90,3774,2984,-17,-340
116,90,3775,2954,0,-418
116,90,3775,2984,-17,-340
116,90,3775,2985,0,-314
116,90,3776,2954,0,-418
116,90,3776,2958,0,-444
116,90,3776,2963,-35,-469
116,90,3776,2981,0,-340
116,90,3776,2984,-17,-340
116,90,3777,2954,0,-418
116,90,3777,2984,-17,-340
116,90,3778,2954,0,-418
116,90,3778,2984,-25,-339
116,90,3778,2984,-17,-340
116,90,3779,2954,0,-418
116,90,3779,2982,-33,-339
116,90,3779,2984,-17,-340
116,90,3780,2954,0,-418
116,90,3780,2984,-17,-340
116,90,3781,2954,0,-418
116,90,3781,2984,-17,-340
116,90,3782,2954,0,-418
116,90,3782,2984,-17,-340
116,90,3783,2954,0,-418
116,90,3783,2984,-17,-340
116,90,3784,2954,0,-418
116,90,3784,2984,-17,-340
116,90,3785,2984,-17,-340
116,90,3787,2958,-22,-444
116,90,3788,2922,74,-138
116,90,3789,2984,-17,-340
116,90,3790,2921,152,-101
116,90,3796,2918,299,366
116,90,3812,2972,-361,-345
119,90,3750,2962,361,-345
119,90,3758,2956,361,-345
119,90,3769,2949,323,-309
119,90,3795,2924,-108,72
119,90,3797,2954,0,-418
119,90,3798,2954,0,-418
119,90,3798,2984,-17,-340
119,90,3799,2954,0,-418
119,90,3799,2984,-17,-340
119,90,3800,2954,0,-418
119,90,3800,2958,0,-444
119,90,3800,2968,-22,-444
119,90,3800,2984,-17,-340
119,90,3801,2954,0,-418
119,90,3801,2984,-17,-340
119,90,3802,2954,0,-418
119,90,3802,2968,-22,-444
119,90,3802,2984,-17,-340
119,90,3803,2954,0,-418
119,90,3803,2984,-17,-340
119,90,3804,2954,0,-418
119,90,3804,2984,-17,-340
119,90,3805,2954,0,-418
119,90,3805,2958,0,-444
119,90,3805,2984,-17,-340
119,90,3806,2954,0,-418
119,90,3806,2984,-17,-340
119,90,3806,2985,0,-314
119,90,3807,2954,0,-418
119,90,3807,2965,0,-444
119,90,3807,2984,-17,-340
119,90,3807,2985,0,-314
119,90,3808,2954,0,-418
119,90,3808,2973,353,-353
119,90,3808,2976,325,-340
119,90,3808,2984,-17,-340
119,90,3809,2954,0,-418
119,90,3809,2984,-17,-340
119,90,3810,2954,0,-418
119,90,3810,2958,0,-444
119,90,3810,2984,-17,-340
119,90,3811,2954,0,-418
119,90,3811,2958,0,-444
119,90,3811,2984,-17,-340
119,90,3812,2954,0,-418
119,90,3812,2969,353,-353
119,90,3812,2984,-17,-340
119,90,3813,2954,0,-418
119,90,3813,2958,0,-444
119,90,3813,2984,-17,-340
119,90,3814,2954,0,-418
119,90,3814,2984,-17,-340
119,90,3815,2954,0,-418
119,90,3815,2958,0,-444
119,90,3815,2981,209,-331
119,90,3815,2984,-17,-340
119,90,3816,2954,0,-418
119,90,3816,2984,-17,-340
119,90,3817,2954,0,-418
119,90,3817,2984,-17,-340
119,90,3817,2985,0,-314
119,90,3818,2954,0,-418
119,90,3818,2984,-17,-340
119,90,3819,2975,332,-333
119,90,3819,2984,-17,-340
119,90,3821,2954,0,-418
119,90,3822,2971,343,-359
119,90,3822,2984,-17,-340
119,90,3825,2984,-17,-340
119,90,3828,2937,0,-287
119,90,3828,2984,-17,-340
119,90,3829,2964,345,-361
119,90,3829,2984,-17,-340
119,90,3830,2954,0,-418
119,90,3831,2984,-17,-340
119,90,3832,2950,0,-392
119,90,3832,2984,-17,-340
119,90,3833,2954,0,-418
119,90,3833,2984,-17,-340
119,90,3834,2937,0,-287
119,90,3834,2981,71,-359
119,90,3834,2984,-17,-340
119,90,3835,2984,-17,-340
119,90,3836,2983,50,-336
119,90,3837,2984,-17,-340
119,90,3838,2954,0,-418
119,90,3838,2984,-17,-340
119,90,3839,2940,0,-314
119,90,3839,2984,-17,-340
119,90,3839,2984,17,-340
119,90,3840,2954,0,-418
119,90,3840,2974,0,-414
119,90,3840,2982,0,-361
119,90,3840,2982,0,-340
119,90,3840,2984,-17,-340
119,90,3841,2954,0,-418
119,90,3842,2954,0,-418
119,90,3842,2983,17,-340
119,90,3842,2984,-17,-340
119,90,3842,2984,25,-339
119,90,3843,2950,0,-392
119,90,3843,2953,0,-418
119,90,3843,2954,0,-418
119,90,3843,2958,0,-444
119,90,3843,2965,22,-444
119,90,3843,2984,-17,-340
119,90,3843,2985,7,-314
119,90,3844,2954,0,-418
119,90,3844,2984,-17,-340
119,90,3845,2954,0,-418
119,90,3845,2984,-17,-340
119,90,3846,2984,-17,-340
119,90,3857,2986,-144,-478
122,90,3854,2971,343,-359
122,90,3859,2923,421,0
122,90,3859,2934,428,-129
122,90,3859,2936,421,-150
122,90,3860,2974,332,-333
122,90,3860,2975,332,-333
122,90,3861,2964,353,-353
122,90,3864,2970,351,-351
122,90,3867,2967,353,-353
122,90,3874,2960,353,-353
122,90,3881,2967,371,-335
122,90,3882,2964,353,-353
122,90,3882,2968,345,-361
122,90,3882,2969,345,-361
122,90,3882,2969,353,-353
122,90,3882,2970,345,-361
122,90,3884,2974,296,-402
122,90,3885,2966,335,-371
122,90,3885,2966,345,-361
122,90,3886,2965,345,-361
122,90,3886,2973,287,-408
122,90,3887,2969,296,-402
122,90,3889,2962,345,-361
122,90,3889,2962,353,-353
122,90,3889,2969,287,-408
122,90,3890,2966,306,-394
122,90,3891,2928,212,156
122,90,3911,2985,144,-478
122,90,3912,2964,156,-474
122,90,3924,2940,0,500
122,90,3924,2959,0,-447
5,90,171,2979,0,-500
5,90,173,2968,-212,-451
5,90,213,2974,-345,-361
5,90,217,2972,-344,-359
5,90,217,2973,-334,-369
5,90,223,2971,-344,-359
5,90,226,2975,-325,-340
5,90,230,2958,-394,-306
5,90,233,2971,-344,-359
5,90,234,2971,-344,-359
5,90,236,2975,-325,-340
5,90,237,2975,-325,-340
5,90,243,2971,-344,-359
5,90,245,2971,-344,-359
5,90,246,2975,-325,-340
5,90,247,2964,-144,-478
5,90,248,2975,-325,-340
5,90,251,2971,-344,-359
5,90,252,2971,-344,-359
5,90,253,2971,-344,-359
5,90,254,2971,-344,-359
5,90,254,2975,-325,-340
5,90,255,2971,-344,-359
5,90,255,2975,-325,-340
5,90,256,2975,-325,-340
5,90,257,2971,-344,-359
5,90,257,2975,-325,-340
5,90,258,2971,-344,-359
5,90,258,2975,-325,-340
5,90,259,2971,-344,-359
5,90,260,2975,-325,-340
5,90,261,2975,-325,-340
5,90,262,2970,-351,-351
5,90,262,2971,-344,-359
5,90,262,2975,-325,-340
5,90,263,2971,-344,-359
5,90,266,2975,-325,-340
5,90,278,2967,-361,-345
5,90,300,2934,-484,-121
8,89,252,2926,0,-447
8,89,265,2908,403,-190
8,89,265,2932,326,-378
8,89,267,2926,0,-447
8,89,267,2940,0,-500
8,89,301,2896,-315,-31
8,89,307,2927,33,-446
8,89,308,2926,0,-447
8,89,316,2942,361,-345
8,89,316,2946,0,-500
8,89,329,2936,-236,-441
8,89,370,2867,-473,0
117,89,3686,2888,296,-402
117,89,3771,2925,482,-132
117,89,3772,2941,148,-450
117,89,3778,2936,236,-441
117,89,3779,2936,236,-441
117,89,3784,2923,183,0
117,89,3785,2923,209,0
117,89,3786,2923,209,0
117,89,3787,2896,-15,-21
117,89,3787,2926,0,-447
117,89,3796,2897,233,285
117,89,3796,2923,0,-500
117,89,3799,2923,-313,-94
117,89,3800,2923,-418,0
123,68,3874,2152,500,-11
123,68,3885,2204,361,-345
123,68,3895,2153,458,114
123,68,3899,2150,445,158
123,68,3900,2154,433,108
123,68,3956,2131,0,421
3,68,139,2121,0,500
3,68,139,2134,250,250
3,68,175,2143,-335,371
3,68,176,2116,-277,416
3,68,182,2118,-335,371
3,68,183,2144,-199,207
3,68,201,2147,-439,-87
3,68,204,2151,-421,150
3,68,210,2146,-457,203
3,68,211,2147,-462,191
3,68,227,2228,-500,0
124,67,3891,2141,500,-11
124,67,3891,2141,500,0
124,67,3917,2172,361,-345
124,67,3944,2095,148,449
124,67,3958,2123,100,27
2,67,131,2121,50,-339
2,67,132,2122,-41,-419
2,67,133,2113,-161,-390
2,67,151,2095,-159,445
2,67,151,2095,-148,449
2,67,157,2088,-203,457
2,67,171,2166,-408,101
2,67,178,2111,-353,353
2,67,178,2164,-473,0
2,67,185,2135,-345,361
2,67,186,2137,-345,361
2,67,188,2101,-340,325
2,67,188,2114,-340,325
2,67,189,2099,-340,325
2,67,189,2114,-340,325
2,67,190,2114,-340,325
2,67,190,2115,-340,325
125,66,3936,2140,224,-447
125,66,3948,2104,179,466
125,66,3950,2106,179,466
125,66,3961,2132,78,0
125,66,4081,2052,-74,494
124,65,3891,2083,500,0
124,65,3896,2083,314,0
124,65,3896,2084,335,0
124,65,3898,2083,500,0
124,65,3901,2140,500,0
124,65,3903,2144,361,-345
1,65,126,2096,-355,-89
1,65,139,2073,0,500
1,65,145,2073,-167,470
1,65,157,2083,-494,74
1,65,160,2084,-500,0
1,65,160,2084,-488,109
1,65,160,2084,-478,144
125,64,3949,2037,473,0
125,64,3949,2038,473,0
125,64,3949,2050,473,0
125,64,3952,2011,399,253
125,64,3956,2070,0,-328
125,64,3956,2074,0,-302
125,64,3964,2006,291,339
2,64,109,2108,-58,-337
2,64,139,2020,-22,13
2,64,148,2018,-103,462
2,64,150,2124,-140,-425
2,64,171,2068,-335,-335
2,64,175,2081,-446,43
2,64,177,2079,-471,23
2,64,178,2036,-471,23
2,64,178,2037,-471,23
2,64,178,2041,-471,23
2,64,178,2050,-471,23
2,64,178,2051,-471,23
2,64,178,2052,-471,23
2,64,178,2053,-471,23
2,64,178,2055,-471,23
2,64,178,2057,-471,23
2,64,178,2059,-471,23
2,64,178,2079,-471,23
2,64,178,2081,-471,23
2,64,183,2039,-444,22
2,64,191,2083,-497,11
2,64,197,2080,-339,25
2,64,198,2078,-340,17
2,64,198,2081,-340,17
2,64,199,2033,-340,17
2,64,199,2035,-340,17
2,64,199,2036,-340,17
2,64,199,2037,-340,17
2,64,199,2038,-340,17
2,64,199,2040,-340,17
2,64,199,2049,-340,17
2,64,199,2050,-340,17
2,64,199,2051,-340,17
2,64,199,2052,-340,17
2,64,199,2054,-340,17
2,64,199,2055,-340,17
2,64,199,2056,-340,-8
2,64,199,2056,-340,17
2,64,199,2058,-340,17
2,64,199,2072,-340,17
2,64,199,2076,-340,17
2,64,199,2078,-340,17
2,64,199,2080,-340,17
2,64,200,2036,-314,0
2,64,200,2054,-314,0
2,64,200,2060,-314,0
2,64,200,2081,-340,7
2,64,200,2085,-443,-33
2,63,148,2076,-277,-416
2,63,165,2025,-392,0
2,63,169,2007,-418,0
2,63,169,2019,-418,0
2,63,173,2028,-444,0
2,63,173,2034,-444,0
2,63,178,2009,-471,23
2,63,178,2011,-471,23
2,63,178,2012,-471,23
2,63,178,2013,-471,23
2,63,178,2014,-471,23
2,63,178,2016,-471,23
2,63,178,2018,-471,23
2,63,178,2020,-471,23
2,63,178,2022,-471,23
2,63,178,2024,-471,23
2,63,178,2025,-471,23
2,63,178,2026,-471,23
2,63,178,2027,-471,23
2,63,178,2028,-471,23
2,63,178,2029,-471,23
2,63,178,2031,-471,23
2,63,178,2033,-471,23
2,63,178,2034,-471,23
2,63,178,2035,-471,23
2,63,178,2036,-471,23
2,63,178,2037,-471,23
2,63,178,2038,-471,23
2,63,178,2040,-471,23
2,63,178,2042,-471,23
2,63,178,2044,-471,23
2,63,183,1964,-345,361
2,63,183,2022,-444,22
2,63,184,2015,-345,361
2,63,191,2008,-345,361
2,63,199,2001,-340,17
2,63,199,2006,-340,17
2,63,199,2008,-340,17
2,63,199,2009,-340,17
2,63,199,2010,-340,17
2,63,199,2011,-340,17
2,63,199,2012,-340,17
2,63,199,2013,-340,17
2,63,199,2014,-340,17
2,63,199,2015,-340,17
2,63,199,2017,-340,17
2,63,199,2018,-340,17
2,63,199,2019,-340,17
2,63,199,2021,-340,17
2,63,199,2022,-340,17
2,63,199,2023,-340,17
2,63,199,2024,-340,17
2,63,199,2025,-340,17
2,63,199,2026,-340,17
2,63,199,2027,-340,17
2,63,199,2028,-340,17
2,63,199,2030,-340,17
2,63,199,2031,-340,17
2,63,199,2032,-340,17
2,63,199,2033,-340,17
2,63,199,2034,-340,17
2,63,199,2035,-340,17
2,63,199,2036,-340,17
2,63,199,2037,-340,17
2,63,199,2039,-340,17
2,63,199,2041,-340,17
2,63,199,2043,-340,17
2,63,199,2046,-340,0
2,63,200,2019,-314,0
2,63,200,2028,-314,0
2,63,200,2029,-314,0
2,63,200,2032,-314,0
2,63,200,2038,-314,0
125,62,3940,1981,500,0
125,62,3949,2027,473,0
125,62,3962,2060,299,-366
1,62,130,1974,-274,353
1,62,146,2004,-473,0
1,62,156,2019,-361,-345
1,62,158,2009,-496,60
124,61,3891,1981,500,0
124,61,3895,1982,335,-8
124,61,3898,1981,340,0
124,61,3899,1989,332,-74
124,61,3921,2038,353,-353
124,61,3926,2034,345,-361
124,61,3926,2034,361,-345
124,61,3988,2025,-13,-262
1,61,144,2009,-378,-326
1,61,145,1949,-203,457
1,61,146,1980,-473,0
1,61,147,1998,-386,-316
1,61,151,2001,-441,-236
1,61,151,2002,-474,-156
1,61,152,2015,-378,-326
1,61,156,2004,-500,0
1,61,156,2004,-492,85
1,61,161,2003,-498,37
124,60,3936,1898,433,108
124,60,3941,1966,144,-478
124,60,3945,1963,121,-484
124,60,3946,1995,114,-459
124,60,3951,1975,82,-332
2,60,140,1899,0,0
2,60,150,2000,-137,-453
2,60,151,2004,-144,-478
2,60,168,1933,-316,316
2,60,178,1894,-450,148
2,60,185,1982,-418,0
2,60,185,1986,-494,-74
2,60,186,1981,-497,0
2,60,189,1972,-340,-325
2,60,189,1982,-392,0
2,60,190,1982,-392,0
2,60,191,1980,-392,0
2,60,193,1980,-500,0
2,60,193,1980,-387,0
2,60,193,1982,-366,0
2,60,194,1923,-261,13
2,60,194,1988,-494,-74
2,60,195,1988,-492,-85
118,39,3796,1194,466,179
118,39,3800,1197,466,179
118,39,3800,1197,470,167
118,39,3808,1187,0,500
118,39,3817,1204,249,0
118,39,3819,1201,0,447
118,39,3819,1209,0,395
118,39,3819,1216,-27,154
7,39,239,1200,33,445
7,39,240,1190,386,316
7,39,252,1201,0,447
7,39,270,1201,0,447
7,39,275,1201,22,447
7,39,276,1201,0,447
7,39,276,1229,24,46
7,39,282,1182,0,500
7,39,288,1184,60,496
7,39,288,1187,0,500
7,39,289,1203,-500,25
120,39,3825,1208,326,253
120,39,3825,1211,386,271
120,39,3830,1212,353,274
120,39,3831,1202,308,358
120,39,3841,1210,250,339
120,39,3843,1196,181,438
120,39,3845,1200,192,432
120,39,3863,1181,-74,494
121,38,3818,1203,466,179
121,38,3819,1204,425,128
121,38,3827,1154,332,332
121,38,3828,1158,218,387
121,38,3828,1158,240,400
121,38,3828,1159,229,406
121,38,3832,1166,244,432
121,38,3837,1157,358,343
121,38,3839,1153,325,340
121,38,3839,1154,332,332
121,38,3840,1153,325,340
121,38,3844,1157,351,351
121,38,3845,1201,255,63
121,38,3850,1154,332,332
121,38,3851,1153,325,340
121,38,3859,1199,-17,-237
121,38,3861,1202,-473,10
121,38,3861,1202,88,-133
121,38,3862,1195,0,-185
117,38,3708,1158,0,500
117,38,3724,1148,277,416
117,38,3727,1183,0,261
117,38,3728,1180,-28,286
117,38,3729,1184,0,209
117,38,3729,1186,0,157
117,38,3743,1143,7,314
117,38,3744,1143,0,314
117,38,3744,1146,0,340
117,38,3763,1154,332,332
117,38,3795,1143,0,314
117,38,3796,1143,0,314
117,38,3799,1143,0,314
117,38,3807,1143,0,314
117,38,3808,1146,0,340
117,38,3808,1147,0,340
117,38,3809,1166,-8,366
117,38,3812,1143,-60,493
117,38,3823,1205,100,-30
117,38,3827,1218,346,185
9,38,225,1177,386,316
9,38,252,1184,0,500
9,38,259,1198,-335,-371
9,38,270,1186,0,209
9,38,271,1182,0,261
9,38,273,1209,-211,394
9,38,274,1144,17,340
9,38,274,1216,-187,348
9,38,275,1150,0,366
9,38,276,1143,0,314
9,38,279,1143,0,314
9,38,283,1143,0,314
9,38,283,1155,361,345
9,38,284,1143,0,314
9,38,287,1143,7,314
9,38,288,1143,0,314
9,38,288,1146,0,340
9,38,288,1147,0,340
9,38,289,1143,0,314
9,38,291,1143,0,314
9,38,292,1143,0,314
9,38,293,1143,0,314
9,38,294,1143,0,314
9,38,295,1143,0,314
9,38,296,1143,0,314
9,38,297,1143,0,314
9,38,298,1143,0,314
9,38,298,1143,7,314
9,38,299,1143,0,314
9,38,300,1143,0,314
9,38,301,1143,0,314
9,38,302,1197,-86,161
9,38,304,1143,0,314
9,38,305,1143,0,314
9,38,305,1173,-112,406
9,38,305,1178,154,273
9,38,306,1143,0,314
9,38,312,1143,0,314
9,38,313,1143,0,314
9,38,316,1143,0,314
9,38,317,1143,0,314
9,38,318,1143,0,314
9,38,319,1143,0,314
9,38,324,1143,0,314
9,38,351,1143,0,314
9,38,353,1158,-361,345
9,38,356,1154,-361,345
4,38,171,1159,0,500
4,38,171,1160,0,500
4,38,207,1183,-335,371
4,38,208,1156,-277,416
4,38,213,1159,-345,361
4,38,214,1158,-335,371
4,38,214,1183,-199,207
4,38,215,1184,-199,207
4,38,216,1182,-312,282
4,38,220,1178,-339,291
4,38,225,1174,-351,317
4,38,225,1175,-359,308
4,38,226,1174,-359,308
4,38,231,1195,-464,92
4,38,239,1158,-351,351
123,37,3866,1158,416,277
123,37,3873,1154,340,325
123,37,3874,1154,340,325
123,37,3875,1149,332,332
123,37,3875,1151,332,332
123,37,3875,1154,332,332
123,37,3875,1154,340,325
123,37,3876,1188,482,132
123,37,3887,1182,209,-5
123,37,3898,1203,126,-32
123,37,3900,1172,291,304
123,37,3902,1171,291,304
123,37,3912,1135,148,449
123,37,3923,1142,132,482
123,37,3924,1107,0,500
123,37,3956,1166,156,-19
3,37,166,1163,23,-12
3,37,166,1163,26,-275
3,37,166,1163,26,0
3,37,166,1167,-156,-276
3,37,168,1171,-167,78
3,37,171,1152,0,264
3,37,172,1118,-74,494
3,37,175,1180,253,207
3,37,181,1202,-230,51
3,37,185,1162,-395,19
3,37,206,1154,-353,353
3,37,206,1156,-353,353
3,37,216,1149,-500,-11
3,37,216,1151,-496,-60
3,37,217,1142,-359,343
3,37,217,1150,-500,-25
3,37,218,1178,-345,361
3,37,218,1179,-345,361
3,37,220,1140,-340,325
3,37,220,1142,-340,325
3,37,220,1142,-333,332
3,37,220,1145,-340,325
3,37,220,1150,-340,325
3,37,220,1151,-340,325
3,37,220,1152,-325,340
3,37,221,1139,-340,325
3,37,221,1140,-340,325
3,37,221,1150,-340,325
3,37,221,1154,-340,325
3,37,222,1154,-340,325
3,37,224,1148,-321,307
3,37,226,1154,-386,316
124,36,3903,1123,500,0
124,36,3904,1124,500,0
124,36,3907,1123,494,74
124,36,3923,1118,97,490
124,36,3924,1126,140,190
124,36,3924,1128,144,186
124,36,3956,1132,-133,0
124,36,4017,1092,-74,494
3,35,166,1099,204,-167
3,35,172,1088,-17,237
3,35,172,1103,-53,177
3,35,172,1110,115,-205
3,35,199,1054,-492,85
3,35,203,1148,-421,0
3,35,210,1107,-471,23
3,35,210,1109,-471,23
3,35,210,1111,-471,23
3,35,210,1113,-471,23
3,35,210,1115,-471,23
3,35,210,1117,-471,23
3,35,210,1119,-471,23
3,35,210,1121,-471,23
3,35,215,1111,-444,22
3,35,216,1084,-418,0
3,35,217,1150,-500,-25
3,35,221,1092,-392,0
3,35,223,1089,-391,28
3,35,224,1092,-366,0
3,35,225,1092,-366,0
3,35,226,1087,-415,50
3,35,227,1096,-366,18
3,35,227,1125,-471,-24
3,35,227,1125,-469,-35
3,35,228,1098,-340,0
3,35,229,1098,-340,0
3,35,230,1120,-340,17
3,35,231,1105,-340,17
3,35,231,1106,-340,17
3,35,231,1108,-340,17
3,35,231,1110,-340,17
3,35,231,1112,-340,17
3,35,231,1114,-340,17
3,35,231,1116,-340,17
3,35,231,1118,-340,17
3,35,231,1120,-340,17
3,35,232,1107,-314,0
3,35,232,1122,-314,0
3,35,232,1125,-444,-22
3,35,232,1125,-443,-33
3,35,236,1148,-500,0
3,35,236,1153,-495,-37
3,35,237,1123,-500,0
3,35,237,1150,-500,-25
123,34,3859,1123,500,0
123,34,3861,1123,500,0
123,34,3862,1137,482,-132
123,34,3864,1076,314,0
123,34,3864,1079,314,0
123,34,3864,1080,314,0
123,34,3864,1083,314,0
123,34,3864,1084,314,0
123,34,3864,1086,314,0
123,34,3864,1089,314,0
123,34,3864,1092,314,0
123,34,3864,1104,314,0
123,34,3864,1123,314,0
123,34,3864,1125,340,-8
123,34,3865,1082,340,-8
123,34,3865,1085,340,-8
123,34,3866,1121,340,7
123,34,3879,1123,418,0
123,34,3881,1123,473,0
123,34,3885,1123,473,0
123,34,3885,1124,471,-24
123,34,3889,1123,447,0
123,34,3905,1031,361,345
123,34,3935,1023,114,456
2,34,165,1108,-157,0
2,34,171,1084,0,500
2,34,171,1127,0,-500
2,34,174,1101,-439,87
2,34,177,1084,-167,470
2,34,181,1131,-212,-451
2,34,184,1114,-447,-224
2,34,185,1127,-500,0
2,34,190,1123,-500,0
2,34,192,1092,-500,0
3,33,163,1108,-22,-47
3,33,171,1009,0,447
3,33,188,1084,-32,259
3,33,196,1032,-332,82
3,33,200,1024,-323,309
3,33,201,1044,-418,0
3,33,201,1053,-418,0
3,33,201,1064,-418,0
3,33,202,1011,-327,342
3,33,210,1045,-471,23
3,33,210,1046,-471,23
3,33,210,1047,-471,23
3,33,210,1048,-471,23
3,33,210,1049,-471,23
3,33,210,1050,-471,23
3,33,210,1051,-471,23
3,33,210,1052,-471,23
3,33,210,1053,-471,23
3,33,210,1055,-471,23
3,33,210,1056,-471,23
3,33,210,1058,-471,23
3,33,210,1060,-471,23
3,33,210,1062,-471,23
3,33,210,1063,-471,23
3,33,210,1064,-471,23
3,33,210,1065,-471,23
3,33,210,1066,-471,23
3,33,210,1068,-471,23
3,33,210,1086,-471,23
3,33,210,1087,-471,23
3,33,210,1088,-471,23
3,33,210,1089,-471,23
3,33,210,1091,-471,23
3,33,210,1092,-471,23
3,33,210,1093,-471,23
3,33,210,1094,-471,23
3,33,210,1095,-471,23
3,33,210,1097,-471,23
3,33,212,1054,-444,0
3,33,214,1122,-500,11
3,33,215,1021,-471,0
3,33,217,1021,-500,0
3,33,217,1022,-500,0
3,33,217,1123,-500,0
3,33,218,1123,-500,0
3,33,223,1089,-392,19
3,33,223,1089,-391,28
3,33,227,1053,-366,18
3,33,227,1089,-366,18
3,33,229,1091,-340,0
3,33,231,1041,-340,17
3,33,231,1042,-340,17
3,33,231,1043,-340,17
3,33,231,1044,-340,17
3,33,231,1045,-340,17
3,33,231,1046,-340,17
3,33,231,1047,-340,17
3,33,231,1048,-340,17
3,33,231,1049,-340,17
3,33,231,1050,-340,17
3,33,231,1051,-340,17
3,33,231,1052,-340,17
3,33,231,1053,-340,17
3,33,231,1054,-340,17
3,33,231,1055,-340,17
3,33,231,1057,-340,17
3,33,231,1058,-340,17
3,33,231,1059,-340,17
3,33,231,1060,-340,17
3,33,231,1061,-340,17
3,33,231,1062,-340,17
3,33,231,1063,-340,17
3,33,231,1064,-340,17
3,33,231,1065,-340,17
3,33,231,1067,-340,17
3,33,231,1083,-340,17
3,33,231,1084,-340,17
3,33,231,1085,-340,17
3,33,231,1086,-340,17
3,33,231,1087,-340,17
3,33,231,1088,-340,17
3,33,231,1089,-340,17
3,33,231,1090,-340,17
3,33,231,1091,-340,17
3,33,231,1092,-340,17
3,33,231,1093,-340,17
3,33,231,1094,-340,17
3,33,231,1096,-340,17
3,33,232,1050,-314,0
3,33,232,1054,-314,0
3,33,232,1059,-314,0
3,33,232,1094,-314,0
123,12,3859,380,500,0
123,12,3859,381,500,0
123,12,3859,388,500,0
123,12,3868,437,500,-11
123,12,3869,359,408,287
123,12,3873,354,340,325
123,12,3874,354,340,325
123,12,3875,339,340,325
123,12,3875,341,332,332
123,12,3875,341,340,325
123,12,3875,346,332,332
123,12,3875,352,325,340
123,12,3879,333,358,343
123,12,3879,334,358,343
123,12,3889,393,447,0
123,12,3890,445,423,-212
123,12,3902,370,291,304
123,12,3904,390,316,0
123,12,3910,456,189,-377
123,12,3912,335,148,449
123,12,3914,339,139,424
123,12,3924,370,1,-78
123,12,3924,371,0,-289
123,12,3925,368,61,-115
123,12,3925,368,74,-138
123,12,3928,363,-133,-210
123,12,3928,363,-20,-16
123,12,3929,367,190,-285
123,12,3933,363,19,-16
123,12,3933,367,94,-247
123,12,3939,473,353,-353
3,11,149,326,-194,249
3,11,156,333,-161,-242
3,11,160,317,-332,-300
3,11,163,319,-285,-273
3,11,164,315,-159,-446
3,11,164,330,-41,-419
3,11,165,318,-105,-381
3,11,166,315,-192,-433
3,11,166,329,35,-367
3,11,166,332,-33,-341
3,11,166,333,-33,-341
3,11,167,330,23,-315
3,11,169,328,27,-367
3,11,170,338,-164,133
3,11,170,339,-23,-12
3,11,171,294,0,500
3,11,172,342,132,88
3,11,174,342,185,17
3,11,176,339,205,-51
3,11,183,303,-159,445
3,11,183,303,-148,449
3,11,188,295,-394,306
3,11,189,296,-203,457
3,11,191,418,-86,-162
3,11,195,402,-342,0
3,11,196,321,-339,250
3,11,196,409,-474,-156
3,11,197,321,-344,241
3,11,198,356,-342,-8
3,11,200,319,-360,265
3,11,206,338,-378,326
3,11,207,397,-327,-342
3,11,207,399,-35,235
3,11,207,424,-500,0
3,11,208,353,-361,345
3,11,210,416,-492,85
3,11,211,361,-361,345
3,11,213,337,-394,306
3,11,215,357,-361,345
3,11,216,325,-345,361
3,11,217,312,-351,351
3,11,217,376,-306,-394
3,11,217,420,-500,0
3,11,218,345,-345,361
3,11,218,346,-345,361
3,11,219,348,-345,361
3,11,220,307,-333,332
3,11,220,309,-340,325
3,11,220,310,-340,325
3,11,220,312,-340,325
3,11,220,313,-340,325
3,11,220,320,-325,340
3,11,220,322,-340,325
3,11,220,341,-345,361
3,11,221,307,-340,325
3,11,221,310,-340,325
3,11,221,319,-325,340
3,11,221,322,-340,325
3,11,221,339,-353,353
3,11,222,322,-350,316
3,11,222,322,-340,325
3,11,222,323,-340,325
3,11,223,322,-350,316
3,11,224,324,-378,326
3,11,225,324,-386,316
3,11,225,328,-408,287
3,11,226,322,-386,316
3,11,226,326,-402,296
3,11,229,353,-496,-60
3,11,231,358,-500,-25
124,11,3916,344,179,466
124,11,3918,344,156,474
124,11,3921,365,442,66
124,11,3924,348,0,500
124,11,3932,330,433,108
124,11,3940,369,311,54
124,11,3996,445,345,-361
124,11,4028,424,0,-421
124,11,4028,438,0,-500
123,10,3859,323,500,0
123,10,3860,323,500,0
123,10,3861,323,500,0
123,10,3864,308,314,0
123,10,3864,309,314,0
123,10,3864,313,314,0
123,10,3864,318,312,30
123,10,3864,319,312,30
123,10,3864,319,314,0
123,10,3864,321,312,23
123,10,3864,323,314,0
123,10,3864,324,335,0
123,10,3864,325,340,-8
123,10,3867,299,340,0
123,10,3867,316,333,66
123,10,3867,316,334,58
123,10,3867,319,340,0
123,10,3867,323,340,0
123,10,3868,301,366,-8
123,10,3870,380,500,0
123,10,3874,384,490,-97
123,10,3924,289,0,26
123,10,3925,303,74,-138
123,10,3926,301,152,-101
123,10,3927,307,421,9
123,10,3929,300,100,30
123,10,3934,299,60,-496
2,9,171,345,0,-261
2,9,182,292,-500,0
2,9,189,290,-494,74
2,9,189,291,-494,74
2,9,190,286,-478,144
2,9,190,291,-496,60
2,9,191,289,-408,287
2,9,192,291,-500,0
2,9,192,292,-500,0
2,9,192,292,-488,109
2,9,192,293,-484,121
2,9,192,348,-500,0
2,9,193,293,-484,121
2,9,193,294,-484,121
2,9,194,293,-488,109
2,9,195,294,-490,97
124,9,3908,323,500,0
124,9,3908,324,488,109
124,9,3912,318,394,-306
124,9,3921,301,438,87
124,9,4043,370,0,-473
3,8,160,221,-332,-300
3,8,164,219,-159,-446
3,8,164,238,-266,-360
3,8,166,224,60,-496
3,8,167,240,-88,-246
3,8,169,243,-87,-130
3,8,170,241,2,-104
3,8,170,243,-23,-12
3,8,172,230,-159,-239
3,8,173,232,-180,-256
3,8,178,209,-87,438
3,8,182,332,-140,-425
3,8,201,262,-418,0
3,8,201,277,-418,0
3,8,201,280,-418,0
3,8,201,284,-418,0
3,8,205,265,-444,0
3,8,205,266,-444,0
3,8,205,269,-444,0
3,8,206,289,-444,0
3,8,209,289,-471,23
3,8,210,243,-471,23
3,8,210,245,-471,23
3,8,210,246,-471,23
3,8,210,247,-471,23
3,8,210,248,-471,23
3,8,210,249,-471,23
3,8,210,251,-471,23
3,8,210,253,-471,23
3,8,210,254,-471,23
3,8,210,255,-471,23
3,8,210,256,-471,23
3,8,210,259,-471,23
3,8,210,262,-471,23
3,8,210,264,-471,23
3,8,210,266,-471,23
3,8,210,267,-471,23
3,8,210,268,-471,23
3,8,210,269,-471,23
3,8,210,270,-471,23
3,8,210,271,-471,23
3,8,210,272,-471,23
3,8,210,273,-471,23
3,8,210,274,-471,23
3,8,210,275,-471,23
3,8,210,276,-471,23
3,8,210,277,-471,23
3,8,210,278,-471,23
3,8,210,279,-471,23
3,8,210,280,-471,23
3,8,210,281,-471,23
3,8,210,282,-471,23
3,8,210,284,-471,23
3,8,210,286,-471,23
3,8,210,287,-471,23
3,8,210,288,-471,23
3,8,210,289,-471,23
3,8,213,289,-444,22
3,8,214,292,-500,0
3,8,215,250,-444,22
3,8,217,290,-418,0
3,8,218,254,-500,11
3,8,218,292,-500,0
3,8,227,293,-471,-24
3,8,228,289,-340,17
3,8,228,293,-471,-24
3,8,229,291,-340,7
3,8,230,286,-340,7
3,8,230,287,-340,17
3,8,230,288,-340,17
3,8,230,289,-340,7
3,8,230,289,-340,17
3,8,231,241,-340,17
3,8,231,242,-340,17
3,8,231,243,-340,17
3,8,231,244,-340,17
3,8,231,245,-340,17
3,8,231,246,-340,17
3,8,231,247,-340,17
3,8,231,248,-340,17
3,8,231,249,-340,17
3,8,231,250,-340,17
3,8,231,252,-340,17
3,8,231,253,-340,17
3,8,231,254,-340,17
3,8,231,255,-340,17
3,8,231,257,-340,17
3,8,231,258,-340,17
3,8,231,261,-340,17
3,8,231,262,-340,17
3,8,231,263,-340,17
3,8,231,264,-340,17
3,8,231,265,-340,17
3,8,231,266,-340,17
3,8,231,267,-340,17
3,8,231,268,-340,17
3,8,231,269,-340,17
3,8,231,270,-340,17
3,8,231,271,-340,17
3,8,231,272,-340,17
3,8,231,273,-340,17
3,8,231,274,-340,17
3,8,231,275,-340,17
3,8,231,276,-340,17
3,8,231,277,-340,17
3,8,231,278,-340,17
3,8,231,279,-340,17
3,8,231,280,-340,17
3,8,231,281,-340,17
3,8,231,283,-340,17
3,8,231,284,-340,17
3,8,231,285,-340,17
3,8,231,286,-340,17
3,8,231,287,-340,17
3,8,231,288,-340,17
3,8,231,289,-340,17
3,8,231,293,-443,-33
3,8,232,243,-314,0
3,8,232,275,-314,0
3,8,232,286,-314,0
3,8,232,290,-314,0
3,8,232,292,-459,0
3,8,232,294,-443,-33
3,8,233,281,-490,97
3,8,233,292,-500,0
3,8,236,291,-500,0
3,8,237,289,-500,11
123,8,3864,244,314,0
123,8,3864,270,314,0
123,8,3864,275,314,0
123,8,3864,276,314,0
123,8,3864,279,314,0
123,8,3864,280,314,0
123,8,3864,283,314,0
123,8,3864,285,314,0
123,8,3864,288,314,0
123,8,3864,289,314,0
123,8,3864,292,314,0
123,8,3864,295,314,0
123,8,3864,296,314,0
123,8,3864,299,314,0
123,8,3867,270,340,0
123,8,3879,221,500,0
123,8,3879,288,418,0
123,8,3879,289,418,0
123,8,3879,292,418,0
123,8,3879,296,418,0
123,8,3879,299,418,0
123,8,3879,323,500,0
123,8,3880,323,500,0
123,8,3888,289,471,0
123,8,3888,295,471,0
123,8,3891,312,368,-142
123,8,3903,336,233,-412
123,8,3917,196,85,492
123,8,3923,201,224,447
2,7,143,225,-220,-91
2,7,148,244,0,0
2,7,162,214,-274,353
2,7,173,244,-447,0
2,7,174,225,-447,10
2,7,175,222,-446,43
2,7,178,221,-473,0
2,7,178,222,-473,0
2,7,178,223,-473,0
2,7,178,224,-473,0
2,7,178,225,-473,10
2,7,178,226,-473,0
2,7,178,227,-473,0
2,7,178,244,-473,0
2,7,194,249,-490,-97
124,7,3903,227,500,0
124,7,3908,259,148,-450
124,7,3909,257,277,-239
124,7,3922,241,442,-66
124,7,3950,235,20,-16
123,6,3859,221,500,0
123,6,3860,220,500,0
123,6,3863,222,335,-8
123,6,3863,222,335,0
123,6,3864,226,314,0
123,6,3864,227,314,0
123,6,3864,230,314,0
123,6,3864,231,314,0
123,6,3864,232,314,0
123,6,3864,233,314,0
123,6,3864,235,314,0
123,6,3865,221,340,0
123,6,3865,222,340,-8
123,6,3865,223,340,-17
123,6,3866,221,340,0
123,6,3867,222,340,-17
123,6,3867,222,340,-8
123,6,3867,223,340,-17
123,6,3867,244,340,0
123,6,3868,246,366,-8
123,6,3875,227,392,0
123,6,3879,226,418,0
123,6,3879,230,418,0
123,6,3879,232,418,0
123,6,3879,233,418,0
123,6,3879,235,418,0
123,6,3879,249,351,-351
123,6,3884,244,444,0
123,6,3894,274,345,-361
123,6,3921,242,33,338
123,6,3971,265,0,-104
2,6,139,244,0,0
2,6,143,239,208,20
2,6,173,221,-447,0
2,6,174,206,-447,-23
2,6,174,223,-446,33
2,6,174,225,-447,10
2,6,175,222,-446,43
2,6,178,203,-473,0
2,6,178,204,-473,0
2,6,178,205,-473,-11
2,6,178,206,-473,-24
2,6,178,208,-472,-46
2,6,178,218,-473,0
2,6,178,220,-473,0
2,6,178,221,-473,0
2,6,178,224,-473,0
2,6,178,225,-473,10
2,6,178,226,-473,0
2,6,178,227,-473,0
2,6,183,241,-441,-236
2,6,188,189,-500,0
2,6,188,244,-500,0
70,6,2185,220,473,0
70,6,2196,223,417,50
70,6,2200,228,393,38
56,6,1848,274,-361,-345
56,6,1859,284,-361,-345
56,6,1874,203,0,0
56,6,1897,226,-421,0
56,6,1903,222,-446,43
56,6,1906,203,-473,0
56,6,1906,208,-472,-46
56,6,1906,221,-473,0
56,6,1906,225,-473,10
56,6,1906,226,-473,0
56,6,1906,227,-473,0
56,6,1906,233,-473,0
56,6,1906,234,-473,0
56,6,1906,235,-473,0
3,5,188,148,-203,457
3,5,193,158,-64,113
3,5,201,188,-418,0
3,5,201,188,-179,-35
3,5,201,198,-418,0
3,5,201,200,-418,0
3,5,205,232,-495,36
3,5,205,245,-353,-353
3,5,206,246,-361,-345
3,5,207,247,-353,-353
3,5,209,188,-471,0
3,5,209,190,-471,-11
3,5,209,191,-469,-46
3,5,209,248,-353,-353
3,5,209,249,-345,-361
3,5,210,187,-471,23
3,5,210,188,-471,23
3,5,210,190,-471,-24
3,5,210,190,-471,23
3,5,210,190,-469,-46
3,5,210,191,-471,23
3,5,210,192,-471,23
3,5,210,193,-471,23
3,5,210,194,-471,23
3,5,210,195,-471,23
3,5,210,197,-471,23
3,5,210,199,-471,23
3,5,210,200,-471,23
3,5,210,201,-471,23
3,5,212,202,-444,0
3,5,215,190,-500,-25
3,5,220,224,-392,0
3,5,229,190,-340,-8
3,5,230,188,-340,0
3,5,230,191,-340,-8
3,5,230,192,-339,-25
3,5,230,193,-339,-33
3,5,231,186,-340,17
3,5,231,187,-340,17
3,5,231,188,-340,17
3,5,231,189,-340,0
3,5,231,189,-340,17
3,5,231,190,-340,17
3,5,231,191,-340,-17
3,5,231,191,-340,-8
3,5,231,191,-340,17
3,5,231,192,-340,17
3,5,231,192,-339,-25
3,5,231,193,-340,17
3,5,231,193,-339,-33
3,5,231,194,-340,17
3,5,231,195,-340,17
3,5,231,196,-340,17
3,5,231,197,-340,17
3,5,231,198,-340,17
3,5,231,199,-340,17
3,5,231,200,-340,17
3,5,232,188,-335,0
3,5,232,189,-314,0
3,5,232,202,-314,0
3,5,233,175,-478,144
3,5,233,176,-478,144
3,5,234,189,-392,0
3,5,236,198,-468,-70
57,5,1908,238,-119,-432
57,5,1911,242,-148,-450
57,5,1911,242,-137,-453
57,5,1927,235,-500,25
57,5,1929,199,-418,0
57,5,1937,249,-345,-361
57,5,1938,187,-471,23
57,5,1938,188,-471,23
57,5,1938,190,-471,23
57,5,1938,191,-471,23
57,5,1938,192,-471,23
57,5,1938,194,-471,23
57,5,1938,196,-471,23
57,5,1938,197,-471,23
57,5,1938,198,-471,23
57,5,1938,199,-471,23
57,5,1938,201,-471,23
57,5,1940,200,-444,0
57,5,1941,190,-444,-10
57,5,1945,189,-500,0
57,5,1945,189,-418,0
57,5,1949,208,-342,-327
57,5,1955,191,-366,-8
57,5,1958,191,-340,-8
57,5,1959,186,-340,17
57,5,1959,187,-340,17
57,5,1959,189,-340,17
57,5,1959,190,-340,17
57,5,1959,191,-340,-8
57,5,1959,191,-340,17
57,5,1959,193,-340,17
57,5,1959,195,-340,17
57,5,1959,196,-340,17
57,5,1959,197,-340,17
57,5,1959,198,-340,17
57,5,1959,200,-340,17
57,5,1960,189,-314,0
57,5,1960,200,-314,0
57,5,1960,202,-314,0
57,5,1961,174,-478,144
57,5,1965,189,-500,0
3,4,76,196,-277,-416
3,4,108,58,-335,371
3,4,171,172,-138,207
3,4,172,107,-1,52
3,4,172,107,24,9
3,4,173,107,-2,52
3,4,175,161,-62,-416
3,4,176,107,394,-262
3,4,176,175,-23,-234
3,4,177,107,28,43
3,4,177,179,-85,-492
3,4,177,181,-60,-496
3,4,178,179,-156,-474
3,4,178,180,-74,-494
3,4,179,180,-74,-494
3,4,179,188,-85,-492
3,4,180,191,-277,-416
3,4,180,192,-277,-416
3,4,180,197,-277,-416
3,4,180,198,-277,-416
3,4,183,111,240,294
3,4,183,163,-109,-488
3,4,183,208,-132,-482
3,4,183,212,-132,-482
3,4,184,168,-144,-478
3,4,185,164,-159,-446
3,4,185,217,-132,-482
3,4,186,217,-132,-482
3,4,186,222,-132,-482
3,4,187,149,-201,-400
3,4,187,152,-201,-400
3,4,189,152,-212,-424
3,4,189,173,-179,-466
3,4,190,189,-496,60
3,4,191,161,-224,-447
3,4,195,188,-500,0
3,4,195,188,-498,37
3,4,196,162,-246,-435
3,4,199,188,-500,25
3,4,200,188,-500,25
3,4,203,179,-361,-345
3,4,204,189,-500,0
3,4,205,188,-500,-25
3,4,205,189,-500,0
3,4,208,188,-492,0
3,4,209,190,-471,-11
3,4,210,123,-473,10
3,4,210,187,-471,23
3,4,210,192,-471,23
3,4,210,193,-471,23
3,4,210,195,-471,23
3,4,210,200,-471,23
3,4,214,188,-444,0
3,4,214,191,-361,-345
3,4,214,196,-361,-345
3,4,216,188,-440,0
3,4,217,196,-359,-344
3,4,217,199,-359,-344
3,4,219,188,-418,0
3,4,219,189,-500,0
3,4,220,151,-353,-353
3,4,220,188,-414,0
3,4,220,191,-333,-333
3,4,220,195,-333,-333
3,4,220,200,-340,-325
3,4,221,177,-340,-325
3,4,221,178,-340,-325
3,4,221,179,-340,-325
3,4,221,180,-340,-325
3,4,221,181,-340,-325
3,4,221,184,-340,-325
3,4,221,185,-340,-325
3,4,221,186,-340,-325
3,4,221,189,-340,-325
3,4,221,190,-340,-325
3,4,221,191,-340,-325
3,4,221,192,-340,-325
3,4,221,194,-340,-325
3,4,221,195,-340,-325
3,4,221,196,-340,-325
3,4,221,197,-340,-325
3,4,221,198,-340,-325
3,4,221,199,-340,-325
3,4,221,200,-340,-325
3,4,221,201,-340,-325
3,4,221,202,-340,-325
3,4,221,203,-340,-325
3,4,222,190,-392,0
3,4,223,187,-392,19
3,4,223,188,-392,0
3,4,223,188,-392,19
3,4,223,189,-392,19
3,4,224,189,-418,0
3,4,225,188,-387,0
3,4,232,128,-498,48
3,4,234,153,-500,0
123,4,3872,198,321,-307
123,4,3872,200,321,-307
123,4,3872,207,321,-307
123,4,3874,189,340,-325
123,4,3875,189,340,-325
123,4,3876,201,340,-325
123,4,3876,204,340,-325
123,4,3876,213,340,-325
123,4,3879,189,351,-351
123,4,3879,191,351,-351
123,4,3879,193,351,-351
123,4,3879,195,351,-351
123,4,3879,197,351,-351
123,4,3879,200,351,-351
123,4,3879,209,351,-351
123,4,3882,176,353,-353
123,4,3883,187,361,-345
123,4,3883,206,361,-345
123,4,3893,210,361,-345
123,4,3904,156,264,13
123,4,3907,160,-108,-147
123,4,3909,211,179,-466
123,4,3911,207,169,-442
123,4,3912,208,148,-450
123,4,3929,180,-212,301
123,4,3929,180,-23,11
123,4,3930,180,-212,301
123,4,3930,180,-48,392
123,4,3930,180,-23,11
69,4,2132,158,496,60
69,4,2132,158,498,48
69,4,2132,164,500,0
69,4,2142,159,498,48
69,4,2147,160,496,60
69,4,2184,212,156,-474
3,3,171,140,0,104
3,3,171,163,-4,-25
3,3,175,143,208,20
3,3,177,188,-121,-484
3,3,179,158,-108,-433
3,3,181,202,-121,-484
3,3,182,172,-121,-484
3,3,182,203,-132,-482
3,3,186,121,52,0
3,3,186,141,89,-450
3,3,187,185,-441,-236
3,3,189,183,-296,-402
3,3,191,134,-219,-229
3,3,192,188,-500,0
3,3,193,135,-283,-346
3,3,196,141,-290,-374
3,3,196,142,-345,-361
3,3,197,146,-287,-408
3,3,201,138,-335,-335
3,3,203,147,-287,-408
3,3,203,150,-361,-345
3,3,203,153,-361,-345
3,3,206,149,-361,-345
3,3,206,151,-361,-345
3,3,206,152,-361,-345
3,3,206,155,-361,-345
3,3,210,151,-361,-345
3,3,210,154,-361,-345
3,3,210,156,-361,-345
3,3,210,157,-361,-345
3,3,210,158,-361,-345
3,3,211,148,-361,-345
3,3,212,148,-371,-335
3,3,212,160,-287,-408
3,3,213,153,-345,-361
3,3,214,150,-361,-345
3,3,214,151,-361,-345
3,3,214,153,-361,-345
3,3,214,158,-361,-345
3,3,214,159,-361,-345
3,3,214,160,-361,-345
3,3,214,163,-361,-345
3,3,217,154,-359,-344
3,3,217,155,-359,-344
3,3,217,157,-359,-344
3,3,217,157,-334,-369
3,3,217,158,-359,-344
3,3,217,164,-359,-344
3,3,217,165,-359,-344
3,3,218,154,-369,-334
3,3,218,154,-359,-344
3,3,218,168,-287,-408
3,3,220,151,-353,-353
3,3,220,161,-316,-350
3,3,220,164,-333,-333
3,3,220,166,-333,-333
3,3,221,124,-500,0
3,3,221,157,-340,-325
3,3,221,158,-340,-325
3,3,221,159,-340,-325
3,3,221,160,-340,-325
3,3,221,161,-340,-325
3,3,221,163,-340,-325
3,3,221,164,-340,-325
3,3,221,165,-340,-325
3,3,221,166,-340,-325
3,3,221,167,-340,-325
3,3,221,168,-340,-325
3,3,221,169,-340,-325
3,3,221,170,-340,-325
3,3,221,171,-340,-325
3,3,222,149,-416,-277
3,3,222,157,-340,-325
3,3,222,158,-350,-316
3,3,222,158,-340,-325
3,3,223,158,-350,-316
3,3,226,152,-421,-267
3,3,227,156,-408,-287
3,3,228,154,-408,-287
3,3,229,153,-416,-277
3,3,236,124,-500,11
122,3,3844,132,444,0
122,3,3859,132,421,0
122,3,3859,139,421,0
122,3,3862,149,400,-132
122,3,3862,149,403,-121
122,3,3865,146,382,-96
122,3,3865,147,381,-105
122,3,3866,149,371,-132
122,3,3867,183,353,-353
122,3,3875,145,305,-84
122,3,3882,176,353,-353
122,3,3882,180,345,-361
122,3,3882,185,345,-361
122,3,3882,186,345,-361
122,3,3884,166,361,-345
122,3,3886,189,287,-408
122,3,3889,178,345,-361
122,3,3891,181,287,-408
122,3,3908,157,148,-450
122,3,3920,154,91,-303
122,3,3924,184,0,-500
122,3,3935,171,45,-231
69,3,2184,158,345,-361
69,3,2184,159,361,-345
69,3,2186,202,121,-484
69,3,2187,203,132,-482
57,3,1899,174,0,-447
57,3,1899,178,0,-473
57,3,1899,196,0,-500
57,3,1908,198,-132,-482
57,3,1922,151,-444,-54
57,3,1938,170,-361,-345
57,3,1942,164,-361,-345
57,3,1944,107,-366,18
57,3,1945,166,-359,-344
57,3,1945,167,-351,-351
57,3,1945,168,-359,-344
57,3,1945,176,-351,-351
57,3,1945,177,-359,-344
57,3,1948,161,-316,-350
57,3,1948,171,-333,-333
57,3,1949,157,-340,-325
57,3,1949,169,-340,-325
57,3,1949,170,-340,-325
57,3,1949,171,-340,-325
4,2,171,114,0,0
4,2,171,116,-20,16
4,2,171,143,0,-447
4,2,171,145,0,-287
4,2,177,116,-316,0
4,2,181,149,-68,-307
4,2,192,131,-287,-408
4,2,197,139,-287,-408
4,2,200,139,-335,-371
4,2,203,142,-345,-361
4,2,212,144,-353,-353
4,2,214,137,-335,-371
4,2,214,144,-345,-361
4,2,237,116,-407,-112
4,2,238,123,-500,0
4,2,246,100,-500,0
4,2,256,125,-361,-345
67,2,2124,151,380,-311
67,2,2128,148,386,-316
67,2,2131,145,386,-316
67,2,2135,142,386,-316
67,2,2136,141,386,-316
67,2,2152,129,319,-275
67,2,2188,144,-148,-450
67,2,2196,143,0,-447
58,2,1899,116,-166,128
58,2,1899,133,0,-157
58,2,1899,143,0,-447
58,2,1899,153,0,-500
58,2,1899,173,0,-500
58,2,1899,174,0,-500
58,2,1921,131,-335,-371
58,2,1925,139,-287,-408
58,2,1928,139,-335,-371
