1,90,98,2932,8,51
1,90,107,2935,176,294
1,90,115,2913,-235,0
1,90,122,2859,-290,0
1,90,123,2949,-279,-279
1,90,124,2861,-237,-17
1,90,126,2952,-298,-298
1,90,137,2901,-418,0
1,90,137,2917,-418,0
1,90,142,2877,-447,0
1,90,146,2875,-471,23
1,90,146,2876,-471,23
1,90,146,2877,-471,23
1,90,146,2878,-471,-24
1,90,146,2882,-469,34
1,90,146,2911,-471,23
1,90,146,2913,-471,23
1,90,146,2915,-471,23
1,90,146,2919,-471,23
1,90,146,2921,-471,23
1,90,148,2883,-444,10
1,90,149,2878,-444,-10
1,90,152,2944,-353,-353
1,90,154,2858,-344,-359
1,90,154,2877,-498,37
1,90,155,2873,-478,144
1,90,156,2948,-361,-345
1,90,156,2948,-353,-353
1,90,158,2951,-353,-353
1,90,159,2865,-478,144
1,90,159,2929,-392,19
1,90,159,2940,-392,0
1,90,160,2940,-366,0
1,90,163,2929,-366,18
1,90,165,2878,-340,-8
1,90,165,2883,-340,0
1,90,166,2879,-340,-8
1,90,167,2874,-340,17
1,90,167,2875,-340,17
1,90,167,2876,-340,17
1,90,167,2877,-340,0
1,90,167,2879,-340,-8
1,90,167,2881,-340,17
1,90,167,2900,-340,17
1,90,167,2908,-340,17
1,90,167,2910,-340,17
1,90,167,2912,-340,17
1,90,167,2914,-340,17
1,90,167,2916,-340,17
1,90,167,2918,-340,17
1,90,167,2920,-340,17
1,90,168,2884,-314,0
1,90,168,2910,-314,0
1,90,168,2920,-314,0
1,90,168,2928,-342,0
1,90,169,2862,-478,144
2,115,112,3638,-290,6
2,115,113,3637,-307,-154
2,115,130,3732,-26,1
2,115,131,3732,0,0
2,115,132,3724,128,68
2,115,132,3732,0,0
2,115,132,3732,0,369
2,115,132,3732,8,369
2,115,132,3732,136,194
2,115,133,3725,-263,175
2,115,133,3725,-250,194
2,115,135,3724,-117,62
2,115,137,3725,86,130
2,115,139,3735,0,0
2,115,140,3645,0,342
2,115,140,3724,128,-35
2,115,141,3725,124,-138
2,115,141,3733,-41,-234
2,115,148,3778,-149,-419
2,115,149,3726,285,190
2,115,150,3760,-137,-453
2,115,151,3764,-144,-478
2,115,154,3659,-179,466
2,115,155,3628,-326,378
2,115,160,3624,-361,345
2,115,182,3747,-444,22
2,115,184,3746,-492,-85
2,115,185,3751,-359,-344
2,115,185,3751,-351,-351
2,115,185,3752,-359,-344
2,115,186,3742,-418,0
2,115,188,3755,-333,-333
2,115,189,3732,-340,-325
2,115,189,3742,-392,0
2,115,189,3747,-340,-325
2,115,189,3754,-340,-325
2,115,189,3755,-340,-325
2,115,190,3740,-392,0
2,115,190,3742,-392,-9
2,115,190,3742,-392,0
2,115,190,3743,-392,-9
2,115,191,3740,-392,0
2,115,191,3747,-494,-74
2,115,192,3740,-387,0
2,115,192,3748,-492,-85
2,115,193,3740,-387,0
2,115,193,3741,-500,0
2,115,193,3741,-496,-60
2,115,193,3741,-366,0
2,115,193,3748,-492,-85
2,115,194,3741,-500,0
2,115,194,3747,-494,-74
2,115,194,3748,-492,-85
2,121,132,3854,-131,-317
2,121,135,3851,43,-65
2,121,135,3857,-250,-150
2,121,138,3859,96,45
2,121,139,3840,0,264
2,121,139,3847,0,26
2,121,174,3844,-438,181
2,121,180,3852,-466,81
2,121,181,3846,-500,0
2,121,182,3849,-500,0
2,121,184,3845,-500,25
2,121,185,3832,-351,351
2,121,185,3833,-351,351
2,121,185,3834,-359,343
2,121,185,3847,-500,0
2,121,186,3849,-500,0
2,121,188,3828,-340,325
2,121,188,3829,-340,325
2,121,188,3830,-340,325
2,121,188,3831,-340,325
2,121,188,3832,-333,332
2,121,188,3833,-340,325
2,121,188,3834,-340,325
2,121,188,3836,-340,325
2,121,188,3838,-340,325
2,121,188,3841,-340,325
2,121,188,3842,-340,325
2,121,188,3844,-340,325
2,121,188,3845,-340,325
2,121,188,3849,-340,325
2,121,188,3852,-340,325
2,121,189,3829,-340,325
2,121,189,3831,-340,325
2,121,189,3833,-340,325
2,121,189,3836,-340,325
2,121,189,3841,-340,325
2,121,189,3845,-340,325
2,121,189,3849,-340,325
2,121,189,3852,-340,325
2,121,190,3841,-392,8
2,121,191,3839,-419,31
2,121,191,3841,-392,19
2,121,192,3839,-321,307
2,121,193,3828,-378,326
2,121,193,3832,-378,326
2,121,193,3841,-366,8
2,121,194,3834,-490,97
2,121,194,3836,-492,85
2,119,134,3787,204,-167
2,119,139,3852,113,-64
2,119,139,3871,0,-26
2,119,146,3761,-87,438
2,119,146,3841,-235,0
2,119,165,3796,-392,0
2,119,165,3829,-392,0
2,119,165,3835,-392,0
2,119,169,3801,-418,0
2,119,169,3807,-418,0
2,119,169,3810,-418,0
2,119,169,3820,-418,0
2,119,169,3824,-418,0
2,119,169,3833,-418,0
2,119,171,3843,-421,0
2,119,172,3842,-444,0
2,119,173,3818,-444,0
2,119,173,3823,-444,0
2,119,173,3842,-444,0
2,119,175,3843,-447,0
2,119,178,3795,-471,23
2,119,178,3797,-471,23
2,119,178,3798,-471,23
2,119,178,3799,-471,23
2,119,178,3800,-471,23
2,119,178,3801,-471,23
2,119,178,3802,-471,23
2,119,178,3803,-471,23
2,119,178,3804,-471,23
2,119,178,3805,-471,23
2,119,178,3806,-471,23
2,119,178,3808,-471,23
2,119,178,3809,-471,23
2,119,178,3810,-471,23
2,119,178,3811,-471,23
2,119,178,3812,-471,23
2,119,178,3813,-471,23
2,119,178,3814,-471,23
2,119,178,3816,-471,23
2,119,178,3817,-471,23
2,119,178,3818,-471,23
2,119,178,3819,-471,23
2,119,178,3820,-471,23
2,119,178,3821,-471,23
2,119,178,3822,-471,23
2,119,178,3823,-471,23
2,119,178,3824,-471,23
2,119,178,3826,-471,23
2,119,178,3828,-471,23
2,119,178,3830,-471,23
2,119,178,3832,-471,23
2,119,178,3834,-471,23
2,119,178,3836,-471,23
2,119,178,3838,-471,23
2,119,178,3839,-471,23
2,119,178,3840,-471,23
2,119,178,3841,-471,23
2,119,178,3843,-473,0
2,119,181,3841,-444,22
2,119,182,3843,-500,0
2,119,183,3800,-444,22
2,119,183,3802,-444,22
2,119,183,3808,-444,22
2,119,183,3838,-444,22
2,119,184,3774,-418,-10
2,119,185,3844,-498,-37
2,119,187,3796,-417,30
2,119,188,3844,-500,-25
2,119,191,3768,-345,361
2,119,193,3844,-497,-11
2,119,198,3840,-340,0
2,119,198,3840,-340,17
2,119,198,3841,-340,7
2,119,199,3793,-340,17
2,119,199,3794,-340,17
2,119,199,3795,-340,17
2,119,199,3796,-340,17
2,119,199,3797,-340,17
2,119,199,3798,-340,17
2,119,199,3799,-340,17
2,119,199,3800,-340,17
2,119,199,3801,-340,17
2,119,199,3802,-340,17
2,119,199,3803,-340,17
2,119,199,3804,-340,17
2,119,199,3805,-340,17
2,119,199,3806,-340,17
2,119,199,3807,-340,17
2,119,199,3808,-340,17
2,119,199,3809,-340,17
2,119,199,3810,-340,17
2,119,199,3811,-340,17
2,119,199,3812,-340,17
2,119,199,3813,-340,17
2,119,199,3814,-340,17
2,119,199,3815,-340,17
2,119,199,3816,-340,17
2,119,199,3817,-340,17
2,119,199,3818,-340,17
2,119,199,3819,-340,17
2,119,199,3820,-340,17
2,119,199,3821,-340,17
2,119,199,3822,-340,17
2,119,199,3823,-340,17
2,119,199,3825,-340,17
2,119,199,3827,-340,17
2,119,199,3828,-340,17
2,119,199,3829,-340,17
2,119,199,3831,-340,17
2,119,199,3832,-340,17
2,119,199,3833,-340,17
2,119,199,3834,-340,17
2,119,199,3835,-340,17
2,119,199,3836,-340,17
2,119,199,3837,-340,17
2,119,199,3838,-340,17
2,119,199,3839,-340,17
2,119,199,3840,-340,17
2,119,199,3844,-340,-8
2,119,199,3845,-340,-8
2,119,200,3795,-314,0
2,119,200,3801,-314,0
2,119,200,3802,-314,0
2,119,200,3825,-314,0
2,119,200,3838,-314,0
2,119,200,3840,-314,0
2,119,200,3841,-314,0
2,119,201,3833,-490,97
1,118,119,3793,-363,63
1,118,141,3793,-442,-66
1,118,142,3794,-442,-66
1,118,142,3812,-97,-490
1,118,143,3812,-121,-484
2,117,132,3723,0,0
2,117,133,3796,39,33
2,117,138,3789,-17,182
2,117,139,3797,-287,0
2,117,139,3798,-277,148
2,117,139,3801,-25,-7
2,117,139,3802,-20,-16
2,117,143,3764,33,445
2,117,147,3677,-179,466
2,117,157,3724,-211,-21
2,117,169,3742,-418,0
2,117,169,3746,-418,0
2,117,169,3752,-418,0
2,117,169,3758,-418,0
2,117,169,3759,-418,0
2,117,169,3794,-353,-353
2,117,172,3742,-444,0
2,117,173,3769,-444,0
2,117,174,3741,-447,0
2,117,178,3739,-471,23
2,117,178,3740,-471,23
2,117,178,3741,-471,23
2,117,178,3742,-471,-24
2,117,178,3742,-471,23
2,117,178,3743,-471,-24
2,117,178,3743,-471,23
2,117,178,3744,-471,23
2,117,178,3754,-471,23
2,117,178,3756,-471,23
2,117,178,3758,-471,23
2,117,178,3760,-471,23
2,117,178,3761,-471,23
2,117,178,3762,-471,23
2,117,178,3764,-471,23
2,117,178,3765,-471,23
2,117,178,3766,-471,23
2,117,178,3767,-471,23
2,117,178,3768,-471,23
2,117,178,3770,-471,23
2,117,178,3772,-471,23
2,117,178,3774,-471,23
2,117,178,3775,-471,23
2,117,178,3776,-471,23
2,117,178,3777,-471,23
2,117,178,3778,-471,23
2,117,178,3780,-471,23
2,117,178,3781,-471,23
2,117,178,3782,-471,23
2,117,178,3783,-471,23
2,117,178,3784,-471,23
2,117,178,3785,-471,23
2,117,180,3782,-444,0
2,117,181,3742,-444,-10
2,117,183,3765,-444,22
2,117,183,3772,-444,22
2,117,184,3808,-353,-353
2,117,184,3808,-345,-361
2,117,185,3740,-418,0
2,117,187,3785,-417,30
2,117,187,3812,-345,-361
2,117,188,3812,-361,-345
2,117,188,3812,-353,-353
2,117,190,3814,-361,-345
2,117,190,3814,-353,-353
2,117,190,3815,-353,-353
2,117,191,3741,-500,0
2,117,191,3778,-392,19
2,117,191,3793,-392,19
2,117,191,3815,-353,-353
2,117,195,3778,-366,18
2,117,195,3793,-366,18
2,117,196,3797,-340,0
2,117,197,3742,-340,-8
2,117,198,3740,-340,0
2,117,198,3743,-340,-8
2,117,198,3744,-340,-8
2,117,199,3738,-340,17
2,117,199,3739,-340,17
2,117,199,3740,-340,17
2,117,199,3740,-314,0
2,117,199,3741,-340,17
2,117,199,3742,-340,17
2,117,199,3743,-340,-8
2,117,199,3743,-340,17
2,117,199,3745,-340,17
2,117,199,3751,-340,17
2,117,199,3753,-340,17
2,117,199,3755,-340,17
2,117,199,3756,-340,17
2,117,199,3757,-340,17
2,117,199,3758,-340,17
2,117,199,3759,-340,17
2,117,199,3760,-340,17
2,117,199,3761,-340,17
2,117,199,3762,-340,17
2,117,199,3763,-340,17
2,117,199,3764,-340,17
2,117,199,3765,-340,-8
2,117,199,3765,-340,17
2,117,199,3766,-340,17
2,117,199,3767,-340,17
2,117,199,3768,-340,17
2,117,199,3769,-340,17
2,117,199,3771,-340,17
2,117,199,3772,-340,17
2,117,199,3773,-340,17
2,117,199,3774,-340,17
2,117,199,3775,-340,17
2,117,199,3776,-340,17
2,117,199,3777,-340,17
2,117,199,3779,-340,17
2,117,199,3780,-340,17
2,117,199,3781,-340,17
2,117,199,3782,-340,17
2,117,199,3783,-340,17
2,117,199,3784,-340,17
2,117,199,3785,-340,-8
2,117,200,3740,-314,0
2,117,200,3741,-366,0
2,117,200,3765,-314,0
2,117,200,3774,-314,0
2,117,200,3782,-314,0
2,117,201,3728,-478,144
2,117,202,3741,-485,0
2,117,205,3741,-500,0
1,120,20,3793,22,447
1,120,134,3851,-473,0
1,120,145,3833,-167,470
1,120,157,3842,-494,74
1,120,157,3843,-494,74
1,120,158,3843,-496,60
1,120,160,3845,-484,121
1,120,161,3845,-484,121
1,120,163,3846,-490,97
3,123,139,3896,0,395
3,123,139,3916,-20,-16
3,123,141,3885,-24,473
3,123,145,3905,-83,302
3,123,151,3898,233,117
3,123,176,3876,-277,416
3,123,177,3914,-457,125
3,123,178,3913,-387,271
3,123,179,3914,-457,125
3,123,180,3905,-335,371
3,123,181,3880,-345,361
3,123,182,3878,-335,371
3,123,184,3910,-306,394
3,123,186,3900,-345,361
3,123,198,3889,-353,353
5,123,166,3904,0,212
5,123,184,3899,297,297
5,123,184,3909,-132,126
5,123,195,3907,209,200
5,123,206,3861,156,474
5,123,211,3878,-351,351
5,123,215,3878,-351,351
5,123,217,3863,25,338
5,123,218,3863,25,338
5,123,218,3864,25,338
5,123,220,3862,0,314
5,123,220,3865,0,340
5,123,220,3896,0,395
5,123,221,3864,-8,340
5,123,221,3865,-8,340
5,123,222,3863,0,314
5,123,222,3864,-17,340
5,123,222,3865,-17,340
5,123,223,3863,0,314
5,123,224,3863,0,314
5,123,225,3863,0,314
5,123,226,3863,0,314
5,123,228,3863,0,314
5,123,229,3863,0,314
5,123,230,3863,0,314
5,123,231,3863,0,314
5,123,232,3863,0,314
5,123,233,3863,0,314
5,123,234,3863,0,314
5,123,235,3863,0,314
5,123,238,3904,0,209
5,123,238,3906,0,157
5,123,239,3900,0,287
5,123,239,3900,27,286
5,123,240,3905,0,235
5,123,240,3906,0,183
5,123,262,3952,-369,0
5,123,263,3878,-351,351
5,123,268,3933,-326,378
5,123,270,3935,-361,345
5,123,277,3928,-361,345
5,123,278,3928,-361,345
5,123,282,3925,-361,345
5,123,285,3921,-361,345
2,122,139,3888,-74,-138
2,122,139,3889,-278,-149
2,122,147,3828,-179,466
2,122,147,3924,-176,159
2,122,149,3829,-121,484
2,122,156,3897,-225,355
2,122,157,3897,-233,350
2,122,159,3898,-266,325
2,122,159,3899,-258,332
2,122,159,3924,-26,0
2,122,161,3892,-272,386
2,122,161,3899,-283,312
2,122,165,3897,-316,316
2,122,165,3898,-323,309
2,122,167,3890,-318,351
2,122,167,3891,-318,351
2,122,171,3875,-326,378
2,122,171,3886,-345,361
2,122,171,3887,-345,361
2,122,172,3889,-335,371
2,122,174,3877,-353,353
2,122,174,3878,-353,353
2,122,174,3879,-353,353
2,122,176,3876,-277,416
2,122,178,3872,-353,353
2,122,178,3875,-353,353
2,122,178,3881,-335,371
2,122,178,3883,-353,353
2,122,181,3869,-353,353
2,122,181,3870,-353,353
2,122,181,3871,-353,353
2,122,181,3872,-353,353
2,122,181,3880,-353,353
2,122,182,3868,-287,408
2,122,182,3878,-353,353
2,122,182,3881,-361,345
2,122,182,3901,-345,361
2,122,182,3902,-345,361
2,122,183,3903,-335,371
2,122,184,3880,-361,345
2,122,185,3864,-351,351
2,122,185,3865,-351,351
2,122,185,3874,-359,343
2,122,185,3876,-351,351
2,122,186,3877,-359,343
2,122,186,3897,-345,361
2,122,186,3898,-345,361
2,122,186,3899,-345,361
2,122,187,3901,-314,0
2,122,188,3859,-340,325
2,122,188,3860,-340,325
2,122,188,3861,-340,325
2,122,188,3862,-340,325
2,122,188,3863,-340,325
2,122,188,3864,-340,325
2,122,188,3865,-340,325
2,122,188,3866,-340,325
2,122,188,3867,-340,325
2,122,188,3868,-340,325
2,122,188,3869,-340,325
2,122,188,3870,-340,325
2,122,188,3871,-340,325
2,122,188,3872,-340,325
2,122,188,3873,-340,325
2,122,188,3874,-340,325
2,122,189,3859,-340,325
2,122,189,3861,-340,325
2,122,189,3862,-340,325
2,122,189,3863,-340,325
2,122,189,3865,-340,325
2,122,189,3868,-340,325
2,122,189,3869,-340,325
2,122,189,3870,-340,325
2,122,189,3870,-316,349
2,122,189,3871,-340,325
2,122,189,3874,-340,325
2,122,190,3874,-340,325
2,122,191,3859,-321,307
2,122,191,3873,-340,325
2,122,192,3871,-321,307
2,122,193,3858,-378,326
2,122,193,3860,-378,326
2,122,193,3868,-378,326
2,122,193,3870,-378,326
2,122,194,3878,-402,296
2,122,195,3878,-408,287
124,114,3891,3676,500,11
124,114,3891,3677,500,0
124,114,3891,3682,500,25
124,114,3893,3677,500,0
124,114,3901,3706,408,-287
124,114,3902,3656,496,60
124,114,3902,3709,386,-316
124,114,3904,3716,321,-307
124,114,3905,3710,349,-316
124,114,3906,3709,340,-325
124,114,3906,3710,340,-325
124,114,3906,3710,349,-316
124,114,3907,3709,340,-325
124,114,3907,3710,340,-325
124,114,3907,3713,325,-340
124,114,3909,3690,500,0
124,114,3910,3700,345,-361
124,114,3911,3710,351,-351
124,114,3911,3712,351,-351
124,114,3911,3713,351,-351
124,114,3911,3714,351,-351
124,114,3911,3715,351,-351
124,114,3911,3717,351,-351
124,114,3911,3719,351,-351
124,114,3911,3720,351,-351
124,114,3914,3713,287,-408
124,114,3917,3710,296,-402
124,114,3924,3648,0,500
124,114,3924,3657,0,500
124,114,3929,3692,345,-361
124,114,3931,3688,291,-339
124,114,3932,3693,281,-381
124,114,3932,3695,287,-408
124,114,3933,3664,305,-84
124,114,3935,3687,274,-353
124,114,3935,3688,265,-360
124,114,3936,3659,264,0
124,114,3937,3690,239,-377
124,114,3937,3690,248,-372
124,114,3943,3733,277,-416
124,114,3944,3683,-117,233
124,114,3945,3723,121,-484
124,114,3950,3659,-8,-25
124,114,3956,3692,211,394
124,114,3956,3696,152,101
123,113,3875,3657,470,-167
123,113,3886,3675,500,0
123,113,3887,3652,447,0
123,113,3891,3652,421,0
123,113,3891,3659,421,0
123,113,3891,3672,421,-150
123,113,3892,3657,235,0
123,113,3894,3580,353,274
123,113,3894,3669,400,-132
123,113,3894,3669,403,-121
123,113,3895,3671,389,-161
123,113,3897,3588,366,207
123,113,3897,3668,378,-114
123,113,3899,3703,353,-353
123,113,3902,3700,345,-361
123,113,3902,3700,353,-353
123,113,3906,3696,353,-353
123,113,3912,3689,345,-361
123,113,3913,3689,345,-361
123,113,3913,3696,353,-353
123,113,3914,3697,353,-353
123,113,3914,3705,345,-361
123,113,3914,3706,345,-361
123,113,3915,3700,353,-353
123,113,3915,3704,353,-353
123,113,3916,3700,345,-361
123,113,3920,3665,233,172
123,113,3921,3698,345,-361
123,113,3929,3662,-192,135
123,113,3940,3565,0,473
123,113,3956,3671,0,-264
123,113,3956,3675,-35,98
124,122,3891,3901,500,0
124,122,3902,3878,402,296
124,122,3905,3874,340,325
124,122,3906,3874,340,325
124,122,3907,3862,332,332
124,122,3907,3863,332,332
124,122,3907,3864,332,332
124,122,3907,3864,340,325
124,122,3907,3865,332,332
124,122,3907,3866,332,332
124,122,3907,3868,332,332
124,122,3907,3869,332,332
124,122,3907,3870,332,332
124,122,3907,3872,332,332
124,122,3907,3873,332,332
124,122,3907,3880,353,353
124,122,3908,3872,325,340
124,122,3909,3871,326,378
124,122,3911,3871,358,343
124,122,3933,3892,291,304
124,122,3934,3890,291,304
124,122,3934,3891,291,304
124,122,3939,3898,191,462
124,122,3944,3855,109,488
124,122,3944,3905,143,476
124,122,3946,3831,224,447
124,122,3956,3890,0,-104
124,122,3956,3891,167,-251
124,118,3894,3802,338,-25
124,118,3895,3785,314,0
124,118,3896,3764,314,0
124,118,3896,3765,314,0
124,118,3896,3766,314,0
124,118,3896,3767,314,0
124,118,3896,3768,314,0
124,118,3896,3770,314,0
124,118,3896,3771,314,0
124,118,3896,3774,314,0
124,118,3896,3775,314,0
124,118,3896,3777,314,0
124,118,3896,3778,314,0
124,118,3896,3779,314,0
124,118,3896,3781,314,0
124,118,3896,3782,314,0
124,118,3896,3785,314,0
124,118,3896,3788,314,0
124,118,3896,3791,314,0
124,118,3896,3799,314,0
124,118,3896,3809,314,0
124,118,3896,3812,314,0
124,118,3897,3767,340,-17
124,118,3897,3767,340,0
124,118,3910,3743,500,-25
124,118,3911,3741,500,0
124,118,3947,3836,277,-416
124,118,3954,3777,-94,90
124,118,3955,3721,224,447
124,118,3956,3830,23,12
124,118,3962,3750,-60,-496
124,118,3962,3760,248,-372
124,118,3987,3738,357,80
124,118,3990,3732,-194,214
124,115,3902,3740,500,0
124,115,3903,3741,500,0
124,115,3903,3742,387,-9
124,115,3904,3742,391,-29
124,115,3904,3742,392,-20
124,115,3904,3743,391,-29
124,115,3904,3748,321,-307
124,115,3904,3752,321,-307
124,115,3904,3755,321,-307
124,115,3904,3757,321,-307
124,115,3904,3759,321,-307
124,115,3905,3742,391,-29
124,115,3905,3743,391,-29
124,115,3905,3743,412,-30
124,115,3906,3740,392,0
124,115,3906,3741,392,0
124,115,3907,3740,392,0
124,115,3907,3741,392,0
124,115,3908,3749,340,-325
124,115,3908,3756,340,-325
124,115,3910,3729,358,-344
124,115,3911,3729,351,-351
124,115,3911,3734,351,-351
124,115,3911,3741,351,-351
124,115,3911,3745,351,-351
124,115,3911,3748,351,-351
124,115,3911,3750,351,-351
124,115,3911,3752,351,-351
124,115,3921,3655,326,378
124,115,3924,3656,0,500
124,115,3934,3783,236,-441
124,115,3937,3685,212,423
124,115,3944,3764,156,-474
124,115,3945,3761,136,-453
124,115,3947,3681,-61,-172
124,115,3960,3724,215,151
124,115,3962,3742,-74,494
124,115,3963,3728,153,306
124,115,3963,3734,-72,414
124,115,3963,3738,-77,387
124,115,3972,3724,-223,16
124,115,3973,3749,406,111
124,115,3982,3732,156,-212
124,119,3891,3843,500,0
124,119,3892,3843,485,0
124,119,3894,3857,482,-132
124,119,3895,3843,500,0
124,119,3895,3844,335,0
124,119,3896,3796,314,0
124,119,3896,3798,314,0
124,119,3896,3799,314,0
124,119,3896,3802,314,0
124,119,3896,3805,314,0
124,119,3896,3817,314,0
124,119,3896,3821,314,0
124,119,3896,3829,314,0
124,119,3896,3832,314,0
124,119,3896,3833,314,0
124,119,3896,3834,314,0
124,119,3896,3836,314,0
124,119,3896,3837,314,0
124,119,3896,3838,314,0
124,119,3896,3839,314,0
124,119,3896,3840,314,0
124,119,3896,3841,314,0
124,119,3896,3843,314,0
124,119,3896,3845,340,-8
124,119,3898,3841,340,7
124,119,3902,3843,500,11
124,119,3904,3854,482,-132
124,119,3907,3843,500,0
124,119,3908,3771,345,361
124,119,3911,3840,418,0
124,119,3911,3841,418,0
124,119,3911,3843,418,0
124,119,3917,3843,473,0
124,119,3917,3844,471,-24
124,119,3921,3843,447,0
124,119,3924,3772,334,334
124,119,3925,3844,414,0
124,119,3948,3799,-56,282
124,119,3956,3761,0,447
125,120,3935,3843,500,0
125,120,3936,3843,500,0
125,120,3936,3844,500,0
125,120,3937,3844,500,0
125,120,3938,3843,496,60
125,120,3939,3843,494,74
125,120,3950,3833,167,470
125,120,3956,3837,0,500
125,120,3984,3851,-7,-104
125,120,3984,3860,-162,302
124,121,3901,3843,500,0
124,121,3902,3844,405,0
124,121,3902,3844,500,0
124,121,3903,3843,366,0
124,121,3903,3843,500,0
124,121,3903,3844,387,0
124,121,3903,3844,405,0
124,121,3904,3843,366,0
124,121,3905,3841,392,8
124,121,3906,3841,392,8
124,121,3906,3842,392,0
124,121,3907,3828,332,332
124,121,3907,3828,340,325
124,121,3907,3831,332,332
124,121,3907,3834,332,332
124,121,3907,3835,332,332
124,121,3907,3838,332,332
124,121,3907,3839,332,332
124,121,3907,3842,332,332
124,121,3907,3843,332,332
124,121,3911,3846,358,343
124,121,3928,3852,381,104
124,121,3944,3819,136,453
124,121,3948,3847,185,0
124,121,3954,3851,30,156
124,121,3956,3821,0,473
124,121,3956,3827,0,421
124,121,3956,3849,25,-1
124,121,3958,3851,-13,-261
124,121,3958,3852,-13,-22
124,121,3959,3859,371,-199
124,121,3966,3851,-117,-58
125,8,3928,291,500,0
125,8,3931,291,500,0
125,8,3933,291,500,0
125,8,3933,295,500,0
125,8,3933,296,500,0
125,8,3935,292,500,0
125,8,3935,293,500,0
125,8,3940,253,224,447
125,8,3940,253,361,345
125,8,3945,292,473,0
125,8,3949,267,473,0
125,8,3949,291,473,0
125,8,3949,292,473,0
125,8,3978,267,0,0
124,7,3896,212,314,0
124,7,3896,213,314,0
124,7,3896,214,314,0
124,7,3896,215,314,0
124,7,3896,216,314,0
124,7,3896,217,314,0
124,7,3896,218,314,0
124,7,3896,219,314,0
124,7,3896,220,314,0
124,7,3896,221,314,0
124,7,3896,223,314,0
124,7,3896,226,314,0
124,7,3896,227,314,0
124,7,3896,228,314,0
124,7,3896,229,314,0
124,7,3896,230,314,0
124,7,3896,232,314,0
124,7,3896,233,314,0
124,7,3896,241,314,0
124,7,3896,245,314,0
124,7,3896,264,314,0
124,7,3896,265,314,0
124,7,3896,267,314,0
124,7,3897,214,340,-8
124,7,3897,215,340,-17
124,7,3897,216,367,-27
124,7,3899,212,340,0
124,7,3899,215,340,0
124,7,3911,265,418,0
124,7,3911,267,418,0
124,7,3911,291,500,0
124,7,3912,256,353,-353
124,7,3925,245,157,0
124,7,3942,187,203,339
124,7,3950,183,135,450
124,7,3955,218,35,-367
124,7,3955,292,500,0
124,7,3956,202,90,-160
124,7,3956,211,0,-130
124,7,3959,203,-33,-446
124,7,3959,203,-25,-5
124,7,3959,210,302,-162
124,7,3959,210,325,-174
124,7,3960,207,175,-263
124,7,3961,206,233,-350
124,7,3962,203,233,-125
124,7,3975,203,-123,-44
125,6,3935,202,500,0
125,6,3937,192,-97,490
125,6,3940,189,500,0
125,6,3940,227,148,-450
125,6,3949,210,466,-81
125,6,3949,211,473,0
125,6,3954,209,442,-66
125,6,3955,192,109,488
125,6,3956,190,0,500
125,6,3956,201,395,19
125,6,3958,209,416,-62
125,6,3961,212,78,0
125,6,3976,203,13,-22
125,6,3981,203,0,0
125,6,3984,203,-30,-149
125,6,4075,262,0,-395
125,6,4076,270,-23,-447
124,5,3891,156,500,0
124,5,3891,189,500,0
124,5,3895,190,335,-8
124,5,3895,190,335,0
124,5,3896,193,314,0
124,5,3896,194,314,0
124,5,3896,196,314,0
124,5,3896,197,314,0
124,5,3896,199,314,0
124,5,3896,200,314,0
124,5,3896,201,314,0
124,5,3896,202,314,0
124,5,3896,203,314,0
124,5,3897,189,340,0
124,5,3897,190,340,0
124,5,3897,191,340,-17
124,5,3898,190,340,0
124,5,3899,188,340,0
124,5,3899,190,340,-17
124,5,3899,190,340,-8
124,5,3899,192,338,-33
124,5,3899,192,338,-25
124,5,3899,193,338,-33
124,5,3899,212,340,0
124,5,3900,214,366,-8
124,5,3901,215,366,-18
124,5,3903,220,366,0
124,5,3904,214,392,-9
124,5,3911,193,418,0
124,5,3911,194,418,0
124,5,3911,199,418,0
124,5,3911,200,418,0
124,5,3911,201,418,0
124,5,3911,203,418,0
124,5,3916,212,444,0
124,5,3922,116,283,133
124,5,3926,242,345,-361
124,5,3931,114,-128,425
124,5,3956,241,0,-473
124,5,3956,249,0,-500
124,5,3956,269,0,-500
124,5,3958,205,101,152
124,5,3958,205,116,173
124,5,3958,210,-19,260
125,4,3946,171,212,-451
125,4,3948,164,224,-447
125,4,3952,158,203,-457
125,4,3956,134,342,327
125,4,3956,142,419,-31
125,4,3956,161,0,-500
124,3,3897,107,314,0
124,3,3904,175,321,-307
124,3,3906,157,340,-325
124,3,3907,157,340,-325
124,3,3908,172,340,-325
124,3,3911,164,351,-351
124,3,3911,166,287,-408
124,3,3911,168,351,-351
124,3,3911,177,351,-351
124,3,3915,174,361,-345
124,3,3919,111,209,0
124,3,3920,83,312,23
124,3,3923,122,419,41
124,3,3925,133,361,-345
124,3,3943,127,323,-309
124,3,3944,176,148,-450
124,3,3947,198,132,-482
124,3,3949,193,132,-482
124,3,3956,145,179,-35
124,3,3956,184,0,-500
124,3,3957,148,21,13
124,3,3961,148,-46,23
124,3,3961,148,-23,11
124,3,3962,148,-212,301
124,3,3962,148,-26,1
124,3,3962,148,-23,11
124,3,3962,148,-6,51
124,3,3962,148,0,0
124,3,3962,148,39,33
123,12,3873,362,500,-11
123,12,3874,359,500,-11
123,12,3874,360,500,-11
123,12,3877,340,345,361
123,12,3878,358,500,0
123,12,3881,344,335,371
123,12,3881,344,361,345
123,12,3886,414,366,0
123,12,3891,380,421,0
123,12,3895,361,458,114
123,12,3895,364,121,50
123,12,3896,362,433,108
123,12,3897,343,361,345
123,12,3899,358,445,158
123,12,3900,362,433,108
123,12,3902,477,353,-353
123,12,3914,336,353,353
123,12,3915,329,353,353
123,12,3915,339,345,361
123,12,3915,343,345,361
123,12,3916,347,345,361
123,12,3925,368,249,-150
123,12,3929,363,-28,-289
123,12,3953,364,364,-55
123,12,3954,363,363,-63
123,12,3956,337,0,447
123,12,3956,355,0,342
123,12,3956,363,19,-17
123,12,3956,364,0,-78
124,11,3891,349,500,0
124,11,3891,356,500,0
124,11,3902,326,402,296
124,11,3905,322,340,325
124,11,3906,322,340,325
124,11,3907,307,332,332
124,11,3907,308,332,332
124,11,3907,310,332,332
124,11,3907,311,332,332
124,11,3907,314,332,332
124,11,3907,315,332,332
124,11,3907,317,332,332
124,11,3907,318,332,332
124,11,3907,319,316,349
124,11,3907,321,332,332
124,11,3907,322,332,332
124,11,3908,322,332,332
124,11,3911,324,358,343
124,11,3912,348,498,-48
124,11,3924,383,0,-500
124,11,3925,367,416,62
124,11,3931,292,500,0
124,11,3932,366,360,80
124,11,3933,340,291,304
124,11,3934,338,291,304
124,11,3934,339,291,304
124,11,3934,340,291,304
124,11,3936,292,500,0
124,11,3937,368,281,70
124,11,3938,342,-87,438
124,11,3940,294,441,236
124,11,3940,369,255,63
124,11,3941,335,181,438
124,11,3941,369,232,51
124,11,3943,298,277,416
124,11,3944,303,109,488
124,11,3944,303,148,449
124,11,3945,308,121,484
124,11,3946,277,121,484
124,11,3948,331,-165,202
124,11,3948,334,-366,-35
124,11,3949,336,-218,89
124,11,3956,301,0,473
124,11,3956,336,0,0
124,11,3956,337,-74,-138
124,11,3956,339,0,-130
124,11,3999,427,500,0
124,10,3897,296,500,0
124,10,3902,292,387,0
124,10,3902,292,405,0
124,10,3903,291,366,0
124,10,3903,291,500,0
124,10,3903,292,387,0
124,10,3903,292,407,0
124,10,3904,292,387,0
124,10,3905,278,366,141
124,10,3906,290,392,0
124,10,3906,297,340,325
124,10,3906,298,340,325
124,10,3907,278,332,332
124,10,3907,279,332,332
124,10,3907,280,332,332
124,10,3907,280,340,325
124,10,3907,281,332,332
124,10,3907,281,340,325
124,10,3907,282,332,332
124,10,3907,283,332,332
124,10,3907,284,332,332
124,10,3907,287,332,332
124,10,3907,288,332,332
124,10,3907,289,332,332
124,10,3907,291,332,332
124,10,3907,292,332,332
124,10,3907,293,332,332
124,10,3907,294,340,325
124,10,3907,298,332,332
124,10,3907,298,340,325
124,10,3907,300,332,332
124,10,3907,301,332,332
124,10,3909,351,470,-167
124,10,3911,294,358,343
124,10,3911,361,405,-285
124,10,3919,292,492,0
124,10,3925,292,500,0
124,10,3928,300,381,104
124,10,3931,348,183,0
124,10,3935,350,224,-447
124,10,3937,345,223,-418
124,10,3944,267,136,453
124,10,3944,297,212,0
124,10,3950,294,159,0
124,10,3951,294,107,0
124,10,3956,294,-253,-400
124,10,3957,307,56,-54
124,10,3964,291,-257,-365
124,10,3965,293,-265,-217
124,10,3965,303,291,-339
124,10,3966,297,-54,-444
124,10,3971,305,-161,-242
124,10,3972,283,325,-174
124,10,3973,307,-233,-125
125,117,3940,3779,148,-450
125,117,3945,3740,473,0
125,117,3949,3740,473,0
125,117,3949,3764,473,0
125,117,3952,3774,167,-470
125,117,3984,3764,128,89
125,117,4043,3675,0,500
91,3,2910,162,0,-316
95,3,3038,191,340,-325
34,3,1162,187,-224,-447
30,3,990,175,0,-447
1,4,15,206,76,-441
1,4,16,206,66,-442
1,4,139,122,0,500
1,4,139,164,0,-500
1,4,139,165,0,-500
1,4,139,166,0,-500
1,4,139,167,0,-500
1,4,142,145,-442,-66
1,4,143,142,-446,-33
1,4,144,168,-144,-478
1,4,145,162,-203,-457
1,4,145,163,-203,-457
1,4,147,143,-457,-126
1,4,156,161,-402,-296
2,5,20,156,0,500
2,5,137,206,-63,253
2,5,139,205,15,103
2,5,139,217,-23,-12
2,5,139,222,-3,-26
2,5,139,248,0,-500
2,5,139,253,0,-500
2,5,139,268,0,-500
2,5,152,135,-28,-233
2,5,163,235,-345,-361
2,5,168,234,-500,25
2,5,169,188,-418,0
2,5,172,232,-495,36
2,5,172,245,-353,-353
2,5,173,190,-444,-10
2,5,173,233,-495,36
2,5,173,245,-353,-353
2,5,174,192,-443,-33
2,5,174,246,-361,-345
2,5,176,200,-471,0
2,5,176,248,-345,-361
2,5,177,188,-471,0
2,5,177,190,-471,-11
2,5,177,248,-353,-353
2,5,177,249,-353,-353
2,5,177,249,-345,-361
2,5,178,187,-471,23
2,5,178,188,-471,23
2,5,178,189,-471,-11
2,5,178,190,-471,-24
2,5,178,190,-471,23
2,5,178,190,-469,-46
2,5,178,191,-471,23
2,5,178,192,-471,23
2,5,178,193,-471,23
2,5,178,194,-471,23
2,5,178,195,-471,23
2,5,178,196,-471,23
2,5,178,197,-471,23
2,5,178,198,-471,23
2,5,178,199,-471,23
2,5,178,200,-471,23
2,5,178,201,-471,23
2,5,180,189,-500,0
2,5,180,193,-444,0
2,5,183,192,-444,22
2,5,184,165,-361,345
2,5,184,188,-440,0
2,5,184,194,-492,-85
2,5,186,188,-500,0
2,5,187,154,-353,353
2,5,191,209,-392,19
2,5,195,209,-366,18
2,5,196,211,-340,0
2,5,197,190,-340,0
2,5,198,188,-340,0
2,5,198,191,-340,-8
2,5,198,192,-339,-25
2,5,199,186,-340,17
2,5,199,187,-340,17
2,5,199,188,-340,17
2,5,199,189,-340,0
2,5,199,189,-340,17
2,5,199,190,-340,-8
2,5,199,190,-340,17
2,5,199,191,-340,-17
2,5,199,191,-340,-8
2,5,199,191,-340,17
2,5,199,192,-340,17
2,5,199,192,-339,-25
2,5,199,193,-340,17
2,5,199,194,-340,17
2,5,199,195,-340,17
2,5,199,195,-336,-50
2,5,199,196,-340,17
2,5,199,197,-340,17
2,5,199,198,-340,17
2,5,199,199,-340,17
2,5,199,200,-340,17
2,5,200,188,-335,0
2,5,200,189,-314,0
2,5,200,193,-314,0
2,5,200,200,-314,0
2,5,200,201,-314,0
2,5,200,202,-314,0
2,5,201,176,-478,144
2,5,203,188,-500,0
2,5,204,189,-500,0
2,5,205,189,-500,0
2,10,116,290,-421,-10
2,10,120,290,-390,-220
2,10,122,282,-407,-112
2,10,122,307,233,-125
2,10,127,284,-323,-309
2,10,129,295,57,-470
2,10,129,300,-96,-383
2,10,131,293,217,-362
2,10,134,300,-33,-341
2,10,139,296,14,-290
2,10,152,262,-144,478
2,10,157,345,-212,-424
2,10,160,349,-234,-17
2,10,162,317,-447,-10
2,10,169,300,-408,101
2,10,180,282,-444,0
2,10,182,297,-500,0
2,10,185,294,-500,0
2,10,185,295,-500,0
2,10,185,296,-500,0
2,10,186,360,-500,0
2,10,188,287,-386,67
2,10,188,289,-340,325
2,10,188,292,-340,325
2,10,188,295,-340,325
2,10,188,298,-340,325
2,10,188,298,-333,332
2,10,188,300,-371,335
2,10,188,303,-340,325
2,10,189,291,-392,0
2,10,189,292,-340,325
2,10,189,298,-340,325
2,10,190,287,-441,53
2,10,190,288,-419,41
2,10,190,289,-412,30
2,10,190,289,-392,8
2,10,190,299,-361,345
2,10,191,289,-391,28
2,10,192,290,-391,28
2,10,192,292,-366,0
2,10,192,295,-321,307
2,10,192,297,-361,345
2,10,193,289,-366,8
2,10,193,290,-366,0
2,10,194,282,-490,97
2,10,194,292,-500,0
2,10,195,284,-492,85
2,10,195,284,-468,70
3,12,132,470,0,-500
3,12,139,337,0,447
3,12,141,333,-24,473
3,12,152,310,-144,478
3,12,152,326,-144,478
3,12,160,360,-367,207
3,12,167,359,-190,-285
3,12,168,371,117,-63
3,12,172,361,-70,169
3,12,175,351,-335,371
3,12,176,324,-277,416
3,12,177,356,-75,72
3,12,177,409,182,148
3,12,179,340,-345,361
3,12,179,353,-158,174
3,12,180,352,-176,194
3,12,181,344,-345,361
3,12,182,326,-335,371
3,12,182,343,-361,345
3,12,183,352,-199,207
3,12,193,377,-235,0
3,12,196,425,-290,0
3,12,204,359,-421,150
3,12,204,361,-428,129
3,12,205,444,-427,-201
3,12,206,363,-437,97
3,12,206,383,-447,0
3,12,207,326,-359,343
3,12,207,326,-351,351
3,12,208,466,-353,-353
3,12,209,333,-353,353
3,12,213,466,-353,-353
3,12,217,451,-500,0
3,12,224,366,-484,-121
3,12,232,435,-500,0
1,6,12,287,-48,-498
1,6,137,209,-416,-62
1,6,141,188,-167,470
1,6,141,209,-442,-66
1,6,142,210,-442,-66
1,6,156,188,-500,0
1,6,156,189,-500,0
1,6,156,227,-361,-345
1,6,156,227,-306,-394
1,6,156,227,-287,-408
1,6,156,227,-224,-447
1,6,156,227,-148,-450
1,6,159,215,-494,-74
2,11,139,339,-74,-138
2,11,147,322,-114,458
2,11,147,327,-85,492
2,11,148,323,-85,492
2,11,153,298,-277,416
2,11,153,299,-277,416
2,11,153,305,-144,478
2,11,154,321,-156,474
2,11,155,294,-441,236
2,11,156,295,-441,236
2,11,156,317,-148,449
2,11,159,343,-257,365
2,11,160,292,-500,0
2,11,161,321,-500,0
2,11,162,339,-281,381
2,11,162,355,-318,234
2,11,165,292,-500,0
2,11,165,345,-316,316
2,11,165,346,-316,316
2,11,166,348,-200,-398
2,11,167,333,-306,394
2,11,168,340,-318,351
2,11,169,342,-342,327
2,11,169,358,94,380
2,11,171,326,-345,361
2,11,171,338,-345,361
2,11,172,386,-257,-429
2,11,174,326,-353,353
2,11,174,327,-353,353
2,11,174,350,-447,10
2,11,175,333,-326,378
2,11,176,352,-361,345
2,11,178,324,-353,353
2,11,178,325,-353,353
2,11,178,329,-335,371
2,11,178,330,-353,353
2,11,179,320,-287,408
2,11,180,362,-361,345
2,11,181,320,-353,353
2,11,181,324,-353,353
2,11,182,316,-287,408
2,11,182,329,-353,353
2,11,183,355,-361,345
2,11,183,389,-441,-236
2,11,184,381,-421,-267
2,11,185,312,-277,416
2,11,185,322,-351,351
2,11,185,325,-359,343
2,11,186,343,-345,361
2,11,186,346,-345,361
2,11,186,346,-335,371
2,11,188,307,-340,325
2,11,188,308,-340,325
2,11,188,310,-340,325
2,11,188,311,-340,325
2,11,188,312,-340,325
2,11,188,313,-340,325
2,11,188,314,-340,325
2,11,188,315,-340,325
2,11,188,317,-340,325
2,11,188,319,-340,325
2,11,188,320,-340,325
2,11,188,321,-340,325
2,11,188,322,-340,325
2,11,188,340,-345,361
2,11,189,307,-340,325
2,11,189,310,-340,325
2,11,189,315,-340,325
2,11,189,317,-340,325
2,11,189,318,-316,349
2,11,189,319,-340,325
2,11,189,321,-340,325
2,11,189,322,-340,325
2,11,190,322,-350,316
2,11,190,322,-340,325
2,11,191,321,-340,325
2,11,192,316,-321,307
2,11,192,319,-321,307
2,11,193,306,-378,326
2,11,194,321,-386,316
2,11,196,326,-408,287
2,11,203,350,-471,-11
1,8,128,291,-264,0
1,8,130,291,-290,0
1,8,131,291,-316,0
1,8,139,291,-421,0
1,8,139,312,0,-418
1,8,142,291,-447,0
1,8,145,291,-473,0
1,8,146,267,-473,0
1,8,146,291,-473,0
1,8,146,322,-224,-447
1,8,148,327,-212,-451
1,8,150,292,-500,0
1,8,155,294,-500,0
1,8,159,260,-478,144
1,8,160,320,-500,0
1,8,161,266,-500,0
2,7,125,206,-131,196
2,7,129,277,-258,332
2,7,131,203,26,0
2,7,133,209,170,-163
2,7,135,272,83,276
2,7,136,211,-167,78
2,7,137,203,26,-45
2,7,138,210,-7,-78
2,7,138,211,-23,-12
2,7,139,174,0,471
2,7,139,272,0,447
2,7,139,276,121,202
2,7,139,309,-191,-462
2,7,140,310,-224,-447
2,7,141,313,-224,-447
2,7,145,261,-231,123
2,7,153,150,-156,474
2,7,156,322,-394,-306
2,7,162,216,-366,0
2,7,167,264,-4,-183
2,7,169,241,-418,0
2,7,171,284,-400,-201
2,7,173,238,-444,0
2,7,173,249,-444,0
2,7,178,211,-471,23
2,7,178,212,-471,23
2,7,178,213,-471,23
2,7,178,214,-471,23
2,7,178,215,-471,23
2,7,178,217,-471,23
2,7,178,218,-471,23
2,7,178,219,-471,23
2,7,178,221,-471,23
2,7,178,222,-471,23
2,7,178,223,-471,23
2,7,178,225,-471,23
2,7,178,231,-471,23
2,7,178,232,-471,23
2,7,178,234,-471,23
2,7,178,235,-471,23
2,7,178,236,-471,23
2,7,178,238,-471,23
2,7,178,240,-471,23
2,7,178,241,-471,23
2,7,178,242,-471,23
2,7,178,243,-471,23
2,7,178,244,-471,23
2,7,178,246,-471,23
2,7,178,248,-471,23
2,7,178,249,-471,23
2,7,178,250,-471,23
2,7,178,251,-471,23
2,7,178,252,-471,23
2,7,178,254,-471,23
2,7,178,255,-471,23
2,7,178,257,-471,23
2,7,178,258,-471,23
2,7,178,259,-471,23
2,7,178,260,-471,23
2,7,178,261,-471,23
2,7,178,262,-471,23
2,7,178,263,-471,23
2,7,178,264,-471,23
2,7,178,265,-471,23
2,7,183,265,-444,22
2,7,185,189,-500,0
2,7,185,291,-500,0
2,7,186,291,-500,0
2,7,187,259,-353,-353
2,7,188,261,-345,-361
2,7,190,263,-353,-353
2,7,191,255,-392,19
2,7,191,263,-353,-353
2,7,195,255,-366,18
2,7,199,209,-340,17
2,7,199,210,-340,17
2,7,199,211,-340,17
2,7,199,212,-340,17
2,7,199,213,-340,17
2,7,199,214,-340,17
2,7,199,215,-340,17
2,7,199,216,-340,17
2,7,199,217,-340,17
2,7,199,218,-340,17
2,7,199,220,-340,17
2,7,199,221,-340,17
2,7,199,222,-340,17
2,7,199,224,-340,17
2,7,199,228,-340,17
2,7,199,230,-340,17
2,7,199,231,-340,17
2,7,199,232,-340,17
2,7,199,233,-340,17
2,7,199,234,-340,17
2,7,199,235,-340,17
2,7,199,237,-340,17
2,7,199,238,-340,17
2,7,199,239,-340,17
2,7,199,240,-340,17
2,7,199,241,-340,17
2,7,199,242,-340,17
2,7,199,243,-340,17
2,7,199,245,-340,17
2,7,199,246,-340,17
2,7,199,247,-340,17
2,7,199,248,-340,17
2,7,199,249,-340,17
2,7,199,250,-340,17
2,7,199,251,-340,17
2,7,199,252,-340,17
2,7,199,253,-340,17
2,7,199,254,-340,17
2,7,199,256,-340,17
2,7,199,257,-340,17
2,7,199,258,-340,17
2,7,199,259,-340,17
2,7,199,260,-340,17
2,7,199,261,-340,17
2,7,199,262,-340,17
2,7,199,263,-340,17
2,7,199,264,-340,17
2,7,200,211,-314,0
2,7,200,214,-314,0
2,7,200,215,-314,0
2,7,200,221,-314,0
2,7,200,226,-314,0
2,7,200,232,-314,0
2,7,200,254,-314,0
2,7,200,256,-314,0
2,7,200,258,-314,0
2,7,205,229,-500,0
2,3,130,148,-26,1
2,3,131,144,-190,317
2,3,132,148,0,369
2,3,132,148,21,13
2,3,134,140,-117,62
2,3,134,148,7,78
2,3,135,148,-283,346
2,3,136,142,142,-95
2,3,138,148,-12,-238
2,3,138,148,0,0
2,3,139,141,-366,-44
2,3,139,142,-138,101
2,3,139,162,0,-26
2,3,139,181,-191,-462
2,3,139,184,0,-500
2,3,139,185,0,-500
2,3,139,200,0,-340
2,3,139,205,0,-500
2,3,140,146,117,-176
2,3,141,140,234,-23
2,3,146,144,51,-232
2,3,146,193,-132,-482
2,3,148,198,-132,-482
2,3,150,172,-140,-425
2,3,151,176,-148,-450
2,3,171,76,-203,-203
2,3,174,100,-447,0
2,3,181,173,-361,-345
2,3,182,173,-361,-345
2,3,183,130,-335,-371
2,3,185,156,-344,-359
2,3,185,166,-359,-344
2,3,185,167,-359,-344
2,3,185,167,-351,-351
2,3,185,168,-359,-344
2,3,185,176,-351,-351
2,3,185,177,-359,-344
2,3,187,176,-371,-335
2,3,188,160,-316,-350
2,3,188,171,-333,-333
2,3,188,180,-333,-333
2,3,189,157,-340,-325
2,3,189,162,-340,-325
2,3,189,169,-340,-325
2,3,189,170,-340,-325
2,3,189,171,-340,-325
2,3,189,180,-340,-325
87,4,2846,219,0,-500
68,0,2201,75,500,0
68,0,2237,82,-212,-451
68,0,2240,69,0,-395
68,0,2240,82,0,-473
58,0,1895,84,-306,-394
58,0,1897,84,-457,-203
125,95,3937,3009,340,325
125,95,3937,3010,340,325
125,95,3938,3004,361,345
125,95,3938,3010,340,325
125,95,3939,2995,340,325
125,95,3939,3003,332,332
125,95,3939,3003,340,325
125,95,3939,3004,332,332
125,95,3939,3004,340,325
125,95,3939,3006,332,332
125,95,3939,3007,332,332
125,95,3939,3008,332,332
125,95,3939,3009,332,332
125,95,3940,3003,340,325
125,95,3940,3010,332,332
125,95,3942,3017,353,353
125,95,3943,3012,358,343
125,95,3953,3060,447,0
125,95,3985,2984,500,0
125,95,3987,2984,417,223
125,95,3994,3003,158,-446
125,95,4020,3016,112,223
126,94,3969,3038,451,-212
126,94,3981,3036,488,-109
126,94,3994,2994,290,373
126,94,3996,2995,225,306
126,94,3996,2996,225,306
126,94,3996,2996,342,0
126,94,3996,2998,274,353
126,93,3967,2979,500,0
126,93,3967,2991,498,-37
126,93,3968,2979,500,0
126,93,3971,2979,494,74
126,93,3972,2972,492,-85
126,93,3972,2972,500,0
126,93,3976,2974,441,236
126,93,3994,3020,299,-366
125,92,3925,2979,500,0
125,92,3928,2932,314,0
125,92,3928,2934,314,0
125,92,3928,2935,314,0
125,92,3928,2941,314,0
125,92,3928,2977,314,0
125,92,3928,2979,314,0
125,92,3928,2979,334,-58
125,92,3928,2981,340,-8
125,92,3929,2974,340,-8
125,92,3931,2923,340,0
125,92,3931,2972,340,0
125,92,3935,2916,387,0
125,92,3939,2916,392,0
125,92,3940,2907,345,361
125,92,3943,2979,418,0
125,92,3949,2979,473,0
125,92,3949,2980,471,-24
125,92,3952,2986,445,-159
125,92,3953,2979,447,0
125,92,3956,2965,342,-327
125,92,3962,3020,426,-256
125,92,3976,2906,160,361
125,92,3978,2941,-210,155
125,92,3989,2923,0,0
1,95,84,3001,-132,371
1,95,91,3024,193,-86
1,95,96,3005,-332,-300
1,95,100,3022,-266,-360
1,95,101,3015,58,-391
1,95,132,3060,-316,0
1,95,138,2989,-345,361
1,95,146,3060,-473,0
1,95,150,3038,-345,361
1,95,150,3060,-500,0
1,95,153,2999,-359,343
1,95,153,3000,-351,351
1,95,153,3001,-351,351
1,95,154,3034,-345,361
1,95,155,3013,-359,343
1,95,156,2997,-340,325
1,95,156,2998,-340,325
1,95,156,3010,-340,325
1,95,156,3019,-408,287
1,95,157,2995,-340,325
1,95,157,2996,-340,325
1,95,157,2997,-340,325
1,95,157,3010,-340,325
1,95,158,3010,-350,316
1,95,158,3010,-340,325
1,95,159,2996,-371,335
1,95,159,3009,-350,316
1,95,164,3013,-402,296
1,92,137,2950,-418,0
1,92,137,2970,-418,0
1,92,139,2964,-335,-335
1,92,143,2940,-471,0
1,92,146,2933,-471,23
1,92,146,2952,-471,23
1,92,146,2954,-471,23
1,92,146,2967,-471,23
1,92,146,2975,-471,23
1,92,146,2977,-471,23
1,92,146,2980,-473,0
1,92,152,2940,-418,0
1,92,152,2953,-471,0
1,92,155,2979,-500,0
1,92,163,2981,-471,-24
1,92,163,2981,-469,-35
1,92,164,2980,-471,-24
1,92,164,2981,-471,-24
1,92,165,2980,-471,-11
1,92,166,2977,-340,7
1,92,167,2929,-340,17
1,92,167,2932,-340,17
1,92,167,2934,-340,17
1,92,167,2940,-314,0
1,92,167,2945,-340,17
1,92,167,2949,-340,17
1,92,167,2950,-340,17
1,92,167,2951,-340,17
1,92,167,2953,-340,17
1,92,167,2964,-340,17
1,92,167,2966,-340,17
1,92,167,2969,-340,17
1,92,167,2972,-340,17
1,92,167,2974,-340,17
1,92,167,2976,-340,17
1,92,168,2968,-314,0
1,92,168,2974,-314,0
1,92,168,2981,-444,-22
0,93,110,3007,-447,-23
0,93,112,3031,-451,-212
0,93,121,3035,-447,-224
0,93,121,3036,-441,-236
0,93,123,2983,-500,0
0,93,125,2978,-494,74
0,93,125,2979,-494,74
0,93,126,2979,-496,60
0,93,128,2979,-500,0
0,93,128,2979,-498,48
0,93,130,2981,-488,109
0,94,96,2999,-257,365
0,94,107,3007,-419,-41
0,94,110,2985,-441,236
0,94,110,3007,-447,-23
0,94,111,3008,-446,-33
0,94,113,2986,-492,85
0,94,114,2986,-498,37
0,94,119,2981,-457,203
0,94,126,3038,-447,-224
125,33,3925,1058,500,25
125,33,3935,1118,387,-9
125,33,3936,1053,478,144
125,33,3936,1118,391,-29
125,33,3936,1118,392,-20
125,33,3936,1119,391,-29
125,33,3936,1131,321,-307
125,33,3937,1117,500,0
125,33,3937,1118,391,-29
125,33,3937,1119,391,-29
125,33,3938,1038,494,-74
125,33,3938,1117,392,0
125,33,3939,1117,392,0
125,33,3940,1132,340,-325
125,33,3942,1105,358,-344
125,33,3943,1105,351,-351
125,33,3943,1106,351,-351
125,33,3943,1117,500,0
125,33,3943,1124,351,-351
125,33,3943,1128,351,-351
125,33,3944,1105,351,-351
125,33,3947,1103,361,-345
125,33,3976,1140,156,-474
125,33,3998,1116,-25,500
126,34,3977,1116,473,0
126,34,3981,1115,473,0
126,34,3981,1116,473,0
126,34,3981,1117,473,0
126,34,3985,1100,447,0
126,34,3987,1128,358,-309
126,34,3990,1116,421,0
126,34,3994,1102,156,-15
126,34,3994,1132,299,-366
126,35,3972,1155,148,-450
126,35,3981,1117,473,0
126,35,3981,1139,473,0
126,35,3981,1140,473,0
126,35,3992,1122,350,233
126,35,3996,1110,274,353
125,36,3928,1140,314,0
125,36,3928,1141,314,0
125,36,3928,1142,314,0
125,36,3928,1143,314,0
125,36,3928,1145,314,0
125,36,3928,1146,314,0
125,36,3928,1148,314,0
125,36,3928,1154,314,0
125,36,3928,1156,314,0
125,36,3928,1160,314,0
125,36,3928,1166,314,0
125,36,3928,1170,314,0
125,36,3928,1172,314,0
125,36,3928,1174,314,0
125,36,3928,1175,314,0
125,36,3928,1179,314,0
125,36,3928,1183,314,0
125,36,3928,1187,314,0
125,36,3928,1191,314,0
125,36,3928,1192,314,0
125,36,3928,1195,314,0
125,36,3929,1143,340,-17
125,36,3929,1163,340,-17
125,36,3929,1195,340,-17
125,36,3939,1187,392,0
125,36,3943,1191,418,0
125,36,3943,1192,418,0
125,36,3943,1195,418,0
125,36,3943,1219,500,0
125,36,3943,1225,490,-97
125,36,3948,1222,421,-267
125,36,3956,1205,342,-327
125,36,3964,1110,274,353
125,36,3984,1105,109,488
1,33,75,1105,0,0
1,33,92,1123,-357,89
1,33,93,1122,-250,-305
1,33,93,1128,-408,101
1,33,101,1101,-263,175
1,33,102,1106,-33,341
1,33,108,1129,-109,-488
1,33,108,1130,-132,-482
1,33,109,1130,-109,-488
1,33,111,1139,-121,-484
1,33,118,1132,-140,-425
1,33,119,1136,-148,-450
1,33,136,1040,-182,21
1,33,140,1115,-466,-179
1,33,143,1037,-94,-244
1,33,153,1116,-344,-359
1,33,153,1125,-359,-344
1,33,153,1126,-359,-344
1,33,153,1127,-359,-344
1,33,153,1127,-351,-351
1,33,153,1128,-359,-344
1,33,156,1120,-325,-340
1,33,156,1131,-333,-333
1,33,157,1084,-500,0
1,33,157,1117,-340,-325
1,33,157,1128,-340,-325
1,33,157,1129,-340,-325
1,33,157,1130,-340,-325
1,33,157,1131,-340,-325
1,33,158,1117,-340,-325
1,33,158,1118,-340,-325
1,33,161,1038,-496,-60
1,33,167,1081,-498,37
1,33,172,1084,-500,11
0,34,77,1140,372,248
0,34,101,1133,-290,-374
0,34,104,1136,-316,-386
0,34,111,1102,-447,-23
0,34,113,1142,-470,-167
0,34,114,1143,-470,-167
0,34,115,1144,-451,-212
0,34,118,1144,-470,-167
0,34,119,1078,-246,435
0,34,123,1146,-470,-167
0,34,124,1149,-500,0
0,34,128,1092,-500,0
0,35,85,1118,-237,-17
0,35,97,1109,-266,360
0,35,98,1110,-274,353
0,35,110,1114,-255,-57
0,35,113,1158,-167,-470
0,35,114,1159,-167,-470
0,35,116,1131,-462,103
0,35,119,1146,-447,-224
0,35,125,1148,-500,0
0,35,125,1149,-500,0
0,35,125,1149,-466,-179
0,35,126,1149,-496,-60
0,35,128,1148,-500,0
0,35,135,1119,-500,-25
1,36,98,1110,-274,353
1,36,107,1197,-164,133
1,36,107,1205,0,261
1,36,119,1103,-148,449
1,36,119,1103,-109,488
1,36,121,1221,-258,-299
1,36,125,1125,-212,423
1,36,129,1167,-283,346
1,36,130,1110,-274,353
1,36,137,1190,-418,0
1,36,141,1164,-444,0
1,36,142,1172,-444,0
1,36,142,1194,-353,353
1,36,145,1153,-471,-11
1,36,146,1152,-471,23
1,36,146,1154,-471,23
1,36,146,1156,-471,23
1,36,146,1158,-471,23
1,36,146,1160,-471,23
1,36,146,1162,-471,23
1,36,146,1164,-471,23
1,36,146,1166,-471,23
1,36,146,1167,-471,23
1,36,146,1168,-471,23
1,36,146,1170,-471,23
1,36,146,1172,-471,23
1,36,146,1180,-471,23
1,36,146,1182,-471,23
1,36,146,1183,-471,23
1,36,146,1184,-471,23
1,36,146,1185,-471,23
1,36,146,1186,-471,23
1,36,146,1187,-471,23
1,36,146,1188,-471,23
1,36,146,1189,-471,23
1,36,146,1190,-471,23
1,36,146,1190,-353,353
1,36,146,1191,-471,23
1,36,146,1192,-471,23
1,36,146,1193,-471,23
1,36,151,1151,-444,22
1,36,151,1180,-444,22
1,36,151,1182,-444,22
1,36,152,1216,-353,-353
1,36,156,1220,-361,-345
1,36,156,1220,-353,-353
1,36,159,1223,-353,-353
1,36,163,1201,-366,18
1,36,166,1148,-340,0
1,36,166,1154,-340,-8
1,36,167,1149,-340,17
1,36,167,1150,-340,17
1,36,167,1151,-340,-17
1,36,167,1151,-340,17
1,36,167,1153,-340,17
1,36,167,1155,-340,17
1,36,167,1157,-340,17
1,36,167,1159,-340,17
1,36,167,1161,-340,17
1,36,167,1163,-340,17
1,36,167,1164,-340,17
1,36,167,1165,-340,17
1,36,167,1166,-340,17
1,36,167,1167,-340,17
1,36,167,1169,-340,17
1,36,167,1171,-340,17
1,36,167,1173,-340,17
1,36,167,1177,-340,17
1,36,167,1178,-340,17
1,36,167,1179,-340,17
1,36,167,1180,-340,17
1,36,167,1181,-340,17
1,36,167,1182,-340,17
1,36,167,1183,-340,17
1,36,167,1184,-340,17
1,36,167,1185,-340,17
1,36,167,1186,-340,17
1,36,167,1187,-340,17
1,36,167,1188,-340,17
1,36,167,1189,-340,17
1,36,167,1190,-340,17
1,36,167,1191,-340,17
1,36,167,1192,-340,17
1,36,167,1197,-340,-8
1,36,168,1165,-314,0
1,36,168,1183,-314,0
1,36,168,1185,-314,0
1,36,168,1190,-314,0
1,36,168,1194,-314,0
67,1,2071,83,490,-97
67,1,2088,116,361,-345
67,1,2091,113,361,-345
67,1,2103,120,189,-401
67,1,2112,121,0,-500
67,1,2146,133,0,-500
67,1,2156,96,332,-258
66,0,2114,88,267,-421
66,0,2116,91,212,-451
66,0,2118,94,121,-484
66,0,2122,87,283,-346
66,0,2130,60,38,-394
60,0,1958,94,0,-500
60,0,1968,79,-76,-441
60,0,1969,97,-144,-478
59,1,1959,100,0,-316
59,1,1970,138,0,-500
59,1,1986,123,-344,-359
59,1,1987,123,-344,-359
59,1,1990,122,-351,-351
59,1,1990,127,-325,-340
59,1,1991,123,-344,-359
59,1,1992,122,-351,-351
59,1,1994,127,-325,-340
59,1,2023,85,-484,-121
125,88,3935,2880,431,-32
125,88,3936,2878,392,0
125,88,3936,2888,321,-307
125,88,3936,2895,321,-307
125,88,3937,2878,392,-9
125,88,3937,2878,392,0
125,88,3938,2879,392,-9
125,88,3939,2880,457,-34
125,88,3940,2885,340,-325
125,88,3940,2892,340,-325
125,88,3941,2878,418,0
125,88,3941,2884,492,-85
125,88,3943,2881,351,-351
125,88,3943,2888,351,-351
125,88,3944,2881,351,-351
125,88,3944,2881,358,-344
125,88,3976,2900,156,-474
125,88,3986,2916,121,-484
125,88,3988,2860,16,76
125,88,3991,2864,338,50
125,88,3994,2868,-23,11
125,88,4005,2867,280,-77
126,89,3967,2878,498,-37
126,89,3970,2877,496,-60
126,89,3982,2886,167,-470
126,89,3983,2890,121,-484
126,89,3988,2882,0,-500
125,90,3928,2915,314,0
125,90,3928,2916,335,0
125,90,3928,2923,314,0
125,90,3929,2916,340,0
125,90,3931,2916,340,0
125,90,3937,2951,353,-353
125,90,3940,2948,353,-353
125,90,3943,2915,418,0
125,90,3943,2916,418,0
125,90,3943,2923,418,0
125,90,3944,2944,353,-353
125,90,3957,2916,414,0
125,90,3968,2922,119,290
125,90,3969,2952,297,-298
125,90,3971,2949,279,-279
125,90,3984,2921,-148,52
125,40,3934,1253,402,296
125,40,3936,1242,321,307
125,40,3937,1232,321,307
125,40,3937,1250,340,325
125,40,3938,1250,340,325
125,40,3939,1235,340,325
125,40,3939,1236,332,332
125,40,3939,1236,340,325
125,40,3939,1237,332,332
125,40,3939,1237,340,325
125,40,3939,1238,332,332
125,40,3939,1239,332,332
125,40,3939,1240,332,332
125,40,3939,1241,332,332
125,40,3939,1241,340,325
125,40,3939,1242,332,332
125,40,3939,1244,332,332
125,40,3939,1245,332,332
125,40,3939,1246,332,332
125,40,3939,1248,325,340
125,40,3939,1249,332,332
125,40,3939,1250,332,332
125,40,3941,1257,353,353
125,40,3943,1229,358,343
125,40,3943,1230,358,343
125,40,3946,1335,353,-353
125,40,3965,1268,291,304
125,40,3966,1266,291,304
125,40,3970,1300,157,0
125,40,3972,1300,212,0
125,40,3978,1207,121,484
125,40,3979,1209,121,484
125,40,3979,1269,-462,-191
125,40,3986,1268,-249,24
125,40,3988,1203,0,500
125,40,3988,1205,0,500
125,40,3988,1255,0,0
125,40,3990,1261,152,-101
125,40,3991,1259,-25,-5
125,40,3991,1266,325,-174
125,40,3992,1259,-133,-210
125,40,3994,1259,23,-12
125,40,3994,1262,248,-372
125,40,3994,1263,248,-372
125,40,3995,1263,181,-258
126,39,3971,1245,394,306
126,39,3973,1239,306,394
126,39,3985,1261,442,66
126,39,3986,1247,97,490
126,39,3988,1246,0,500
126,39,3993,1264,326,217
125,38,3923,1219,500,0
125,38,3928,1204,314,0
125,38,3928,1205,314,0
125,38,3928,1207,314,0
125,38,3928,1208,314,0
125,38,3928,1210,314,0
125,38,3928,1211,314,0
125,38,3928,1212,314,0
125,38,3928,1213,314,0
125,38,3928,1215,314,0
125,38,3928,1221,340,-8
125,38,3931,1195,340,0
125,38,3939,1183,392,0
125,38,3953,1161,361,345
125,38,3954,1162,361,345
125,38,3975,1181,130,0
125,38,3980,1180,-327,-32
125,38,3987,1161,224,447
125,38,4003,1201,314,15
1,40,94,1261,-19,-17
1,40,103,1263,-442,-66
1,40,107,1203,0,500
1,40,107,1266,-329,-219
1,40,116,1207,-212,451
1,40,139,1224,-353,353
1,40,144,1255,-450,148
1,40,146,1255,-450,148
1,40,153,1255,-500,0
1,40,153,1256,-488,109
1,40,156,1243,-340,325
1,40,156,1258,-340,325
1,40,157,1250,-392,0
1,40,158,1249,-392,8
1,40,159,1247,-419,31
1,40,159,1249,-392,8
1,40,159,1249,-392,19
1,40,161,1249,-366,8
1,40,161,1251,-500,0
1,40,162,1242,-490,97
1,40,164,1244,-494,74
1,40,167,1255,-500,0
1,40,168,1257,-500,0
0,39,98,1266,-421,21
0,39,101,1262,-340,-41
0,39,107,1240,0,500
0,39,107,1241,0,500
0,39,113,1241,-167,470
0,39,120,1274,-462,-191
0,39,124,1251,-381,281
0,39,125,1250,-494,74
0,39,125,1251,-494,74
0,39,126,1251,-496,60
1,38,106,1197,168,168
1,38,106,1202,-112,-144
1,38,106,1202,-7,-78
1,38,106,1203,-23,-12
1,38,107,1165,0,473
1,38,108,1161,-224,447
1,38,112,1185,-136,226
1,38,122,1267,-264,13
1,38,129,1246,-237,17
1,38,130,1174,-283,346
1,38,137,1248,-418,0
1,38,141,1234,-444,0
1,38,146,1203,-471,23
1,38,146,1204,-471,23
1,38,146,1205,-471,23
1,38,146,1207,-471,23
1,38,146,1209,-471,23
1,38,146,1211,-471,23
1,38,146,1212,-471,23
1,38,146,1213,-471,23
1,38,146,1214,-471,23
1,38,146,1222,-471,23
1,38,146,1224,-471,23
1,38,146,1226,-471,23
1,38,146,1228,-471,23
1,38,146,1230,-471,23
1,38,146,1232,-471,23
1,38,146,1236,-471,23
1,38,146,1241,-471,23
1,38,146,1247,-471,23
1,38,146,1248,-471,23
1,38,146,1249,-471,23
1,38,149,1249,-444,22
1,38,150,1251,-500,0
1,38,151,1220,-444,22
1,38,152,1183,-345,361
1,38,155,1185,-418,0
1,38,163,1214,-366,18
1,38,163,1253,-471,-24
1,38,164,1253,-471,-24
1,38,166,1248,-340,17
1,38,166,1249,-340,7
1,38,167,1198,-314,0
1,38,167,1201,-340,17
1,38,167,1202,-340,17
1,38,167,1203,-340,17
1,38,167,1204,-340,17
1,38,167,1206,-340,17
1,38,167,1207,-340,17
1,38,167,1208,-340,17
1,38,167,1209,-340,17
1,38,167,1210,-340,17
1,38,167,1211,-340,17
1,38,167,1212,-340,17
1,38,167,1213,-340,17
1,38,167,1219,-340,17
1,38,167,1221,-340,17
1,38,167,1223,-340,17
1,38,167,1225,-340,17
1,38,167,1227,-340,17
1,38,167,1229,-340,17
1,38,167,1231,-340,17
1,38,167,1233,-340,17
1,38,167,1235,-340,17
1,38,167,1238,-340,17
1,38,167,1240,-340,17
1,38,167,1243,-340,17
1,38,167,1244,-340,17
1,38,167,1245,-340,17
1,38,167,1246,-340,17
1,38,167,1247,-340,17
1,38,167,1248,-340,17
1,38,167,1253,-444,-22
1,38,168,1203,-314,0
1,38,168,1213,-314,0
1,38,168,1246,-314,0
1,38,168,1249,-314,0
1,38,173,1251,-500,0
1,88,100,2868,0,369
1,88,100,2868,161,302
1,88,101,2861,-258,181
1,88,106,2860,-139,119
1,88,107,2880,0,-264
1,88,107,2884,0,-316
1,88,107,2890,0,-369
1,88,117,2906,-156,-474
1,88,119,2900,-144,-478
1,88,121,2921,-156,-474
1,88,150,2878,-444,-10
1,88,151,2882,-444,22
1,88,152,2884,-418,0
1,88,153,2883,-418,0
1,88,153,2888,-359,-344
1,88,154,2878,-418,0
1,88,156,2891,-333,-333
1,88,157,2891,-340,-325
1,88,158,2878,-392,-9
1,88,158,2878,-392,0
1,88,158,2879,-392,-9
1,88,161,2877,-500,0
1,88,162,2884,-492,-85
0,89,33,2923,-500,0
0,89,87,2911,-99,-328
0,89,107,2887,0,-500
0,89,109,2843,-48,498
0,89,113,2886,-167,-470
0,89,115,2891,-179,-466
0,89,124,2883,-500,0
0,89,124,2884,-500,0
0,89,125,2877,-500,0
0,89,125,2877,-466,-179
