17,3,574,147,-210,155
17,3,580,141,-117,207
17,3,587,140,-49,-87
17,3,587,142,-84,62
17,3,587,142,-82,64
17,3,587,142,-79,67
17,3,587,142,-65,-35
17,3,587,142,-19,-18
17,3,587,142,-18,-19
17,3,587,142,-17,-19
17,3,587,143,-148,33
17,3,587,143,-117,-17
17,3,587,144,-143,105
17,3,587,144,-54,308
17,3,587,145,-157,19
17,3,587,145,-157,332
17,3,587,146,0,0
17,3,587,146,0,250
17,3,587,147,0,0
17,3,587,151,-10,103
17,3,587,166,0,-183
17,3,587,167,0,-104
17,3,587,175,0,-447
17,3,587,195,0,-418
17,3,587,200,0,-340
17,3,588,140,-115,-110
17,3,588,165,158,296
17,3,593,195,-121,-484
17,3,594,195,-121,-484
17,3,601,201,-156,-474
17,3,605,159,-248,-274
17,3,608,162,-335,-371
17,3,613,143,-130,259
17,3,613,171,-287,-408
17,3,614,141,-216,151
17,3,615,169,-345,-361
17,3,615,170,-335,-371
17,3,616,171,-327,-342
17,3,617,169,-361,-345
17,3,619,157,-148,-450
17,3,623,178,-335,-371
17,3,624,147,0,-340
17,3,626,181,-335,-371
17,3,627,180,-345,-361
17,3,628,173,-345,-361
17,3,629,185,-345,-361
17,3,630,169,-335,-371
17,3,630,176,-345,-361
17,3,633,172,-345,-361
17,3,633,173,-345,-361
17,3,636,193,-316,-350
17,3,637,176,-345,-361
17,3,646,68,-367,207
17,3,646,151,-457,-126
17,3,648,172,-327,-342
17,3,651,153,-414,-171
17,3,652,136,-209,0
17,3,652,152,-421,-150
17,3,656,135,-209,4
17,3,658,132,-473,0
17,3,658,151,-453,-137
17,3,658,152,-484,-121
17,3,658,157,-457,-203
17,3,663,151,-482,-132
17,3,665,132,-392,0
17,3,666,130,-500,11
17,3,666,131,-500,0
17,3,666,132,-500,0
17,3,666,139,-500,0
17,3,667,155,-482,-132
17,3,668,154,-457,-203
17,3,668,155,-457,-203
17,3,671,129,-500,11
17,3,672,156,-306,-394
17,3,672,157,-361,-345
17,3,679,145,-470,-167
16,5,576,208,-108,-97
16,5,576,212,178,218
16,5,577,204,-124,-118
16,5,579,212,-25,7
16,5,580,204,128,68
16,5,580,212,0,0
16,5,581,205,94,142
16,5,582,212,26,0
16,5,582,212,32,326
16,5,583,207,-57,161
16,5,584,208,128,182
16,5,584,212,22,12
16,5,585,212,26,1
16,5,586,205,86,130
16,5,586,210,5,250
16,5,586,210,153,197
16,5,587,204,-168,-33
16,5,587,212,-180,172
16,5,587,215,0,0
16,5,587,228,0,-316
16,5,588,245,-306,-394
16,5,590,229,250,166
16,5,595,231,405,39
16,5,598,240,-148,-450
16,5,598,240,-137,-453
16,5,598,241,-148,-450
16,5,599,244,-144,-478
16,5,607,154,-203,457
16,5,623,137,-451,212
16,5,628,215,-482,-132
16,5,632,226,-492,-85
16,5,633,222,-418,0
16,5,633,226,-494,-74
16,5,634,222,-418,-21
16,5,634,222,-418,0
16,5,634,227,-492,-85
16,5,636,218,-333,-333
16,5,637,213,-340,-325
16,5,637,217,-340,-325
16,5,637,218,-340,-325
16,5,637,219,-340,-325
16,5,637,222,-392,0
16,5,638,220,-392,0
16,5,638,222,-392,-20
16,5,638,222,-392,-9
16,5,638,222,-392,0
16,5,638,223,-392,-9
16,5,638,227,-494,-74
16,5,639,218,-392,19
16,5,639,220,-392,0
16,5,639,221,-500,0
16,5,639,223,-392,-9
16,5,639,226,-472,-46
16,5,639,227,-494,-74
16,5,640,220,-387,0
16,5,640,221,-392,0
16,5,641,164,-500,0
16,5,641,220,-500,0
16,5,641,220,-387,0
16,5,641,221,-500,0
16,5,641,222,-366,0
16,5,641,228,-492,-85
16,5,642,221,-500,0
16,5,642,227,-494,-74
16,5,642,228,-494,-74
16,5,642,228,-492,-85
16,5,643,228,-492,-85
16,5,653,156,-500,0
16,7,560,271,-151,-144
16,7,578,269,157,94
16,7,579,205,-80,-121
16,7,580,273,-203,275
16,7,586,269,-20,208
16,7,586,269,5,235
16,7,588,203,-23,-12
16,7,588,266,-130,195
16,7,589,269,-185,-144
16,7,590,279,-29,391
16,7,594,302,-87,-439
16,7,599,175,-148,449
16,7,600,177,-132,341
16,7,604,173,-165,371
16,7,605,168,-203,457
16,7,606,171,-162,343
16,7,613,256,-392,0
16,7,617,221,-418,0
16,7,617,224,-418,0
16,7,617,227,-418,0
16,7,617,230,-418,0
16,7,617,232,-418,0
16,7,617,244,-418,0
16,7,617,251,-418,0
16,7,617,262,-418,0
16,7,617,264,-418,0
16,7,621,222,-444,0
16,7,621,237,-444,0
16,7,621,240,-444,0
16,7,621,246,-444,0
16,7,624,264,-471,0
16,7,625,220,-471,10
16,7,625,222,-471,-11
16,7,625,224,-471,-11
16,7,626,219,-471,23
16,7,626,220,-471,23
16,7,626,221,-471,23
16,7,626,222,-471,-24
16,7,626,223,-471,-24
16,7,626,224,-471,23
16,7,626,225,-471,23
16,7,626,226,-471,23
16,7,626,227,-471,23
16,7,626,228,-471,23
16,7,626,229,-471,23
16,7,626,230,-471,23
16,7,626,231,-471,23
16,7,626,232,-471,23
16,7,626,233,-471,23
16,7,626,234,-471,23
16,7,626,235,-471,23
16,7,626,236,-471,23
16,7,626,238,-471,23
16,7,626,239,-471,23
16,7,626,240,-471,23
16,7,626,241,-471,23
16,7,626,242,-471,23
16,7,626,243,-471,23
16,7,626,244,-471,23
16,7,626,245,-471,23
16,7,626,246,-471,23
16,7,626,247,-471,23
16,7,626,248,-471,23
16,7,626,249,-471,23
16,7,626,250,-471,23
16,7,626,251,-471,23
16,7,626,252,-471,23
16,7,626,254,-471,23
16,7,626,255,-471,23
16,7,626,256,-471,23
16,7,626,257,-471,23
16,7,626,258,-471,23
16,7,626,259,-471,23
16,7,626,260,-471,23
16,7,626,261,-471,23
16,7,626,262,-471,23
16,7,626,263,-471,23
16,7,626,264,-471,23
16,7,626,265,-471,-24
16,7,626,265,-471,23
16,7,628,203,-224,447
16,7,628,232,-444,0
16,7,628,239,-444,0
16,7,628,240,-444,0
16,7,628,251,-444,0
16,7,628,256,-444,0
16,7,628,259,-444,0
16,7,628,264,-444,0
16,7,628,266,-444,0
16,7,629,222,-444,-10
16,7,629,255,-500,0
16,7,631,226,-444,22
16,7,631,258,-444,22
16,7,631,263,-444,22
16,7,632,220,-418,0
16,7,632,288,-353,-353
16,7,633,220,-418,0
16,7,633,221,-500,0
16,7,633,221,-418,0
16,7,633,289,-345,-361
16,7,634,289,-353,-353
16,7,635,290,-353,-353
16,7,636,292,-361,-345
16,7,636,293,-353,-353
16,7,637,264,-392,0
16,7,637,285,-500,0
16,7,637,292,-353,-353
16,7,637,293,-361,-345
16,7,638,276,-333,-333
16,7,638,294,-353,-353
16,7,639,221,-392,19
16,7,639,222,-392,19
16,7,639,236,-392,19
16,7,639,255,-392,19
16,7,639,262,-392,19
16,7,639,295,-353,-353
16,7,642,226,-366,-8
16,7,643,221,-366,18
16,7,643,222,-366,18
16,7,643,236,-366,18
16,7,643,252,-366,18
16,7,645,221,-500,0
16,7,645,222,-340,-8
16,7,646,220,-340,0
16,7,646,223,-471,-11
16,7,646,223,-340,-8
16,7,646,224,-340,-8
16,7,646,225,-340,-8
16,7,647,218,-340,17
16,7,647,219,-340,17
16,7,647,220,-340,17
16,7,647,220,-314,0
16,7,647,221,-340,0
16,7,647,221,-340,17
16,7,647,222,-340,17
16,7,647,223,-340,-8
16,7,647,223,-340,17
16,7,647,224,-340,17
16,7,647,225,-340,17
16,7,647,226,-340,17
16,7,647,227,-340,17
16,7,647,228,-340,17
16,7,647,229,-340,17
16,7,647,230,-340,17
16,7,647,231,-340,17
16,7,647,232,-340,17
16,7,647,233,-340,17
16,7,647,234,-340,17
16,7,647,235,-340,17
16,7,647,236,-340,17
16,7,647,237,-340,17
16,7,647,238,-340,17
16,7,647,239,-340,17
16,7,647,240,-340,17
16,7,647,241,-340,17
16,7,647,242,-340,17
16,7,647,243,-340,17
16,7,647,244,-340,17
16,7,647,245,-340,17
16,7,647,246,-340,-8
16,7,647,246,-340,17
16,7,647,247,-340,17
16,7,647,248,-340,17
16,7,647,249,-340,17
16,7,647,250,-340,17
16,7,647,251,-340,17
16,7,647,252,-340,17
16,7,647,253,-340,17
16,7,647,254,-340,17
16,7,647,255,-340,-8
16,7,647,255,-340,17
16,7,647,256,-340,17
16,7,647,257,-340,17
16,7,647,258,-340,0
16,7,647,258,-340,17
16,7,647,259,-340,17
16,7,647,260,-340,17
16,7,647,261,-340,17
16,7,647,262,-340,17
16,7,647,263,-340,-8
16,7,647,263,-340,17
16,7,647,264,-340,17
16,7,647,266,-340,-8
16,7,647,268,-340,-8
16,7,648,220,-314,0
16,7,648,221,-392,0
16,7,648,221,-314,0
16,7,648,226,-314,0
16,7,648,227,-314,0
16,7,648,231,-314,0
16,7,648,232,-314,0
16,7,648,233,-314,0
16,7,648,234,-314,0
16,7,648,237,-314,0
16,7,648,238,-314,0
16,7,648,239,-314,0
16,7,648,240,-314,0
16,7,648,241,-314,0
16,7,648,245,-314,0
16,7,648,251,-314,0
16,7,648,253,-314,0
16,7,648,254,-314,0
16,7,648,256,-314,0
16,7,648,257,-314,0
16,7,648,259,-314,0
16,7,648,260,-314,0
16,7,648,262,-314,0
16,7,648,264,-314,0
16,7,648,266,-314,0
16,7,649,207,-478,144
16,7,650,236,-341,25
16,7,651,220,-500,0
16,7,651,221,-500,0
16,7,651,222,-500,0
16,7,652,221,-500,0
16,7,653,221,-500,0
16,7,653,225,-498,-37
15,8,555,306,-187,-100
15,8,556,292,101,244
15,8,556,299,39,96
15,8,557,267,1,-78
15,8,559,292,-31,315
15,8,559,302,208,20
15,8,560,267,5,-104
15,8,562,307,289,28
15,8,564,267,14,-21
15,8,564,301,361,71
15,8,575,293,-250,-339
15,8,576,293,-266,-326
15,8,581,300,-290,-374
15,8,582,301,-281,-344
15,8,585,293,-421,0
15,8,587,265,0,289
15,8,590,288,-447,-23
15,8,591,287,-447,0
15,8,591,289,-446,-33
15,8,591,295,-447,0
15,8,592,251,-167,470
15,8,592,313,-361,-345
15,8,592,313,-335,-371
15,8,592,314,-361,-345
15,8,594,267,-473,0
15,8,594,284,-473,0
15,8,594,285,-473,0
15,8,594,286,-473,0
15,8,594,287,-473,0
15,8,594,288,-473,0
15,8,594,289,-473,0
15,8,594,290,-473,0
15,8,594,291,-473,0
15,8,594,292,-473,0
15,8,594,293,-473,0
15,8,594,294,-473,0
15,8,594,295,-473,0
15,8,594,296,-473,0
15,8,594,297,-473,0
15,8,594,298,-473,0
15,8,594,299,-473,0
15,8,599,267,-500,0
15,8,599,320,-441,-236
15,8,600,320,-441,-236
15,8,600,321,-441,-236
15,8,609,266,-500,0
15,8,610,260,-480,132
17,13,575,372,500,0
17,13,578,372,75,250
17,13,582,372,-226,321
17,13,587,360,0,500
17,13,587,376,0,395
17,13,587,377,0,78
17,13,587,392,-25,7
17,13,587,396,-20,-16
17,13,588,374,317,169
17,13,590,397,-425,139
17,13,591,392,-95,246
17,13,598,340,-121,484
17,13,601,371,-171,414
17,13,603,359,-48,498
17,13,605,498,-8,-369
17,13,608,399,122,-205
17,13,609,389,-280,-77
17,13,610,398,-81,-196
17,13,611,361,-326,378
17,13,611,402,101,-152
17,13,618,399,-112,-210
17,13,623,383,-335,371
17,13,624,356,-277,416
17,13,624,387,-132,126
17,13,625,388,-75,72
17,13,626,375,-345,361
17,13,626,386,-116,141
17,13,627,365,-353,353
17,13,627,372,-345,361
17,13,627,375,-345,361
17,13,628,368,-353,353
17,13,628,384,-176,194
17,13,628,385,-176,194
17,13,629,359,-345,361
17,13,629,384,-176,194
17,13,629,385,-189,180
17,13,629,392,-234,40
17,13,629,399,-266,117
17,13,630,358,-335,371
17,13,630,375,-361,345
17,13,630,383,-199,207
17,13,631,381,-153,178
17,13,631,384,-199,207
17,13,635,380,-246,235
17,13,635,380,-228,252
17,13,642,417,-264,0
17,13,642,419,-316,0
17,13,643,395,-437,97
17,13,643,395,-433,108
17,13,644,419,-208,198
17,13,649,393,-396,141
17,13,649,394,-403,121
17,13,649,394,-400,131
17,13,650,396,-411,92
17,13,652,391,-421,150
17,13,652,434,-31,180
17,13,652,472,-478,-144
17,13,652,499,-345,-361
17,13,653,386,-424,212
17,13,653,393,-428,129
17,13,653,394,-490,97
17,13,653,475,-466,-179
17,13,654,389,-438,181
17,13,654,394,-432,118
17,13,657,387,-438,181
17,13,657,424,-457,125
17,13,658,386,-457,203
17,13,659,387,-462,191
17,13,661,357,-334,368
17,13,661,416,-500,0
17,13,663,357,-333,332
17,13,663,358,-340,325
17,13,663,358,-333,332
17,13,663,392,-482,132
17,13,666,420,-500,0
17,13,669,441,-446,-33
17,13,670,388,-500,0
16,12,486,448,490,97
16,12,570,352,-250,-339
16,12,575,364,0,0
16,12,575,371,162,133
16,12,579,363,25,1
16,12,580,363,-296,-402
16,12,580,363,26,1
16,12,580,364,-14,-22
16,12,580,366,-248,-372
16,12,580,366,-46,-472
16,12,581,363,110,-269
16,12,581,364,-14,-21
16,12,581,366,-25,-262
16,12,582,363,23,-12
16,12,582,363,204,-167
16,12,582,365,-23,-12
16,12,582,368,-182,-258
16,12,583,363,23,-12
16,12,583,363,25,-3
16,12,584,363,22,-12
16,12,584,366,-48,-498
16,12,584,370,101,152
16,12,585,363,55,-88
16,12,585,367,-205,-307
16,12,585,371,86,-130
16,12,587,320,0,500
16,12,587,327,0,500
16,12,587,358,31,-260
16,12,587,363,-256,-137
16,12,587,371,103,28
16,12,588,352,-4,78
16,12,588,373,100,187
16,12,588,374,132,88
16,12,589,374,119,53
16,12,595,359,-107,-353
16,12,598,339,-150,421
16,12,599,335,-159,445
16,12,599,335,-148,449
16,12,601,361,-394,38
16,12,601,362,-395,19
16,12,602,361,-394,29
16,12,604,327,-353,353
16,12,605,328,-246,435
16,12,608,373,-233,210
16,12,609,372,-421,9
16,12,610,337,-272,386
16,12,612,404,-300,0
16,12,614,344,-323,309
16,12,614,344,-316,316
16,12,614,359,-457,125
16,12,614,389,-341,-25
16,12,619,409,0,-183
16,12,619,410,0,-178
16,12,619,424,-167,-470
16,12,622,359,-353,353
16,12,623,380,-447,0
16,12,623,396,-323,309
16,12,624,385,-361,345
16,12,626,354,-353,353
16,12,626,388,-500,0
16,12,627,387,-361,345
16,12,627,394,-148,449
16,12,628,367,-470,57
16,12,628,383,-472,-46
16,12,628,393,-316,386
16,12,628,396,-119,431
16,12,630,348,-287,408
16,12,630,380,-345,361
16,12,630,382,-345,361
16,12,631,361,-345,361
16,12,631,389,-361,345
16,12,632,382,-500,-25
16,12,633,333,-359,343
16,12,633,333,-351,351
16,12,633,334,-351,351
16,12,633,344,-277,416
16,12,633,364,-345,361
16,12,633,371,-345,361
16,12,634,333,-359,343
16,12,634,375,-345,361
16,12,634,377,-345,361
16,12,634,378,-345,361
16,12,634,379,-345,361
16,12,634,380,-345,361
16,12,634,388,-500,0
16,12,635,357,-369,333
16,12,635,380,-345,361
16,12,636,339,-333,332
16,12,636,340,-333,332
16,12,636,341,-340,325
16,12,636,342,-340,325
16,12,636,344,-340,325
16,12,636,345,-340,325
16,12,636,350,-340,325
16,12,636,351,-316,349
16,12,636,352,-500,0
16,12,636,352,-325,340
16,12,636,353,-340,325
16,12,636,354,-340,325
16,12,636,361,-345,361
16,12,636,373,-345,361
16,12,636,380,-500,0
16,12,637,338,-333,332
16,12,637,339,-340,325
16,12,637,340,-340,325
16,12,637,342,-340,325
16,12,637,344,-340,325
16,12,637,345,-340,325
16,12,637,346,-340,325
16,12,637,350,-340,325
16,12,637,350,-318,351
16,12,637,350,-316,349
16,12,637,354,-340,325
16,12,637,388,-500,0
16,12,638,354,-350,316
16,12,638,354,-340,325
16,12,638,420,-394,-306
16,12,639,340,-371,335
16,12,639,353,-350,316
16,12,639,353,-340,325
16,12,639,354,-340,325
16,12,640,351,-321,307
16,12,641,358,-402,296
16,12,642,354,-386,316
16,12,643,412,-474,-156
16,12,651,380,-500,0
16,12,651,388,-500,0
16,12,652,381,-500,0
16,12,652,388,-500,0
16,12,653,383,-498,-37
16,12,654,391,-500,-25
16,10,555,274,0,183
16,10,566,282,-151,365
16,10,569,276,-432,118
16,10,570,288,-250,-339
16,10,571,287,-266,-326
16,10,574,291,-372,-199
16,10,574,293,-230,-384
16,10,574,298,-54,-312
16,10,576,285,-332,-300
16,10,577,297,-212,-451
16,10,578,278,-283,346
16,10,579,288,-159,-446
16,10,580,283,-159,-446
16,10,580,302,-266,-360
16,10,581,279,-372,-248
16,10,582,288,60,-496
16,10,583,304,-88,-246
16,10,583,306,-349,-187
16,10,584,301,28,-233
16,10,586,305,-395,-211
16,10,586,305,2,-104
16,10,586,306,-7,-78
16,10,586,307,-23,-12
16,10,588,304,-178,-153
16,10,615,328,-340,0
16,10,617,380,-328,0
16,10,618,320,-415,50
16,10,619,323,-421,0
16,10,619,380,-447,-224
16,10,621,321,-444,0
16,10,622,320,-443,32
16,10,622,322,-444,10
16,10,623,266,-353,353
16,10,623,323,-473,0
16,10,623,324,-471,0
16,10,623,324,-444,0
16,10,625,284,-397,251
16,10,625,321,-471,23
16,10,625,323,-473,0
16,10,626,307,-471,23
16,10,626,308,-471,23
16,10,626,309,-471,23
16,10,626,310,-471,23
16,10,626,311,-471,23
16,10,626,312,-471,23
16,10,626,313,-471,23
16,10,626,314,-471,23
16,10,626,315,-471,23
16,10,626,316,-471,23
16,10,626,317,-471,23
16,10,626,318,-471,23
16,10,626,319,-471,23
16,10,626,320,-471,23
16,10,626,321,-471,23
16,10,626,322,-467,57
16,10,628,323,-444,10
16,10,630,316,-444,22
16,10,630,321,-444,22
16,10,630,356,-500,0
16,10,631,316,-444,22
16,10,631,317,-444,22
16,10,631,320,-444,22
16,10,631,323,-444,10
16,10,631,388,-500,0
16,10,632,324,-418,0
16,10,633,322,-418,0
16,10,633,323,-500,0
16,10,633,323,-418,9
16,10,634,323,-500,0
16,10,635,281,-334,368
16,10,636,324,-500,-25
16,10,637,324,-500,-25
16,10,637,324,-496,-60
16,10,637,389,-488,-109
16,10,638,325,-495,-48
16,10,639,316,-392,19
16,10,639,321,-391,28
16,10,639,324,-497,-25
16,10,641,380,-500,0
16,10,643,305,-366,18
16,10,643,321,-366,18
16,10,643,325,-471,-24
16,10,643,325,-469,-35
16,10,643,380,-500,0
16,10,644,326,-469,-35
16,10,645,300,-340,0
16,10,645,314,-329,82
16,10,645,323,-340,7
16,10,645,324,-471,-11
16,10,645,324,-471,0
16,10,645,326,-469,-46
16,10,646,298,-395,0
16,10,646,319,-339,33
16,10,646,320,-340,17
16,10,646,321,-340,17
16,10,646,324,-471,0
16,10,647,305,-340,17
16,10,647,306,-340,17
16,10,647,307,-340,17
16,10,647,308,-340,17
16,10,647,309,-340,17
16,10,647,310,-340,17
16,10,647,311,-340,17
16,10,647,312,-340,17
16,10,647,313,-340,17
16,10,647,313,-332,74
16,10,647,314,-340,17
16,10,647,314,-333,66
16,10,647,315,-340,17
16,10,647,315,-333,66
16,10,647,316,-340,17
16,10,647,316,-335,58
16,10,647,317,-340,17
16,10,647,318,-340,17
16,10,647,319,-340,17
16,10,647,320,-340,17
16,10,647,320,-339,25
16,10,647,321,-340,17
16,10,647,321,-339,25
16,10,647,322,-340,7
16,10,647,324,-340,0
16,10,647,324,-314,0
16,10,647,325,-444,-22
16,10,647,325,-443,-33
16,10,648,307,-314,0
16,10,648,311,-314,0
16,10,648,312,-314,0
16,10,648,314,-314,0
16,10,648,316,-314,0
16,10,648,318,-314,0
16,10,648,320,-314,0
16,10,648,322,-314,0
16,10,648,324,-340,0
16,10,648,324,-314,0
16,10,648,325,-444,-22
16,10,648,325,-443,-33
16,10,648,326,-443,-33
16,10,649,324,-444,0
16,10,649,325,-444,-10
16,10,650,304,-341,25
16,10,650,323,-471,0
16,10,651,322,-379,0
16,10,651,323,-500,0
16,10,653,323,-500,0
15,9,558,308,-132,198
15,9,560,308,-48,191
15,9,576,322,-264,13
15,9,577,308,-447,0
15,9,581,271,-389,67
15,9,581,275,-300,366
15,9,587,311,0,-235
15,9,587,325,0,-500
15,9,587,327,0,-500
15,9,589,312,-167,-470
15,9,589,323,-121,-484
15,9,590,299,-437,97
15,9,591,289,-446,-33
15,9,592,285,-447,0
15,9,594,285,-473,0
15,9,594,286,-473,0
15,9,594,287,-473,0
15,9,594,289,-473,0
15,9,594,290,-473,0
15,9,594,293,-473,0
15,9,594,299,-462,103
15,9,594,303,-470,57
15,9,594,304,-472,35
15,9,594,306,-473,10
15,9,594,307,-473,0
15,9,594,308,-473,0
15,9,594,323,-473,0
15,9,594,324,-473,0
15,9,595,272,-378,326
15,9,595,317,-361,-345
15,9,598,321,-500,11
15,9,598,324,-500,0
15,9,599,269,-441,236
15,9,599,286,-500,0
15,9,600,314,-462,-191
15,9,601,315,-457,-203
15,9,601,315,-451,-212
15,9,604,322,-474,-156
15,9,604,323,-500,0
15,9,604,324,-478,144
15,9,606,314,-496,60
15,9,606,317,-457,-203
15,9,607,316,-466,-179
15,9,607,317,-457,-203
15,9,608,314,-431,-107
15,9,608,323,-500,0
15,9,609,317,-470,-167
15,9,609,319,-451,-212
15,9,610,315,-482,-132
15,9,610,317,-474,-156
15,9,610,317,-466,-179
16,4,587,172,-329,219
16,4,587,172,-133,210
16,4,587,172,-123,217
16,4,587,176,74,138
16,4,588,171,43,28
16,4,589,176,173,116
16,4,591,175,208,20
16,4,591,178,234,22
16,4,591,179,234,22
16,4,592,177,260,25
16,4,593,176,217,-90
16,4,594,174,242,-100
16,4,594,178,326,32
16,4,594,182,353,34
16,4,594,186,-102,-408
16,4,595,184,-97,-490
16,4,595,236,-179,-466
16,4,596,176,310,-128
16,4,596,230,-132,-482
16,4,597,199,-132,-482
16,4,597,234,-121,-484
16,4,598,204,-140,-425
16,4,598,204,-121,-484
16,4,599,173,240,-294
16,4,599,208,-148,-450
16,4,600,213,-277,-416
16,4,603,217,-441,-236
16,4,604,167,-233,-350
16,4,604,181,316,-386
16,4,606,180,299,-366
16,4,606,183,-144,-478
16,4,608,220,-500,0
16,4,609,171,-272,-387
16,4,609,172,-272,-387
16,4,610,170,-266,-360
16,4,610,220,-500,0
16,4,611,155,-342,7
16,4,612,155,-255,-266
16,4,613,220,-500,0
16,4,616,177,-306,-394
16,4,617,139,-129,-129
16,4,617,160,-392,0
16,4,618,209,-361,-345
16,4,619,119,0,500
16,4,619,120,0,500
16,4,619,124,-97,490
16,4,619,139,0,418
16,4,619,182,-361,-345
16,4,619,183,-361,-345
16,4,619,184,-361,-345
16,4,619,185,-361,-345
16,4,621,119,-60,496
16,4,622,145,-151,-41
16,4,622,183,-361,-345
16,4,622,183,-287,-408
16,4,622,184,-361,-345
16,4,622,185,-361,-345
16,4,622,186,-361,-345
16,4,622,186,-353,-353
16,4,622,187,-361,-345
16,4,622,189,-361,-345
16,4,624,176,-361,-345
16,4,625,154,-473,10
16,4,626,188,-361,-345
16,4,626,189,-361,-345
16,4,626,190,-361,-345
16,4,626,191,-361,-345
16,4,626,193,-361,-345
16,4,627,180,-361,-345
16,4,628,175,-402,-296
16,4,628,180,-371,-335
16,4,628,180,-361,-345
16,4,628,192,-287,-408
16,4,629,185,-345,-361
16,4,629,191,-361,-345
16,4,629,192,-361,-345
16,4,630,183,-361,-345
16,4,630,185,-361,-345
16,4,630,186,-361,-345
16,4,630,187,-361,-345
16,4,630,188,-361,-345
16,4,630,189,-361,-345
16,4,630,190,-361,-345
16,4,630,192,-361,-345
16,4,630,193,-361,-345
16,4,630,194,-361,-345
16,4,630,195,-361,-345
16,4,632,178,-408,-287
16,4,633,184,-394,-306
16,4,633,186,-359,-344
16,4,633,187,-359,-344
16,4,633,189,-359,-344
16,4,633,189,-334,-369
16,4,633,190,-359,-344
16,4,633,191,-359,-344
16,4,633,192,-359,-344
16,4,633,195,-359,-344
16,4,633,196,-359,-344
16,4,633,197,-359,-344
16,4,633,198,-359,-344
16,4,633,199,-359,-344
16,4,633,200,-359,-344
16,4,634,186,-369,-334
16,4,634,186,-359,-344
16,4,634,200,-287,-408
16,4,636,180,-408,-287
16,4,636,183,-353,-353
16,4,636,193,-316,-350
16,4,636,198,-333,-333
16,4,636,199,-333,-333
16,4,636,200,-333,-333
16,4,637,164,-500,0
16,4,637,189,-340,-325
16,4,637,190,-340,-325
16,4,637,191,-340,-325
16,4,637,192,-340,-325
16,4,637,193,-340,-325
16,4,637,194,-340,-325
16,4,637,195,-340,-325
16,4,637,196,-340,-325
16,4,637,197,-340,-325
16,4,637,198,-340,-325
16,4,637,199,-340,-325
16,4,637,200,-340,-325
16,4,637,201,-340,-325
16,4,637,202,-340,-325
16,4,637,203,-340,-325
16,4,638,138,-392,8
16,4,638,181,-416,-277
16,4,638,189,-340,-325
16,4,638,190,-350,-316
16,4,638,190,-340,-325
16,4,639,190,-350,-316
16,4,640,138,-392,8
16,4,640,193,-330,-299
16,4,640,201,-321,-307
16,4,641,190,-394,-306
16,4,641,191,-394,-306
16,4,642,138,-392,8
16,4,642,156,-500,0
16,4,642,183,-416,-277
16,4,642,184,-421,-267
16,4,642,184,-408,-287
16,4,643,156,-500,0
16,4,643,188,-408,-287
16,4,643,189,-408,-287
16,4,644,186,-408,-287
16,4,647,156,-500,0
16,4,648,156,-500,0
16,4,650,159,-469,45
16,4,652,156,-500,11
16,4,652,163,-500,11
16,4,652,164,-500,0
94,114,2935,3658,314,0
94,114,2937,3673,498,37
94,114,2941,3706,408,-287
94,114,2944,3717,321,-307
94,114,2944,3720,321,-307
94,114,2944,3723,321,-307
94,114,2944,3727,321,-307
94,114,2946,3709,340,-325
94,114,2946,3710,340,-325
94,114,2947,3709,340,-325
94,114,2947,3712,325,-340
94,114,2948,3712,325,-340
94,114,2948,3714,340,-325
94,114,2948,3717,340,-325
94,114,2948,3721,340,-325
94,114,2948,3722,340,-325
94,114,2948,3724,340,-325
94,114,2950,3700,345,-361
94,114,2951,3710,351,-351
94,114,2951,3713,351,-351
94,114,2951,3716,351,-351
94,114,2951,3717,351,-351
94,114,2951,3718,351,-351
94,114,2951,3720,351,-351
94,114,2951,3729,351,-351
94,114,2954,3713,287,-408
94,114,2955,3726,361,-345
94,114,2961,3652,447,0
94,114,2967,3675,395,19
94,114,2968,3674,395,19
94,114,2977,3636,234,-17
94,114,2978,3733,277,-416
94,114,2980,3731,191,-462
94,114,2983,3677,157,23
94,114,2984,3728,148,-450
94,114,2987,3689,-472,-46
94,114,2987,3750,132,-482
94,114,2988,3609,114,378
94,114,2989,3745,132,-482
94,114,2994,3693,-162,132
94,114,2996,3726,0,-447
94,114,2996,3754,0,-500
94,114,3001,3693,258,181
94,114,3002,3699,-8,369
94,114,3002,3700,-330,165
94,114,3002,3700,-26,1
94,114,3003,3697,203,339
94,114,3003,3700,-7,51
94,116,2931,3708,500,0
94,116,2931,3741,500,0
94,116,2935,3737,338,25
94,116,2935,3742,335,-8
94,116,2935,3742,335,0
94,116,2936,3741,314,0
94,116,2936,3743,314,0
94,116,2936,3746,314,0
94,116,2936,3748,314,0
94,116,2936,3750,314,0
94,116,2936,3751,314,0
94,116,2936,3752,314,0
94,116,2936,3753,314,0
94,116,2936,3755,314,0
94,116,2937,3742,340,-8
94,116,2937,3742,340,0
94,116,2937,3743,340,-17
94,116,2937,3757,340,-8
94,116,2938,3741,340,0
94,116,2938,3742,340,0
94,116,2939,3741,340,0
94,116,2939,3742,340,-17
94,116,2939,3742,340,-8
94,116,2939,3744,338,-33
94,116,2939,3744,338,-25
94,116,2939,3745,338,-33
94,116,2939,3746,335,-50
94,116,2939,3747,334,-58
94,116,2939,3749,332,-74
94,116,2939,3764,340,0
94,116,2942,3770,444,0
94,116,2943,3772,366,0
94,116,2947,3740,392,0
94,116,2947,3751,392,0
94,116,2947,3755,392,0
94,116,2947,3772,392,0
94,116,2948,3682,345,361
94,116,2951,3748,418,0
94,116,2951,3750,418,0
94,116,2951,3751,418,0
94,116,2951,3752,418,0
94,116,2951,3753,418,0
94,116,2951,3755,418,0
94,116,2951,3780,418,0
94,116,2958,3756,471,-24
94,116,2961,3683,427,201
94,116,2962,3756,444,0
94,116,2963,3708,421,0
94,116,2966,3794,345,-361
94,116,2972,3708,342,0
94,116,2972,3741,369,0
94,116,2974,3713,218,228
94,116,2986,3746,287,0
94,116,2988,3781,421,-267
94,116,2994,3787,121,-484
94,116,2997,3769,-154,242
94,116,2998,3762,-19,260
94,116,3001,3787,308,-359
95,117,2974,3748,474,156
95,117,2975,3754,500,0
95,117,2976,3741,500,0
95,117,2980,3741,500,0
95,117,2989,3755,473,0
95,117,2989,3756,473,0
95,117,2989,3757,473,-11
95,117,2989,3758,473,-24
95,117,2989,3759,471,-35
95,117,2989,3760,469,-57
95,117,2989,3760,471,-46
95,117,2989,3768,473,0
95,117,2989,3770,473,0
95,117,2989,3771,473,0
95,117,2989,3772,473,0
95,117,2989,3773,473,0
95,117,2989,3774,473,0
95,117,2989,3776,473,0
95,117,2989,3777,473,0
95,117,2993,3763,437,-98
95,117,2993,3764,437,-98
95,117,2994,3761,442,-66
95,117,2994,3777,447,0
95,117,2995,3784,358,-309
95,117,2996,3775,417,50
95,117,2998,3755,421,0
95,117,2998,3792,236,-441
95,117,2998,3792,250,-305
95,117,3001,3787,308,-359
95,117,3003,3789,281,-381
95,117,3006,3778,183,0
95,117,3013,3768,-405,101
95,117,3027,3758,-23,-155
95,117,3028,3789,74,138
95,117,3028,3791,259,130
95,117,3028,3793,-272,181
95,117,3028,3794,12,23
94,121,2933,3907,500,0
94,121,2937,3848,500,0
94,121,2942,3844,405,0
94,121,2942,3844,500,0
94,121,2943,3843,366,0
94,121,2943,3844,387,0
94,121,2943,3844,393,0
94,121,2943,3844,405,0
94,121,2944,3843,366,0
94,121,2944,3844,387,0
94,121,2945,3841,392,8
94,121,2945,3844,392,0
94,121,2946,3841,392,8
94,121,2946,3842,392,0
94,121,2946,3842,392,19
94,121,2947,3830,332,332
94,121,2947,3832,332,332
94,121,2947,3832,340,325
94,121,2947,3834,332,332
94,121,2947,3845,332,332
94,121,2948,3843,392,0
94,121,2951,3821,378,279
94,121,2953,3818,353,353
94,121,2955,3849,353,353
94,121,2958,3851,353,353
94,121,2958,3853,353,353
94,121,2965,3866,182,148
94,121,2980,3816,500,0
94,121,2984,3849,212,0
94,121,2988,3847,185,0
94,121,2989,3846,133,0
94,121,2989,3846,159,0
94,121,2993,3830,60,493
94,121,2996,3847,15,20
94,121,2997,3854,70,-140
94,121,2998,3851,100,27
94,121,2999,3855,-15,-208
94,121,2999,3858,69,-169
94,121,3000,3859,316,-7
94,121,3001,3859,283,-63
94,121,3003,3856,-21,-211
94,121,3006,3851,-117,-58
94,121,3006,3851,25,-5
94,121,3007,3854,101,-87
94,121,3009,3851,-9,-78
94,121,3009,3851,18,-49
94,121,3010,3851,-26,0
94,121,3010,3851,0,0
94,121,3010,3851,18,17
94,121,3010,3851,25,-5
94,121,3021,3851,100,-212
95,120,2975,3843,500,0
95,120,2976,3843,500,0
95,120,2976,3844,500,0
95,120,2977,3844,500,0
95,120,2978,3843,496,60
95,120,2979,3843,494,74
95,120,2979,3843,500,0
95,120,2980,3843,500,0
95,120,2980,3844,500,0
95,120,2990,3833,167,470
95,120,2990,3833,179,466
95,120,2993,3837,85,492
95,120,2996,3836,0,500
95,120,2996,3840,48,498
95,120,2996,3846,342,327
95,120,3018,3851,-287,0
95,120,3020,3860,-21,14
95,120,3022,3860,66,141
95,120,3023,3851,0,0
95,120,3024,3851,-7,-104
95,120,3024,3860,-162,302
88,2,2799,166,0,-500
88,2,2801,136,236,-441
88,2,2805,171,0,-500
88,2,2807,167,144,-478
88,2,2808,162,132,-482
88,2,2810,164,121,-484
88,2,2816,146,0,-473
88,2,2816,156,0,-500
88,2,2816,171,0,-500
88,2,2817,120,328,-90
88,2,2826,139,351,-318
88,2,2872,110,-195,75
88,2,2876,143,0,-447
88,2,2877,167,-17,-340
88,2,2878,155,-344,-359
88,2,2880,125,0,-392
88,2,2880,138,0,-418
88,2,2880,142,0,-444
88,2,2880,149,0,-444
88,2,2880,163,0,-500
88,2,2880,165,0,-340
88,2,2880,168,0,-500
88,2,2881,138,0,-418
88,2,2881,142,-22,-444
88,2,2881,168,-17,-340
88,2,2882,133,-29,-391
88,2,2882,138,0,-418
88,2,2882,168,-33,-339
88,2,2882,168,-25,-339
88,2,2882,168,-17,-340
88,2,2883,138,0,-418
88,2,2883,160,-58,-388
88,2,2883,167,-33,-339
88,2,2883,168,-17,-340
88,2,2884,138,0,-418
88,2,2884,164,-44,-363
88,2,2884,168,-17,-340
88,2,2885,138,0,-418
88,2,2885,168,-17,-340
88,2,2886,138,0,-418
88,2,2886,166,-58,-335
88,2,2886,168,-17,-340
88,2,2887,138,0,-418
88,2,2887,149,0,-444
88,2,2887,155,-344,-359
88,2,2887,168,-17,-340
88,2,2887,169,0,-314
88,2,2888,138,0,-418
88,2,2888,168,-17,-340
88,2,2889,138,0,-418
88,2,2889,168,-17,-340
88,2,2889,169,0,-314
88,2,2890,159,-325,-340
88,2,2890,168,-17,-340
88,2,2891,142,-22,-444
88,2,2891,155,-344,-359
88,2,2891,168,-17,-340
88,2,2892,155,-344,-359
88,2,2893,155,-344,-359
88,2,2893,168,-17,-340
88,2,2894,159,-325,-340
88,2,2898,155,-344,-359
88,2,2900,155,-344,-359
88,2,2901,155,-344,-359
88,2,2901,159,-325,-340
88,2,2901,159,-224,-353
88,2,2902,155,-344,-359
88,2,2902,165,-180,-319
88,2,2902,165,-173,-323
88,2,2903,154,-351,-351
88,2,2903,159,-325,-340
88,2,2903,165,-189,-315
88,2,2904,155,-344,-359
88,2,2904,159,-325,-340
88,2,2906,155,-344,-359
88,2,2907,159,-325,-340
88,2,2909,159,-325,-340
88,2,2910,123,-407,0
88,2,2911,155,-369,-334
88,2,2915,155,-386,-316
88,2,2915,158,-350,-316
88,2,2916,116,-464,-92
88,2,2918,108,-78,-7
88,2,2919,155,-344,-359
88,2,2926,121,-482,-132
88,2,2946,103,-469,-46
88,2,2946,105,-285,-35
85,3,2788,148,0,369
85,3,2789,141,-263,175
85,3,2793,147,10,209
85,3,2795,162,0,-316
85,3,2795,191,0,-500
85,3,2795,197,0,-500
85,3,2797,144,-95,-189
85,3,2802,193,-132,-482
85,3,2804,198,-132,-482
85,3,2806,172,-140,-425
85,3,2807,176,-148,-450
85,3,2809,182,-261,-392
85,3,2820,132,0,-78
85,3,2826,181,-345,-361
85,3,2834,122,-472,35
85,3,2837,173,-361,-345
85,3,2841,164,-359,-344
85,3,2841,165,-359,-344
85,3,2841,167,-359,-344
85,3,2841,167,-351,-351
85,3,2841,168,-359,-344
85,3,2841,176,-351,-351
85,3,2841,177,-359,-344
85,3,2843,176,-371,-335
85,3,2844,171,-333,-333
85,3,2845,157,-340,-325
85,3,2845,167,-340,-325
85,3,2845,168,-340,-325
85,3,2845,170,-340,-325
85,3,2845,171,-340,-325
85,3,2860,131,-500,0
85,8,2707,352,0,-500
85,8,2707,362,0,-500
85,8,2722,363,0,-500
85,8,2735,348,0,-500
85,8,2735,358,0,-500
85,8,2735,363,0,-500
85,8,2763,210,0,183
85,8,2782,234,-54,-312
85,8,2784,216,-155,210
85,8,2784,221,-332,-300
85,8,2784,234,106,-298
85,8,2784,241,153,-146
85,8,2787,224,-159,-446
85,8,2788,233,-46,-472
85,8,2788,238,-266,-360
85,8,2790,224,60,-496
85,8,2790,228,191,-462
85,8,2792,242,-87,-130
85,8,2793,243,-48,-62
85,8,2794,243,-23,-12
85,8,2795,187,0,500
85,8,2795,205,0,473
85,8,2795,239,-10,-209
85,8,2825,286,-418,0
85,8,2829,282,-444,0
85,8,2831,291,-447,0
85,8,2833,249,-345,-361
85,8,2834,244,-471,23
85,8,2834,246,-471,23
85,8,2834,248,-471,23
85,8,2834,251,-471,23
85,8,2834,253,-471,23
85,8,2834,256,-471,23
85,8,2834,258,-471,23
85,8,2834,258,-469,34
85,8,2834,260,-471,23
85,8,2834,262,-471,23
85,8,2834,264,-471,23
85,8,2834,266,-471,23
85,8,2834,268,-471,23
85,8,2834,270,-471,23
85,8,2834,272,-471,23
85,8,2834,282,-471,23
85,8,2834,284,-471,23
85,8,2834,286,-471,23
85,8,2834,287,-471,23
85,8,2834,288,-471,23
85,8,2834,289,-471,23
85,8,2836,259,-444,10
85,8,2837,289,-444,22
85,8,2838,291,-500,0
85,8,2839,249,-444,22
85,8,2839,270,-444,22
85,8,2840,223,-345,361
85,8,2840,260,-418,0
85,8,2841,291,-500,0
85,8,2842,291,-500,0
85,8,2843,219,-345,361
85,8,2847,216,-345,361
85,8,2848,317,-500,0
85,8,2850,291,-497,-11
85,8,2850,320,-498,-37
85,8,2853,259,-340,0
85,8,2854,289,-340,7
85,8,2855,241,-340,17
85,8,2855,243,-340,17
85,8,2855,245,-340,17
85,8,2855,247,-340,17
85,8,2855,248,-340,17
85,8,2855,250,-340,17
85,8,2855,252,-340,17
85,8,2855,253,-340,17
85,8,2855,255,-340,17
85,8,2855,257,-340,17
85,8,2855,259,-340,17
85,8,2855,261,-340,17
85,8,2855,263,-340,17
85,8,2855,265,-340,17
85,8,2855,267,-340,17
85,8,2855,269,-340,17
85,8,2855,271,-340,17
85,8,2855,281,-340,17
85,8,2855,283,-340,17
85,8,2855,284,-340,17
85,8,2855,285,-340,17
85,8,2855,286,-340,17
85,8,2855,287,-340,17
85,8,2855,288,-340,17
85,8,2856,243,-314,0
85,8,2856,260,-314,0
85,8,2856,269,-314,0
85,8,2856,290,-314,0
85,8,2861,291,-500,0
85,5,2763,207,-121,-33
85,5,2781,226,-250,-305
85,5,2784,229,-275,-319
85,5,2795,239,0,-447
85,5,2795,242,0,-473
85,5,2796,197,79,-68
85,5,2797,232,-29,-394
85,5,2798,250,-37,-498
85,5,2803,250,-85,-492
85,5,2809,192,0,0
85,5,2825,190,-418,0
85,5,2826,242,-345,-361
85,5,2829,190,-444,-10
85,5,2829,245,-353,-353
85,5,2830,192,-443,-33
85,5,2831,188,-447,0
85,5,2831,247,-353,-353
85,5,2832,249,-353,-353
85,5,2833,190,-471,-11
85,5,2833,191,-469,-46
85,5,2833,249,-345,-361
85,5,2834,187,-471,23
85,5,2834,188,-471,23
85,5,2834,189,-471,-24
85,5,2834,190,-471,23
85,5,2834,191,-471,23
85,5,2834,192,-471,23
85,5,2834,193,-471,23
85,5,2834,195,-471,23
85,5,2834,197,-471,23
85,5,2834,199,-471,23
85,5,2834,201,-471,23
85,5,2836,130,-312,23
85,5,2838,129,-287,27
85,5,2839,194,-444,22
85,5,2840,188,-440,0
85,5,2841,189,-418,0
85,5,2842,188,-500,0
85,5,2843,190,-417,-31
85,5,2843,210,-363,-255
85,5,2847,132,-500,0
85,5,2847,188,-392,0
85,5,2847,191,-392,-20
85,5,2848,217,-330,-257
85,5,2850,215,-326,-217
85,5,2851,188,-366,0
85,5,2851,189,-500,0
85,5,2851,191,-366,-18
85,5,2851,191,-365,-27
85,5,2854,188,-340,0
85,5,2854,191,-340,-8
85,5,2854,192,-339,-25
85,5,2854,193,-339,-33
85,5,2855,186,-340,17
85,5,2855,187,-340,17
85,5,2855,188,-340,17
85,5,2855,189,-340,17
85,5,2855,190,-340,-17
85,5,2855,190,-340,-8
85,5,2855,190,-340,17
85,5,2855,191,-340,-17
85,5,2855,191,-340,-8
85,5,2855,191,-340,17
85,5,2855,192,-340,17
85,5,2855,192,-339,-33
85,5,2855,193,-340,17
85,5,2855,194,-340,17
85,5,2855,195,-337,-41
85,5,2855,196,-340,17
85,5,2855,196,-335,-58
85,5,2855,198,-340,17
85,5,2855,200,-340,17
85,5,2855,208,-314,0
85,5,2856,188,-335,0
85,5,2856,189,-500,0
85,5,2856,189,-314,0
85,5,2856,194,-314,0
85,5,2856,198,-314,0
85,5,2856,202,-314,0
85,5,2861,189,-500,0
85,5,2861,190,-500,0
85,5,2861,198,-466,-81
84,7,2724,313,-386,-316
84,7,2725,314,-386,-316
84,7,2763,205,-142,-157
84,7,2786,214,-274,353
84,7,2797,260,-121,-484
84,7,2797,261,-109,-488
84,7,2798,223,-446,33
84,7,2798,225,-447,10
84,7,2799,222,-446,43
84,7,2802,212,-473,0
84,7,2802,223,-473,0
84,7,2802,224,-473,0
84,7,2802,224,-473,10
84,7,2802,225,-473,10
84,7,2802,226,-473,0
84,7,2802,227,-473,0
84,7,2802,244,-473,0
84,7,2812,259,-500,0
84,7,2812,260,-500,0
84,7,2813,253,-494,74
86,2,2791,139,-177,-100
86,2,2795,109,-23,-12
86,2,2795,143,0,-447
86,2,2795,153,0,-500
86,2,2795,156,0,-500
86,2,2795,171,0,-500
86,2,2795,173,0,-500
86,2,2806,171,-121,-484
86,2,2808,169,-144,-478
86,2,2809,170,-144,-478
86,2,2817,131,-335,-371
86,2,2823,137,-345,-361
86,2,2823,137,-335,-371
86,2,2824,139,-335,-371
86,2,2827,147,-287,-408
86,2,2833,156,-287,-408
86,2,2838,134,-361,-345
86,2,2840,114,-356,-98
86,2,2851,117,-492,-85
86,2,2856,123,-466,-179
86,2,2859,121,-484,-121
86,2,2865,121,-484,-121
86,2,2870,122,-484,-121
86,2,2875,123,-482,-132
86,2,2876,108,-407,0
86,2,2880,125,-361,-345
84,6,2766,207,-155,-180
84,6,2786,203,-51,11
84,6,2795,254,0,-500
84,6,2796,231,-366,-300
84,6,2797,255,-121,-484
84,6,2797,258,-85,-492
84,6,2798,211,-462,-103
84,6,2798,212,-437,-98
84,6,2799,222,-446,43
84,6,2799,260,0,-500
84,6,2802,203,-473,0
84,6,2802,204,-473,0
84,6,2802,206,-473,-24
84,6,2802,220,-473,0
84,6,2802,221,-473,0
84,6,2802,222,-473,0
84,6,2802,224,-473,0
84,6,2802,226,-473,0
84,6,2802,227,-473,0
84,6,2812,188,-500,0
84,6,2812,188,-478,-144
84,6,2812,244,-500,0
84,6,2817,202,-500,0
22,125,650,3945,386,316
22,125,667,3937,326,378
22,125,668,3938,349,316
22,125,669,3938,349,316
22,125,671,3935,307,321
22,125,671,3938,332,332
22,125,676,3932,232,315
22,125,680,3933,209,330
22,125,682,3938,332,332
22,125,686,3937,332,332
22,125,686,3938,332,332
22,125,687,3938,340,325
22,125,690,3929,114,319
22,125,694,3937,325,340
22,125,694,3938,332,332
22,125,702,3971,81,105
22,125,703,3927,7,314
22,125,703,3937,325,340
22,125,704,3931,0,340
22,125,704,3931,0,361
22,125,720,3984,129,-129
22,125,756,3955,-342,327
22,125,768,3953,0,447
22,125,773,3928,-74,494
22,125,773,3929,-85,492
25,119,723,3805,500,0
25,119,727,3806,335,0
25,119,728,3833,314,0
25,119,730,3806,340,0
25,119,737,3879,353,-353
25,119,745,3805,473,0
25,119,749,3805,473,0
25,119,770,3769,373,290
25,119,795,3874,293,265
25,119,810,3768,0,395
25,119,817,3761,0,447
25,119,828,3757,0,473
25,119,855,3745,0,500
25,119,855,3749,0,500
25,124,723,3967,500,-25
25,124,734,3942,402,296
25,124,737,3938,340,325
25,124,738,3938,340,325
25,124,739,3923,340,325
25,124,739,3931,332,332
25,124,739,3938,332,332
25,124,743,3917,358,343
25,124,743,3929,358,343
25,124,766,3954,291,304
25,124,776,3919,148,449
25,124,788,3892,0,500
25,124,788,3899,0,500
25,124,788,3900,0,500
25,124,789,3955,10,-51
25,124,794,3947,0,0
24,125,727,3973,470,167
24,125,731,3974,445,158
24,125,731,3974,449,148
24,125,732,3978,433,108
24,125,746,3942,345,361
24,125,747,3945,353,353
24,125,756,3954,334,334
24,125,786,3943,212,451
24,125,788,3953,0,447
26,121,772,3908,488,109
26,121,781,3886,467,70
26,121,781,3887,469,57
26,121,781,3888,471,35
26,121,781,3891,473,0
26,121,781,3892,473,0
26,121,788,3894,0,-328
26,121,788,3895,0,-341
26,121,788,3898,0,-302
26,121,789,3884,411,92
26,121,789,3891,173,-324
26,121,793,3859,299,366
26,121,807,3891,289,28
25,122,723,3907,500,0
25,122,724,3908,500,0
25,122,728,3892,314,0
25,122,728,3903,314,0
25,122,728,3907,314,0
25,122,728,3908,335,0
25,122,728,3909,340,-8
25,122,729,3895,340,-17
25,122,731,3897,329,82
25,122,733,3880,320,225
25,122,735,3964,500,0
25,122,754,3850,353,353
25,122,755,3908,421,0
25,122,784,3867,399,253
25,122,796,3862,291,339
26,120,772,3837,378,326
26,120,781,3851,473,0
26,120,781,3869,473,0
26,120,781,3870,473,0
26,120,781,3877,473,0
26,120,785,3872,447,-23
26,120,794,3884,299,-366
26,120,797,3868,204,307
26,120,875,3774,0,500
26,120,875,3801,0,78
26,120,882,3812,-162,208
26,120,885,3812,-189,219
93,123,2897,3939,500,0
93,123,2914,3912,500,-11
93,123,2914,3913,500,-11
93,123,2917,3914,500,-25
93,123,2918,3911,500,-25
93,123,2919,3904,500,0
93,123,2922,3910,500,0
93,123,2925,3964,473,0
93,123,2930,3914,431,118
93,123,2931,3932,421,0
93,123,2931,3940,421,0
93,123,2931,3964,421,0
93,123,2932,3893,500,0
93,123,2935,3913,458,114
93,123,2935,3977,353,-353
93,123,2938,3911,453,136
93,123,2939,3911,449,148
93,123,2940,3914,433,108
93,123,2940,3917,442,66
93,123,2941,3913,431,118
93,123,2953,3888,353,353
93,123,2954,3888,353,353
93,123,2955,3881,353,353
93,123,2956,3899,345,361
93,123,2968,3915,168,-298
93,123,2968,3923,214,-101
93,123,2969,3891,189,139
93,123,2970,3916,-50,-286
93,123,2972,3921,233,-46
93,123,2978,3896,-29,393
93,123,2980,3904,285,-190
93,123,2990,3870,132,482
93,123,2991,3871,121,484
93,123,2994,3906,-187,-349
93,123,2996,3896,0,395
93,123,2996,3918,0,0
93,123,2996,3922,0,-26
93,123,2996,3922,55,-83
93,123,3104,3935,-441,236
94,122,2931,3908,500,-11
94,122,2931,3908,500,0
94,122,2941,3931,482,-132
94,122,2942,3878,402,296
94,122,2942,3927,496,-60
94,122,2945,3873,340,325
94,122,2945,3874,340,325
94,122,2945,3874,349,316
94,122,2946,3874,340,325
94,122,2947,3859,332,332
94,122,2947,3860,332,332
94,122,2947,3861,332,332
94,122,2947,3862,332,332
94,122,2947,3863,332,332
94,122,2947,3864,332,332
94,122,2947,3864,340,325
94,122,2947,3865,332,332
94,122,2947,3865,340,325
94,122,2947,3866,332,332
94,122,2947,3868,332,332
94,122,2947,3869,332,332
94,122,2947,3870,332,332
94,122,2947,3871,332,332
94,122,2947,3872,332,332
94,122,2947,3873,332,332
94,122,2947,3873,340,325
94,122,2947,3875,351,351
94,122,2948,3874,332,332
94,122,2970,3889,309,323
94,122,2972,3892,291,304
94,122,2973,3892,291,304
94,122,2974,3890,291,304
94,122,2974,3891,291,304
94,122,2974,3892,291,304
94,122,2976,3844,500,0
94,122,2977,3920,281,70
94,122,2978,3921,255,63
94,122,2979,3851,277,416
94,122,2979,3856,48,498
94,122,2980,3846,441,236
94,122,2980,3909,210,15
94,122,2980,3921,255,63
94,122,2981,3921,255,63
94,122,2982,3885,-266,324
94,122,2983,3850,277,416
94,122,2984,3855,109,488
94,122,2985,3830,132,482
94,122,2985,3860,121,484
94,122,2986,3829,121,484
94,122,2987,3833,121,484
94,122,2990,3888,-218,89
94,122,2992,3887,-208,-20
94,122,2992,3889,-208,-20
94,122,2996,3890,0,-78
94,119,2931,3843,500,0
94,119,2932,3843,485,0
94,119,2932,3843,500,0
94,119,2933,3843,500,0
94,119,2934,3844,340,0
94,119,2934,3844,353,0
94,119,2934,3857,482,-132
94,119,2935,3844,335,0
94,119,2936,3796,314,0
94,119,2936,3798,314,0
94,119,2936,3799,314,0
94,119,2936,3800,314,0
94,119,2936,3801,314,0
94,119,2936,3802,314,0
94,119,2936,3804,314,0
94,119,2936,3805,314,0
94,119,2936,3806,314,0
94,119,2936,3807,314,0
94,119,2936,3809,314,0
94,119,2936,3810,314,0
94,119,2936,3812,314,0
94,119,2936,3813,314,0
94,119,2936,3814,314,0
94,119,2936,3815,314,0
94,119,2936,3816,314,0
94,119,2936,3817,314,0
94,119,2936,3818,314,0
94,119,2936,3819,314,0
94,119,2936,3820,314,0
94,119,2936,3821,314,0
94,119,2936,3822,314,0
94,119,2936,3823,314,0
94,119,2936,3824,314,0
94,119,2936,3825,314,0
94,119,2936,3826,314,0
94,119,2936,3827,314,0
94,119,2936,3830,314,0
94,119,2936,3831,314,0
94,119,2936,3832,314,0
94,119,2936,3834,314,0
94,119,2936,3835,314,0
94,119,2936,3836,314,0
94,119,2936,3837,314,0
94,119,2936,3838,314,0
94,119,2936,3839,314,0
94,119,2936,3840,314,0
94,119,2936,3841,312,23
94,119,2936,3841,314,0
94,119,2936,3841,314,15
94,119,2936,3842,314,0
94,119,2936,3842,314,7
94,119,2936,3843,314,0
94,119,2936,3844,335,0
94,119,2936,3845,340,-8
94,119,2938,3844,340,0
94,119,2939,3840,338,25
94,119,2939,3843,340,0
94,119,2944,3854,482,-132
94,119,2947,3780,392,0
94,119,2948,3771,345,361
94,119,2950,3773,345,361
94,119,2951,3833,418,0
94,119,2951,3840,418,0
94,119,2951,3841,416,30
94,119,2951,3841,418,0
94,119,2951,3842,418,0
94,119,2951,3842,418,21
94,119,2951,3843,500,0
94,119,2953,3843,473,0
94,119,2954,3844,444,0
94,119,2955,3844,444,0
94,119,2957,3843,473,0
94,119,2957,3844,471,-24
94,119,2959,3844,444,0
94,119,2961,3843,447,0
94,119,2964,3844,414,0
94,119,2965,3844,414,0
94,119,2969,3844,387,0
94,119,2985,3843,316,0
94,119,2996,3861,0,0
94,119,2999,3785,-43,-446
94,119,3001,3776,343,241
94,119,3007,3773,339,-292
94,119,3008,3757,471,-46
95,118,2975,3797,500,0
95,118,2985,3796,500,0
95,118,2989,3764,473,0
95,118,2989,3765,473,0
95,118,2989,3770,473,0
95,118,2989,3771,473,0
95,118,2989,3774,473,0
95,118,2989,3777,473,0
95,118,2989,3778,473,0
95,118,2989,3779,473,0
95,118,2989,3796,473,0
95,118,2992,3768,433,108
95,118,2992,3806,277,-416
95,118,2992,3808,156,-474
95,118,2994,3796,447,0
95,118,2995,3799,141,-281
95,118,2996,3775,417,50
95,118,2996,3801,203,-203
95,118,2998,3796,421,0
95,118,3004,3766,274,353
95,118,3016,3796,23,11
95,118,3020,3796,-23,12
95,118,3021,3756,-289,-28
95,118,3021,3796,86,161
95,118,3022,3777,233,124
95,118,3024,3786,-85,-99
42,31,1365,1079,435,-246
42,31,1380,1086,-361,-345
42,31,1385,1087,0,-500
42,31,1387,1070,0,-447
42,31,1394,1071,-98,-437
42,31,1397,1065,-141,-396
42,31,1401,1074,-170,-442
42,31,1407,1068,-253,-400
42,31,1432,1068,-171,-414
42,31,1447,1059,-339,-292
42,31,1454,1012,-447,0
42,31,1458,1016,-473,0
42,31,1462,1013,-500,0
42,31,1466,1002,-500,0
42,31,1468,992,-500,0
42,31,1471,1013,-500,0
42,31,1480,1039,-500,0
42,31,1483,992,-500,0
60,8,1842,291,500,0
60,8,1843,290,500,11
60,8,1843,291,500,0
60,8,1844,291,500,0
60,8,1845,291,500,0
60,8,1846,305,482,-132
60,8,1848,244,314,0
60,8,1848,245,314,0
60,8,1848,246,314,0
60,8,1848,248,314,0
60,8,1848,249,314,0
60,8,1848,250,314,0
60,8,1848,251,314,0
60,8,1848,252,314,0
60,8,1848,253,314,0
60,8,1848,255,314,0
60,8,1848,256,312,23
60,8,1848,256,314,0
60,8,1848,258,314,0
60,8,1848,259,314,0
60,8,1848,260,314,0
60,8,1848,260,335,0
60,8,1848,261,314,0
60,8,1848,262,314,0
60,8,1848,263,314,0
60,8,1848,265,314,0
60,8,1848,266,314,0
60,8,1848,269,314,0
60,8,1848,272,314,0
60,8,1848,274,314,0
60,8,1848,275,314,0
60,8,1848,276,314,0
60,8,1848,277,314,0
60,8,1848,278,314,0
60,8,1848,279,314,0
60,8,1848,280,314,0
60,8,1848,281,314,0
60,8,1848,282,314,0
60,8,1848,283,314,0
60,8,1848,284,314,0
60,8,1848,285,314,0
60,8,1848,286,314,0
60,8,1848,287,314,0
60,8,1848,289,314,0
60,8,1848,290,314,0
60,8,1848,291,314,0
60,8,1848,293,340,-8
60,8,1849,260,340,0
60,8,1849,289,340,7
60,8,1850,289,340,7
60,8,1851,260,340,0
60,8,1852,260,340,0
60,8,1853,316,500,0
60,8,1853,317,500,0
60,8,1853,320,498,-37
60,8,1854,316,500,0
60,8,1855,260,366,0
60,8,1857,319,498,-48
60,8,1859,218,325,340
60,8,1859,291,500,0
60,8,1859,325,403,-111
60,8,1860,219,345,361
60,8,1860,291,500,0
60,8,1863,289,418,0
60,8,1863,290,418,0
60,8,1863,291,418,0
60,8,1863,291,500,0
60,8,1864,289,478,144
60,8,1866,299,277,416
60,8,1869,291,473,0
60,8,1869,292,471,-24
60,8,1870,291,500,0
60,8,1871,290,447,10
60,8,1873,291,447,0
60,8,1876,322,387,-160
60,8,1877,221,325,340
60,8,1877,291,421,0
60,8,1880,291,395,0
60,8,1889,324,0,-133
60,8,1891,244,179,466
60,8,1896,257,144,478
60,8,1899,195,277,416
60,8,1900,250,58,334
60,8,1908,240,0,0
60,8,1920,315,224,289
60,8,1927,325,160,206
50,119,1667,3745,0,500
50,119,1675,3856,0,0
50,119,1675,3857,0,447
50,119,1675,3897,0,-209
50,119,1675,3899,0,-183
50,119,1675,3911,0,-287
50,119,1683,3840,-97,-490
50,119,1683,3853,-85,-492
50,119,1684,3900,-277,-416
50,119,1685,3840,-121,-484
50,119,1685,3843,-109,-488
50,119,1686,3841,-121,-484
50,119,1692,3832,-201,-427
50,119,1694,3834,-236,-441
50,119,1695,3835,-236,-441
50,119,1700,3873,-421,-267
50,119,1701,3872,-421,-267
50,119,1703,3849,-277,-416
50,119,1705,3804,-418,0
50,119,1705,3806,-418,0
50,119,1705,3811,-418,0
50,119,1705,3811,-418,21
50,119,1705,3813,-418,0
50,119,1705,3817,-418,0
50,119,1705,3824,-418,0
50,119,1705,3829,-418,0
50,119,1707,3811,-444,0
50,119,1707,3838,-444,0
50,119,1709,3869,-497,-25
50,119,1714,3803,-471,23
50,119,1714,3804,-471,23
50,119,1714,3806,-471,-24
50,119,1714,3807,-471,23
50,119,1714,3808,-471,23
50,119,1714,3813,-471,23
50,119,1714,3814,-471,23
50,119,1714,3815,-471,23
50,119,1714,3816,-471,23
50,119,1714,3817,-471,23
50,119,1714,3819,-471,23
50,119,1714,3823,-471,23
50,119,1714,3824,-471,23
50,119,1714,3825,-471,23
50,119,1714,3826,-471,23
50,119,1714,3827,-471,23
50,119,1714,3828,-471,23
50,119,1714,3829,-471,23
50,119,1714,3830,-471,23
50,119,1714,3831,-471,23
50,119,1714,3832,-471,23
50,119,1714,3833,-471,23
50,119,1714,3834,-471,23
50,119,1714,3836,-471,23
50,119,1714,3838,-471,23
50,119,1714,3839,-471,23
50,119,1714,3840,-471,23
50,119,1714,3841,-471,23
50,119,1714,3842,-471,23
50,119,1714,3843,-471,23
50,119,1714,3844,-471,23
50,119,1714,3846,-471,23
50,119,1716,3811,-444,10
50,119,1717,3806,-444,-10
50,119,1719,3819,-444,22
50,119,1720,3812,-418,0
50,119,1720,3872,-353,-353
50,119,1720,3872,-345,-361
50,119,1720,3873,-353,-353
50,119,1724,3876,-353,-353
50,119,1726,3878,-353,-353
50,119,1726,3879,-353,-353
50,119,1727,3809,-391,28
50,119,1731,3809,-366,18
50,119,1733,3806,-340,-8
50,119,1733,3811,-340,0
50,119,1734,3807,-340,-8
50,119,1735,3802,-340,17
50,119,1735,3803,-340,17
50,119,1735,3804,-340,17
50,119,1735,3805,-340,17
50,119,1735,3806,-340,17
50,119,1735,3807,-340,-8
50,119,1735,3807,-340,17
50,119,1735,3809,-340,17
50,119,1735,3810,-340,17
50,119,1735,3811,-340,17
50,119,1735,3812,-340,17
50,119,1735,3813,-340,17
50,119,1735,3814,-340,17
50,119,1735,3815,-340,17
50,119,1735,3816,-340,17
50,119,1735,3818,-340,17
50,119,1735,3820,-340,17
50,119,1735,3821,-340,17
50,119,1735,3822,-340,17
50,119,1735,3823,-340,17
50,119,1735,3824,-340,17
50,119,1735,3825,-340,17
50,119,1735,3826,-340,17
50,119,1735,3827,-340,17
50,119,1735,3828,-340,17
50,119,1735,3829,-340,17
50,119,1735,3830,-340,17
50,119,1735,3831,-340,17
50,119,1735,3832,-340,17
50,119,1735,3833,-340,17
50,119,1735,3834,-340,17
50,119,1735,3835,-340,17
50,119,1735,3836,-340,17
50,119,1735,3837,-340,17
50,119,1735,3838,-340,17
50,119,1735,3839,-340,17
50,119,1735,3840,-340,17
50,119,1735,3841,-340,17
50,119,1735,3842,-340,17
50,119,1735,3843,-340,17
50,119,1735,3845,-340,17
50,119,1735,3848,-340,17
50,119,1735,3849,-342,0
50,119,1736,3812,-314,0
50,119,1736,3820,-314,0
50,119,1736,3831,-314,0
50,119,1736,3838,-314,0
50,119,1737,3806,-314,0
50,119,1737,3807,-391,38
41,32,1308,1131,0,-500
41,32,1312,1102,0,-444
41,32,1312,1103,0,-444
41,32,1320,1127,257,-429
41,32,1334,1128,25,-339
41,32,1335,1098,0,-418
41,32,1336,1128,-17,-340
41,32,1337,1098,0,-418
41,32,1337,1128,-17,-340
41,32,1338,1128,-17,-340
41,32,1344,1118,0,-414
41,32,1344,1126,0,-361
41,32,1352,1098,0,-418
41,32,1353,1098,0,-418
41,32,1353,1128,-17,-340
41,32,1354,1084,0,-314
41,32,1354,1128,-17,-340
41,32,1355,1128,-17,-340
41,32,1367,1098,0,-418
41,32,1368,1102,0,-444
41,32,1368,1128,-17,-340
41,32,1369,1128,-17,-340
41,32,1370,1128,25,-339
41,32,1374,1128,-17,-340
41,32,1375,1107,-24,-471
41,32,1376,1128,-17,-340
41,32,1379,1128,-17,-340
41,32,1380,1098,0,-418
41,32,1381,1091,0,-366
41,32,1381,1115,-351,-351
41,32,1381,1128,-17,-340
41,32,1382,1098,0,-418
41,32,1382,1128,-17,-340
41,32,1383,1098,0,-418
41,32,1383,1128,-17,-340
41,32,1384,1098,0,-418
41,32,1384,1128,-17,-340
41,32,1384,1129,0,-314
41,32,1385,1128,-17,-340
41,32,1386,1102,0,-444
41,32,1386,1128,-17,-340
41,32,1387,1102,-22,-444
41,32,1387,1128,-17,-340
41,32,1387,1129,0,-314
41,32,1387,1129,7,-314
41,32,1389,1128,-17,-340
41,32,1395,1050,113,-108
41,32,1408,1114,0,-440
41,32,1408,1114,0,-418
41,32,1408,1115,0,-440
41,32,1409,1116,-21,-418
41,32,1413,1118,-361,-345
41,32,1419,1035,0,485
41,32,1426,1036,-473,0
41,32,1431,1025,-394,306
41,32,1434,1015,-306,394
41,32,1438,1018,-378,326
41,32,1439,1025,-457,203
41,32,1439,1027,-408,287
39,31,1291,1044,0,0
39,31,1295,1066,-62,-416
39,31,1296,1071,-76,-441
39,31,1303,1083,-97,-490
39,31,1308,1080,-277,-416
39,31,1312,1067,-478,-144
39,31,1318,1082,-402,-296
39,31,1319,1069,-482,-132
39,31,1320,1082,-408,-287
39,31,1321,1076,-470,-167
39,31,1322,1073,-482,-132
39,31,1323,1074,-482,-132
39,31,1348,979,-316,7
39,31,1362,980,-473,0
39,31,1372,962,-421,267
39,31,1379,979,-500,11
39,31,1379,980,-500,0
39,31,1380,978,-495,36
36,35,1246,1172,-496,60
36,35,1250,1192,-50,-336
36,35,1254,1124,-130,0
36,35,1255,1093,-377,189
36,35,1257,1098,-403,121
36,35,1261,1205,-353,-353
36,35,1265,1209,-345,-361
36,35,1266,1147,-471,23
36,35,1266,1148,-471,23
36,35,1266,1150,-471,-24
36,35,1266,1151,-471,23
36,35,1266,1153,-471,23
36,35,1266,1155,-471,23
36,35,1266,1157,-471,23
36,35,1266,1159,-471,23
36,35,1266,1161,-471,23
36,35,1269,1119,-345,361
36,35,1270,1148,-500,0
36,35,1272,1121,-496,60
36,35,1273,1149,-500,0
36,35,1274,1123,-361,345
36,35,1280,1180,-387,0
36,35,1280,1180,-366,0
36,35,1286,1151,-340,-8
36,35,1287,1146,-340,17
36,35,1287,1147,-340,17
36,35,1287,1148,-340,17
36,35,1287,1150,-340,17
36,35,1287,1151,-340,-8
36,35,1287,1152,-340,17
36,35,1287,1154,-340,17
36,35,1287,1156,-340,17
36,35,1287,1158,-340,17
36,35,1287,1160,-340,17
36,35,1288,1150,-314,0
36,35,1288,1162,-314,0
36,35,1289,1134,-478,144
36,35,1289,1150,-314,0
36,35,1290,1117,-496,60
36,35,1292,1118,-495,48
36,35,1292,1158,-466,-81
36,35,1293,1149,-500,0
36,35,1293,1158,-466,-81
11,42,447,1390,-392,-9
11,42,459,1402,0,-500
12,41,462,1378,-44,-366
12,41,464,1394,-70,-468
12,40,459,1382,0,-500
12,40,522,1312,-500,-25
13,39,459,1329,0,-287
13,39,538,1291,-500,0
16,39,633,1330,-361,-345
16,39,633,1330,-353,-353
17,38,609,1295,-267,-421
15,38,520,1291,-459,0
2,77,185,2414,-344,358
108,48,3383,1534,335,0
108,48,3384,1542,314,0
108,48,3384,1571,314,0
108,48,3384,1579,314,0
108,48,3385,1535,340,-17
108,48,3393,1607,353,-353
108,48,3394,1605,361,-345
108,48,3399,1571,418,0
108,48,3399,1579,418,0
108,48,3400,1600,353,-353
108,48,3402,1533,500,0
108,48,3404,1533,290,0
108,48,3432,1487,148,449
108,48,3444,1483,361,345
108,48,3444,1523,0,-130
108,48,3444,1627,0,-347
109,47,3424,1532,500,0
109,47,3428,1540,148,-450
109,47,3430,1543,287,-408
109,47,3438,1542,167,-470
109,47,3444,1538,0,-500
108,45,3379,1468,500,11
108,45,3393,1440,441,236
108,45,3397,1441,416,277
108,45,3427,1522,203,-457
108,45,3432,1520,148,-450
108,45,3435,1542,132,-482
108,45,3444,1528,0,-500
108,45,3488,1376,246,435
107,44,3373,1418,473,0
107,44,3382,1461,400,-132
107,44,3382,1461,403,-121
107,44,3444,1487,0,-447
109,49,3441,1581,438,87
109,49,3441,1599,97,-490
109,49,3442,1582,442,66
109,49,3445,1585,148,-277
109,49,3556,1643,0,-421
108,50,3379,1635,500,0
108,50,3382,1649,482,-132
108,50,3384,1597,314,0
108,50,3384,1619,314,0
108,50,3384,1635,314,0
108,50,3384,1637,340,-8
108,50,3386,1633,340,7
108,50,3392,1646,482,-132
108,50,3396,1563,345,361
108,50,3396,1564,353,353
108,50,3399,1635,418,0
108,50,3405,1636,471,-24
108,50,3408,1635,473,0
108,50,3425,1550,212,423
108,50,3426,1661,198,-208
108,50,3427,1554,200,400
108,50,3444,1549,0,473
50,120,1674,3885,-17,182
50,120,1675,3796,466,179
50,120,1675,3906,0,-26
50,120,1695,3843,-153,33
50,120,1696,3813,-178,377
50,120,1705,3840,-418,0
50,120,1705,3878,-418,0
50,120,1709,3811,-495,48
50,120,1710,3904,-418,-224
50,120,1712,3907,-500,0
50,120,1714,3842,-471,23
50,120,1714,3844,-471,23
50,120,1714,3846,-471,23
50,120,1714,3848,-471,23
50,120,1714,3850,-471,23
50,120,1714,3852,-471,23
50,120,1714,3854,-471,23
50,120,1714,3855,-471,23
50,120,1714,3856,-471,23
50,120,1714,3857,-471,23
50,120,1714,3858,-471,23
50,120,1714,3859,-471,23
50,120,1714,3860,-471,23
50,120,1714,3861,-471,23
50,120,1714,3863,-471,23
50,120,1714,3865,-471,23
50,120,1714,3868,-471,23
50,120,1714,3871,-471,23
50,120,1714,3872,-471,23
50,120,1714,3873,-471,23
50,120,1714,3874,-471,23
50,120,1714,3875,-471,23
50,120,1714,3877,-471,23
50,120,1714,3878,-471,23
50,120,1714,3879,-471,23
50,120,1714,3880,-471,23
50,120,1714,3881,-471,23
50,120,1716,3882,-444,0
50,120,1719,3877,-444,22
50,120,1720,3868,-418,0
50,120,1720,3907,-497,0
50,120,1721,3907,-500,0
50,120,1722,3907,-500,0
50,120,1723,3881,-417,30
50,120,1724,3868,-392,0
50,120,1726,3888,-416,-277
50,120,1727,3889,-429,-257
50,120,1730,3891,-421,-267
50,120,1732,3868,-340,0
50,120,1733,3893,-427,-256
50,120,1734,3894,-405,-242
50,120,1735,3839,-340,17
50,120,1735,3841,-340,17
50,120,1735,3843,-340,17
50,120,1735,3844,-340,17
50,120,1735,3845,-340,17
50,120,1735,3847,-340,17
50,120,1735,3849,-340,17
50,120,1735,3851,-340,17
50,120,1735,3853,-340,17
50,120,1735,3854,-340,17
50,120,1735,3855,-340,17
50,120,1735,3856,-340,17
50,120,1735,3857,-340,17
50,120,1735,3858,-340,17
50,120,1735,3859,-340,17
50,120,1735,3860,-340,17
50,120,1735,3862,-340,17
50,120,1735,3862,-314,0
50,120,1735,3864,-340,17
50,120,1735,3865,-340,17
50,120,1735,3867,-340,17
50,120,1735,3868,-340,17
50,120,1735,3868,-314,0
50,120,1735,3869,-340,17
50,120,1735,3870,-340,17
50,120,1735,3871,-340,17
50,120,1735,3872,-340,17
50,120,1735,3873,-340,17
50,120,1735,3874,-340,17
50,120,1735,3875,-340,17
50,120,1735,3876,-340,17
50,120,1735,3877,-340,17
50,120,1735,3878,-340,17
50,120,1735,3879,-340,17
50,120,1735,3880,-340,17
50,120,1736,3845,-314,0
50,120,1736,3862,-314,0
50,120,1736,3869,-314,0
50,120,1736,3875,-314,0
50,120,1736,3876,-314,0
50,120,1736,3878,-314,0
50,120,1736,3882,-314,0
49,121,1675,3883,0,393
49,121,1675,3895,0,-235
49,121,1678,3885,-439,87
49,121,1682,3884,-473,0
49,121,1685,3904,-441,-236
49,121,1687,3862,-441,236
49,121,1692,3868,-500,0
49,121,1692,3868,-478,-144
49,121,1692,3907,-500,0
49,121,1694,3879,-326,378
49,121,1696,3898,-484,-121
49,121,1696,3907,-500,0
49,121,1698,3900,-478,-144
50,122,1671,3883,0,0
50,122,1675,3836,0,500
50,122,1704,3970,-360,-266
50,122,1705,3893,-418,0
50,122,1705,3899,-418,0
50,122,1705,3902,-418,0
50,122,1713,3905,-471,23
50,122,1713,3906,-471,23
50,122,1714,3891,-471,23
50,122,1714,3892,-471,23
50,122,1714,3893,-471,23
50,122,1714,3894,-471,23
50,122,1714,3895,-471,23
50,122,1714,3896,-471,23
50,122,1714,3897,-471,23
50,122,1714,3898,-471,23
50,122,1714,3899,-471,23
50,122,1714,3900,-471,23
50,122,1714,3901,-471,23
50,122,1714,3902,-471,23
50,122,1714,3903,-471,23
50,122,1714,3904,-471,23
50,122,1714,3905,-471,23
50,122,1715,3905,177,-353
50,122,1720,3868,-418,0
50,122,1721,3907,-500,0
50,122,1722,3907,-500,0
50,122,1723,3874,-418,-21
50,122,1723,3889,-382,229
50,122,1725,3886,-353,223
50,122,1726,3886,-353,223
50,122,1727,3905,-391,28
50,122,1729,3884,-337,202
50,122,1729,3908,-497,-11
50,122,1731,3880,-366,18
50,122,1731,3884,-337,202
50,122,1731,3885,-366,-8
50,122,1731,3909,-471,-24
50,122,1731,3909,-469,-35
50,122,1732,3882,-340,0
50,122,1733,3882,-340,0
50,122,1733,3908,-471,-11
50,122,1734,3904,-340,17
50,122,1734,3905,-340,7
50,122,1735,3889,-340,17
50,122,1735,3890,-340,17
50,122,1735,3891,-340,17
50,122,1735,3892,-340,17
50,122,1735,3893,-340,17
50,122,1735,3894,-340,17
50,122,1735,3895,-340,17
50,122,1735,3896,-340,17
50,122,1735,3897,-340,17
50,122,1735,3898,-340,17
50,122,1735,3899,-340,17
50,122,1735,3900,-340,17
50,122,1735,3901,-340,17
50,122,1735,3902,-340,17
50,122,1735,3903,-340,17
50,122,1735,3904,-340,17
50,122,1735,3904,-339,25
50,122,1735,3905,-340,17
50,122,1736,3887,-314,0
50,122,1736,3891,-314,0
50,122,1736,3895,-314,0
50,122,1736,3897,-490,97
50,122,1736,3902,-314,0
50,122,1736,3903,-314,0
50,122,1737,3907,-366,0
50,122,1737,3908,-444,0
50,122,1739,3907,-500,0
50,122,1739,3936,-500,0
50,122,1741,3907,-500,0
49,123,1670,3956,-473,0
49,123,1675,3929,0,500
49,123,1675,3930,0,500
49,123,1675,3946,-229,229
49,123,1678,3949,-442,66
49,123,1685,3924,-212,451
49,123,1685,3926,-236,441
49,123,1689,3929,-306,394
49,123,1689,3930,-316,386
49,123,1689,3931,-326,378
49,123,1692,3932,-148,449
49,123,1692,3932,0,500
49,123,1695,3932,-402,296
50,124,1667,3947,25,1
50,124,1667,3947,26,0
50,124,1668,3953,163,-134
50,124,1669,3948,-14,-21
50,124,1669,3950,-25,-262
50,124,1670,3947,23,-12
50,124,1670,3953,112,-145
50,124,1671,3954,-372,-199
50,124,1672,3955,-167,78
50,124,1675,3890,0,500
50,124,1677,3964,4,-209
50,124,1682,3972,106,-298
50,124,1686,3899,-144,478
50,124,1687,3919,-159,445
50,124,1687,3919,-148,449
50,124,1692,3956,-369,0
50,124,1702,3929,-323,309
50,124,1706,3917,-345,361
50,124,1710,3973,-447,-10
50,124,1713,3969,-472,-35
50,124,1713,3976,-472,-35
50,124,1720,3968,-361,345
50,124,1721,3917,-359,343
50,124,1721,3927,-351,351
50,124,1721,3928,-351,351
50,124,1721,3929,-359,343
50,124,1721,3929,-351,351
50,124,1721,3930,-351,351
50,124,1722,3963,-345,361
50,124,1724,3923,-333,332
50,124,1724,3924,-340,325
50,124,1724,3925,-340,325
50,124,1724,3926,-340,325
50,124,1724,3927,-340,325
50,124,1724,3929,-340,325
50,124,1724,3931,-340,325
50,124,1724,3932,-340,325
50,124,1724,3933,-340,325
50,124,1724,3936,-325,340
50,124,1724,3938,-340,325
50,124,1725,3923,-340,325
50,124,1725,3924,-340,325
50,124,1725,3926,-340,325
50,124,1725,3927,-340,325
50,124,1725,3930,-340,325
50,124,1725,3931,-340,325
50,124,1725,3932,-340,325
50,124,1725,3934,-318,351
50,124,1725,3934,-316,349
50,124,1725,3938,-340,325
50,124,1726,3938,-340,325
50,124,1727,3923,-321,307
50,124,1727,3938,-340,325
51,125,1666,3956,75,250
51,125,1675,3976,-25,7
51,125,1691,3983,23,-237
51,125,1710,3976,-428,129
51,125,1712,3940,-277,416
51,125,1714,3938,-277,416
51,125,1714,3952,-353,353
51,125,1714,3978,-459,114
51,125,1717,3943,-345,361
51,125,1717,3944,-345,361
51,125,1718,3942,-335,371
51,125,1718,3966,-361,345
51,125,1722,3964,-345,361
51,125,1730,3953,-353,353
51,125,1731,3978,-433,108
51,125,1735,3973,-470,167
51,125,1736,3973,-470,167
51,125,1736,3974,-474,156
51,125,1736,3982,-468,70
51,125,1743,3973,-482,132
51,125,1761,3983,-451,212
51,125,1765,3971,-410,206
51,125,1769,3969,-410,206
51,125,1769,3977,-408,287
51,125,1771,3988,-500,0
53,125,1696,3955,0,421
53,125,1714,3985,386,316
53,125,1745,3942,-351,351
53,125,1746,3942,-351,351
53,125,1747,3942,-351,351
53,125,1748,3942,-351,351
53,125,1749,3942,-351,351
53,125,1750,3942,-351,351
53,125,1751,3937,-325,340
53,125,1751,3942,-351,351
53,125,1752,3935,-314,314
53,125,1753,3935,-314,314
53,125,1754,3942,-351,351
53,125,1755,3928,25,338
53,125,1755,3942,-351,351
53,125,1756,3922,0,500
53,125,1756,3940,-369,333
53,125,1756,3942,-351,351
53,125,1757,3942,-351,351
53,125,1758,3942,-351,351
53,125,1759,3940,-369,333
53,125,1760,3927,0,314
53,125,1760,3928,25,338
53,125,1760,3930,0,340
53,125,1760,3937,-325,340
53,125,1760,3942,-351,351
53,125,1761,3930,-17,340
53,125,1762,3937,-325,340
53,125,1763,3927,0,314
53,125,1764,3937,-325,340
53,125,1764,3938,-340,325
53,125,1766,3930,-66,333
53,125,1767,3930,-74,332
53,125,1768,3927,0,314
53,125,1769,3927,0,314
53,125,1770,3927,0,314
53,125,1770,3928,25,338
53,125,1771,3927,0,314
53,125,1772,3927,0,314
53,125,1773,3927,0,314
53,125,1774,3962,23,312
53,125,1774,3968,0,209
53,125,1774,3969,0,209
53,125,1775,3963,21,286
53,125,1776,3940,-369,333
53,125,1777,3942,-351,351
53,125,1778,3930,-50,335
53,125,1778,3932,-193,341
53,125,1778,3940,-369,333
53,125,1779,3931,-164,327
53,125,1779,3942,-351,351
53,125,1780,3931,-173,323
53,125,1780,3940,-369,333
53,125,1780,3942,-351,351
53,125,1781,3942,-351,351
53,125,1782,3931,-180,319
53,125,1783,3933,-114,347
53,125,1784,3937,-325,340
53,125,1784,3942,-351,351
53,125,1784,3963,-74,494
53,125,1785,3932,-140,339
53,125,1785,3940,-369,333
53,125,1785,3941,-351,351
53,125,1785,3942,-351,351
53,125,1786,3943,-386,316
53,125,1787,3935,-307,321
53,125,1787,3940,-369,333
53,125,1788,3938,-359,343
53,125,1788,3942,-351,351
53,125,1790,3934,-80,357
53,125,1790,3939,-384,314
53,125,1792,3938,0,392
53,125,1795,3935,-248,336
53,125,1795,3938,-350,316
53,125,1795,3959,-224,447
53,125,1796,3934,-257,330
53,125,1796,3965,-340,0
53,125,1796,3980,-347,123
53,125,1800,3936,-307,321
53,125,1800,3944,-170,411
53,125,1802,3944,-170,411
53,125,1802,3948,-169,439
53,125,1805,3958,-378,326
53,125,1806,3960,-415,50
53,125,1808,3941,-392,304
53,125,1808,3988,-235,0
53,125,1811,3965,-302,0
53,125,1835,3988,-500,0
60,7,1848,207,314,0
60,7,1848,212,314,0
60,7,1848,213,314,0
60,7,1848,214,314,0
60,7,1848,215,314,0
60,7,1848,217,314,0
60,7,1848,218,314,0
60,7,1848,219,314,0
60,7,1848,220,314,0
60,7,1848,221,314,0
60,7,1848,222,314,0
60,7,1848,223,314,0
60,7,1848,224,314,0
60,7,1848,225,314,0
60,7,1848,226,314,0
60,7,1848,227,314,0
60,7,1848,230,314,0
60,7,1848,231,314,0
60,7,1848,232,314,0
60,7,1848,234,314,0
60,7,1848,236,314,0
60,7,1848,237,314,0
60,7,1848,241,314,0
60,7,1848,242,314,0
60,7,1848,246,314,0
60,7,1848,248,314,0
60,7,1848,249,314,0
60,7,1848,252,314,0
60,7,1848,253,314,0
60,7,1848,255,314,0
60,7,1848,256,314,0
60,7,1849,215,340,-17
60,7,1849,243,340,-8
60,7,1849,260,314,0
60,7,1851,199,340,0
60,7,1851,260,340,0
60,7,1862,189,500,0
60,7,1862,191,500,-25
60,7,1863,189,500,0
60,7,1863,260,418,0
60,7,1864,256,353,-353
60,7,1865,253,438,234
60,7,1866,189,500,0
60,7,1868,260,444,0
60,7,1868,291,500,0
60,7,1875,228,0,500
60,7,1883,227,369,0
60,7,1888,230,-16,49
60,7,1889,254,232,-52
60,7,1894,303,132,-482
60,7,1895,304,121,-484
60,7,1897,299,121,-484
60,7,1899,213,-462,-191
60,7,1904,211,-249,24
60,7,1908,203,0,-235
60,7,1908,203,98,-147
60,7,1908,210,7,-78
60,7,1910,205,152,-101
60,7,1911,203,-105,-255
60,7,1911,210,325,-174
60,7,1912,203,48,-498
60,7,1913,206,233,-350
60,7,1914,203,23,-12
60,7,1915,314,-156,-474
60,7,1931,204,24,-9
60,7,1933,207,204,-238
61,6,1887,212,500,0
61,6,1887,221,500,0
61,6,1887,222,500,0
61,6,1892,189,492,-85
61,6,1892,189,500,0
61,6,1892,227,148,-450
61,6,1894,219,457,-203
61,6,1901,210,466,-81
61,6,1901,211,473,0
61,6,1903,232,144,-478
61,6,1903,234,121,-484
61,6,1906,209,442,-66
61,6,1908,197,73,266
61,6,1908,227,0,-500
61,6,1915,216,192,-248
61,6,1927,211,289,28
61,6,1934,203,52,0
61,6,1936,203,-30,-149
61,6,1936,203,-5,-104
61,6,1937,203,-1,-26
60,5,1842,189,500,0
60,5,1843,189,500,0
60,5,1843,191,500,-25
60,5,1844,194,392,-38
60,5,1845,189,500,0
60,5,1847,169,500,0
60,5,1847,172,500,0
60,5,1847,190,335,-8
60,5,1847,190,335,0
60,5,1848,188,314,0
60,5,1848,189,500,0
60,5,1848,190,314,0
60,5,1848,191,314,0
60,5,1848,191,340,-17
60,5,1848,192,314,0
60,5,1848,193,314,0
60,5,1848,194,314,0
60,5,1848,195,314,0
60,5,1848,196,314,0
60,5,1848,197,314,0
60,5,1848,198,314,0
60,5,1848,199,314,0
60,5,1848,200,314,0
60,5,1848,202,314,0
60,5,1848,203,314,0
60,5,1848,207,314,0
60,5,1848,209,314,0
60,5,1849,159,500,0
60,5,1849,189,340,0
60,5,1849,190,340,-8
60,5,1849,190,340,0
60,5,1849,191,340,-17
60,5,1849,191,340,-8
60,5,1850,167,500,0
60,5,1850,189,340,0
60,5,1850,190,340,0
60,5,1850,191,340,-8
60,5,1850,191,361,-18
60,5,1850,204,319,-114
60,5,1851,188,340,0
60,5,1851,189,340,0
60,5,1851,190,340,-17
60,5,1851,190,340,-8
60,5,1851,190,361,-8
60,5,1851,194,337,-41
60,5,1851,197,332,-74
60,5,1851,200,340,0
60,5,1851,212,340,0
60,5,1852,214,366,-8
60,5,1853,132,500,0
60,5,1856,214,392,-9
60,5,1857,221,392,-20
60,5,1859,200,392,0
60,5,1859,206,494,74
60,5,1859,225,392,0
60,5,1861,155,335,371
60,5,1863,192,418,0
60,5,1863,193,418,0
60,5,1863,194,418,0
60,5,1863,196,418,0
60,5,1863,197,418,0
60,5,1863,198,418,0
60,5,1863,199,418,0
60,5,1863,200,418,0
60,5,1863,202,418,0
60,5,1863,203,418,0
60,5,1865,228,444,-22
60,5,1865,230,444,-22
60,5,1868,193,444,0
60,5,1868,212,444,0
60,5,1872,195,471,0
60,5,1872,232,471,0
60,5,1872,234,471,0
60,5,1875,234,497,-11
60,5,1878,242,345,-361
60,5,1881,200,418,0
60,5,1884,225,449,-148
60,5,1885,131,322,226
60,5,1888,136,123,-245
60,5,1896,176,-208,-199
60,5,1901,217,0,130
60,5,1906,260,60,-496
60,5,1908,242,0,-473
60,5,1909,204,2,25
60,5,1909,205,20,208
61,4,1886,132,482,132
61,4,1887,158,457,-203
61,4,1888,132,488,109
61,4,1888,132,500,0
61,4,1888,160,435,-246
61,4,1889,157,457,-203
61,4,1897,170,246,-435
61,4,1898,171,212,-451
61,4,1900,164,224,-447
61,4,1901,165,191,-462
61,4,1903,149,289,-28
61,4,1903,168,144,-478
61,4,1904,158,203,-457
61,4,1908,142,419,-31
61,4,1908,160,0,-500
61,4,1908,161,0,-500
61,4,1908,162,0,-500
61,4,1929,139,0,-26
61,4,1931,139,0,0
61,4,1936,148,83,62
61,4,1938,139,-20,-16
61,4,2029,206,-33,-446
57,2,1752,100,500,0
57,2,1755,110,478,-144
57,2,1756,113,492,-85
57,2,1758,123,500,0
57,2,1759,100,287,0
57,2,1764,120,482,-132
57,2,1769,110,471,-35
57,2,1771,100,340,0
57,2,1774,118,488,-109
57,2,1778,116,437,-98
57,2,1779,100,421,0
57,2,1780,118,419,-105
57,2,1781,107,202,-165
57,2,1781,117,462,-103
57,2,1788,158,349,-316
57,2,1789,121,500,25
57,2,1789,158,349,-316
57,2,1790,153,386,-316
57,2,1790,154,386,-316
57,2,1791,113,-295,-105
57,2,1792,155,368,-334
57,2,1792,159,332,-333
57,2,1793,155,368,-334
57,2,1793,158,349,-316
57,2,1793,161,298,-330
57,2,1794,159,332,-333
57,2,1795,154,351,-351
57,2,1795,155,343,-359
57,2,1795,158,332,-333
57,2,1795,158,349,-316
57,2,1795,159,332,-333
57,2,1796,159,332,-333
57,2,1797,155,343,-359
57,2,1797,158,349,-316
57,2,1797,159,332,-333
57,2,1798,107,-23,12
57,2,1798,155,343,-359
57,2,1798,158,340,-325
57,2,1798,158,349,-316
57,2,1798,159,332,-333
57,2,1799,155,343,-359
57,2,1799,159,332,-333
57,2,1799,160,332,-333
57,2,1800,155,343,-359
57,2,1800,159,332,-333
57,2,1801,154,351,-351
57,2,1801,155,343,-359
57,2,1801,159,332,-333
57,2,1801,160,332,-333
57,2,1802,88,0,-235
57,2,1802,107,0,0
57,2,1802,155,343,-359
57,2,1802,158,332,-333
57,2,1802,159,332,-333
57,2,1803,155,343,-359
57,2,1803,159,332,-333
57,2,1804,155,343,-359
57,2,1804,159,332,-333
57,2,1804,162,240,-342
57,2,1805,155,343,-359
57,2,1805,159,332,-333
57,2,1805,160,332,-333
57,2,1805,162,240,-342
57,2,1805,163,18,-366
57,2,1805,166,7,-342
57,2,1806,155,343,-359
57,2,1806,158,255,-363
57,2,1806,158,332,-333
57,2,1806,159,332,-333
57,2,1806,160,325,-340
57,2,1806,164,202,-337
57,2,1807,155,343,-359
57,2,1807,158,246,-370
57,2,1807,158,332,-333
57,2,1807,159,332,-333
57,2,1807,160,-29,-391
57,2,1807,161,215,-360
57,2,1808,155,343,-359
57,2,1808,158,340,-325
57,2,1808,160,-29,-391
57,2,1808,164,-18,-366
57,2,1809,106,-159,89
57,2,1809,155,343,-359
57,2,1809,159,332,-333
57,2,1809,164,-18,-366
57,2,1810,155,343,-359
57,2,1810,158,332,-333
57,2,1810,159,332,-333
57,2,1811,158,332,-333
57,2,1811,159,332,-333
57,2,1812,138,0,-418
57,2,1812,155,343,-359
57,2,1812,155,368,-334
57,2,1812,158,332,-333
57,2,1812,159,332,-333
57,2,1813,138,0,-418
57,2,1813,154,351,-351
57,2,1813,155,343,-359
57,2,1813,158,332,-333
57,2,1813,158,349,-316
57,2,1813,159,332,-333
57,2,1813,168,-17,-340
57,2,1814,138,0,-418
57,2,1814,154,351,-351
57,2,1814,155,343,-359
57,2,1814,158,340,-325
57,2,1814,159,332,-333
57,2,1814,160,-29,-391
57,2,1814,168,-17,-340
57,2,1815,138,0,-418
57,2,1815,155,343,-359
57,2,1815,158,332,-333
57,2,1815,159,332,-333
57,2,1815,164,-18,-366
57,2,1815,165,97,-353
57,2,1815,168,-17,-340
57,2,1816,138,0,-418
57,2,1816,155,343,-359
57,2,1816,158,340,-325
57,2,1816,159,332,-333
57,2,1816,168,-17,-340
57,2,1817,138,0,-418
57,2,1817,166,74,-332
57,2,1817,168,-17,-340
57,2,1817,169,0,-314
57,2,1818,138,0,-418
57,2,1818,154,351,-351
57,2,1818,155,343,-359
57,2,1818,168,-17,-340
57,2,1818,169,0,-314
57,2,1819,138,0,-418
57,2,1819,155,343,-359
57,2,1819,159,332,-333
57,2,1819,161,67,-386
57,2,1819,164,54,-362
57,2,1819,164,62,-360
57,2,1819,168,-17,-340
57,2,1819,169,0,-314
57,2,1820,138,0,-418
57,2,1820,158,332,-333
57,2,1820,159,332,-333
57,2,1820,164,54,-362
57,2,1820,168,-17,-340
57,2,1820,169,0,-314
57,2,1821,134,0,-392
57,2,1821,138,0,-418
57,2,1821,149,0,-444
57,2,1821,158,332,-333
57,2,1821,159,332,-333
57,2,1821,160,58,-388
57,2,1821,168,-17,-340
57,2,1821,169,0,-314
57,2,1822,138,0,-418
57,2,1822,168,-17,-340
57,2,1823,132,18,-366
57,2,1823,138,0,-418
57,2,1823,155,343,-359
57,2,1823,159,332,-333
57,2,1823,168,-17,-340
57,2,1823,169,0,-314
57,2,1824,134,0,-392
57,2,1824,138,0,-418
57,2,1824,149,0,-444
57,2,1824,155,343,-359
57,2,1824,158,0,-414
57,2,1824,158,332,-333
57,2,1824,159,332,-333
57,2,1824,165,0,-361
57,2,1824,166,0,-361
57,2,1824,168,-17,-340
57,2,1824,168,0,-500
57,2,1824,169,0,-314
57,2,1825,138,0,-418
57,2,1825,168,-17,-340
57,2,1826,134,0,-392
57,2,1826,138,0,-418
57,2,1826,155,343,-359
57,2,1826,168,-17,-340
57,2,1827,155,343,-359
57,2,1827,168,-17,-340
57,2,1828,143,0,-447
57,2,1832,158,332,-333
57,2,1832,159,332,-333
57,2,1834,158,332,-333
57,2,1834,159,332,-333
57,2,1835,155,343,-359
57,2,1837,155,343,-359
57,2,1871,131,-339,-292
57,2,1875,133,7,-157
57,2,1876,139,-342,-327
57,2,1879,128,-412,-233
59,2,1811,107,500,0
59,2,1812,107,500,0
59,2,1813,109,488,-109
59,2,1814,111,333,-66
59,2,1817,125,270,-96
59,2,1828,44,496,60
59,2,1831,107,235,0
59,2,1833,122,484,-121
59,2,1834,109,392,-9
59,2,1836,109,485,-11
59,2,1838,120,488,-109
59,2,1838,121,484,-121
59,2,1840,110,459,-23
59,2,1841,111,312,-23
59,2,1843,119,484,-121
59,2,1843,120,484,-121
59,2,1847,118,457,-126
59,2,1847,118,458,-114
59,2,1851,120,449,-148
59,2,1851,121,445,-159
59,2,1851,152,353,-353
59,2,1853,118,431,-119
59,2,1862,107,290,0
59,2,1864,148,353,-353
59,2,1865,145,353,-353
59,2,1866,145,353,-353
59,2,1866,153,345,-361
59,2,1866,154,345,-361
59,2,1867,152,345,-361
59,2,1868,133,345,-361
59,2,1870,157,287,-408
59,2,1871,153,296,-402
59,2,1872,131,399,-253
59,2,1873,145,345,-361
59,2,1873,146,345,-361
59,2,1873,146,353,-353
59,2,1874,150,306,-394
59,2,1875,120,417,-160
59,2,1875,149,287,-408
59,2,1904,113,375,-123
59,2,1908,130,0,-26
59,2,1908,143,0,-447
59,2,1908,152,0,-500
59,2,1912,139,-213,-213
59,2,1917,139,47,-237
60,3,1843,124,500,11
60,3,1844,124,500,0
60,3,1848,121,498,37
60,3,1853,152,421,-267
60,3,1856,164,321,-307
60,3,1856,165,321,-307
60,3,1856,167,321,-307
60,3,1856,168,321,-307
60,3,1856,170,321,-307
60,3,1856,171,321,-307
60,3,1856,173,321,-307
60,3,1856,175,321,-307
60,3,1857,158,349,-316
60,3,1858,157,340,-325
60,3,1858,158,340,-325
60,3,1860,161,340,-325
60,3,1860,162,340,-325
60,3,1860,164,340,-325
60,3,1860,165,340,-325
60,3,1860,169,340,-325
60,3,1860,170,340,-325
60,3,1860,172,340,-325
60,3,1860,181,340,-325
60,3,1861,125,224,-447
60,3,1862,131,498,37
60,3,1862,155,368,-334
60,3,1863,156,351,-351
60,3,1863,157,351,-351
60,3,1863,158,351,-351
60,3,1863,160,351,-351
60,3,1863,161,351,-351
60,3,1863,163,351,-351
60,3,1863,164,351,-351
60,3,1863,165,351,-351
60,3,1863,166,351,-351
60,3,1863,168,351,-351
60,3,1863,177,351,-351
60,3,1864,125,148,-450
60,3,1867,126,361,-345
60,3,1867,152,453,-137
60,3,1867,165,361,-345
60,3,1867,174,361,-345
60,3,1875,109,366,-18
60,3,1875,122,419,31
60,3,1896,176,148,-450
60,3,1898,125,-228,-217
60,3,1898,148,196,-177
60,3,1899,198,132,-482
60,3,1901,193,132,-482
60,3,1904,143,-239,377
60,3,1907,122,-124,96
60,3,1908,168,235,0
60,3,1908,197,0,-500
60,3,1911,148,0,0
60,3,1913,141,258,181
60,3,1914,147,-8,369
60,3,1914,148,-169,298
60,3,1914,148,-23,11
60,3,1914,148,-6,51
60,3,1914,148,0,0
60,3,1915,147,21,421
60,3,1915,148,-23,10
38,32,1246,1080,-274,247
38,32,1251,1089,-248,-237
38,32,1268,1120,-287,-408
38,32,1272,1115,-344,-359
38,32,1274,1091,-339,-292
38,32,1275,1119,-325,-340
38,32,1276,1132,0,-500
38,32,1292,1106,-378,-326
38,32,1296,1108,-384,-314
38,32,1296,1109,-384,-314
38,32,1299,1069,58,55
38,32,1299,1111,-357,-307
38,32,1299,1114,-351,-351
38,32,1299,1115,-344,-359
38,32,1300,1062,12,22
38,32,1300,1062,367,27
38,32,1300,1101,-119,-432
38,32,1300,1112,-364,-298
38,32,1301,1115,-344,-359
38,32,1302,1115,-351,-351
38,32,1302,1119,-325,-340
38,32,1304,1119,-325,-340
38,32,1308,1115,-344,-359
38,32,1310,1115,-344,-359
38,32,1311,1115,-344,-359
38,32,1311,1118,-333,-333
38,32,1311,1119,-325,-340
38,32,1312,1115,-344,-359
38,32,1312,1116,-356,-340
38,32,1312,1119,-325,-340
38,32,1313,1119,-325,-340
38,32,1314,1118,-356,-340
38,32,1314,1119,-325,-340
38,32,1315,1119,-325,-340
38,32,1319,1115,-344,-359
38,32,1322,1119,-325,-340
38,32,1334,1067,-500,0
38,32,1347,1067,-500,0
38,32,1347,1068,-500,-11
36,33,1227,1122,0,-52
36,33,1233,1100,256,-137
36,33,1248,1112,-361,-345
36,33,1266,1082,-473,10
36,33,1270,1092,-500,0
36,33,1270,1133,-361,-345
36,33,1271,1121,-498,48
36,33,1271,1121,-496,60
36,33,1272,1121,-496,60
36,33,1272,1143,-351,-351
36,33,1273,1124,-359,-344
36,33,1273,1125,-359,-344
36,33,1273,1126,-359,-344
36,33,1273,1127,-351,-351
36,33,1273,1128,-359,-344
36,33,1273,1137,-359,-344
36,33,1276,1121,-316,-350
36,33,1276,1129,-333,-333
36,33,1276,1131,-333,-333
36,33,1277,1117,-340,-325
36,33,1277,1126,-340,-325
36,33,1277,1127,-340,-325
36,33,1277,1128,-340,-325
36,33,1277,1129,-340,-325
36,33,1277,1131,-340,-325
36,33,1278,1114,-359,-344
36,33,1282,1107,-500,0
36,33,1283,1067,-500,0
36,33,1284,1107,-500,0
36,33,1287,1107,-500,0
